serial_key,activation_key
72WAH-WQPYV-F3NCE-TKAIO,None
MAXA1-S9BHP-XFL9W-KXJQO,None
YUHDF-PEUFS-CLP2D-TD6CA,None
PE06J-8YH8C-UG9MV-ONRI2,None
UVF4Z-RH2PI-HJRD9-IZEVB,None
ULSI2-2SD24-WJEYM-CJV5Y,None
HCK6O-TPQPQ-1LVRH-CVO2M,None
P69CS-2CF1W-ZBBX0-WY1BN,None
EJHZJ-0I9CY-TSNAG-9GBEA,None
RIR2S-EPK0A-HT6XS-HASCU,None
DUQGG-XYPIR-XQPQX-GXFJE,None
NIRLY-QC7YW-MLQQE-EIEIF,None
GRT6R-QDT27-GV2OY-DZANL,None
RMS4W-W28DP-LUEZF-GDTXT,None
M7WEK-FJCJ7-GWRED-NHDNK,None
GDRUY-CUZ1Q-0BNXN-TFN5M,None
2Q1IV-QGHEQ-CY9IB-RFMYK,None
ADZIV-IZXUV-R52AI-VR4SD,None
NGLRU-V8IAU-DQXBN-XQK2D,None
EOTPM-SWSXY-QP726-IXWK6,None
RWLYD-JPTWN-CDNEP-3LQLN,None
PDJHB-EJ5RI-PBLPT-RWELB,None
LD7DP-T2TNE-GAEJP-0FUOZ,None
UIVOF-KD8GZ-XKHSK-LIDY4,None
T1DRT-E0MRM-8VDBV-LCV8N,None
XFK5E-0QIJ0-VHCDV-F1EWB,None
LOO8W-ZWPNM-UQDMJ-UZTTD,None
YVEZE-CVWDI-ARJOF-XHVG6,None
NQQG0-DIYHK-OOWV4-HMFSB,None
NZXKT-FOKT2-PPL6F-2QZIZ,None
XZO6O-X4ZED-JO0AD-AQ1JA,None
NCUMM-NVP0F-SBOTO-NRQ2I,None
J43YD-KTEPL-SRYET-MF19H,None
60H4Y-BM3BF-EC9VG-USEVX,None
XWJDG-BWN0Z-KJHLO-CBFNA,None
MJXCG-S7QQX-SP1YM-C751E,None
RDOYO-8O3RQ-LRSBV-8WW36,None
RZXMN-6VSFA-VU4PC-ATP18,None
HSZEE-V02OL-6PHSG-Y1DTX,None
CNJIY-9E71W-LFHAJ-CMSL9,None
GIXIB-UBDKL-AKHXK-MPE1F,None
SGOBI-428WL-NQNV0-PJKF2,None
ZAPL3-YWBQF-41NKK-4WROE,None
QG6TO-HT8ZY-LWC31-ZHMKK,None
BCUTA-JH6ST-NYKO5-PYOLR,None
Z4UO0-6XABY-HZHXD-6L3MH,None
YP3AA-WR4EE-S5U55-CLQPB,None
HHSZN-LT4TW-4UTYV-CCNML,None
B5XXK-XFLNJ-8CCKA-ZLSFM,None
VMVLH-QS5NB-WG4UQ-IQDDK,None
4L1WT-SAUER-RFDPQ-XIZOZ,None
BYDA8-IPPYX-EM2PL-NSU2P,None
FNEZJ-IBDDH-8ZPDB-3YNLQ,None
XYDZV-MNUMK-JPIQ0-G71SD,None
IMDGU-2NEVD-GT4BU-4YDEG,None
NQFJW-7ECHB-RINLE-6IH67,None
UJLCG-N7H5N-82UY1-OSJ8E,None
BDUXA-FVF8G-IR2XU-9G26I,None
5KOAW-Y3C1U-9DIX6-P4TVE,None
RJEHZ-LK1MX-8ITH9-LKSYU,None
GGK9H-F9NCZ-XMTTD-IWUWJ,None
PFSVD-PDEPO-OUASX-1WLFE,None
9UR0K-Z2JVI-PSTK7-DQJXG,None
1MSHA-DRZTR-R9GBV-YYUUA,None
SIHHV-8VHZQ-GOJUR-BHXW4,None
PGUFQ-3FZIV-R8B7L-OMRBH,None
VBLIE-8CHXQ-FYU3F-UZTNV,None
T3NEP-KULKH-ECS7K-5WNLO,None
VFGHE-3GFDU-RKKWL-FR4JO,None
SEDFK-TXRN7-TNMYQ-RNE3A,None
BZ4Y9-PJEMI-CGWYK-A70NV,None
2I608-IN6IG-NH9S7-UDIBQ,None
QR6PE-MCSUH-VA8HJ-B0VAU,None
LDLOZ-IYFYI-RFZKL-1ONDM,None
QPXOG-MBBJC-UALEE-ABFE1,None
WVMRQ-UCMVX-DLT6T-UEMQY,None
W9AXC-CQ0LX-5VUQI-SCFPT,None
ZDER3-ILJ1Q-FIC8X-PCYAQ,None
IYYIJ-UVRYE-4JZA2-BTFGF,None
RYPDX-YHVEY-GC5WC-JJYSE,None
Y0GUR-AEPI8-ENWEH-IEOWL,None
WBENT-SQD7I-KYRHQ-AFO9C,None
3NY6Q-HXERD-WHFUN-G9JR2,None
SA5YT-QEUAE-Y05FC-I8UKM,None
RNGDZ-4DTVU-EPRUE-PSRWC,None
LGOQR-YKJWB-PBIIT-IFYI2,None
3SKFX-EA1I7-MU401-XPA8G,None
JSZIU-VHRYQ-6HLSE-MHIV1,None
JBQV6-SZ5YM-VZGHC-HND22,None
14Q0S-XT22D-HQ6CG-YCS2F,None
6HAOZ-KFWF5-MUMLV-LTQ2U,None
TQ2NB-TMY5W-QXWWB-LQPBO,None
GLQRQ-AYLBO-VZLB0-BRZNN,None
9DK8N-73Z71-2WAED-FKHS4,None
9FZST-ZYML5-CCX3G-XG2MX,None
MTE2D-BK5NT-KLBOV-5DYCC,None
L01IM-BXS9U-LBDTD-KY8PG,None
AQJYM-NLWSS-DKMEZ-H8G9U,None
UBWB6-ZANMY-3AOXY-IJ5L2,None
IQZ3B-ZCSR4-6YJ0Q-CTDJY,None
ADK7P-ADPYC-QAVFX-KGUJV,None
NQ9LB-UHWVG-XETIY-1ROS0,None
ZVLAS-DB0EW-YPA7B-M00HP,None
N4P8U-C7CAK-INFK2-EUAAE,None
FBM7C-JJUR1-IS37R-HT4EJ,None
ZQAIS-K1HTP-XU4H6-SHZRB,None
SEIBO-NP6HK-0RTMU-QJQMD,None
NXDPI-OLMIS-CNT1U-DCBK6,None
N4W7H-USSCJ-OXEBM-QVWRI,None
MPEV7-NCTFV-7CGAB-GATR1,None
UVK8Z-WNRDN-5UQSA-UQQYI,None
MYD9B-MDCWJ-KYAO6-47LRR,None
CRUTI-1F9GJ-WSY81-IPLJN,None
RJ0FI-FS8IN-H6Z4B-DGMWT,None
BCRG3-DIIGJ-XOGBK-YCJUK,None
KJXOS-XSYS7-0W7I0-II5B9,None
E6S4B-2VKXK-0KO8O-LENZA,None
0TZ7Z-ZLPMS-8Y9X1-YJBE2,None
ICOXU-3KGCT-R4KLD-8OZO6,None
QG55E-KYZT8-NXG6U-WJBDF,None
N8QVY-ZKBLS-ZF9W3-TKA8S,None
IIQSE-MMDFI-1ESZT-8PPHA,None
TWAH1-7AJ6G-R5CPU-DEHTC,None
SPUTH-14IFS-DAC8N-PJFXA,None
F71AN-MIVMJ-8MNME-AOXZ0,None
I8YH6-HK2IO-DNP4J-KJGH1,None
OPP3E-Q5EUU-V3GLE-LGDKS,None
1CLLB-Q29EB-3HPAU-UK33M,None
HERRX-WPKY4-0D4M8-IXYCP,None
DWVRY-ALXSW-0I5LR-VTQWM,None
XDZ4K-RDBIW-KGNBT-ONDM0,None
F9NJY-FXN79-TUED5-UIAVF,None
LPAXV-GWCDJ-HU2BU-6QKAH,None
FHGMC-COJUP-2AWQO-RYJU6,None
SFGOG-GBRGZ-HZUEO-W54Z2,None
NHWOR-WN3NB-5PHHH-0WYN3,None
CP6CM-LZ2WH-4ILU6-CNVNB,None
U236M-JRG3D-LRSNF-N67AN,None
SIW5R-GUKUV-2AYJC-7TOCQ,None
LHF0Z-VRJT9-UCWBL-W5NFM,None
3ZO20-KBEWM-JJRIR-5GZEZ,None
MJIRS-JVCGB-ZPWF1-KQF6J,None
KYV73-JVORE-NDTCD-VSLTA,None
MQFR2-SR0BN-1NH0T-LAVS0,None
0VRL9-BK9WB-NQ1HJ-D651Q,None
H4TIH-4NTYZ-6HIBD-ZHA5W,None
N58SO-4CYK6-0S7LL-RPLMP,None
W2VT1-2LS4U-9EM0M-RQ0WA,None
XVCIU-A0NN8-28130-8DA4E,None
Z47AG-H5XDM-CHKCS-KTX0L,None
QMJER-CWBXJ-Q53IC-UBVIV,None
YQIFE-QMZC7-F9WB9-LY6OG,None
BGOMM-D1TIW-DAKNP-HDX7V,None
E2PVT-CFG4O-N1JQ8-OYXH1,None
WL3AS-JMRH1-5GABV-IXMTG,None
MQ3PR-4MDXP-4XUZ5-J2AWU,None
DEEXZ-OYJ87-NOFWG-LFI1C,None
CRTQD-BYYOG-3QCFS-T9YZC,None
TDVUC-AAI6M-EUOBR-SOUOG,None
91A1D-PZAFK-GS9QI-TLLW4,None
GHLEH-9YPNO-1ORUQ-OBLNY,None
LFG66-HJGKM-DN5CN-OT9TL,None
LVCEJ-NJJ3E-NVZRL-B6HP4,None
KCDIE-UZS8Z-YND6N-OX1OR,None
YMWJ6-D5OUE-Q3VNJ-ALIJ0,None
YTA5B-QQ3BH-RGK1E-HOQSM,None
ALEHW-BXK0N-195G4-NSTRY,None
TPMPZ-04YP5-E4PSN-ECCFQ,None
CAEQ8-3QMMD-PB0DO-HVAW2,None
AOC0M-PPX8X-FCWS1-1S1TC,None
T7KYC-5CYR3-QEABM-UNK2T,None
UOAWZ-O8CMT-NUZIU-Y8AQ4,None
STR1H-N6S0H-NEQZS-2WCXM,None
60Z44-OEGUO-J3OLH-CTTRI,None
2NQMU-JWJTJ-OV93D-QTMXC,None
L8FTE-9TJNI-AZSWC-MLTS4,None
PVEIN-GEXYE-F4GYG-XJRUG,None
3LANA-RQ9YP-NTMRB-XRIHT,None
U27JG-BKKZ9-URSFI-JJV3B,None
NPJPO-YMXKB-HXCIW-L4IUW,None
BOYUR-GT89K-WH3XO-FXIJ9,None
6JK14-FLGKX-HSXMM-ZZIOB,None
ZBLSA-5SJPM-1JYKH-R1EMJ,None
SZDGA-RFBRB-ZQC5H-EJIPL,None
BLLYJ-KLASP-WN7KZ-GFNPU,None
KLSDZ-M1OG2-VKWGK-SXBP7,None
IYSR0-SBISU-FPI3L-VX99A,None
APHXX-WDBBE-DWCEN-G87JN,None
Z0EJ9-3ZPYL-GLRWB-QGW2O,None
KNXGQ-JONTL-WHDL5-OZSWE,None
0G0ED-TQUKQ-RGGLP-NCDHK,None
KLGX3-X6DG7-EO4VX-NY5GQ,None
CEEZF-3URGO-1DPZ2-LBXIK,None
PBPCC-PLYXC-G2DDY-7ZRNC,None
S0WSX-JZE0N-H2SIF-UUQQT,None
ZGTBH-5RQHQ-KPPYJ-4EUU2,None
WGWZY-FTYDM-Q2NET-ME7VA,None
8XMXS-JV24O-TJKHK-AN9II,None
H2Q3X-PYQM3-FOVJA-QAM26,None
VNIVO-BPAOP-0AGDR-CAWO1,None
QWYO7-YMPRT-PV7H0-WU7DA,None
GAUQW-7ZKUZ-NMVJC-I1NPO,None
8FITF-BXGZA-QGNIE-KYMFF,None
XZKOQ-VNVS4-2XXBO-UMYF2,None
719N7-CFFE7-SZOVP-ILFJJ,None
P5PDE-OFBF4-CAD1X-KYE4K,None
HOEBH-UVHWK-FH2LV-BC95F,None
FMNRL-NQX5G-LR5LZ-RPQHR,None
R0TIJ-GMFCU-O17DU-FQSAE,None
IYXVR-ZTREC-2EWUD-C9S8X,None
WDQXP-8GVJ3-T9ZKL-OKP5D,None
KMTDB-QI918-DO3LF-FOJYL,None
8MIBG-1PIKM-SEUXS-3AGIO,None
DKEDZ-FMZA2-67ELX-0EACB,None
Y42YB-KPKU9-NUBU8-S10C5,None
PRK41-0VPX6-MO5ZQ-EPM3U,None
SX3MD-QULVS-GXX6W-L7VKL,None
6ADD6-FJYTW-8IFEG-BZBVX,None
FRAMF-BTKYD-OWMVE-HT5OT,None
CSIR6-YQJ8N-FCGFY-LW4LW,None
RE1IG-AAHML-XMIEW-1PLON,None
VJ2TC-G2Z8N-R6WXV-W4MQK,None
X16LG-SIQCW-VWBES-UDE7T,None
KYLXI-BOXKO-IMFS6-Z9GG9,None
CXZWB-NA3SL-H4EMU-HUOQQ,None
AXET6-TTALU-HAT3R-MCSAE,None
DTB61-YSWV7-JNSTN-P93BJ,None
2PSGC-35KOL-WBMY8-6EO9S,None
HPBIK-EF3KT-JWJM7-ILZ4P,None
DU6YZ-QBA4K-F9BBR-TUNWO,None
MIE09-TQZLE-RR1TS-VQYJI,None
RDUHL-LDGTK-ZSRUE-F2PMW,None
JLRU8-GPJFW-N15NE-YSFB4,None
TRLCZ-4TJAB-VGOFK-IARYL,None
XTEFW-NX3MW-965Z9-XUJ2J,None
UDPE1-W7EBS-TAYHD-VGQGK,None
3UVZK-GMEZB-31HES-O8KGZ,None
OHEFG-I5K1N-3MFSJ-4OYK7,None
NGL5V-M20F6-JMVTH-6BUYC,None
LLVOY-NLEMF-BFNKY-SOWFF,None
ZAQOJ-8YVUZ-X6MCO-RLIXW,None
QS2UP-ZDWGO-ACL9N-EPPXR,None
UY0EQ-66IBQ-8SGDI-9NQVQ,None
CQEK6-BLPBM-UVWW6-KYBWX,None
CZWLO-NBZO5-D57GU-402AL,None
B474Q-R8IXA-KFWYV-1H2CQ,None
PTXSL-YAGZQ-YQVMO-DZVTC,None
GCWPW-NC223-OPRIL-YOUHA,None
ADVGY-NKVA6-M3FBZ-EDQSA,None
PX2AY-YKYTY-PXYGM-5J49Z,None
VPOW9-BPMW4-OSQ8J-LVJJN,None
MNR58-EEF9C-C9V0R-A0I6G,None
4YYOL-SWF9F-WEUUZ-HTFJ5,None
UHNGG-KDZGX-EDGWR-8UHKY,None
0JAJT-8G24M-RIRSF-YX0TE,None
HL8TU-CYT20-M3MFM-2I8EO,None
HTLRM-JC7AW-W83CR-MMHPY,None
PBBEL-5ZEL6-RN1EI-ZPRHV,None
LVJ6Z-OWMZI-EP9HY-OD1IG,None
KHVMT-VAEQU-E1ICO-GFQGC,None
MPDVF-TMXBU-RFZGW-SMHEJ,None
VI9G9-QDF8C-XRWRY-CZCC7,None
ZBE6K-DAE4N-5HTD3-HTW5C,None
RG8PO-FO8GC-BHIC3-UI14D,None
JUUPK-NLPZ1-TUSEF-SSDFO,None
KOCCA-SLXZ7-7ZVGQ-Y8PHB,None
PS74M-TGIJO-GYOQX-P9OV8,None
EVEJA-GEDF9-OBJLZ-EPALS,None
RKTSU-VB6CV-LEM1A-JHPIK,None
2E96W-FDKQQ-QKBEI-NZGRJ,None
S0CZA-LYKAM-LK20F-BZJK0,None
VNUGN-9QNKC-BGFBJ-3HYBM,None
9ISKE-V1WV3-KY4HR-MLNXT,None
MNCUV-Q4JTM-IFBQK-UD0CP,None
BJMLP-8UI8M-YQ1EH-BUWGX,None
SYJCH-EDIV5-U53DY-NAMJW,None
BFTRA-DD29F-XILEJ-XF63X,None
DRHK2-FDUBG-GRAIG-OEOIW,None
9OK30-LJGAC-DT8MH-73YHQ,None
CW6LH-XBAAK-HKNPJ-9V2R0,None
WAVQU-0UIVL-3CDGW-LBR94,None
ZHIB5-2IJYJ-KBQ53-ETKNW,None
8H4BM-APZLV-QFOEZ-W37CO,None
AWY2W-XEVUT-WYUXX-965GK,None
NT8B8-HWLPI-FWPJH-C2HV7,None
RB8ZH-F68AA-XGUBH-E1D7C,None
C1FDY-AEVLA-ZWXVJ-HEMZ0,None
HCAVK-WAICZ-23SCP-MVTMR,None
YNECW-U9SGU-JEDXD-YMONJ,None
EPCWW-LLGVZ-SWMYZ-CCNIM,None
ZOI5S-M47EZ-RJV4V-TSXXK,None
X77GL-DUHF4-MSFKJ-8AHVO,None
TLCUX-ZCUZH-5YOMS-BX0HY,None
VH8PB-NBNQF-L2EOV-YO1BW,None
CAEUJ-Y29BN-CXFAE-AHBCQ,None
D4K7N-4CUCO-NCBTO-DIWPG,None
6AXHA-TVQRF-UEF2K-H3N8P,None
T8JRX-JFHWO-EZRUN-TYMU4,None
IPD72-YVUII-1XLVS-NWCQQ,None
ODYHV-FUV31-GGZOD-HHL9M,None
CWN5P-VSAOL-EUO0M-WL2KQ,None
QQSX2-UNXJG-9FSHA-O4NVU,None
APRXS-ECD6G-TKPHB-XMEEM,None
JVGTR-HDTEC-2HNSZ-AZR3F,None