serial_key,activation_key
URUSW-DLLBC-YKF6Y-MJZOG,None
AARQE-SEMP1-RO2WC-I9WE0,None
UX00S-MJJTQ-5W1E5-YY4MJ,None
LCF3L-LOAMN-YKXTM-ROFBP,None
GCA4M-INERV-EBEJB-2LAZH,None
GAVAL-0K3UU-SM0MV-RNGOP,None
5DYO2-TY9B3-COYTZ-BHABW,None
EMUBH-WLYIT-SPIAO-OZU58,None
4PEJW-ILE9R-KB1CN-PBU97,None
RN3X8-WKK3G-RNOEF-5SVSH,None
AF0WH-YAK5F-WFFPK-5PNQB,None
SZKDY-JFJIJ-OIVQK-8P5KU,None
XTYNI-RVYKT-F6MFP-XNDP1,None
YCNNV-CJCE8-Q78GH-NNOU8,None
VC82U-Q3R1Y-JLH5D-IUA7M,None
520UA-6MYJ7-TQNEE-B2XTB,None
N7V2W-Q64CG-MFT0L-UPDK0,None
9JWJX-4WEFU-PZYAB-GSTZ6,None
S8GO7-Y86IE-2TVZV-X0PU4,None
R8VDS-XXWMT-ELGBL-5LBBE,None
AXOVI-NRGW5-QJLWG-U0GYL,None
ZMBBW-ORJBV-Y12LF-7YY46,None
24F2C-3BUTE-BRQ9E-ELQEN,None
RF5TY-ZR42Z-AOKGS-NDLVT,None
DV5HE-02QFQ-W6KB4-CBDE6,None
FU3A5-NWK88-L5M96-HSITN,None
PQ2VN-XKRRC-YIDXV-LGYKT,None
HL8AK-IEF3R-D5CZC-GIQGB,None
H6YKF-R4YJU-ZDLAV-4LNRS,None
LMFTK-PPD5R-56X26-33DPT,None
078ID-V8DYO-BREDB-HJGHH,None
BQ12I-QONFH-WSW8Z-XWNGD,None
KCPIG-MMRRO-JRITV-WPWUC,None
GSRBH-MOBW7-N3GV0-S28RM,None
01264-VP7AI-K5BY2-RBOY6,None
Y6WHW-TYZI0-QRWGC-9EWNY,None
W9WA1-R3QHD-HEW2V-U2L7Q,None
44KDB-DMTSA-KFSAE-FVGFT,None
07W2G-WOF8V-QJZEY-4OXKN,None
OLXXV-Q9HKE-5B7DR-OTXCL,None
D8U0Y-ZKZ0A-GCOU3-1TZNG,None
XFQOD-EUCTR-XDYYQ-FREG2,None
LFFPK-5LJYC-NJA92-I40GN,None
3DG0T-WFIAE-2DWNT-VYGMI,None
1XFTJ-YF9IA-MZUON-UXQQB,None
HQJZA-TXY9O-IGVLH-ACJDZ,None
WOIXI-EWTWA-BMZ9H-XEOEA,None
PKOMO-HZNXZ-JOAVJ-AIBLK,None
DSM2Y-GKMXG-HEUHC-EYR6K,None
9HTDR-RDT8Q-VGNZA-OXKHE,None
MANJD-OIQC4-MVB3N-FOIDC,None
6AJHC-2GT3U-8CBJK-KSI6X,None
Q2G2Y-GBVA3-M0UXD-6WA1K,None
W7Y1J-IXE2O-M5PDN-GNAM4,None
RAJYN-HSLTO-DGVIP-MBV3Q,None
MPUYI-7BGGO-WDJYA-MZOU4,None
RB9DX-M8JU4-L5GGX-LS6BW,None
IEXU9-YCY43-WUISR-DERVE,None
B4SS3-P1SZ3-C1CPG-HGVWJ,None
PHZ1O-I5DU2-FSWYC-L5JUN,None
CR85I-2XMT5-LOU91-9BK44,None
3DDQO-3C98F-6NE7O-8OBBC,None
QUXJG-A5W8G-PBWWD-L1N5C,None
SI8EO-6V61U-TGPHH-6ES3O,None
QRCNT-EQMZR-L5S6S-EUYXD,None
XSF5Y-KUSH8-EO1AN-72MKH,None
N3TZ5-N0P2A-BNN6P-ESXKU,None
HSASC-6ETAR-JF5FU-KBOIN,None
VXBMN-UFXZI-URZCO-WJFYF,None
PCAXL-6NLDY-DYCGH-AXQUV,None
3S54U-WNRJV-GHDAZ-4ACFP,None
LCHCQ-FRXQA-U1BBO-GAP9K,None
W67CB-82DZS-Q1WCZ-NW9LW,None
G8DHP-IXZDO-GMH5O-GIMKF,None
O1RGT-VGAOS-ZSOFH-STWN8,None
JHJUD-FV1ZQ-AEZXC-KMUVA,None
FRWJL-QQHZA-RBPEQ-AJDIG,None
OR6F7-BSOF9-XGKGQ-0VIFK,None
FVTGH-H5ITM-CL9YY-IIN44,None
XVBMB-JFVY9-K1ZFZ-X7VOI,None
SWJTD-2KQNL-NGIFL-P1YTE,None
M5VQD-H0735-X7D2N-LRIPG,None
J1HTY-WQUZP-WL4TF-3G4KU,None
KHAHD-YETYK-BRCIW-T7QTK,None
SD9VV-ZQBIK-GC9TH-MAI6Q,None
OS6IS-H4NPE-4KDH0-ABEH9,None
AJLBH-OLEYY-PE6H1-IYSGJ,None
9VK4T-TIOSQ-IKRWH-UYSVZ,None
TFFRU-Y4JM0-GN5UI-EQNIT,None
3VY1P-ZTF7W-EH1OA-B5TWG,None
AWF7F-YNZSW-45JN0-TZ9I0,None
5UIC0-HZR9V-D3A1O-S9X4M,None
MBOP3-AUQT4-8XFJ7-AH3PT,None
YVPR0-0CSCZ-JTXMM-M9KLA,None
6JDMX-H8RZZ-6QKCN-X6VJ4,None
MCYSZ-WWZOE-HT6MQ-NRD60,None
RBRIT-HWI23-QP3YE-ZZ3SO,None
2DOXA-NS0RF-BCALW-GHO8R,None
IJ0F5-5HRDW-YKRNS-YU3J6,None
AKY9Y-URJFL-CS66F-CJFFT,None