serial_key,activation_key
CFXDE-I5T57-YEZIF-YVAVR,None
QXYG0-TARHG-MY4AK-WIYUW,None
EQH1B-PJTSC-IOCGK-IM6MT,None
GZ0UX-O0ZPT-NNFKU-J0WF1,None
FI0UO-HNARB-6DUFF-W90ZM,None
BZJBU-I3BLK-19USB-QMZBP,None
PXPWT-JW9PX-ASQZU-MJBZD,None
UWRNX-0BWTE-V0GS5-DY8HZ,None
7LVNK-TXOJN-FXAQD-G7UP6,None
SFUDX-TTJOF-CCYCI-I0AFI,None
ADFNQ-FADMU-FTM20-1CKLC,None
6EMPX-N6S5K-B8ADS-QKFCD,None
SYPBW-M1URM-AYX2J-5BS2O,None
EEG7M-XMSOZ-5XNAA-YCRZR,None
P5FKR-KRFET-M5XWD-6MELG,None
ROD7Y-3ENRV-OIMBK-PGLZQ,None
KDK6O-Z95IK-JYGEM-L3NYV,None
9GPJ1-LE8R9-MUXXN-GLA0P,None
NOTZL-THVBU-PPD7K-SKIBF,None
CIQW6-P25UQ-L8RC5-WPK23,None
XJLAX-N5CJD-V6SJR-HCHQN,None
NM3XI-RRS9M-0QBPT-CFNZD,None
L3RAU-V9MI9-ZOTGA-BMSVS,None
F2BJB-UFRFB-DMR66-YVWFR,None
DYFAD-LOVSJ-TTAG3-05GWG,None
CZ43G-YYUZC-RLSND-BQELV,None
P6OXN-K1LX4-IZ7UW-UXXDN,None
VUITD-96UNO-OOY3I-5MRBH,None
DSENY-QN4XE-QV3HP-IKKZL,None
3PXYM-XIJ1W-WFS52-JTAIQ,None
VC5NN-BSZ02-4EB3V-LHRKL,None
USJIF-MUWWQ-D8Y80-ROD4K,None
RTAJD-UNXWI-UIYGS-ADN7G,None
P17NO-NPC64-9Q9X6-F3MDT,None
MBVRL-VGIPG-LSFNZ-E7FAQ,None
2HEPA-PO0VQ-VTKBE-UKUJ3,None
ZDMNV-OGKTX-HZQ7S-NEHIO,None
AV99G-JF0UK-FBUUU-ERX9P,None
BI8HD-CKWSN-OU00O-UT4T6,None
YXYSF-EZTUO-QW1VB-WKQVN,None
ZZN3P-EJSCO-JCDNA-YGP64,None
PM6Q7-DL8T1-DC4FY-WGZQ9,None
ZYKIF-YAKRW-PAMYR-PC3RK,None
BHN2Q-4GOML-NTZ7G-EBVZI,None
98OJQ-JT6MI-W8GWT-HSDYL,None
3P2ZS-WO02Q-35HIJ-LG4ZN,None
BI9RI-ZDKXG-OPAQX-LGIRB,None
MEEVR-BJIRP-IBRWB-9UD9U,None
UETZQ-B7ZR4-QHCJV-BGEAS,None
YIHSI-8RKGO-YRYGD-HJIE7,None
LAHJF-TUCAU-OHWMI-8ZQYO,None
KNPSF-YHCDS-5TESW-K2FIU,None
XBFYU-CSLNB-QFRUC-QUV6B,None
WHUOJ-H4WLP-NDVRI-T2YZC,None
JP0QH-GV6FI-VC6NC-0SFXI,None
SFJ0K-6GMBY-BOLLJ-LAKRV,None
QNCQD-RGPPK-KX3RF-MYYGT,None
CH5VS-PFTPE-8SFIV-36C6X,None
TNXA1-J1U4V-RXBZB-LXHQY,None
9RP6Z-0I5ZX-BXOYD-EJWRZ,None
RWS9D-L5DIV-YL339-Y3JJO,None
MVZQ6-2HWQV-Z2FRF-ER9IB,None
QCO4H-2NXNV-WR9C4-UAPGK,None
E30MO-JPQNA-1FDAX-GFIGM,None
QA6LJ-RQZQU-NFTOO-PTKAH,None
N2DEO-EZM77-VKODB-FTJGQ,None
WMKLY-GD0JF-4LXZA-ZNLRS,None
EMCMY-LX8VB-LNJ92-HRB9W,None
TVE4J-H01DT-NXLHL-DEITM,None
UNJXM-HA8CB-6FIFU-P8ET1,None
BPFF3-GDVVK-0RNMA-ALFIF,None
G1GGQ-SCJSU-ZDO9P-6WJVU,None
NLOZO-VQLW8-GTPDT-1KVPE,None
EATQV-LUF17-XZ9R0-CILVI,None
GCXGB-INRS5-TNUAT-CHIDJ,None
DS9ZN-RT5YM-LAQTD-RZL70,None
RA4OR-T2ZEX-KO3BY-HXSFO,None
ON9MK-N4LJY-C3AV0-OJWAJ,None
OI6BZ-L0VTK-WWQTV-PDF3V,None
7DYDI-0GMY7-QMFDX-S08NW,None
H7QEF-JXC7Q-W20U9-8HCHW,None
T6YRJ-0OEJJ-0DPLQ-ND8VJ,None
AHAYI-LKMRH-BDKJM-A2VSF,None
3CZHC-K8V7D-ITKIE-QKB9O,None
VYZCP-EKKGW-UHVPP-U2AUY,None
BGUW8-OCSDL-1BLXX-NK7KK,None
AIBMV-RCQQI-1NXGM-B88C1,None
Y7IVM-Y3PBA-7FU94-VFVNS,None
WXE50-OAFMP-UEARZ-QQUPG,None
XZLFR-XOHJG-EZXLA-CAYE5,None
DFXXA-BJMY8-R1BEG-CLSQR,None
HRURG-1UOHU-XRVVH-WAPLG,None
K86RY-LNZNZ-HC8TK-QDBJH,None
E94SC-TSBLC-P1GMI-HMGZI,None
2HN6G-EFZBU-1HSDA-JGPUA,None
ZZQN8-NFSLY-DKVGO-NABVG,None
I5R5F-TD2IH-JBHUA-KNKBB,None
NGJGB-4MPMZ-UJBX3-5BOGG,None
9W2VD-GIYOI-WTUXO-KZQHI,None
8MYRL-Q1UBG-RHSGU-CELRB,None