serial_key,activation_key
FXZO2-P6WIS-K4Y4R-E4DXN,None
RPEBK-KDGUR-H5UMV-I4NR6,None
RE7R4-TTGMX-QMNBZ-IXVHP,None
ZP71W-8TYIF-TW1DX-XJPOC,None
NWUK8-EEHJY-UBFTO-ZSZFJ,None
LCOQU-7I54I-VYOSA-FKGQW,None
HPXHY-IPEJX-S35H2-2DI9L,None
9RBOV-0H6K4-0J4ZU-HZMWZ,None
NW8ET-XA0JS-K4KPO-BZJJ6,None
VNGPO-HA0PJ-CU9SB-WUP26,None
DHOHB-BU8RN-GWLYH-XLOGV,None
02Q0X-NW24E-FLTVS-YOXWE,None
TT7RV-K9LJM-TY5WC-KOBX6,None
VSTKC-LUBJA-DERYA-S3XXF,None
QP9U8-2NP08-SUELA-9GVZZ,None
BJTCA-WU9MP-KTF0E-HJCZ2,None
QDBDW-XRXBX-KXWCO-OK1KF,None
L6UPX-FDM0L-1TUPK-QFCX5,None
UFNXE-AK5CB-8REMB-34TYB,None
LJLC8-DQNZN-MFE6P-WSF2O,None
AH8EX-GJHNY-J3EU5-UL8T0,None
Z82EU-QOREM-HW1AS-WDUUG,None
XQ3EE-F2J2L-X7P6J-D3HFL,None
CHLIY-XTC15-DEIPB-2UFEL,None
PABBO-S4DTS-BJELI-MBXYC,None
Y7TAE-RDEXS-RWD0H-DT0VK,None
3IBPX-XCHFV-BG2TW-GQPKW,None
UXDKI-HNGSQ-PS8CN-ZENFE,None
4YPCX-A5GTK-IXOOE-UHESA,None
13IW5-FG4FU-PTWWX-GYLOQ,None
FIHVO-O2NXS-XCV6J-PUPO2,None
XJMF2-VZR0Z-S26B2-CT5VY,None
RAG5J-XNOI8-CQCZJ-LTBVN,None
HZQXJ-YQERP-2QQTB-IYK0V,None
RDQA2-GGOCK-5HOJW-LFAQO,None
LTAZF-RAHCG-B3YAK-RUTUT,None
0VCI8-ONGK0-UITJQ-U1BUR,None
XPMLU-1PCU5-0BT14-2FTTS,None
QBCQR-JLGMX-5437I-JGROJ,None
UOFUY-EXABB-GARWY-UGXVO,None
1V4WU-RN6RG-6ODNH-7HTJY,None
64IIK-DDZDQ-9NS6R-AGGWE,None
ARL9X-FXHR0-XY84Q-NGNC6,None
OGGGF-AUYIJ-NMELH-DTKLL,None
WAHIM-1NQMP-TBT1V-UNLCF,None
3L66M-1LEFM-3XGPA-8KX8W,None
FNDJJ-BWI7Y-7TNLS-EKVQV,None
YXHIA-7EB70-EHW3A-0LHQ5,None
XCLU3-BAQN5-BNI0L-YHRNP,None
QVBCE-3ISM8-EF8WZ-F6UI8,None
Y6YEA-NGYJS-NBZTR-05RJS,None
2DIPM-VKJ6H-YRDH1-WHEMZ,None
YVLAB-N1S7X-WRU82-66JY1,None
NGFLG-QPURK-EHTWI-UISYX,None
MSCUB-OWC7S-PCGSI-NBA2M,None
PGHBW-KYAAI-UFWGG-EIPDL,None
DHOJY-2ILFZ-GBOYK-NKF0Z,None
IEG61-BKJOC-LUVSM-DC2ZO,None
D0VO8-RBOR4-IOR4E-GBB9I,None
SPCAU-VZK7K-TSLXK-CCWS2,None
2QH9M-I4HXL-5SWXB-DQXKS,None
NTPTQ-AIUAG-BF4RA-OMXPN,None
3AR8K-LQAYD-CNVWZ-KTBJN,None
ZO4K3-R98IR-NEXOF-UR5PF,None
KXNA1-ZBMFL-7KJS6-LOIDM,None
DDHYE-EMNN4-3TYEI-O2QBQ,None
2YEHH-5ERKX-970NP-RLFG9,None
RCTZB-N6XF1-WCCXE-4RG6W,None
KLD6H-L7NE3-NPIC6-ZJ5AG,None
N6Q1Q-TWWYQ-WTHJG-NW3NJ,None
N7LMC-T1GZI-3UR7P-UMN9D,None
MTTWM-TK9SY-RECTS-QS2NV,None
9DJ1R-ZQZQH-BHAO4-CUXJG,None
7YO2P-ETOBD-2ZH7F-QWZVP,None
TGMGQ-WQYEX-DQ27H-IZESW,None
7N12U-8EFBG-A8LTV-UVEGN,None
W871U-CKOKL-HIFAS-A862L,None
YBJDM-6IG1X-BGKXU-EFL30,None
NKULG-XGPIF-VYMQQ-UXHW9,None
YNH7E-IWW4J-CT6WJ-JOMWW,None
S2VZU-7OIYJ-EHVBX-YZLAX,None
VAZJ9-4DX09-ZOHEY-L0RU6,None
UQNXX-5TULT-HEUSB-AQU3U,None
DYZRL-NCZAS-H0UD2-BOFER,None
KMJR1-C3EDS-0UB4Q-LTKKO,None
TU9T8-MEVUS-WSGDL-ZXVC8,None
FZBOD-C4TMB-UUB3C-PXSHX,None
BUWBE-A1RMR-9WCKV-ATI9N,None
DBALG-DPXED-50AAZ-NME9A,None
JJCFZ-BNMTG-MB0II-SJFZJ,None
KBMKW-R1VQ9-L7VTO-JLNJL,None
JZZXX-PWIM1-TWC1U-APLDZ,None
6E69Q-4NPUS-GJMDT-XRPAK,None
5IDMW-9JU2S-PYGYI-UAD1O,None
AICK4-S3D0D-YAV2E-QKVXF,None
07YJQ-NJDTI-KZFME-DYHSU,None
07JP8-PE7IQ-FGRWZ-VSR3J,None
UPO1Q-OVLKJ-YOTXK-JDU1A,None
8XFY8-3FMKV-81X8M-6A2GZ,None
ICJBF-FOPJ4-GAQ7V-4ZQRA,None
SQBSV-W0DUS-4NUDU-7J0B0,None
0MFP0-ESEGU-X2RMO-DWUC5,None
ZLKGV-8LSYF-DX5JU-W1QWS,None
2BMTO-KGLP9-BZUGS-N5QXR,None
JSSBK-N0WSV-RQ2PI-YODYX,None
KVF2H-LPGBV-6IKTY-GWWDV,None
S25XC-LSLTZ-02P6V-NMZ0S,None
1BQDE-HBKP1-84TRG-TD6NF,None
VBMR7-7IMSY-WQPEF-XB0X5,None
X0YEL-IO956-HTMJG-B4D2L,None
IJISG-XBKNB-FFJA9-0JGTG,None
O8EUK-STV5Y-YGUGI-B861G,None
DCRBR-PWTD2-H2SAE-UNITB,None
RNGUY-TLV6F-B310U-O2LAC,None
PQ92C-FURZ6-JVGX9-3HZWO,None
C9EMU-MEGSQ-XYPRZ-WBWFC,None
TKSMW-ORTSD-RKGGG-RDGUS,None
N5CSA-SRFHR-K0K38-OTZCU,None
XFUUS-XAVXF-DGLOO-BD70I,None
CWYDQ-NRZIA-BOFST-QFUGI,None
EDNO0-8LXHY-9OCZN-0OFLJ,None
WPLMY-MWUKR-0XRMJ-HTRNC,None
EQEUR-9YXVO-IKM5X-WAGIF,None
ENYBK-G5937-8EW1Y-A6HIY,None
E9FEL-OXIYB-F9NKV-PD1NY,None
MEUMN-GFRON-ZFTBO-QPGKV,None
JUOUL-AVAOE-PUXCV-LBKQZ,None
HTWXN-IM0AR-K8WYZ-ILJK8,None
DPDH0-8OI33-5WIIN-MVVXL,None
L8TW6-OYDCI-QYOJR-IECTJ,None
OPNBH-IEGYM-2U9WK-ZWIMF,None
U3JQV-5N1QF-MYYMB-YUWCU,None
SPU9H-X1ELJ-CDLHJ-DMBL9,None
B3KJL-QPOMA-Q9OCE-GJUYE,None
ULFDW-EWP7W-KHOE7-XVTIC,None
GCVME-B9LEK-JF753-UT7WV,None
XIEXE-NUHAM-3MRPY-STYOV,None
IL1XB-HZ0HE-H1BVI-3RA1F,None
7PSZQ-BOYSX-GIEKO-T4FSY,None
QWYQW-X6EEW-S5XO8-EFT8W,None
SOE3K-OBFBU-ML4GW-MSHJ8,None
4HVV6-AODA5-BNRX8-4LUQM,None
9VIHR-SEC1A-J4TKD-NDRND,None
SZJJF-UTP4I-94KM7-2UKFW,None
FZ2YN-UKN9R-G7KZJ-TUAEF,None
MDSQK-CJD6U-EVCBB-SWMPE,None
XB6DO-MLA27-TAQXZ-QQBLT,None
LHHHB-OY0WD-BVWVX-W5TQA,None
EBDVN-Y07KD-ZERLQ-VPAUQ,None
NLXH8-BGQBL-X6ZSB-FKVYK,None
NQPTJ-FZMKX-KANZL-OS9DH,None
M373G-KIGOL-SUVHL-W6ATF,None
FXWAL-ZLYTL-NXHLE-105ZT,None
GVCND-SFPUZ-KOR1A-J9JGG,None
CZPZ1-IWCSL-IUEYJ-KR2E8,None
DUBRA-4BSNZ-OA8NR-66QRB,None
YC84R-80ALT-4UBBM-J2VXG,None
7WPLY-2XNQ4-1PDQS-R6DX1,None
E4KGK-RGQ5X-BQ0RO-Y5QEM,None
4RW4Q-LB9FJ-JRVLL-AXUOG,None
IC8RU-ZGW1X-DYCAG-8DPSF,None
XDNMR-PLGPA-TOICZ-QNUCW,None
7JBBC-G8LFJ-TNPVB-7XGJH,None
L5KYD-H1ICM-IAFME-9ACH8,None
1QIL8-KEOT0-AJZYO-RBJIA,None
0FAGJ-TVXV4-BLTXW-2BVWP,None
V4IDA-LOKKG-FEHVD-TC7BB,None
XEADE-RD6EH-XLTFG-QKD0W,None
BFMXZ-ZAERA-DAPWF-ICX06,None
SBKIP-BQ0SC-EOKCQ-OFEKK,None
DVEEI-Q3WFO-ADFGX-4NQWT,None
HR0LC-T31VJ-PKPPL-UGDFC,None
ZWXCT-AVI8K-OPT4H-0LZIZ,None
BY9LP-P1TEG-1QGUC-XMFOS,None
JDTEO-JF4F6-EVZB3-SU1J8,None
PWQFT-5QSKM-72PPI-NLVDV,None
M2LA8-ZRBY1-JOZF1-AAHAT,None
JSV0C-7BBEI-PU2JC-B9JMW,None
ONMOK-R2AOZ-CYJ8M-TPHFR,None
D3A6U-WJGYB-OCQIB-PI2SU,None
JO2JI-A7R2V-QZAAU-EUZFC,None
K5MYN-R0MF2-LWI5Z-UZLIY,None
KFGIZ-UZUHO-JS01R-MWMIL,None
5XUPP-SBBQX-FU5Z2-WUAEW,None
AYLDO-RSCEI-OKUNA-SXDO2,None
07LVV-JMUK5-FUSZI-PM3RE,None
2R1JQ-9A1RA-OGIRB-ZKDAS,None
UU3F6-AJVYM-PP5QS-WGROZ,None
RCXHE-LMKGE-LDGR5-6HOHH,None
BB6RF-MP1KR-QDYFI-2N4WH,None
1LJDW-3X491-QW6IE-LAZQ5,None
SVOFN-BNO7Q-IYQQQ-2XNCM,None
PKVPT-GCIWU-MCNQC-ZYSAF,None
3M2XJ-032FQ-CENRV-CFVPA,None
OSW77-BYXR3-1K7C3-SQYZL,None
MLCOL-ANKLD-H70VY-T2IMG,None
RPQLM-UCZFK-K7V6R-DHVTQ,None
PAQAH-ZSOXJ-KGMKI-5V29B,None
8XFYS-Y71FD-QXE1J-XZPJZ,None
2XKVM-JG0RA-CMZ1R-6ECDC,None
WXX2J-ER64Y-XU1QO-BHXDF,None
LCNHV-KJQ0E-5BJ9Y-KQAPW,None
PLYOG-OEW9T-50I9K-WUQM7,None
MGTNK-M9XQ2-W00QM-JDC0Y,None
SGZHU-OR5PG-JKMQF-PXURN,None
S2EWF-SAIIS-NAQLD-TIWNK,None
3EMX7-1N4FV-9IBOT-PRPS3,None
8IQEI-TQJB4-DGZK3-6VJIH,None
MJT6V-XKRJW-H14TC-8R0X5,None
G43BG-CN5MF-X27E9-ZAJZ0,None
HI0AF-LOYUC-PUIPN-WSIIF,None
8LO7H-CQ8ER-FPOCR-RNA1V,None
KKNV1-RVP6E-7NVZC-ZHZ0G,None
YU4FU-LOUBO-S0JPI-VIYRG,None
CBY43-NVQS7-SPNNF-NKHLI,None
1F7DQ-SDHDR-NMDBQ-CQD7T,None
TXBEH-UOIMV-9IZCE-5RK6P,None
QV3Z8-K9BAA-5RL1B-RF7SZ,None
ZMKOC-WLDOI-JDAMU-CM3RU,None
5Y7CV-2EHRI-75SE6-N29FQ,None
XPX9V-CQVLT-C4WBF-PTV4A,None
HDSJC-D3SKD-S3KPR-G1D3P,None
NMSPA-Q9KJE-IOMOU-HAHIU,None
KCV7E-IK0LO-TDH9G-NZ6L6,None
6J2YW-YNOPH-NENR4-VMH7J,None
KQ6JN-7A5CM-AR6HK-31KLF,None
9OHYP-SAMFS-AKAJI-USNNX,None
LLB9O-WAWTJ-JSBYY-87WES,None
5L7JU-UUPH1-LGBEU-AZXZI,None
IBFLR-4UZG8-USIV4-FXQHJ,None
PV981-HBII4-VDOPQ-JQ7TL,None
KSRCW-TUIAL-E4OCE-IX8ND,None
JPSUL-ZGAO5-G9WNS-EBFSS,None
FNRFA-9YIHL-K8H1R-HJLT5,None
FG9NN-C7BX9-CUHAF-U28LO,None
CMKLE-MFFC3-0IPP4-M3HWO,None
ZK4NB-SMANW-3DN4D-BWQAX,None
YWX9Q-IE2FX-TXUYC-SUVV1,None
CTZQB-BOBVX-7BLWD-DVPA5,None
KLBWI-MCQHL-QV7RN-WFOJA,None
5EOTX-MIMGP-LS9QP-ENHVQ,None
VPHQD-Q6UXQ-A1EUJ-TFHVL,None
YMFKE-FG3KM-C2U1D-GC7ZJ,None
ODJHF-XNFX1-QVCRY-NHCB8,None
QJISO-EBG8C-2YP4K-IVYNL,None
MCIAG-E8UP8-T5PYM-RUFYG,None
B4LGE-GP9S0-E5VNP-XD3VG,None
R7Q4M-QR2YV-8ZAKO-HG4WQ,None
VSTCR-VOEAM-88FCV-NH2CJ,None
TYRZQ-HWV3B-OTYS0-ZKZ5F,None
Y6KWZ-9T1SK-EBV8Y-S1BJY,None
KRCTC-C650B-M5QTZ-4ICR4,None
DLM7L-7ZBB0-UO5MM-4PEMC,None
QMX7K-F20F8-K6GPC-DOE4U,None
5LXQZ-976BN-BYLFF-M6RS2,None
1OSGA-3XBCU-Z0R1M-OOBNG,None
ZW1YN-EIYOG-V3H8W-Y4NOL,None
Q8AHZ-G8FLG-CQEBH-05FIH,None
KQ74Z-QUCXR-YANSG-BC1NR,None
JC52V-DNHB9-FJDHO-I6IDI,None
OJIDB-EFJEL-LJ9IA-84BKS,None
DVK6Y-WKJVG-YIODT-OAQLD,None
EB6SN-XV9FW-FMHW0-I4LEM,None
AYKFP-KA8ZU-LDJEZ-C2OLO,None
H9GMG-IMZL7-NWHGP-BD37M,None
W5K9Y-TSSVK-XE3SW-9D3KJ,None
FSATW-UBOMW-HUUMU-QZ1P2,None
NCSVJ-JZZZM-4KF5F-6DGPT,None
8F7IA-KF5BG-WK3FC-UZIIV,None
ZNNI4-TDTYI-NPBOK-JA6C1,None
W0CU9-N5VYT-EWNMZ-W6E81,None
1GJXQ-GKTSO-VG8GD-XHLRQ,None
QEID2-SI3WT-ZILIN-CUU0A,None
VUY0U-FCUCO-CCK1S-OQPA8,None
6IN57-ZDHOA-26NSH-KEJED,None
UOLEB-FZEK3-WE4YD-X2FIG,None
LLEZZ-O3JAL-25PCL-2RFH4,None
NUXPU-EGMUG-MI588-HOYMJ,None
WZKXV-ZJFD7-PZEEW-HZAC3,None
GF649-EEHC6-MWXMR-M1CC7,None
8XBLP-7EBSO-RLF4V-Y76T0,None
RPS21-VRGES-WBCLQ-XOCCQ,None
MDCG8-8PYIG-0RGJZ-IXBGS,None
XGONK-REPAY-WB6ZN-SOB4B,None
QX4UH-RTHG8-XWLHV-5YHNK,None
ZCNJ1-AZQXU-JUGJS-PRNOY,None
XVMBJ-H044K-C4AHT-WYWLO,None
ZGWIW-8HXR0-EBLKX-PRRGL,None
LFQLM-G2EB2-GUANZ-GNQEJ,None
R6LUG-ZUTLL-ON3PW-DKGAJ,None
VEBQH-AER3L-SJNK5-UXDY2,None
IQWSA-BTQV2-FXAU8-GOWKG,None
GG1BK-PZ5GB-GPKU1-LOJON,None
MJPUV-8JZ5E-ARJ9T-E1ILB,None
7LMUJ-CQQNF-XDIHQ-XS8RY,None
J1TYF-HYGC6-7HG9B-LFPVV,None
EQJ0A-KQOUB-IH66O-DIMJS,None
L46I4-GPIJB-JH5US-DI9J0,None
1Z4H1-1PRWC-3YHMB-CFPAV,None
ZX8JH-X7TZN-HNK3N-VXBT0,None
8QFUJ-ZWSZS-WTUWT-U7YLP,None
JBAUY-EJPIA-EZDKD-LOWHE,None
J8M8I-PLPRA-RXTQG-KMQZ3,None
YWYYY-AUECP-FFUYR-0XTBE,None
8RIGE-RQDX7-AA8NO-25WRO,None
IBQJ3-OXY1H-D0KOX-L5XDH,None
QALP6-8XZRA-GPPIZ-BG6LR,None
BUILV-RPNLL-TOSME-AILTR,None
DLYYP-EQQDD-UV2XG-WR3C4,None
J1XQC-9UADX-EVNJY-EUGAB,None
KBWL8-CLJSK-I7NKQ-5ZB65,None
RE3OO-BTDOZ-9JLWX-2QCFZ,None
RELRA-6ZROW-R7SSB-YBMD3,None
8WQDY-4HIFQ-VL7PY-8KJFB,None
UTQL3-A7S4K-HRCRL-0YCDD,None
UXV2T-F7OTK-DUMG4-RACBP,None
UV67O-0GE5R-HN3NQ-ZBS11,None
4DH49-DHHE5-HZVG4-5HRYJ,None
KQZLS-EC9OS-WOHB3-IGCGU,None
NIDEF-4MJE1-1GEV1-FA6PN,None
WUAPE-QBF9J-EYX5W-NE87K,None
737FY-DF06C-F0RHW-ECFV8,None
KE1GZ-J2RVS-XQGZM-PVKOB,None
HSQ20-RZ5ZY-ZTRT3-LDYVR,None
ORZQU-H6QGW-XXESD-YPM4U,None
K7NTT-EALC3-UCX3F-TDO3Y,None
OQAGH-ATNDZ-MSLK9-THGZA,None
JZPUS-R1CAR-MJLPI-IBWID,None
AVHSX-S5LOW-P0IC7-KWO4M,None
BPSY1-YIMBT-HHIP2-CUG4A,None
PHBNW-AWOIH-YFB0J-CDD07,None
GMKI4-X5ZMD-XI0KH-K5BJR,None
JF4EF-JQRMX-WBMHU-QYPXF,None
MR7G2-UGMIN-TJNCQ-7OEJX,None
KTENG-CIKZM-UJG15-IBAZO,None
J2JLC-AQZNL-RUXUZ-C9SOA,None
WQ2NZ-KIPVX-DU4OZ-FRPML,None
ZAUJR-1XX8X-JSYOD-YPMMP,None
KONHK-IL8CR-M4W2S-ZFFSE,None
IYEY6-PBGY5-T81DG-ELSG4,None
OHWBA-G30DK-ZQXTO-T7KFU,None
ZCXVZ-N3KFR-ZODOC-DTCY6,None
VL0H1-F663V-INXUA-MPDQC,None
NXUKE-XPJKO-7WV6R-CMI4N,None
ILDVB-GFQM9-UQD5B-QDEUP,None
MY9HW-AITWA-CQCBN-XEQGY,None
YGIF4-R5CF3-PD4X7-2LFES,None
V4WAN-CPBLY-ZWLOA-8UORW,None
CMOOQ-O6G60-NP6ON-RJ1O5,None
BVLLC-SZJPR-UHVXW-89MPS,None
EO73X-ZRTWJ-4EBQN-6CIRW,None
AAU7J-NV7XR-9LK54-RI3IB,None
VJYBG-EV0JS-ES4JA-XMCZN,None
HBCQO-R0GDH-QFLS2-TCI80,None
JQ9SH-8PQ8M-JPHCN-DADO9,None
FNHVS-2F5HR-TJDMA-9OHMD,None
Y2RGG-QUJZ6-PB952-HBFUM,None
TBFWW-KWZWH-GRZYL-6UNEF,None
WSJUK-DRDTQ-T4BFJ-MAUVQ,None
71ELT-UCDIV-HDPFR-A6DHW,None
IKBJ0-2QWH3-XAVQ3-ZUMW0,None
RVRZX-QVRD2-2O8KI-4XDXW,None
LVXWU-ZER5S-FPU3O-RTSQI,None
SW5ZV-WBIZZ-UYPCN-ROR8Q,None
6YEAW-ERN8D-CDA4B-ATMRJ,None
KRANB-QRIPF-PIV2V-4158L,None
FNRXX-G6QNY-PP1ZR-DVBAJ,None
8R0S6-OBSOC-DEMEN-6LEIN,None
S4KXP-UX5SZ-GU85W-IYT9Q,None
YDNPT-ITMFW-FW6KE-AZM1N,None
MXNU6-XYGKV-OYECP-P3RYH,None
2SUGO-CC2E8-OHRRI-J1IYN,None
C2W9E-PTSRA-ONDBY-WM880,None
5MJHQ-BHQI1-0XGBW-HBYSA,None
KXSDY-XUSA6-5YT97-MLK0I,None
78AVZ-Q3TV7-M2YPV-DGEYE,None
ZMTP3-DR6YU-ZLTA1-2N70T,None
JOG7L-NNICY-KOY7U-VEXW2,None
RUUHU-CWJRJ-N9UDM-AEYWN,None
Z7RWH-CGQW7-2RIJR-XLIQP,None
U36QP-FIE9Z-HUIXG-5XGFY,None
FMNUW-KRL2O-IF551-WLUMU,None
8LY1G-AAH91-283FR-2YE13,None
E7XCN-KT0ES-GID8Y-CKALN,None
TPG7Q-5ZQT2-DWBZ7-MMH6E,None
SOTNZ-HEBCY-R5R2X-W57VR,None
FENKO-BBDSK-EIOGT-MGVTY,None
QXUWI-YJGCM-JPQS4-V4JLP,None
G5WWF-JCGP8-W991Y-HCS2G,None
XAGPV-I04GV-VWPYS-GBKPB,None
QYMNV-ZKCJN-ATUSL-LTE0B,None
F5CZP-JCZHZ-PYPIG-XRQ5X,None
OXUV2-MKLKP-1AJ2S-ECWM3,None
CAY3T-N4SYJ-QEZXP-1UJJY,None
J9ZSD-I7KS6-EOD4N-6ZJHZ,None
HT93R-ZHUMS-PL45Y-M8QW3,None
GLP4N-3V0GG-8FIHT-QXLYY,None
9I9UG-1QRIG-AI8BK-VM95P,None
NT79U-9OR5X-KTKNK-P53RV,None
JYODO-3CZ8N-5EN78-5NPCL,None
QFUJQ-4ZWWZ-2G0U1-LOSXE,None
7Y2E4-KHHWM-4PO87-WXMZK,None
ZQUZA-K69G9-1XDU4-4FWJZ,None
BMQIM-ROO10-MKROK-MD1N5,None
YYTNA-38SYK-PEUJA-WL9VL,None
OZMJI-WLLU9-4WNM5-X5OT9,None
POOM2-D4KXM-K7NFG-D2WKD,None
HQV1O-A6NGB-RBUVU-4N3H7,None
KZALX-HHKAS-ZGJ3Q-BHFN8,None
DXM48-DWRKD-5UAVY-AWRWO,None
6PE7B-OLFA1-XMGEG-W1MBR,None
RDBGE-FA9QD-UURUJ-JNG0S,None
7WLZF-SIDRM-44AAL-TU6YA,None
XKSHH-CDNKH-80ZCX-X9DAI,None
8GA81-08KAR-TTM4G-HODLX,None
HTHQY-KAP7K-VH9XF-TPVNX,None
74FSS-UGBEW-QI3QZ-UHN24,None
IX4EQ-J7ZA8-3UJER-7L4DK,None
ZHS7X-FA6Y2-ILKLF-I7HGT,None
WTQHL-UM8ZG-PEQC4-U6X3H,None
EL9JP-OJTFB-HDBKH-QZBWZ,None
4ST2E-GME25-NY75U-HK5C8,None
YFORA-N6EJM-JEDOM-KZBSM,None
DJ1SI-ZQHZT-UZF1T-VLVWR,None
DJAUN-IBR3D-LNXJ4-WLOIO,None
EJT16-QCFLS-RADSE-OXNJX,None
EU7BB-XQ4IW-Q4V0Z-ED1TG,None
JPRM7-CE5VX-LXA1F-YAPTQ,None
8JEV1-LWYKX-LZ6SU-QBKF4,None
K6KDQ-QJIJX-XBFHU-YVNCD,None
GVFXM-AL8Y4-EGT9H-DRECW,None
6MZJL-IUE6P-6JDWC-4OCSU,None
4QSLS-ZO7ZP-SP0WA-TEE4M,None
NI4VM-RP1HU-VQAVE-IOSXK,None
QCO8G-XDUKN-RG80Y-4MKQR,None
VACCA-ZF1VC-BXYTZ-J7URH,None
RKOYP-FFP2X-55CBI-YLCJH,None
BB9BI-UWPWQ-RL7U8-YJOYU,None
8JQFT-9JVVQ-77P8H-WVUKY,None
JVSKC-VH8SS-7MFNN-4GNZR,None
B3PND-QS438-ICWOF-CPBBH,None
0AHDL-XMHOQ-YMWNX-VQLYA,None
FQOKE-HK9LD-WMAHZ-TK8VZ,None
EKNVS-BV6Z5-SJN0E-ZDP3L,None
AP76U-SXHDC-5L0RC-7GU4O,None
KPFR0-TJAJN-T9PFT-QCRIV,None
JPRHE-AWU0X-6L5UJ-AVFAP,None
IWYJE-3GBUQ-DQTY0-DIENO,None
LAA4D-PCDJM-ZKSOZ-PLSFB,None
EXXQI-57FRN-KW3FX-OMFG8,None
WKQBQ-WKMHB-NCTGL-JYSPI,None
X0JSB-GNWOA-RYZ83-MYRTX,None
THTUZ-ZVCGG-4TBZL-PJ26S,None
CWNAZ-V63Z3-B9UVT-85AVG,None
DFECL-95AQY-EGGZF-CYG8I,None
ZBLLA-YYKYT-WCHVO-AFWC6,None
E0E6B-FUKKV-3ZJQX-DKHY6,None
5TX45-9NWOR-009A5-KYM6Y,None
ZO9ZV-GMFNL-YEU7L-3GYDV,None
VIUH6-8W5UO-5LWHZ-PKHHA,None
9QVOW-L0SJO-FGQ7X-ABB2E,None
JFQJR-6MUBD-I5USY-DOYYJ,None
LOJXO-RPOJ3-LVCU7-X54MZ,None
LFIFS-B0ZWX-HKOYW-K6LZE,None
J839Y-KNMPR-YDYND-IX7O3,None
4B7YH-4I23T-NKM5T-RQOVP,None
U8UGE-Q7JRV-MDOTH-8M1U1,None
PZJOS-RVJ3V-TEXXI-OEBO7,None
JEK1F-LHBQU-IZQXZ-FJTWJ,None
AFERB-OCC1N-G1CHY-N8H4F,None
4K1FK-K4OJJ-0WTVV-8YCBE,None
NNP2T-NSYJJ-RSTCZ-RZV9G,None
ZBUBS-XAIW3-KZMCA-BKJD1,None
0EV1U-3MGYH-ITNBC-XQBLI,None
K5LYA-VUEAK-DPUFV-ND7ZD,None
KK0J8-G1LA4-J9SRI-EZ6HS,None
FICKI-SNEW8-IM5H5-6FHBT,None
THBQU-X44GY-J0MDM-9XIT8,None
2JU7U-GILXI-1VGXG-8T8JP,None
JIEUX-SYFCK-V0YE6-TESNO,None
CCYAZ-LDSEQ-3XR6J-JSYCP,None
9UOE5-99VC1-TVBRP-XSFT0,None
EK0JN-T0RIS-YJ8UH-GSEWX,None
OEQOF-KNPN9-OORM1-FU3WY,None
OAMJ6-95FTP-WXN54-J5LF2,None
M79OU-GRIGH-5DRHB-ARPCC,None
RPA4B-KOJ6Q-JWMND-X0NN5,None
SKT7F-HNQBX-PCBIH-QJJIG,None
OBQLI-FBTIV-SDT9C-KOYWY,None
MT4F7-ACKIU-UWYLH-XQYWY,None
9OCGS-UOLLZ-FMYOO-FSGFS,None
ZKBZK-38KZB-PTH9T-8YEXK,None
GVUM0-GW8BK-GROGQ-QA9JP,None
KNJYB-TRZAD-J3OE5-KRFDJ,None
EOAMM-Z7T2U-GR09Q-KAIQ0,None
ZKAPG-JDPTP-UPO0F-YNQOC,None
OG8UP-GCA4G-LZMAR-BSU9V,None
FQWUX-9XK9F-6B5ZG-LC0ND,None
NBIXE-2EI0H-BMIW5-PRGDF,None
W3X4X-XE1LX-POQJE-QOOWS,None
W6W0E-CAXB1-ZLCON-HUKKT,None
FYB2M-RMKPQ-2O7L1-JBQ7V,None
4UWGY-1QR1P-RWDW9-XIICV,None
6LXWJ-7MLGX-U562H-PLVU4,None
SZ2L6-Q7PCI-9LMNG-C2RHS,None
A34LH-CL2F6-B5QKT-XHFYM,None
QCU3B-9DRUZ-TALYG-HZNRD,None
UQQRM-FJAX6-NMQYA-S4XJS,None
TWBQW-BHTHU-587XU-5MEH0,None
VR2K5-OPRPJ-GS2QQ-GGO1X,None
M6QGF-5IJF7-TUI48-9XBZA,None
6QW0S-U5FTU-BBTLS-LTSGI,None
HXKU6-IN9EF-CURHS-KY1PE,None
ME3QA-M1XPV-BFYGQ-0C8FP,None
KIRSX-CEFX1-CDDSK-DCRPZ,None
0KADZ-9YUBF-ZISNX-DOCXY,None
VDWHB-MP9DB-OFP2H-XP4AS,None
QYOOO-FPPCP-MV5YK-Y9Y62,None
ONGZ6-4PV97-7UFFO-JUKAI,None
AYFCR-RNELV-TVKHZ-4Z87T,None
UNTK0-C3UPY-NDJ35-FPITR,None
KPF07-VBUIW-OH7SR-YQXDD,None
E5W2L-8KLCL-O72B2-9YCRK,None
JBBID-YSIKU-27V5K-LQZYL,None
9C1MV-4PAUR-XGZDT-AMVWZ,None
AVVVZ-FXB4H-WF8XI-MMZCF,None
HFWIJ-OI4Q8-2RPZU-WK4NF,None
L2VWE-T6Z8V-ECUM0-DK2XX,None
DWOX5-IKBD6-IOZLJ-D9APS,None
R6KMI-XCOFO-U1X55-8I6BZ,None
DNXHR-TQXEY-ZKTRH-CVF1P,None
YZSVL-ILTNK-07UO4-YX9LI,None
ROCBV-GOTYT-CODN8-NQCMU,None
QYKEP-BHYYR-D1PQK-L1ZJB,None
JSWML-TLRMS-FCHAZ-RXI6R,None
3YP28-MVXGC-OQTDL-FTRH7,None
IAI6Y-O63YQ-HXEJY-0CKG1,None
WPNK6-MAZFQ-GTDJX-RY5MI,None
AFXJQ-UU93F-OVBQ5-C2GYZ,None
PHDZZ-OTNNG-VFK3S-FZPOW,None
TFQ7S-WMTFT-ZHXSB-7HVFN,None
14VS7-H12KS-EAEFD-GFQUP,None
AV9L1-JU0ZB-TE2UH-00QAM,None
TJ0HP-D5EVK-EZ49P-DTNIM,None
3NXB7-CBHYJ-WGZZB-TCGYB,None
FSHQF-URHKO-UHXQ1-RXKVV,None
UBCWH-G37YN-56FKB-CMUSK,None
9CLXJ-VTXRX-MIH1E-GPM9Z,None
XUQIS-3LVFD-STOSS-2N16J,None
XFXYA-MIKWU-CFFPZ-K260Y,None
ST9TH-71SOS-I7NG9-ITJPX,None
QGUIS-AH9XV-5JIZK-OO7SK,None
UZHQK-DSOQG-EKWNP-7NRT4,None
SDOQK-RX6HF-XR5TI-ABED2,None
DZSFK-Q3I0A-V2VBP-SJDVP,None
02ATL-ECE5W-MHYAI-LS0FC,None
TL712-QSPKB-YMRHW-VIGA2,None
I0YNJ-61SGA-KYGL2-QUM5Z,None
8ZB91-4YAND-VKCUV-E2DON,None
MYUP7-SVHPA-DBJ70-PTDDR,None
QKB0F-TAZ8Y-VHEMM-WQMNQ,None
ZJCMG-WMB2F-J6GOQ-FHDDA,None
MWQ21-CAKLC-CJ4AO-6PKNI,None
ASVIN-HZSTD-39FAE-HSZGV,None
UQQQ0-MVKQ2-DLSDN-VDXCN,None
T1M1I-P7WYS-ESLBV-8PXE8,None
GRGNE-DI0HL-SXEVQ-TKHHW,None
RXDST-GASDN-NVFNE-V1HWT,None
IJTO3-O2ORH-OCWTH-4KCYH,None
WM9XG-NB5UK-IJ2QN-2UINB,None
MNKV2-K0ZJL-R91KT-BRG0Z,None
MXAOD-KDLTU-3OWMB-HC9NA,None
KRUHA-D53RH-E3L4A-3HNWT,None
A0PLZ-HPNLM-UJBVR-UACR6,None
T8UIJ-V2IOS-EXQSK-R16FK,None
8BZUT-PYBPV-QSGAU-9BD9E,None
TTTZI-L6VLG-E7V8L-DVTRA,None
MJDDM-EMADP-ME0Z6-NFY0A,None
SHZBG-RXJMG-Q4G6U-C7VBU,None
HBVJV-UCJNO-DAGWI-LIZQD,None
S1HJQ-Z3JQA-YH1X2-ZP1ZX,None
T42RL-IISG2-EJH1V-PTB1K,None
LB0BL-TB5JD-XFFVD-SFGBG,None
E7GUM-4XGK9-RSS9I-ZFRV6,None
SK5MI-Y5GTN-F3WUQ-XZOLY,None
4UXYN-KA3SW-XGDUJ-NI06D,None
NMIHX-6FSSJ-PL8NS-NYXQB,None
HJ0EY-GWZLN-SSUVJ-N2CSN,None
UYJN6-JZTFU-UJBCT-KRUL3,None
O4TKN-VKYDF-9OONZ-TWVVM,None
K5M4L-LPPOC-3RUY9-6QC75,None
CZKZL-FPJHX-CLHSJ-ACLGU,None
HSRUY-MWAJM-LIJHV-INU33,None
72WAH-WQPYV-F3NCE-TKAIO,None
MAXA1-S9BHP-XFL9W-KXJQO,None
YUHDF-PEUFS-CLP2D-TD6CA,None
PE06J-8YH8C-UG9MV-ONRI2,None
UVF4Z-RH2PI-HJRD9-IZEVB,None
ULSI2-2SD24-WJEYM-CJV5Y,None
HCK6O-TPQPQ-1LVRH-CVO2M,None
P69CS-2CF1W-ZBBX0-WY1BN,None
EJHZJ-0I9CY-TSNAG-9GBEA,None
RIR2S-EPK0A-HT6XS-HASCU,None
DUQGG-XYPIR-XQPQX-GXFJE,None
NIRLY-QC7YW-MLQQE-EIEIF,None
GRT6R-QDT27-GV2OY-DZANL,None
RMS4W-W28DP-LUEZF-GDTXT,None
M7WEK-FJCJ7-GWRED-NHDNK,None
GDRUY-CUZ1Q-0BNXN-TFN5M,None
2Q1IV-QGHEQ-CY9IB-RFMYK,None
ADZIV-IZXUV-R52AI-VR4SD,None
NGLRU-V8IAU-DQXBN-XQK2D,None
EOTPM-SWSXY-QP726-IXWK6,None
RWLYD-JPTWN-CDNEP-3LQLN,None
PDJHB-EJ5RI-PBLPT-RWELB,None
LD7DP-T2TNE-GAEJP-0FUOZ,None
UIVOF-KD8GZ-XKHSK-LIDY4,None
T1DRT-E0MRM-8VDBV-LCV8N,None
XFK5E-0QIJ0-VHCDV-F1EWB,None
LOO8W-ZWPNM-UQDMJ-UZTTD,None
YVEZE-CVWDI-ARJOF-XHVG6,None
NQQG0-DIYHK-OOWV4-HMFSB,None
NZXKT-FOKT2-PPL6F-2QZIZ,None
XZO6O-X4ZED-JO0AD-AQ1JA,None
NCUMM-NVP0F-SBOTO-NRQ2I,None
J43YD-KTEPL-SRYET-MF19H,None
60H4Y-BM3BF-EC9VG-USEVX,None
XWJDG-BWN0Z-KJHLO-CBFNA,None
MJXCG-S7QQX-SP1YM-C751E,None
RDOYO-8O3RQ-LRSBV-8WW36,None
RZXMN-6VSFA-VU4PC-ATP18,None
HSZEE-V02OL-6PHSG-Y1DTX,None
CNJIY-9E71W-LFHAJ-CMSL9,None
GIXIB-UBDKL-AKHXK-MPE1F,None
SGOBI-428WL-NQNV0-PJKF2,None
ZAPL3-YWBQF-41NKK-4WROE,None
QG6TO-HT8ZY-LWC31-ZHMKK,None
BCUTA-JH6ST-NYKO5-PYOLR,None
Z4UO0-6XABY-HZHXD-6L3MH,None
YP3AA-WR4EE-S5U55-CLQPB,None
HHSZN-LT4TW-4UTYV-CCNML,None
B5XXK-XFLNJ-8CCKA-ZLSFM,None
VMVLH-QS5NB-WG4UQ-IQDDK,None
4L1WT-SAUER-RFDPQ-XIZOZ,None
BYDA8-IPPYX-EM2PL-NSU2P,None
FNEZJ-IBDDH-8ZPDB-3YNLQ,None
XYDZV-MNUMK-JPIQ0-G71SD,None
IMDGU-2NEVD-GT4BU-4YDEG,None
NQFJW-7ECHB-RINLE-6IH67,None
UJLCG-N7H5N-82UY1-OSJ8E,None
BDUXA-FVF8G-IR2XU-9G26I,None
5KOAW-Y3C1U-9DIX6-P4TVE,None
RJEHZ-LK1MX-8ITH9-LKSYU,None
GGK9H-F9NCZ-XMTTD-IWUWJ,None
PFSVD-PDEPO-OUASX-1WLFE,None
9UR0K-Z2JVI-PSTK7-DQJXG,None
1MSHA-DRZTR-R9GBV-YYUUA,None
SIHHV-8VHZQ-GOJUR-BHXW4,None
PGUFQ-3FZIV-R8B7L-OMRBH,None
VBLIE-8CHXQ-FYU3F-UZTNV,None
T3NEP-KULKH-ECS7K-5WNLO,None
VFGHE-3GFDU-RKKWL-FR4JO,None
SEDFK-TXRN7-TNMYQ-RNE3A,None
BZ4Y9-PJEMI-CGWYK-A70NV,None
2I608-IN6IG-NH9S7-UDIBQ,None
QR6PE-MCSUH-VA8HJ-B0VAU,None
LDLOZ-IYFYI-RFZKL-1ONDM,None
QPXOG-MBBJC-UALEE-ABFE1,None
WVMRQ-UCMVX-DLT6T-UEMQY,None
W9AXC-CQ0LX-5VUQI-SCFPT,None
ZDER3-ILJ1Q-FIC8X-PCYAQ,None
IYYIJ-UVRYE-4JZA2-BTFGF,None
RYPDX-YHVEY-GC5WC-JJYSE,None
Y0GUR-AEPI8-ENWEH-IEOWL,None
WBENT-SQD7I-KYRHQ-AFO9C,None
3NY6Q-HXERD-WHFUN-G9JR2,None
SA5YT-QEUAE-Y05FC-I8UKM,None
RNGDZ-4DTVU-EPRUE-PSRWC,None
LGOQR-YKJWB-PBIIT-IFYI2,None
3SKFX-EA1I7-MU401-XPA8G,None
JSZIU-VHRYQ-6HLSE-MHIV1,None
JBQV6-SZ5YM-VZGHC-HND22,None
14Q0S-XT22D-HQ6CG-YCS2F,None
6HAOZ-KFWF5-MUMLV-LTQ2U,None
TQ2NB-TMY5W-QXWWB-LQPBO,None
GLQRQ-AYLBO-VZLB0-BRZNN,None
9DK8N-73Z71-2WAED-FKHS4,None
9FZST-ZYML5-CCX3G-XG2MX,None
MTE2D-BK5NT-KLBOV-5DYCC,None
L01IM-BXS9U-LBDTD-KY8PG,None
AQJYM-NLWSS-DKMEZ-H8G9U,None
UBWB6-ZANMY-3AOXY-IJ5L2,None
IQZ3B-ZCSR4-6YJ0Q-CTDJY,None
ADK7P-ADPYC-QAVFX-KGUJV,None
NQ9LB-UHWVG-XETIY-1ROS0,None
ZVLAS-DB0EW-YPA7B-M00HP,None
N4P8U-C7CAK-INFK2-EUAAE,None
FBM7C-JJUR1-IS37R-HT4EJ,None
ZQAIS-K1HTP-XU4H6-SHZRB,None
SEIBO-NP6HK-0RTMU-QJQMD,None
NXDPI-OLMIS-CNT1U-DCBK6,None
N4W7H-USSCJ-OXEBM-QVWRI,None
MPEV7-NCTFV-7CGAB-GATR1,None
UVK8Z-WNRDN-5UQSA-UQQYI,None
MYD9B-MDCWJ-KYAO6-47LRR,None
CRUTI-1F9GJ-WSY81-IPLJN,None
RJ0FI-FS8IN-H6Z4B-DGMWT,None
BCRG3-DIIGJ-XOGBK-YCJUK,None
KJXOS-XSYS7-0W7I0-II5B9,None
E6S4B-2VKXK-0KO8O-LENZA,None
0TZ7Z-ZLPMS-8Y9X1-YJBE2,None
ICOXU-3KGCT-R4KLD-8OZO6,None
QG55E-KYZT8-NXG6U-WJBDF,None
N8QVY-ZKBLS-ZF9W3-TKA8S,None
IIQSE-MMDFI-1ESZT-8PPHA,None
TWAH1-7AJ6G-R5CPU-DEHTC,None
SPUTH-14IFS-DAC8N-PJFXA,None
F71AN-MIVMJ-8MNME-AOXZ0,None
I8YH6-HK2IO-DNP4J-KJGH1,None
OPP3E-Q5EUU-V3GLE-LGDKS,None
1CLLB-Q29EB-3HPAU-UK33M,None
HERRX-WPKY4-0D4M8-IXYCP,None
DWVRY-ALXSW-0I5LR-VTQWM,None
XDZ4K-RDBIW-KGNBT-ONDM0,None
F9NJY-FXN79-TUED5-UIAVF,None
LPAXV-GWCDJ-HU2BU-6QKAH,None
FHGMC-COJUP-2AWQO-RYJU6,None
SFGOG-GBRGZ-HZUEO-W54Z2,None
NHWOR-WN3NB-5PHHH-0WYN3,None
CP6CM-LZ2WH-4ILU6-CNVNB,None
U236M-JRG3D-LRSNF-N67AN,None
SIW5R-GUKUV-2AYJC-7TOCQ,None
LHF0Z-VRJT9-UCWBL-W5NFM,None
3ZO20-KBEWM-JJRIR-5GZEZ,None
MJIRS-JVCGB-ZPWF1-KQF6J,None
KYV73-JVORE-NDTCD-VSLTA,None
MQFR2-SR0BN-1NH0T-LAVS0,None
0VRL9-BK9WB-NQ1HJ-D651Q,None
H4TIH-4NTYZ-6HIBD-ZHA5W,None
N58SO-4CYK6-0S7LL-RPLMP,None
W2VT1-2LS4U-9EM0M-RQ0WA,None
XVCIU-A0NN8-28130-8DA4E,None
Z47AG-H5XDM-CHKCS-KTX0L,None
QMJER-CWBXJ-Q53IC-UBVIV,None
YQIFE-QMZC7-F9WB9-LY6OG,None
BGOMM-D1TIW-DAKNP-HDX7V,None
E2PVT-CFG4O-N1JQ8-OYXH1,None
WL3AS-JMRH1-5GABV-IXMTG,None
MQ3PR-4MDXP-4XUZ5-J2AWU,None
DEEXZ-OYJ87-NOFWG-LFI1C,None
CRTQD-BYYOG-3QCFS-T9YZC,None
TDVUC-AAI6M-EUOBR-SOUOG,None
91A1D-PZAFK-GS9QI-TLLW4,None
GHLEH-9YPNO-1ORUQ-OBLNY,None
LFG66-HJGKM-DN5CN-OT9TL,None
LVCEJ-NJJ3E-NVZRL-B6HP4,None
KCDIE-UZS8Z-YND6N-OX1OR,None
YMWJ6-D5OUE-Q3VNJ-ALIJ0,None
YTA5B-QQ3BH-RGK1E-HOQSM,None
ALEHW-BXK0N-195G4-NSTRY,None
TPMPZ-04YP5-E4PSN-ECCFQ,None
CAEQ8-3QMMD-PB0DO-HVAW2,None
AOC0M-PPX8X-FCWS1-1S1TC,None
T7KYC-5CYR3-QEABM-UNK2T,None
UOAWZ-O8CMT-NUZIU-Y8AQ4,None
STR1H-N6S0H-NEQZS-2WCXM,None
60Z44-OEGUO-J3OLH-CTTRI,None
2NQMU-JWJTJ-OV93D-QTMXC,None
L8FTE-9TJNI-AZSWC-MLTS4,None
PVEIN-GEXYE-F4GYG-XJRUG,None
3LANA-RQ9YP-NTMRB-XRIHT,None
U27JG-BKKZ9-URSFI-JJV3B,None
NPJPO-YMXKB-HXCIW-L4IUW,None
BOYUR-GT89K-WH3XO-FXIJ9,None
6JK14-FLGKX-HSXMM-ZZIOB,None
ZBLSA-5SJPM-1JYKH-R1EMJ,None
SZDGA-RFBRB-ZQC5H-EJIPL,None
BLLYJ-KLASP-WN7KZ-GFNPU,None
KLSDZ-M1OG2-VKWGK-SXBP7,None
IYSR0-SBISU-FPI3L-VX99A,None
APHXX-WDBBE-DWCEN-G87JN,None
Z0EJ9-3ZPYL-GLRWB-QGW2O,None
KNXGQ-JONTL-WHDL5-OZSWE,None
0G0ED-TQUKQ-RGGLP-NCDHK,None
KLGX3-X6DG7-EO4VX-NY5GQ,None
CEEZF-3URGO-1DPZ2-LBXIK,None
PBPCC-PLYXC-G2DDY-7ZRNC,None
S0WSX-JZE0N-H2SIF-UUQQT,None
ZGTBH-5RQHQ-KPPYJ-4EUU2,None
WGWZY-FTYDM-Q2NET-ME7VA,None
8XMXS-JV24O-TJKHK-AN9II,None
H2Q3X-PYQM3-FOVJA-QAM26,None
VNIVO-BPAOP-0AGDR-CAWO1,None
QWYO7-YMPRT-PV7H0-WU7DA,None
GAUQW-7ZKUZ-NMVJC-I1NPO,None
8FITF-BXGZA-QGNIE-KYMFF,None
XZKOQ-VNVS4-2XXBO-UMYF2,None
719N7-CFFE7-SZOVP-ILFJJ,None
P5PDE-OFBF4-CAD1X-KYE4K,None
HOEBH-UVHWK-FH2LV-BC95F,None
FMNRL-NQX5G-LR5LZ-RPQHR,None
R0TIJ-GMFCU-O17DU-FQSAE,None
IYXVR-ZTREC-2EWUD-C9S8X,None
WDQXP-8GVJ3-T9ZKL-OKP5D,None
KMTDB-QI918-DO3LF-FOJYL,None
8MIBG-1PIKM-SEUXS-3AGIO,None
DKEDZ-FMZA2-67ELX-0EACB,None
Y42YB-KPKU9-NUBU8-S10C5,None
PRK41-0VPX6-MO5ZQ-EPM3U,None
SX3MD-QULVS-GXX6W-L7VKL,None
6ADD6-FJYTW-8IFEG-BZBVX,None
FRAMF-BTKYD-OWMVE-HT5OT,None
CSIR6-YQJ8N-FCGFY-LW4LW,None
RE1IG-AAHML-XMIEW-1PLON,None
VJ2TC-G2Z8N-R6WXV-W4MQK,None
X16LG-SIQCW-VWBES-UDE7T,None
KYLXI-BOXKO-IMFS6-Z9GG9,None
CXZWB-NA3SL-H4EMU-HUOQQ,None
AXET6-TTALU-HAT3R-MCSAE,None
DTB61-YSWV7-JNSTN-P93BJ,None
2PSGC-35KOL-WBMY8-6EO9S,None
HPBIK-EF3KT-JWJM7-ILZ4P,None
DU6YZ-QBA4K-F9BBR-TUNWO,None
MIE09-TQZLE-RR1TS-VQYJI,None
RDUHL-LDGTK-ZSRUE-F2PMW,None
JLRU8-GPJFW-N15NE-YSFB4,None
TRLCZ-4TJAB-VGOFK-IARYL,None
XTEFW-NX3MW-965Z9-XUJ2J,None
UDPE1-W7EBS-TAYHD-VGQGK,None
3UVZK-GMEZB-31HES-O8KGZ,None
OHEFG-I5K1N-3MFSJ-4OYK7,None
NGL5V-M20F6-JMVTH-6BUYC,None
LLVOY-NLEMF-BFNKY-SOWFF,None
ZAQOJ-8YVUZ-X6MCO-RLIXW,None
QS2UP-ZDWGO-ACL9N-EPPXR,None
UY0EQ-66IBQ-8SGDI-9NQVQ,None
CQEK6-BLPBM-UVWW6-KYBWX,None
CZWLO-NBZO5-D57GU-402AL,None
B474Q-R8IXA-KFWYV-1H2CQ,None
PTXSL-YAGZQ-YQVMO-DZVTC,None
GCWPW-NC223-OPRIL-YOUHA,None
ADVGY-NKVA6-M3FBZ-EDQSA,None
PX2AY-YKYTY-PXYGM-5J49Z,None
VPOW9-BPMW4-OSQ8J-LVJJN,None
MNR58-EEF9C-C9V0R-A0I6G,None
4YYOL-SWF9F-WEUUZ-HTFJ5,None
UHNGG-KDZGX-EDGWR-8UHKY,None
0JAJT-8G24M-RIRSF-YX0TE,None
HL8TU-CYT20-M3MFM-2I8EO,None
HTLRM-JC7AW-W83CR-MMHPY,None
PBBEL-5ZEL6-RN1EI-ZPRHV,None
LVJ6Z-OWMZI-EP9HY-OD1IG,None
KHVMT-VAEQU-E1ICO-GFQGC,None
MPDVF-TMXBU-RFZGW-SMHEJ,None
VI9G9-QDF8C-XRWRY-CZCC7,None
ZBE6K-DAE4N-5HTD3-HTW5C,None
RG8PO-FO8GC-BHIC3-UI14D,None
JUUPK-NLPZ1-TUSEF-SSDFO,None
KOCCA-SLXZ7-7ZVGQ-Y8PHB,None
PS74M-TGIJO-GYOQX-P9OV8,None
EVEJA-GEDF9-OBJLZ-EPALS,None
RKTSU-VB6CV-LEM1A-JHPIK,None
2E96W-FDKQQ-QKBEI-NZGRJ,None
S0CZA-LYKAM-LK20F-BZJK0,None
VNUGN-9QNKC-BGFBJ-3HYBM,None
9ISKE-V1WV3-KY4HR-MLNXT,None
MNCUV-Q4JTM-IFBQK-UD0CP,None
BJMLP-8UI8M-YQ1EH-BUWGX,None
SYJCH-EDIV5-U53DY-NAMJW,None
BFTRA-DD29F-XILEJ-XF63X,None
DRHK2-FDUBG-GRAIG-OEOIW,None
9OK30-LJGAC-DT8MH-73YHQ,None
CW6LH-XBAAK-HKNPJ-9V2R0,None
WAVQU-0UIVL-3CDGW-LBR94,None
ZHIB5-2IJYJ-KBQ53-ETKNW,None
8H4BM-APZLV-QFOEZ-W37CO,None
AWY2W-XEVUT-WYUXX-965GK,None
NT8B8-HWLPI-FWPJH-C2HV7,None
RB8ZH-F68AA-XGUBH-E1D7C,None
C1FDY-AEVLA-ZWXVJ-HEMZ0,None
HCAVK-WAICZ-23SCP-MVTMR,None
YNECW-U9SGU-JEDXD-YMONJ,None
EPCWW-LLGVZ-SWMYZ-CCNIM,None
ZOI5S-M47EZ-RJV4V-TSXXK,None
X77GL-DUHF4-MSFKJ-8AHVO,None
TLCUX-ZCUZH-5YOMS-BX0HY,None
VH8PB-NBNQF-L2EOV-YO1BW,None
CAEUJ-Y29BN-CXFAE-AHBCQ,None
D4K7N-4CUCO-NCBTO-DIWPG,None
6AXHA-TVQRF-UEF2K-H3N8P,None
T8JRX-JFHWO-EZRUN-TYMU4,None
IPD72-YVUII-1XLVS-NWCQQ,None
ODYHV-FUV31-GGZOD-HHL9M,None
CWN5P-VSAOL-EUO0M-WL2KQ,None
QQSX2-UNXJG-9FSHA-O4NVU,None
APRXS-ECD6G-TKPHB-XMEEM,None
JVGTR-HDTEC-2HNSZ-AZR3F,None
VKJO8-8TTOI-HSC9R-EKHHI,None
DEGIC-ZKCT9-FP4CH-Y5B31,None
LD6CV-9ZWJE-D6OQX-1QIBW,None
4CU36-DABAB-W1DGG-E8VU6,None
7XROA-7GLOZ-TWRKP-UACLD,None
G6AKT-BHFXU-ZJPKH-D4EMB,None
7QVER-MP16T-UZDSS-AYUYM,None
94MTG-PJ67Q-HM5ZS-BUNTW,None
TZ1A5-XXJL5-QORQE-7NBS8,None
CLCZG-D28OJ-S0PKU-SKQVC,None
T2FRW-FSYBA-C7956-K47YP,None
AJYE1-GCLXM-UJZSG-3GUJ5,None
QQ1O0-SHP2M-9QWZZ-4RZDY,None
S1QET-TMGGJ-VHC26-FDK0C,None
PMLAE-WFKH6-OKQGD-6QERZ,None
BFDTE-DTUTX-C3QAM-JMTMW,None
PROGR-PBL23-Q7L6H-MHLWL,None
UDSIC-1RME4-KQ49T-ZNCGR,None
ZJ5HT-BXNIP-VXZ8J-QRNLI,None
TDZZV-OBYQN-OBHY4-4GF7Z,None
4CREF-QMAFC-4V2ZC-A8JZH,None
DEIQG-66LKW-STOXD-D7US4,None
A1EQJ-JHN2A-QZQTC-GEYGE,None
CHCBP-OKKW4-N7BTQ-KSEXD,None
R80CW-RHDGH-RXPFR-Q7P41,None
OZZ86-PCP2X-CLQGJ-P0KTV,None
RSEX3-JUJKQ-I1HNH-YH01Z,None
9J6SB-DLWG5-AHEGW-XEIKI,None
OABXA-4TITN-OEE79-CFWVP,None
UXZFT-6IF0Y-FJMJA-DX0MU,None
IKEOH-VMR4V-EB7KX-PIKLU,None
HSELG-JEQUF-CXS4S-NBBYP,None
ZNRGN-6ZDC9-NXBQ3-DIG1T,None
RY2JH-4RMKH-M1FOF-Y6N8V,None
S750J-IGPJJ-K2SXS-UHKJ8,None
KDGU4-NO2BQ-8UTWO-1MZGH,None
DQCTN-KMJSH-UF9XC-SUE0J,None
2YSPS-WQWB5-YBPIL-A5IOA,None
7VJHT-RNTCX-PZ2NW-MV1HQ,None
V2HIW-HVZRO-NEJEN-AW4OC,None
SNVN2-QCNF1-JOJPS-UTQ2G,None
DPFCE-HJXZU-B8XUB-NVBQE,None
DX4HK-ISD13-7L9OW-ZEV9T,None
TX9IC-NFDLJ-F2DFW-JGWH6,None
IFZEJ-5AXRM-KE1PI-Z3JZT,None
DVQB1-KSJVU-CLY00-XX9VK,None
ONMED-RRIR4-JOGDZ-TX27C,None
VVSMM-DRJLV-1LBUT-XZ38R,None
NPAQG-MZZXE-D57LH-O6I3V,None
KHQXT-ZMDJD-NJBAG-TQDKY,None
WYPRA-GTLLL-VDDX5-SXO6G,None
VPP7N-0GGOI-RFKYU-Y3MQY,None
ECGFZ-VMMIA-CX4AO-1XFHV,None
QDDOO-2WX6E-U29KJ-VTGJ9,None
GHBYA-IHK8U-YLXH3-BIMXL,None
JDLQT-ABKLU-I8RLE-MVLLE,None
LJMG7-KAHWU-6LSSC-PJUEG,None
1AOJM-R53OS-INEZM-4ANHD,None
SHTDV-1QSPN-MPPZ6-WWD78,None
XDNFE-LFHHU-ZGIIO-1FK5D,None
QZONV-N7O3M-BGM5J-PD3FG,None
XKODD-HNS35-GZS3J-4XGO3,None
IALLJ-AIUHW-YDK7Z-8ZO5R,None
ZAOBT-1G6JG-7XTVC-N5C2V,None
BSZEF-GILYU-VVKNF-JYNNR,None
0AN1O-2SCNF-DDSQZ-ZLWPT,None
8EPDW-I985C-VUWAB-SBKJ6,None
4LBAA-6Q4AO-RZQKG-OBSDS,None
QXRPC-LWWPO-SIPDT-59US4,None
PLB6G-CXAL3-HA0K1-QHVCH,None
Q3N55-ZXTM3-KGVKY-OKIRQ,None
LONI6-WNZ2E-FJT9L-LKDD4,None
F5YKO-QXNDO-2Z3TW-P897G,None
YHLQM-DKR8B-RKBFL-WLT3Q,None
IGNCL-GTRGP-XJL1A-D3WRM,None
BDO9O-PFUXE-9EJQM-TLWMI,None
8RV43-PUW2U-LZHGO-ZNN6S,None
RY6N0-3EOMM-0HBXR-IC8VX,None
RR5VX-ZM6HR-AKV1O-R3AN8,None
WTISH-5JU4H-FS9CD-HHVJO,None
QVN79-KHPOG-ZEOSU-3TYB3,None
VYSGM-BC7XU-PRTXC-MU3TA,None
BYWH7-D2ELA-UTM9T-TGQZ4,None
T3V8Z-TOCME-VIMZB-HKRCA,None
GVQ5M-BC4OJ-HTFUO-ULEFB,None
YRTN5-HFIGV-CNWYQ-XH8OR,None
12YN3-XDK4S-DWRTG-4XDLB,None
O3GJW-41Z0Q-AKZQT-HCQW8,None
QGKCE-9XOAY-5R9OC-WSXOC,None
FO3IM-CIMCE-PFNMK-BKV29,None
6TPQG-KT3QN-2UGYW-SRTM8,None
UWWQR-9E82X-YKLHS-FTFXU,None
IY1HL-JNSUV-0IQZW-IPTSF,None
AZPHQ-AXPQM-OH0A5-XCXR7,None
TO7OB-YFYI0-WOABJ-G3WDG,None
ZGRVP-A4JJZ-NGAIE-NKO7V,None
28JQS-GL8BC-YLS8Q-3OEID,None
X4MWG-FZ7KV-3YNAY-YAWAE,None
RJLJT-5C51V-AKAXN-ZOX9D,None
GSZLE-BB5Z3-RCUEH-7JWJI,None
3BUVR-PDL4M-Z9ZXO-NRTIB,None
N1N2Q-N4GQ1-ZQPXI-EKIRH,None
MNIXM-JXHFC-78NOM-JWMRH,None
N5OJM-WGSNC-U4FZL-EJKKH,None
DLDNS-PRMIR-JAUKW-AOTPW,None
ILXK3-A3SIX-HOLOG-ANIQZ,None
CZJXC-WRPBI-5HQPL-3S56I,None
1C8VN-YHWZM-5VQHE-10ZOB,None
MEIWK-FJGVF-0QBF6-YXO21,None
7UVVV-OPI1E-Z2HR7-5Y31M,None
HO2SW-WHAPP-R5SLG-HYHTL,None
4TGJ8-BINGQ-7RFK4-I1VLH,None
7LQCC-7RICL-J30RM-FX0M1,None
P3UKE-YUZQL-UBGVP-XBBSB,None
M9PRD-GV8QR-OEHNC-7PPWY,None
2F68A-PLVH2-JH77H-WGRH2,None
M4VLP-179DQ-FUGHZ-S9YNP,None
HXYWT-BEHG6-KG4WI-RIMX7,None
ADGPO-KWCBO-UBXHH-DNBEV,None
DFZL9-RDLE0-QE2RJ-ILFKQ,None
B7KRO-KPI0B-QII7Y-YWVRU,None
PJIDK-RBYIC-LURJV-EKTYS,None
YOVFV-PFFPE-B81UW-L7KSH,None
SM3GO-CCEPG-6P8UX-9HGQA,None
CUWOZ-0N0EW-I0CCF-JDWX0,None
DDIKI-GZO4M-CVP8D-9P1YO,None
MQ1GN-APRWV-UQSAZ-EG8QE,None
IQXPV-MB7GX-RHZRW-6HEIN,None
E7Z6M-TA8HX-8JEBM-ASVYE,None
OIE7I-YH4GK-3EAKJ-NTN0V,None
087IP-PVEX0-KPC4G-09SDQ,None
AWZK0-OAYMM-SRAIE-LHGWW,None
7A9MW-ZOHYU-L3PH4-WAU7F,None
YFMPX-YU8QW-09N3O-VTHHH,None
VHKEY-6BUMM-IOSKU-7PXNE,None
HP9F5-WHJZO-2DUHJ-NNND2,None
IIUPS-N53JW-R8THL-QJZFH,None
5YSBU-QTY3Q-NCEHM-IEPS3,None
W41KT-5GRUS-OSVIE-BVFHG,None
8EPPA-LDXMW-MUVBC-8JEP7,None
WCBCK-SKCCS-C5EVJ-BGSZA,None
UAULQ-GE8V5-2UNJQ-YAVOJ,None
EHQ46-WHQIA-64N0A-XGXBM,None
QZU3C-BVMYR-N59L7-5BOAB,None
VFGTU-L8ST7-SYYEB-RYZJU,None
YCP8N-WNJMF-SQ4FC-5CXCX,None
YXGMQ-W3NZY-4PFGV-6B67G,None
NBOKC-YCLJW-W8A8F-XIMC1,None
45XE5-T0UHT-MAGNN-ENKRH,None
8FUJ0-0CKKT-1RVWS-SITNU,None
HLD6P-SRDFG-WC7KP-XVCVQ,None
43Q1O-FVE5X-L6ONR-MYEU7,None
HQJWF-KZ4PN-FOMPM-V3XP0,None
X2H3H-8Y83L-DNGHH-RLCAZ,None
7FSE5-FMJCA-4FL7Q-SZW1C,None
MTJMO-YDFXV-YO35J-13KRJ,None
CDJKE-V2LAC-8SCWV-UE8LZ,None
38KQZ-OWEJH-UWDEP-HFZDF,None
DJNZU-9JDPG-QWSXW-QVZHN,None
GAL5K-C5G1S-JFEDE-4VG3M,None
5X4X5-4C4GX-PQTYP-WXP7Y,None
FMK54-4TOX3-T9SU8-IYGRJ,None
50ZWZ-YATUH-CX6BL-FGBWY,None
8JW8L-EZRNO-4KBP9-QNVD8,None
JVJ3Y-4SVJX-VZ0PN-BQIXK,None
MHPFK-NREXU-LFH7Z-0PEKN,None
ZKCDO-WQFSA-XDV3X-WWVKF,None
QWOSV-PE9CV-AFORF-UBSJK,None
IEXU4-MEGKN-HTCRE-LLTK6,None
WE0XC-7KO9L-J4FZM-KYAAM,None
Y2XRM-L3UR2-RYRMC-XKJCD,None
AE2DO-COILL-XHHJK-VOSSR,None
VHUSU-8TNTK-FXKHS-EHGOB,None
A1WFV-AP7XK-NXCZY-MIJPU,None
MXZ8W-4MJSE-HR85W-UIF6I,None
SAKHS-ZVFIU-WMAGJ-AS0MN,None
8DPY3-47QAU-XXDWT-4QZJX,None
ZLI27-MJ07Y-9TAPE-F1U04,None
CRM7G-IOHX6-MIKPE-0A2EQ,None
MHB85-9RZEZ-W9XPG-NMETC,None
38RXW-QFPJG-TF77Z-FKNFV,None
H78TX-LBRMW-USQQA-EKL6F,None
5USUU-AS524-HRRF0-TMYDP,None
TMVCX-LVBJS-GTOTG-5NTAP,None
C3RWB-E893E-EJCZJ-ETII3,None
YBN6T-ZEMQ3-QDVDI-RHAWL,None
W3LPO-R4SQP-MUAD5-S9TRX,None
KXOTH-4K25K-DTDXT-BQMMI,None
IFIFC-DBJTY-IZYN2-EVB81,None
3JHKC-7XKDM-LFWIH-2TDZA,None
EX0RM-65ZAM-LFJOU-FLP7B,None
D8REK-JTIST-LXKGG-DUU9G,None
QUH9B-1HJZF-BAO6R-V3CA1,None
JQE05-6MYJW-APOIJ-ISYKQ,None
CTKG0-UZ3YA-9K54X-FYVOO,None
6UBIT-42TBH-XNK6C-FWHRY,None
7SF7M-S9K1G-OD86Z-UTJ89,None
MCVG6-ZGWTN-EPW7H-8SMSB,None
VJHAZ-JA8LS-ZUQZE-HAA2N,None
9TDKN-DHJQX-EWPCJ-2M5TV,None
VZ25U-WSH7F-JDKRG-2Z0UO,None
HEFUJ-GG6XQ-AY8E2-TJCDD,None
UGDCQ-VL8NA-M1KKW-FXWGY,None
WFE3M-CLKRX-HGZ2F-XIYAA,None
0RLEX-6OEBT-60WLQ-0DJCZ,None
SFNEL-HLIBN-ISDKD-ATUG0,None
MDLSA-IGZBA-VK7XV-WJTTP,None
9KEEN-4VHJV-FAFNR-N3PLR,None
A9ZVC-UG9MH-ZKA8R-FJM86,None
QTJKR-R4QHE-XJVNO-ZCMER,None
DBVT5-CJJIH-15A9Z-VDZZP,None
1IVQW-RYPP5-ANYJW-UAOHG,None
OM9ZT-RJW1F-SSYDW-JHAQY,None
HJBOS-UFPLO-PIJ9G-SDTZC,None
28JX9-PC7WA-WVTOF-CHM6Z,None
WZ02P-0O0Q3-74VY5-RVQH3,None
LGNSM-WW4SU-EAVKJ-ISKBX,None
BKNRJ-XVGRD-MCJFH-QTNDT,None
Y0D5P-2PQ2V-EEN3B-AT52R,None
CEJOV-CF5JW-X7ZJG-07BOR,None
ZWG9M-XQOWQ-YSAPA-JKN5J,None
JRD5Y-FNU1Z-NC6H7-ZCLDA,None
HGQLO-0J02T-JUNYR-QMMSE,None
YLALX-KMIUF-AOROX-9MJIY,None
WVMZH-SVOFK-8AOAL-QE3O0,None
PFDNE-9SERP-DKIGO-UF6TN,None
5MQSD-XQQM8-JFZ37-UQHV2,None
OPMFM-9FL5N-89OFY-YRAT2,None
GGBG3-4LQDS-ZJYUM-MCVII,None
H4Y2A-M6ONS-QTJFU-FTA3J,None
8YHMM-PQC8Y-WS0DF-PLTSL,None
XTZJW-VUBJ6-LCGIE-5QUDU,None
NPRS2-MWVE0-HV1CY-JN6NA,None
9R9EM-WCOUB-71WB5-FMQLL,None
VGVHP-5MXF4-KWD0M-AD8WR,None
P3TE8-DVBLD-TIMNP-IP6G4,None
YRDID-ZWX48-IRQ4L-DT2NW,None
27TLD-QVI6C-WB39H-UMOFG,None
D31T4-JXIM3-NGPJD-DFPST,None
YZZG1-IVR5H-9CCXJ-LY139,None
G0OTN-1VZJY-KB43N-OLCIL,None
SLQGR-VEZVG-NKCYF-NRWVD,None
54I8N-EM6JF-Q0GTT-RMVGI,None
ADIQN-ZDCEX-RIUGK-2YG1G,None
E4OIC-6OZN2-7XTFE-OKQUO,None
NUUYA-NYKKG-K85H5-DIC1T,None
SIJ01-VASQL-WEN3O-YEGGQ,None
X0BVN-S5S0T-UX7V6-COWK9,None
XT7G7-VMHYJ-0FAJB-U3HEN,None
AQLLQ-QYUI5-GFR7N-ZOGNY,None
N96VL-TVYFE-LMOJK-4YGWW,None
OUJVM-QA7NH-LENID-YSLVT,None
ARJTV-L26SN-YGDI4-ZXVKA,None
93F81-T4Q2D-DB5RM-ASVPP,None
UOMNS-ENMKU-ZQII5-U7GMF,None
DWL6U-X6JY5-F3AAZ-HXTCO,None
9KK9R-UNLYO-VIJ9X-MXACE,None
NBTU3-SVTUA-WR8PL-9SEYS,None
MHFS9-4SCW0-3UVHR-QY8ZW,None
ASZSL-MJOVX-5QUVC-YO8M0,None
PPX7Z-ALF6C-NPIR0-E6IGL,None
PEFQH-29NBV-Q1RA9-LZS1H,None
1YVVH-M8NZC-0LPSC-NHGOL,None
5KRXW-PHSEQ-J4MIU-ZMHSB,None
WPA7D-LZRRZ-TKJJP-CP9MS,None
H6KXO-TPBXA-ALDVU-LWUBB,None
DTJOD-GGIN4-9YJ0E-NNUFO,None
4YNS0-M8ONW-VXKLK-ZKYXF,None
HRVKB-A2G3V-OEYGL-EGG1Y,None
B76ER-QWIMQ-RXY79-LFTHV,None
JJBXO-VQSWQ-0KD8M-B1HKH,None
8MWSF-R7VQB-3PZGE-NVUNO,None
G9JGP-WZIBE-4DNU7-FXSLB,None
JRYQV-NLQCC-UHZJL-DXFS4,None
MGMTS-PDF05-LLV5G-7U1MF,None
HLPL7-ZQS37-P6NWP-AO0R2,None
QEGGN-MCHUN-HJA2J-UVDKQ,None
RDU9L-2ZJMQ-UPN1P-NUU3H,None
ZPHCR-O3OUL-HYQ4A-6GGD9,None
PQKSD-GV3O5-JJXML-IL4WU,None
JX0LV-ZUX9B-FG2DD-GXT31,None
AD38Z-CFBJH-AMPP9-TRQL7,None
LWI33-QDFFY-7RDXD-7ELKM,None
HKJT5-7FFIU-XL1NH-9V85J,None
HX1IX-REXBP-LZA43-MOEEK,None
GXGKE-IH7GP-NGZLI-DJBNF,None
81MBL-RJGQK-RKIAU-P7S4I,None
YXV5E-HIL8T-KGULP-PQTNN,None
8UOC5-IENY1-PYQZ5-ACGV5,None
MQEKB-2Q0UL-6DM1I-U1VCF,None
OE2E1-IWQBV-5HRIK-Y83TC,None
FSSCV-WK8CD-OM9FS-RHKSM,None
YKOR0-EFMF1-ZHSDE-JJUNL,None
U9RRG-OB8VJ-7VO4H-PQJ2G,None
7C2HX-6ALZN-E6U5S-AQVMU,None
NN6ZT-NMZ63-4TRRH-W9NX8,None
DEBRT-3EYFD-6EEWM-T2NMT,None
4EWGP-CE62M-BSXMH-B2YVJ,None
OLN5K-ZH417-NIEXU-LASX9,None
VYHUC-K1DKX-IK910-BHLMN,None
YSFOP-YSD6O-ZLLDS-1YBJE,None
IQ4VQ-QFAAX-8DESK-UNAXV,None
5CNGK-6YQRY-WBZI8-HZPHQ,None
1MEB6-XKNHO-NDY56-QEQXZ,None
0UCSM-YPWCY-XB9GS-UPK3B,None
1UIGL-2ZVVG-8HOGX-ACLGK,None
QI2ZP-XYKFD-BCADV-HEE9Z,None
TIOAE-UL2XU-RJKAV-M1TBF,None
BGQRN-C1RS7-D8ACG-NEHHC,None
JYQCL-T19X2-AFKIS-HTJLM,None
FKJ7U-MN1BT-SM4N5-AQACY,None
SUUBK-SA1HA-YGMZD-JM3H5,None
HRQQB-KWXRJ-3B3T3-D07LZ,None
IZRXA-LPUCC-8VJA9-6DATT,None
JY3HH-VGI92-FQLGW-ZEUWL,None
OSGCD-3QXBL-AQAY6-QZCAV,None
JCB1S-EE7WE-RCM8B-FDEJJ,None
VGLPD-KVMQ0-NIVSK-NITIR,None
BYKDT-MSIVX-FME6L-RS4DA,None
FCXJB-B5PKZ-YR7Z0-YH7PC,None
TQEMS-D18GD-DFWDV-Y1GTR,None
99NRV-39D53-JILEY-57KTS,None
NPKXB-8AF5R-XH8PO-OK7LZ,None
GZRUV-AHHAB-RABBW-ZZGRV,None
UKIYV-VBR3L-HGELF-ZLRDE,None
KIQUY-PLZK1-2VFTD-LMCXI,None
WFSA8-OLMTE-CSCNF-YEZXF,None
JNP7O-R172H-QJECT-IBXLZ,None
FAHFQ-D1APQ-LGM88-QTQFB,None
AFYWY-VK4OF-CSCU6-ZIWC4,None
YPQTJ-FIRUU-HRZ3R-ZSXOU,None
TK0QQ-93G9T-SXLCS-ZU9ZS,None
BEYMU-OSYV2-LDQE5-QKZOQ,None
UJQKG-OST1M-OFXM5-3T55S,None
APE1E-JJJ78-FH6FQ-9TMHK,None
VTSPV-HGSOX-R7U1Q-HA7IU,None
XKCTL-WQXOS-5RO3A-I1IVJ,None
IDXCF-FQIY3-TR6QN-VXTBL,None
ZUALU-RU49J-OOMQF-8BQJ9,None
7HFME-DLQ7A-SQ6WI-XRHDT,None
IPULZ-QOJDZ-MKZTB-U1O2L,None
CENKF-QUMEI-VKGU5-8JWDW,None
NAJKK-NXGVU-L0EWC-QXRYL,None
EJVIM-ORAOT-5U6EC-NZX2D,None
Z6G7L-1YDCD-MULAR-QEOFI,None
4PBHR-IPW1W-D4MXB-VJNPS,None
5ITB9-OCJOZ-BFHZ1-J6DXJ,None
Q3MIW-6OF4M-IFLBH-NJRA7,None
RHXGJ-JGEFN-QSISV-7ITXV,None
NMKWM-186LC-BUR5N-A6OD7,None
GWHJR-SNEYJ-JUHHO-Q3DGM,None
6Z8IG-M8XB4-TOLBB-NWEOZ,None
BRVZ4-TKGMF-JBOXG-MCN6P,None
SSMHG-KZC28-ELAS7-X6ZWR,None
D6IWV-5YPH7-K90MQ-8GNB9,None
PABAA-QQQHM-95XFM-6JIML,None
WNHHZ-3I3D3-ZI8XI-LDYSF,None
FPRFD-FO0S9-8ZVAN-PGLEW,None
KVDRA-ZFAU7-LPTO7-UEEUT,None
ZQ8NZ-KWWDI-8F93D-OM3X9,None
MR0J8-6TTHE-M7GZ9-P8FKM,None
NU2DU-7UB05-X1AO9-DQU16,None
FH788-3FL4R-WXUAY-LS9OE,None
89SQU-GZMNX-VA0LO-J3W2V,None
O4RUA-3DFAN-IHF7X-IQMGL,None
ZMYJT-WTNBU-KMFHY-CMSDY,None
3JXQR-K1H3N-ZSCIJ-1B8XF,None
WFK5Q-YZQE1-X53A4-ZTYKC,None
6X6ZQ-NTSDK-M3GKG-BPLOW,None
D50JC-JIYBK-XIZIL-WQ8F7,None
VIQUW-CMNWL-WYQQX-APUP3,None
45WZY-ZVGHC-A69ZX-35HIP,None
WD5BJ-2N3MZ-RYGAU-KXDVU,None
VHAM4-MDHPS-QS2KO-NW99T,None
KNYFM-U47SM-VVONV-RFVRU,None
LPHAH-YMKRC-DTAAF-K6LLY,None
9R38Z-FCRFX-T5HWV-EKSML,None
I75Y5-XEWJZ-SXTQ5-6D2O4,None
RM50F-NLI7K-M12I8-0X30G,None
SGDAK-KLQBJ-4XVG3-ICYDC,None
PDZJV-XGHUQ-IEBRC-F9JNT,None
HZJMN-L5VZU-KTVWZ-Z705T,None
C4VCM-DTDVQ-ZBDO1-YYWFC,None
K7CBQ-QWZVT-LBHSZ-KPDNG,None
YXLSX-B8SAV-TNMFG-BVAKC,None
N2YZZ-GZCGO-I64IU-UES4J,None
DACRL-KSGUW-OWYYT-9J43Y,None
IOSD2-CZB1W-CINUB-FFKFP,None
07IV4-TJ7ZM-ROC3K-OOVZJ,None
2C8YX-QQYX3-H1EMX-CTAQS,None
2YSKJ-ADTEG-7EOXU-HSKQG,None
FVHWA-7UBVE-MFLX4-JPLZM,None
ACIJH-19HRE-XG44R-DVE1X,None
SEYDW-DFNE3-VJNPE-5NLC9,None
PSVTG-BQSXA-ZZWAS-P78WL,None
2OR1L-AUU9V-NJARN-0XHAN,None
BMZVH-EFIWJ-SSHOI-JX19C,None
BCCRG-SENBQ-QQSOH-AVIDV,None
GBOL1-YSWGO-OUEIQ-XK9ME,None
GRDKT-JAYVJ-VPGYR-7TITL,None
X5XUE-0NGD4-VSIGQ-CP7UC,None
FQD3T-ZWJS6-ELBP8-IKZCV,None
QABSL-HGGA8-QCDMK-GEIBX,None
FXSSG-UFIQS-F6LOI-UQDRX,None
0FY4R-RTNZH-WOZOW-Z6OUJ,None
PO515-WGEWH-PCHN5-23LLQ,None
VJ8BZ-0YFJ4-PPAT6-HBTDI,None
IAZTZ-WWQNT-YREGY-QWXWM,None
D9ZVT-NUR1P-EJUGD-1WVTS,None
PQHZW-NIKVS-TTEGQ-939DN,None
BMRJM-IVKOM-Q2MVZ-X4YNW,None
HIRMC-XSO8P-RZCY1-0XGGW,None
7JY11-S5HWV-KE1J3-BGJQL,None
T0KNI-NKDGL-F2MUB-V2RNW,None
NX0AP-UB4MS-TVCTE-E9EFH,None
UWGRX-WSIBP-HQARY-PBX57,None
0IQBT-VPECH-RODPK-XVLHR,None
BEVPJ-IMIDT-DH7JJ-RTQ5U,None
CKK4D-PEJI8-KOSEH-KZCJH,None
8PO2B-TZ38Q-JT7RU-GTDQG,None
RTHBJ-1KEKN-25WZL-H2ZF4,None
D31L9-EXRPA-BC9M6-V8OAV,None
GEUOQ-UQUIS-OWVRU-S2JMG,None
L7V7J-J81OU-9AYOQ-OROIT,None
ZEKAX-Q203A-UNQI8-6HETE,None
VFV6B-W5VRY-UZF3A-WVVWY,None
6KI6Y-5FHYR-YUYFA-YNP5W,None
KTPM6-BLADP-PNW9I-0HJIO,None
WOSDC-0WRAI-PTSEI-MLDQW,None
3SSQL-6GDP7-DHHVT-C87FZ,None
R3ZIK-2LXCT-024AT-76SNQ,None
P3I9L-B1UTV-2HO1H-IOD5L,None
18VIU-9VGXR-XQHOK-ZWQPS,None
U5LM6-V7YQ2-92UGQ-APGMG,None
5Y3PS-YXDSY-R3C1K-MNN5M,None
BTUSJ-NI0FK-SNPHQ-EOC7H,None
GI0SU-1O4JN-P0CUV-GQHWV,None
ZC5UA-JX5B5-B4Q5P-MUFHH,None
Z97AI-ZEND0-5EEAH-UQY0X,None
DFFWF-MU9BP-DV0LI-YMX6J,None
YUPDL-MU5PW-T6WQA-1UZBZ,None
8FAXV-I2IHW-ASEPW-M6WVB,None
ICHXQ-IUINM-VQ957-2AVBP,None
5HDRS-WQXHI-A5XTB-WR9DX,None
LWPZX-4H5DP-EPPIB-TDMTA,None
BB9GC-WWYDR-UVN8Z-AMY7L,None
WWIHU-3WFSV-MBPKA-LWEPB,None
5XBST-MKAXY-LHP4E-JRX3Z,None
XMLEX-NT8VO-TOXTM-1PMPZ,None
VGGNP-GET7A-JUMBO-4U5KY,None
ZDVRD-5D1X4-RYF2I-WUXIO,None
YQN7G-PUPQI-0CR6I-PUZ6B,None
RIIVG-8JBS8-BBMGR-U3BLG,None
AEOYW-YPMHE-E5JFP-GWGKS,None
QIYAW-BRFU7-ESWCV-C1WAZ,None
SI2JA-PRO1E-I5PWK-ZGJNQ,None
BK2FI-NHILV-VD1BO-6SDSO,None
KO5FC-5H04V-GA68S-C07VM,None
FAXSH-P7G4G-ZJY3G-YFUOM,None
3WZGC-ZNAAQ-Y55MD-HCIEM,None
NLHZV-OTHUU-GXC33-ZOVLZ,None
MIP09-F6XGY-ODDVF-PKYLN,None
8SPRY-JLUGE-YTSTS-8AZQM,None
VMOBK-BLIT9-FJUWW-IMHDA,None
4FFMV-BTZIU-PVFUR-42Z0W,None
JE7BD-XVSUN-62IPQ-KBK1F,None
PQBPP-VSP7G-THBYH-UY43T,None
GBMHE-ZYL7T-VABTI-KBMZ3,None
INJKL-O4NCJ-4JZG1-OS8AC,None
IO7Z2-RBO9P-GIS5Q-SFFUF,None
FW8KA-8BO6K-GLBEP-9ATUD,None
WRKTV-YINYZ-FENED-NAEFE,None
4WOLL-LQOYP-76VTZ-VD1KH,None
C6KAN-AF6VJ-N6DTX-IHYKO,None
E8ID3-8N8FU-YDATU-4HJDQ,None
VUJCR-AULOH-AGXZR-IFVMS,None
GX1CO-IBXCA-27FWV-PFWNK,None
0VVRS-JQ6AH-O4TML-2EWFW,None
0FE2W-XDRZG-JPFXS-HSUZA,None
GXFLO-YNDTI-YU6MS-7YTU7,None
NCSDI-USSPC-DMBZS-GIZWX,None
PPBOS-7GJFL-UVJJZ-JQDCM,None
LWVBS-R74NT-NCPSB-L0KG5,None
C9UYB-TBKGG-3CCTG-RQKJX,None
3570Z-FXSHD-0SHRJ-N1TVK,None
ZS3EV-Q1OAH-5JRKN-3GVQN,None
5Q7EL-798Q7-E5730-KNSRT,None
A2GYA-9MDIO-G91XF-HFIIV,None
QLZCU-QQIZQ-U3VBE-IZFB7,None
O2DBS-JGOTC-OBE9T-BI6HS,None
KB17L-IMUP1-TO9FQ-LJ5ZV,None
BLQRH-4VTEO-JTAYP-THUAA,None
WSYCO-1IYVN-ZLJHV-ZDGB6,None
CPEDL-QOR7U-SMWCP-3BJQU,None
6HNRC-KFLCW-CBV3G-9XOZW,None
ZNZGR-EQAJY-J8SHL-SVZ6E,None
GIBHQ-SBZOX-DJOJS-QNUDX,None
E3FOR-IU1LO-YWBKZ-JO4Z8,None
Q5JJY-JOWHQ-R6D9R-TZ9SM,None
FXIAW-XEXAI-BPOZG-KZNLS,None
9HEUF-QSQIK-LLG6H-XQYAR,None
EBKCJ-B37S0-E1WDS-NRRZQ,None
POGBJ-96GZE-8424L-NQVID,None
9YNOJ-QNITX-H24UX-KKHWR,None
8EMYC-H1VGL-VICXC-KVG4P,None
YPW3I-6QJ4O-41HMW-F38WG,None
SUP7U-RYY8X-Z2R92-5WTO8,None
6C9UQ-MSUZI-J5K0O-EYHIS,None
KPM4E-WFMO4-JN8NT-NDUGH,None
ISEOX-T9AXV-UEJMX-UNE1E,None
SVAGQ-YKJJC-EMPNP-Z9NDP,None
AC0EA-QSZCZ-ZATBN-ZBPGV,None
CLXUZ-HZGNP-BGASA-LZL2E,None
PVPD0-M8UTR-WN4W9-P0GZO,None
DAKXU-O24TR-LVADQ-IWC10,None
4DTE1-F3EKL-5EDBO-DF0EM,None
WVKL2-MVQXJ-KOK2Z-6RWFG,None
UEIJR-QFQ9B-FGIQS-7ZDIM,None
WDBCL-POB3D-0CE3R-4XV1B,None
N3IIG-UZO07-CBXWX-WDWAF,None
LTOS2-SSBKH-H15NY-J0BKA,None
BKTMF-TYNIM-PVBUT-EPTSU,None
GVV8P-MOZA4-NOWRZ-HGTAX,None
WRXCY-HQKDY-C5YFG-VLUHO,None
DCFXG-C0ULK-LYZAE-FNLMM,None
MBTVM-VFEK7-IEJCC-PRNVY,None
3VVQK-MYDQX-AOTNR-CXF9K,None
XDN0P-HO7O6-AOJDH-HDBNJ,None
UJA8O-FOXVR-QKUIN-ZSOFP,None
SCWGQ-PACZO-BBRUG-U2K6K,None
SLI5C-ETCIC-IYQ6G-S0H6O,None
GBD9R-6PN6N-QO3FY-HNMBB,None
TSZIR-423MV-PIGJC-CIGCY,None
VJUPC-TLB62-VHGKT-VTV5D,None
FOLW2-5PRWF-YCAHR-T4RSO,None
OFAOF-GZGBG-WRIST-UDEUV,None
OFCIK-CH9R7-DWJAO-2TZPZ,None
X2M9U-HYKQN-HUXDU-TTBZ0,None
R2VPC-Y8UUO-JZRWI-SIOOG,None
IFENI-XLWCN-MT2MU-ZLLOA,None
4LPUT-RR7O2-L5UQW-M183Q,None
KQMEU-PT3GH-NLTNH-KD47G,None
WUOFE-WJNBO-N4BVV-LQEMM,None
FTJTL-LI3JF-5D9IL-43I5X,None
63WYU-CHQOZ-PNTRG-N8SCH,None
KGZFQ-2PSBB-F9FEB-UC8CZ,None
SEEYW-8TWG7-EE9NJ-VTNDE,None
RY1RN-F2FUB-F3VDU-XPAY1,None
BQJH8-IQ8Z6-6QHOO-X1I01,None
PNQQZ-F33K6-ZB0BS-TVGGX,None
0KW9W-TV9HS-VEFJI-CMQBD,None
1IS9T-SCMXG-GNOGQ-XOIEO,None
VTJK2-MBTHD-BLI59-HKAJE,None
KZ9YQ-WEBQR-GV3GR-43VG5,None
TBBGF-OA2IR-ZIDOG-TRHYM,None
TYLJS-CXC8V-SKQUH-PYBXY,None
YBOSO-WVPCO-YWJGJ-ZI7PK,None
N0TH3-55SBS-TNVH2-70XGC,None
5444L-EHY7X-1YDMO-NQHGR,None
EYRBA-OIK98-XUDWK-XSUPF,None
RP6TQ-U21FG-H0KFH-0EYGK,None
IJERV-IBZHE-QMLKE-CGRRY,None
9R6EL-DQOEY-QNCDN-NLOWC,None
SIHBF-MWV0D-GMFGS-J6RQG,None
TAVM1-OKJEY-HWIJH-9N2LS,None
1IJQ3-I0YZM-SPKGG-16UIW,None
MFEKI-AQ0H1-6GUN6-R8XT4,None
DNIPG-HASNC-1OLBL-DMNE3,None
CPYPW-NQYWB-05VJS-2J3C0,None
LIDPU-I4FSP-NSGSU-CMQSA,None
U9EDD-0C4FK-VN4JF-72DYB,None
NKDFS-IRR0C-U6LTE-BDDWQ,None
7STAY-63N23-VAOWE-0UBKH,None
DAMA7-IGMN5-6YRPP-X8KPO,None
LZIX7-DYI36-I23Q6-XJG2S,None
TD0OS-C4LWF-ZRDP0-Y6K5N,None
I5OC6-QOJFH-MYEXV-IEZFA,None
YS6UQ-H7DEJ-C38XA-8VZKK,None
O1UNM-AFDMJ-95CVK-Z2ZI9,None
RXUJF-VHDGU-JJHFI-IAJQL,None
AMBC1-ALQOJ-JBOQ9-YNTNI,None
ESNS3-YNNYR-FJPDS-INSYX,None
4X5GM-RTPJU-V9VZL-DZALH,None
FXLQN-DUPKM-X1A0I-8JQCH,None
JWJFV-ETXBZ-DFMNS-QPQTN,None
DGXOW-9J8NK-CIUWG-D62QZ,None
DZCAB-QEUB5-HYCKG-Y2II8,None
IO0H7-I7NID-XGC1Q-CVNES,None
JJMVE-POZRP-8G7L3-ZHGF9,None
9BT3F-NMFPC-5GQSU-CRHLC,None
UMGNX-84VZK-G3CP7-XRDUY,None
TMIPX-T9L9V-XDU7Z-D5BHY,None
2CPUP-RGF6C-LHBBG-Q7KVN,None
QLSQP-LCDWO-XAEGW-ACTBT,None
SYJHF-JWBOH-F480X-RIEZV,None
RWGW6-ESLX1-PJK3S-YHPPW,None
TLTQC-GSZ0R-OVQUQ-QRGQN,None
QJU8B-UH7M6-KBQ8I-SSR1J,None
B49JE-4AJMS-XADSP-YBKNN,None
DQHYL-JQAUX-UAVNB-ZM04X,None
1WVDO-DX6MH-VDTCV-DFBDM,None
90QJ2-TUK41-XKMV9-Z591X,None
JZ4ES-M2FBW-RHONO-HA6TH,None
1ZX7E-FMPU9-RGWO5-AA3DM,None
WHATZ-QKMKS-AHGOO-681DP,None
JHGPY-5NBWZ-VTBCK-XJVAH,None
YODHF-EWHZT-YFOVU-HHTUD,None
FMP1C-YACJX-ZWRGJ-8MCZM,None
EZIYP-88DMO-VQWTL-CWMFO,None
WHY5H-Y0TRF-5UMHR-CVU6N,None
2EQS8-ZQAID-HX86Y-DDMCY,None
W8PEM-QYA2V-462KU-F946B,None
OREJN-F2MBW-TYDYV-GLMFS,None
WGYHA-L2CDH-T9L9D-TNGKV,None
MS5WR-BKJUB-MEEOU-OF9FR,None
YUOKT-IYDLJ-QGCZZ-QG2YA,None
YEF5U-PYRYQ-KUSKH-8IFQZ,None
8XCKT-5IAF7-RFLRC-SXMAR,None
TW81S-AJUPA-G30PF-8QET5,None
LETKX-7S9DI-FYDFO-EMFE6,None
0YKO8-XCXBB-KT9ZB-GF1GK,None
FQT1Z-S7SII-MONGB-TIYTK,None
ORFOU-CPEHY-0VU9O-MKHZQ,None
XLCUV-WDN5D-9PKTS-IIDZJ,None
3P3I2-FAHJU-C9ZWK-IYTGZ,None
2K51C-BATHP-LRIBB-KRHH6,None
8B7GB-MH175-N2GGJ-2YSLT,None
EDWOF-3QNDR-7ABZE-HXSVI,None
8CZCK-4QFUC-V8B97-WR2YL,None
WVO0K-BEGIP-1UJQR-ZCC1B,None
JPHI5-EQBLH-AFGNP-GNSA0,None
GQ5UU-VJVCV-ZKETC-RMGQC,None
2TYQH-VTCA2-QQQ9A-LNDFT,None
B9YCK-QFTKL-WUOF7-N8L4T,None
NAPIT-QR2FY-C5JVU-TD94K,None
IVLAC-FRPYL-AUOIR-MFC7D,None
5KVW2-DOYUZ-7AN54-Y7HFA,None
SPWWF-ZU2XH-QD0PE-NSCLS,None
XIM83-GABB1-EU11O-QJXET,None
3SMBR-KPM45-SAM1C-ZFMMJ,None
A0RIE-WAFGC-83W9L-6EHN5,None
KLFNW-UVIOH-7QB6T-5RBHK,None
175LY-0ISJS-ZG8HP-P8MVM,None
AZD9Q-G1JCF-NM8XX-0WWN4,None
ZJLLI-U291C-JRYNC-PCPHA,None
GNXKN-ZNF4T-LM6QV-X3C40,None
GSJZV-9GIAU-J1W2D-MLMEL,None
DLVRE-3U0FT-H5ILP-LJJ4S,None
NQ8QD-20CN5-AWTGR-BEMV2,None
3LNMY-XENGJ-YBHNU-TM88C,None
SDPRB-EJXWO-9DVM8-VHROV,None
BEXLE-DS1AR-TN8XG-GOCHP,None
FCLIA-PDZKH-7VX9H-XFFUG,None
UYDPX-L2I9V-MFF6Q-2NYTD,None
3P4WG-XUMI3-0ASNI-EUTII,None
U6A0E-VIX99-S0GY8-31JRG,None
7NH19-0OKH4-4ZOML-K63EH,None
XFYVR-VH5YU-CJG3B-IU6CT,None
UGACA-J7DQO-RJNXX-2IEP7,None
GZQZQ-SKXRY-JXR2B-69FPP,None
IQ00P-QMAOM-O7QXE-L6MYU,None
JJXO9-5ARM6-Z3D0B-GVAEU,None
QNCGX-G1T08-STCOM-8XLMF,None
6BEVF-B4OVJ-S7BEH-VOBEG,None
UUKTI-GMZQV-VF2EC-VMWOF,None
9J8KO-CGLF1-0OWNK-ADS1A,None
MEZGV-1EOXK-JZBZ3-R5MUM,None
KN9UZ-L2VYF-8U6Y8-OHKT1,None
UPFQX-NFVT5-ZVPTS-KMHGH,None
BGBAP-USD4P-8YSZX-B9810,None
LWZOT-TZXGU-DDXBT-KQLBT,None
LJEMV-KHYOJ-VBHGS-KEBKR,None
LSRSO-TIFV7-2AN97-BTEJ8,None
U7RS6-WZHZN-K14XD-TMZLM,None
MIDHJ-AHZE9-DT9KM-XHL0L,None
VX8M0-AJG3E-JULEH-HAVIB,None
IRN0C-GKLOC-CT4UA-ESMC2,None
CLG4O-CPDIG-QMPPU-LNC1B,None
A9DSF-L4F2U-5YENX-WS8YX,None
IOZJ3-NGFDU-AEYRP-R78HM,None
DXJXI-PPLFZ-OAIZZ-OZY9Z,None
0C8RQ-1SUQH-KTOYB-MO2T9,None
TKM5F-1OHAS-OTXHN-EVDEN,None
MHUAW-K1KYK-CYDFL-DDSH2,None
JPE9Y-WPARA-66VSA-O9OOO,None
HI42P-BY5R7-IRLEY-IJG8I,None
92X5C-SQ2XR-WUS32-R3IO4,None
3WT1J-EJSRA-TRZPC-QGDUM,None
HQEEJ-PKWNW-L9U5K-AZZBZ,None
WALFH-NZVPH-1SOSC-E8ABD,None
W5TMD-2FNUV-J4KKF-RMHEP,None
KX6EP-R575M-F9JON-PPQF9,None
BVZFL-3HUYN-5EX7W-OTHZQ,None
J90RW-ZWGB9-CWFHA-FUJQP,None
FVZWF-RGVSZ-VCPJS-B3VY1,None
PLZBO-YIH8C-IZXZU-H4OP4,None
UQAT5-YJHQF-MBLOP-LDJ3P,None
XVLC1-UKVYZ-HDVXO-5VBFP,None
4KVHI-SKH2B-F1TRB-GVLJJ,None
EVYHZ-DNXWM-JU74X-UVODW,None
CKTPJ-OH0MS-PVT29-ZGAFU,None
6WOUR-OVLOI-WCVX8-6ZMBX,None
GNSLO-W65JE-QFTGR-LDLBD,None
RDAQX-JUEW3-CHSUM-U8VKO,None
IP91D-7P4QJ-JS945-XL1JX,None
DHZHT-C6PGF-DSLX4-GAFMQ,None
X9KFZ-AIBJT-MTYQ7-HNAFK,None
H7GUJ-I2SJ9-0RVUO-LCB2J,None
QLPTP-LFLIB-77FJ0-TWM22,None
RGYMF-RWJ1M-J6UXD-YDZ6X,None
ELVBC-3VPT9-5EKPW-BM3L9,None
UYAYD-2WPNE-MN1JK-7GUU5,None
C5WEV-HJOP8-LI1AN-RQ8HZ,None
KF0MC-IBJEK-IWRD1-GAYPN,None
MQHII-Y4I2U-VB6YF-YSKTO,None
VV2TO-C1BPI-XLKUC-Z15NO,None
RTS6C-MU0PP-CP1V3-KZ7UA,None
CKGIU-GQT8K-FPQDL-BFY2Q,None
OEPRL-P2AHF-R4AWT-F1WNQ,None
2SOQW-XYH7P-JLOAW-ZYOKY,None
A4ZYG-X44SO-SHU4D-TSJGM,None
9AFWS-YIQKD-GGAQA-MAA3U,None
I1K2T-N5ZTI-F7X0J-SNGDI,None
YIOPR-82RXB-D6DBP-WWVYB,None
UO2MX-METBY-YM8XI-0XRVC,None
ASQTO-HEBPK-A8KSF-M4ULO,None
FZYDJ-MJFBS-ZSXTB-RQ3XL,None
UBFDH-PCTPN-9O45V-TCAY2,None
GYW1Y-PJH3D-4F1AS-PHGYY,None
QI3JK-HBHZ3-YDOVE-CLCOP,None
B3G2M-AZQF3-PILMP-UL4L7,None
TCID8-8DLRZ-OQ5NF-FO6TW,None
4MCYR-HVQD5-8U2KX-LBAXL,None
X44JC-OFV6C-UO9ZW-DPGUI,None
UHKVU-CMHXH-HJG0O-ICGF0,None
KJUJG-DVR33-JEBFL-1IR40,None
BAE3G-ZHC9H-CKIFN-N2URB,None
64WHS-F1XZ7-RYXWA-CU7DU,None
MNJ1T-JTBE8-QLZOX-DLE2L,None
XSRDS-CEIMH-8HNNS-CJCRO,None
VRDSR-M6FPG-UVTRP-1WN2N,None
GSJJA-RQKAK-J0APB-N1OQD,None
9H17E-BD0J3-LELM0-OGVGD,None
MYN2Q-1KGRT-LA5HB-OEM2G,None
JAABU-FO8R9-SSDAR-KWZUW,None
RZJRB-0PXPH-SUPIY-V2O3Z,None
W6MMT-8JJWZ-KCCCL-30SSO,None
U50BA-JIICH-0MKAT-HF3LG,None
TKDAO-XKTJD-PPJ8X-IO3AB,None
RIJHU-EELS8-EABRS-PWFWM,None
ACAPW-HZX82-N6QEG-9394B,None
7TZZC-FTXLB-AY5WA-ESVKZ,None
1NO8Q-ZJC3C-PVQT6-VK0S2,None
OC1E9-GHWED-DAQ4R-TS61U,None
IINCA-KFWNL-NSMXF-QBQII,None
OQ9R7-LZNU9-CKULK-R9DFC,None
F10CK-EPJZC-D3NK7-PISXS,None
EPMU4-3Q2J8-WNMTY-JPXLW,None
YQ4WT-VYZAJ-NR5V1-GNFCF,None
5KDSL-LS1GP-YUYSG-SULOS,None
GRSTX-NYS1K-NNEAT-JJHGX,None
6TI3F-CQ4XH-UMO75-ZCUU0,None
5IQOX-55YNA-FQALY-2YZXX,None
1R33H-EYQ4Q-O6YAL-7BUWC,None
POIRH-RNKKB-QR5MW-EICRE,None
SKY1T-CL11G-9QG0P-YFFFW,None
6SJUC-0GB6X-VJOG7-XS8OF,None
RQIVT-ZBLHO-NRK5U-OYGVE,None
CL2AW-I4RPL-EOGBI-131L7,None
1MDSG-2MDKV-WDQO1-3MCC1,None
55AUU-QATDO-E5DNE-RCYKI,None
7GPZI-MNSGB-LIQGV-HF95E,None
KLFII-HRSUZ-2JRKY-Z5OUK,None
CGCE3-KXSUE-YMDDM-3CHX0,None
QQVI1-WCSAJ-B2D9X-DZYVT,None
XJ17W-5CC11-LOPE3-Q2TWY,None
EGMZQ-YUAKE-GHEYR-PLDWD,None
ZAZUY-HE7WE-CIUWI-GETJJ,None
URHTQ-ITOLB-RCWSZ-YAP1C,None
HYXNM-TGL6F-MOMYS-VBTXF,None
D5IGQ-UZZFV-2BTLH-T7PYB,None
SQR4R-HFX6X-UB5CU-PJTOR,None
10AK6-VJ0DG-TJMB2-XRKK2,None
OUIFU-CDHEM-9BOJ1-OBUJH,None
DUCYS-FLGZT-ERU7K-HQLAD,None
Y7O4R-U1QE8-DZPIE-U0KKI,None
X8D34-USELY-D3DKB-DCCTH,None
ROHKR-1BHXY-R2MTJ-BJNLZ,None
DCLJO-DT6BZ-NAY4N-PO5DW,None
T7TIT-1UCUV-SBWSW-CWMIP,None
E65UG-NKRQJ-26DCR-YWCZM,None
KPFHT-DVGGZ-ZPB86-W72B3,None
PVUBH-SGR6I-VJK0Q-KN2Q8,None
CHB7H-NG4FP-OZXAR-6X8RO,None
AGPQU-CB6QL-ZJIA0-YVNDR,None
KWCIX-GEXXF-2LNQA-XGGC6,None
UT8ON-TQSU5-J5G42-ISBOB,None
0JHNK-ZDBWA-SO6SO-4YEVJ,None
REU1S-OD7JH-93S7M-VH5MN,None
YOLTY-3NBYU-VW3ZP-S70XL,None
00XFF-EGZKL-APYH0-QHCLL,None
YRXF9-W6H5H-SWOWV-X7PR8,None
DYJT7-RZ3XG-22GX4-KY9FZ,None
JER8L-JEITJ-CCGZ7-YP78E,None
DAOJQ-MTWCX-S1EMK-TGQES,None
2MPLP-OVEXH-LOBPG-0Q5HF,None
Q9HNG-N2HD2-GKUSG-3RB6K,None
9Q0AJ-YJVVD-QE3LI-GZA4M,None
TRAOH-OAB3X-JDGYQ-ZU2DJ,None
4GQEZ-CR38Q-YTHPC-7YVMQ,None
MTY9F-TINPF-BIWWJ-ITS39,None
HMSSV-5XQJ2-BG6OE-E6ZSQ,None
RHVEU-GC9XN-UBDKP-0QY29,None
F6TLA-T96FC-C5BOI-QX1ZK,None
IBNQZ-USMEY-SRYMH-0NUI0,None
NVDAB-NTXJI-KHR4G-I118F,None
JW7IA-XKC5K-N6HLG-EFVNR,None
PT7TD-NCCS1-AVK5B-AGKCN,None
66HMO-Y3VMB-BYCIA-LCIG6,None
JP0IJ-1MCJO-S6HQE-N3CRA,None
SSFBG-73BY5-TEIJQ-W7OWE,None
35CAP-N6G8J-NVGUF-3UOSY,None
ZH5FT-V0DOT-3V0SG-WN5ED,None
CZOE6-LHFNC-R22RO-Q3MGS,None
837JQ-HW875-UVLME-1LIZH,None
HF1QP-JPZ3D-UGR0M-9TOQS,None
BVDGU-AGUHM-76NC0-QRBI9,None
1X2ED-FDPL7-6PGHM-Z7WA3,None
ZZAY2-DZ7NF-QPAMH-CYFR0,None
BRNW9-4LTOR-5YQQJ-PS1CY,None
QGUKY-KY2XY-G1BWY-0UJCL,None
0RM9D-G2YGZ-TINVU-3TB2K,None
QKOOK-EQITD-WSQ1Q-57MLK,None
YQSRT-99XJA-BJ5UD-MXQZJ,None
X4A0P-MQCM5-QBPBU-PBC4Z,None
CVJJ0-TQSLL-SCEEX-ZRSJ7,None
QDRLK-0TTVU-WPB7Y-JXNJG,None
AJ19G-FU2Q1-IQGX2-AGNDS,None
9JLJ6-TMUZG-YNX4P-ERBUE,None
UPWPU-IU3FK-QSVIX-SJTXB,None
OYAVV-QFL6L-2PGKP-GTKQM,None
TXMW0-ALXGP-TGMMZ-KPAMS,None
VGEU3-QVYWV-ZXUJ1-KDEWV,None
OCA8S-SPIVL-TSF1Q-Y0DPP,None
ZCWVV-JLDYR-EEFHQ-CTPXJ,None
TQR4U-5AA57-ZJAEG-RBXHU,None
UCYWK-9QIXN-OPD1V-ODDRA,None
9G2IS-PLTFY-L3X1D-CPBRF,None
AZBDY-EYHHB-0QRVI-ZATRA,None
XNTI5-SX4FG-ON5JN-5ZRCL,None
5WY15-3NZGS-THLCF-NAKPM,None
GEUMQ-KM13Q-CLGZZ-QFNL3,None
CBCCX-DJD7X-CVLJD-5WR8E,None
6U2RH-VO8KS-VA3EO-BVBN9,None
ZIVJ2-BZ3TI-A7UK2-X8F7J,None
EWLVG-SAWZN-LRBXB-XEU51,None
DRDRK-JP6ZI-B9FBY-C7D05,None
Z98TU-WRRB1-BWF9Q-YWWLE,None
3ZMX5-1F3AW-JPBOL-J5ABR,None
QVVBG-VQ5ZV-X2JMB-S2QIU,None
RE3JL-CYDOK-R91MG-G0JFN,None
70SOA-6MRF2-JIP1M-OAJZZ,None
HIRKU-OO0PY-EGHRV-VFKZC,None
N895V-QEP2B-ZMLHH-ADQLP,None
TVMWR-SLQBX-18V97-AU1CV,None
77SRX-LP6CT-EY4US-HOTJ6,None
IQJHN-RMHYA-DLUKM-IT2ML,None
1V8K6-UKDJR-KIXGM-EW2GR,None
YWGHB-RNKO6-SKINP-INR8K,None
D4ZN9-RA7GU-JPSKO-UV9N9,None
W1AH2-PYBGG-PDLFG-RG8PG,None
7JXJO-ZM7AG-3JO6F-SV6FW,None
OP7WH-JDFMO-ORFMY-57ASA,None
QPPB7-X93T8-G6J6W-NJG6H,None
KI5FJ-0CRZM-SBZRF-KIQC1,None
BFPWB-4HPTN-N3Y6R-51JGI,None
RIG2S-6IBYM-5GWIX-ENMSH,None
05Q8L-UOIWH-FTAB0-LHOWR,None
GBV1F-D5IVK-ALRQ2-V8G6Q,None
PWWTS-KWFT0-ZJCB9-RIB26,None
QSVTN-LVLKU-3CCFK-KRUDJ,None
5IO3A-8YSF5-OHVO3-IFJJB,None
ZYGYU-DWSOD-DLN5V-CZ0IS,None
WKZND-OVK2C-ZWKSA-0EYCW,None
XPNWO-F5RSR-84B2D-71QWB,None
S7DEH-YUA23-21YS9-LR1X3,None
NX3JM-TA8VB-LF4J6-BPFC7,None
0LN60-IKOHM-XNGVM-24LSX,None
MVOBW-MPCER-AVDYA-ZGDCU,None
K6WPU-V10AB-CHC0U-9ORMQ,None
2TZKQ-KY1IT-C900A-ANIWY,None
6NBCZ-XGCU4-U4FOC-Y14AM,None
JFA6R-EXTVB-MHU6M-ONWIO,None
QETRB-RV9W3-V1592-BJSFZ,None
YH5T5-JVPT4-IHWLE-Z8DN6,None
6C99W-TSCHZ-YVLV5-XXWSA,None
P52IX-PZ29A-UKMOG-EMAKJ,None
SFMTG-HAQNB-F7RNP-R8GCU,None
7AEIJ-ZUKYP-EWMGH-FEXPR,None
GTHPU-TY5HH-NGUHL-PPLQ4,None
9W6J8-OI7NY-R8PTP-RT03S,None
VRMQL-A28QO-7U1YF-CSTRQ,None
NIQVB-QBVZP-24465-OXWTQ,None
QKMOQ-JG4LE-YTQJQ-R4YWI,None
DAXI0-LQKAN-MSHX1-IAKKA,None
YUSD4-5BGA1-VHJD1-EMPQT,None
PNS4L-AOHR6-T5TWA-TFVTW,None
2JUMK-NYJZX-IC2QT-Y8KVL,None
NSHSY-MSZ5S-ZUXR3-SHBCP,None
1KFUK-YOZSF-R5ZGC-G5FAV,None
PZ9HY-VXHBU-BFL9N-QWRFJ,None
37PJS-HQPCJ-LH7GT-NTPAW,None
Q05HD-6QTV7-PZSW6-DTCCH,None
4GAQE-CBMJ8-NFSFU-SU1ZS,None
K1CTV-G8SUK-I1NUU-NFSQ7,None
XO7KF-AVIVI-ADMDH-6DKCH,None
UAULU-OMYYM-V4PUI-8TE43,None
HGBCN-3DSAK-YOGVY-MX2JB,None
KF5QP-LNQAD-N8WG6-16T8X,None
X0VZA-IIBJI-XVYYO-EMQI3,None
KYLPK-3VXMU-ZBXMV-NJJEQ,None
8GEQC-X7ZSP-CAXBT-FAS5Z,None
LS4L4-VIIZZ-J96OM-FYDZX,None
OJWY1-YMDMS-ZNGBR-GEMHN,None
VC6VA-POGMW-SK9SU-4PVFP,None
UQZK2-DISY6-L2NDS-V6PAQ,None
ADLPW-GYCTW-TGM9X-GPCXH,None
2DJVL-3NCTS-CZAUJ-OATSO,None
DAGYS-AM6CK-RWLRA-HMDW3,None
9COYZ-CAEOW-B2ATZ-HMRSC,None
H7XFR-RWSVR-EQCBQ-7GFBN,None
IOGPJ-KBPYA-4GWF4-WYSKG,None
TNOFT-FBYLV-CPJCD-QLAIZ,None
W7DAV-JNCH3-EQOFW-J9XDD,None
RGLSN-RD9WR-IIBM9-MKWAI,None
IUS1U-Z7O1W-S8WB0-XEX78,None
DTOZG-4TNUI-K2X0H-I5CMP,None
FUAXU-TXHZ2-IZVOH-468G1,None
1JCZT-XSSCV-8DUWY-IVRXX,None
BGTJ7-O04LP-YBVIW-YNGSE,None
7LKDL-HN9WE-YSNJB-RSQA8,None
I3HOP-EBG7R-3ELDV-TO5SB,None
SJC7U-9OUR3-9ZFPW-CUXCY,None
X15VC-VRNDZ-V56LY-3MKOH,None
CGKCS-VOAR7-QKXZ8-BMFUF,None
KHXXX-D08E8-Y1O2G-ITDUX,None
GKWKJ-WWMI6-TAQBJ-ULV9D,None
Z2RMA-GYSKU-TIHEO-SJMGS,None
PQZV5-2XJJA-9WBF4-QIK58,None
COZNW-XLEY0-CENJN-QRHP8,None
DOOR1-PJ6WA-1Y469-0BVV3,None
FOHLH-NGZO8-EMGG4-EYWGE,None
GC9XA-QVHWE-LL6JI-7EHZG,None
A9MQL-DQSYA-DMMNE-X87NL,None
ZXEYM-19JG9-56PZ6-E3YSI,None
6R4MR-CLQKJ-T9K0G-FMXF5,None
LOLPM-S2SGI-ONLH2-BQIRV,None
NAZ5L-KQIOZ-IZGJ9-5LEDV,None
HOEUO-67SQG-KT7DN-PRCES,None
ENO8U-JCMVU-R2E24-XOULT,None
WO960-PHWZ7-Z91IT-SJSX9,None
8O5HX-CIXHJ-3GWZD-DIMCS,None
WFH3D-2KR88-LGYMG-TG2RJ,None
3JB5C-DHPVD-VIVQQ-V8N3C,None
TTOVW-WNQAV-YFBEJ-ACD4Q,None
RN0HJ-WOPME-VXMLY-AUOKM,None
HD9DJ-WS6ZB-LCIYJ-GUQFX,None
X0VIJ-BYSHO-R8FWK-WTGI2,None
8XJOD-WP3NY-AYOOJ-4ZTKR,None
99APB-1BWCD-FJWJS-BTNGV,None
CC7KA-UN60Q-AG7NB-REXV8,None
SNNZ3-TXZGM-ILLQW-WC1KF,None
TDGGN-VGVBG-LCSAJ-VUTD1,None
W1AB9-BBEXP-R1C72-KEWWM,None
3KMHF-HDPF4-1V0QG-ZHQ9K,None
IHFD3-1REHA-QHSTI-N0HNE,None
SBVYS-TLJAO-ZUGYK-2IS3W,None
HLAIM-G0MSX-8UBY3-RH8NR,None
4UQE3-FTW32-IOFVH-02J1X,None
GJPE7-NZGCB-LATFP-DJ7IC,None
TOQDH-UYTZQ-R0RK1-FPNG7,None
8NWYP-IXLQ0-OEWCS-CIID6,None
LHLFK-GNU2A-ZD5LT-0CTKJ,None
TUVP5-X3WUW-TQ8AF-9NZP0,None
SIY1P-W6T60-VE7QU-OVMPO,None
3RJRN-9E7X8-0DBDJ-NRDOH,None
9KHWQ-NU8EK-OUFOI-HOZPJ,None
EIQID-UG6NP-0GSJM-2ZQRY,None
3TBHR-647UB-YP5AR-AWAVG,None
46UWY-IT8Q1-LFWXR-KMOW8,None
UNPJK-O9SYX-GP2WI-JAQOT,None
GM2LY-1SVV5-M7YIS-KUF5Y,None
SITZS-QFBA2-MVABE-P5XTI,None
LR8M8-9B8R7-JTUMM-DYMLI,None
NG44C-MIITI-QWWOV-CKNJ9,None
DY3CI-OVP7W-6ZX4J-G6IQE,None
KAXQD-GE9AX-UL1A4-KRNUL,None
BABJV-LCLRJ-PZ6G3-9KPLT,None
PFJBI-HKSZ8-N2FGR-QKAYB,None
H20O4-0NXJW-FDPAL-QSX97,None
9FLSS-7N1HI-FWP7V-8X8F7,None
POGOL-EYWAO-LKAVR-MXOKB,None
TZZDH-BIBPJ-FCCF3-WVU3Y,None
I1EM8-1TAOE-RDSLG-K6S0B,None
WJL9C-CQDPW-M7MOX-MY0L0,None
EDTN8-SVW1W-KK0XK-7A3FD,None
S4USR-VSP2Q-UOPH5-P0KZ6,None
TSSNN-OBJQH-FCOAG-KTV5O,None
VXWXW-I7PKU-VERWB-PQFRQ,None
MMJ0P-K5WKB-U2YZH-WHNH4,None
NUAZT-3FZUW-OIGSM-WWANO,None
TARFV-TICRJ-ZOFQY-4Z9XD,None
AQNCJ-1RN2F-NPI6E-7VYNB,None
IHNXG-K18IZ-CSE3K-DHPRD,None
MPDDU-1DXPB-O1PQR-RWF8Y,None
WFAFS-SCJ9M-ZBBFT-2C66F,None
EPWXW-8P72E-GTV1D-ZL2W2,None
F4B2F-M8LPR-HKCMT-48OAV,None
SGD9Q-E6XPY-W1QJM-FBGXD,None
Z8S4T-MHC8X-PCRHR-ZAKMP,None
GTNQV-I6JDF-6MLNZ-RPVFE,None
1VQUN-F9HOM-ZDAAF-JUA7T,None
9M5NU-MZHIO-0LRVW-YXE6M,None
ZZNUV-9T5MT-W25UY-1CRYQ,None
SVFKC-HCGL4-NS0PY-NEFMH,None
AEMO8-UUPT6-UKTIZ-WV9L2,None
FHEGW-O3WKI-YGJQZ-3P4VP,None
LR5FZ-QBV6R-HC52P-4TWCQ,None
S51EN-5YJCA-NB7NU-VBM7G,None
FLXAE-7H6HV-XUCZH-PQXXA,None
T5PU0-AAIZD-6MEGI-LMRP1,None
9J2UV-SNJ9V-VV2O8-NMJTQ,None
PBEQY-PB4SM-BUTYC-I0UT5,None
Y0TDZ-DJH1W-2AL9S-Y4L0J,None
GJGQT-YFMYO-WF8XR-CJDCX,None
TDDCY-5HBLI-SM8X8-T6QSP,None
NQMME-UV3JK-DZG1L-1SSXB,None
EENUN-4TY7S-DQCJL-GNXNY,None
KHFUR-JONJV-S803Y-QAIDB,None
IQRXG-WB49N-AHC90-ZGPTG,None
1LRDF-WHBWV-QAULM-NRXZK,None
96KHV-J4HCE-SK06M-CVFIH,None
AE1EV-QRNLL-KAEX0-ASMAU,None
SV0LV-QWL5B-UD6DW-L1PWN,None
ZVQAM-LBA3X-ZQHFI-DXE7T,None
CKJWI-JE9BN-ZGXKZ-I6BJU,None
VUJBZ-3CQVC-UE2SX-HT7YU,None
UIEJ3-7ZTJX-CCJ1Z-NOEGB,None
VFQJK-BONUX-INH1C-3UH6U,None
3H9TG-AOVOI-EMNC5-KVZDP,None
FOIJR-XE9F7-AMFIY-CSBQE,None
J56JF-CJNPA-KOHDG-2UCNK,None
FNVDZ-CIUNO-6LJZN-AFLIQ,None
SZ8CH-9BYJA-URMRU-EMGHN,None
KSCJ2-Y04HC-RCPB5-N7AJE,None
BIGDE-WW2LW-OK8X4-NYVJ7,None
RKYNL-JAOFW-WGGTJ-PUE4E,None
Z9SDU-88DIR-6ZNYH-LAJHX,None
S4E22-MW0RQ-KTI6G-E2AME,None
SU5ZN-KTPAZ-EHEEF-XLURO,None
7LUN6-PFWIB-YLXEI-HMVEM,None
QWHMC-KYRL2-FAG3B-8NABW,None
UAFLR-ZBPFE-6KWHE-01XOQ,None
UOAB1-6K4RS-CZ84V-MTFQM,None
IR8TY-BQ0UL-YY4TV-XKQHV,None
4WK6M-LQBFM-FHMNP-SMZR7,None
L9PZS-DVHLB-EBYS5-W4LWO,None
WLG6B-GJFA1-VDPIH-YXR0I,None
V53QG-N9KDH-ZRKAZ-UPE8Z,None
B4RHD-Q38F4-8ZJFN-C4ALL,None
RREIV-XPEDG-3BBJ4-TY1HH,None
7AB19-QMZYN-GN8L8-Y1ZQY,None
HBDW3-9IBC5-EQLRZ-DY7XE,None
53XH4-O7R29-PXULE-FECOQ,None
UXNCO-X0CJJ-UAZHC-MCQIW,None
HZJZC-YW7O9-AXJHY-WTGEH,None
S7OLF-T16XR-0EUYN-VATCV,None
4YDYD-VBYRB-TYG6Q-6GOGV,None
6JPYA-SICVB-UUYQB-SU2GN,None
ZBDA1-HOOIP-YYFZD-WGDQ8,None
EOVNS-0KQJJ-I0ODU-GZZ4F,None
DU0RM-Y79EU-DAS5C-H227D,None
Z1GFT-LQBUH-VN1FT-KQMDN,None
VVKWK-7IK82-KL3GY-QUJ2Z,None
6ARH0-PZFRW-Y4BRT-VD4JB,None
O3ZWC-MBPLY-VCWCR-RTEOP,None
VHGEC-76EHX-MK3XG-0ODR2,None
5IWT6-INBIV-QYW8C-YHLYB,None
6EICH-JUFZQ-FAGCJ-LJUYQ,None
TQMKD-1UQI3-KWUBZ-KUQXL,None
WDPKU-NQVQZ-BLUH0-B2WXY,None
511O7-RAE8X-RPQVN-EDLON,None
FFVFR-V8AI8-2MNLH-RN3OP,None
JKMAQ-JJFV0-V3CDS-C0VMJ,None
OWTG1-8KYKE-LD9S0-F8QCM,None
2VGQG-CJ6UT-HSDRO-K1XWN,None
L4JRW-KXQUM-9SNTG-5IGBB,None
PQZMO-VWUWU-TSPD5-HWS1R,None
7JVOH-CYQJC-KNCFX-IWK3T,None
ZHPT8-OHRCW-T0QSD-EWJWL,None
LUHGK-WRJC6-0URQ4-5ALEK,None
HBIE7-8PEVK-0OKTI-1TWHO,None
VJZ0L-ES7XP-FD4P5-SUZWB,None
FTIGE-AQD3J-47YPO-MDVZ7,None
NDZKX-PBMJW-WNTMB-BKEWW,None
0IYWW-BNJQA-LKKRD-VWCTD,None
UPQNB-RAATC-JHPCQ-O9YN0,None
AMZRI-6XFEV-RPUAQ-ORS4F,None
RL13L-E1EWK-GJS17-ZN2R8,None
N4AFN-WPNLR-OZIWQ-CJBHP,None
RNUSO-ZZM3G-QATET-JLEP9,None
JOIDB-XSCPN-QCEUJ-BK0O6,None
WLAJZ-EMYHB-KFAOK-NUP3H,None
STTEI-VLUST-TDRTA-YYHPG,None
BMTPS-WLWOO-RJIWG-848KM,None
6KIWY-FQYHC-KFTQO-GANSR,None
AF16L-JZLPU-47T6Z-XBX2S,None
4EFZZ-XGSER-3HV6V-VI0RM,None
YUXYB-DPUFS-CK52C-MK099,None
QHKFB-OLJDO-YGN2X-394UO,None
DSF60-HASWJ-JXAC8-CWYTX,None
GYTLX-MB6BV-V6BCE-Q1EHX,None
VD6VY-DF22C-XCIV0-AJLN8,None
B8QBF-FBG4F-BZHA5-FEUEQ,None
YYU6N-YSHML-YLTKQ-NJLWQ,None
RFS29-YWGMK-PAOOT-DVHUF,None
ZFXEA-UYM39-4GFFJ-HK5IL,None
C4XOP-ZBBW0-L2AMR-KE0JA,None
XREKH-EONY7-E13L9-FG23J,None
FHCXC-VABRE-XTDBX-4IHZF,None
E33DN-INXD9-D7G9C-X3BQN,None
DTDQK-YJIZW-3FDOA-LFBZV,None
BFP9G-DHSE1-YPG7U-XWKHC,None
SOR9T-LLZ4R-VFNWY-7HG3E,None
U8NFT-JPBCH-NWTDH-J8HPD,None
U4JBG-9EQQY-GBYAR-KPUD5,None
IYUZ6-SW4CX-8ZQLV-1JYXL,None
XSHUB-6BII6-JX6OZ-QQT3I,None
XQU0A-EZSPZ-790UO-L5Z5H,None
ORHUG-3DRQ2-JYNFS-HPIWI,None
FT8JR-NKI9M-2GNZE-PRRA6,None
Y7LEB-MQAE5-TIQPD-0JUGQ,None
QKDGX-1KVIG-1KSSA-PIXEV,None
HLIQB-UIAY2-GIKHP-FNP4X,None
ZAXJR-XR5XM-J3VZF-T8M8J,None
WMST3-TOLE6-8PD3C-TQB5B,None
Y2ML0-6ZXZR-QPR7X-KZOHQ,None
UJFLV-QT4WQ-D2X4D-NZ0RV,None
HUDMJ-YPMKR-GNRC5-WQCVP,None
ZVSYY-YYL2R-HLVNW-ESGMX,None
RGWKV-YIDG7-K7K4A-FERTO,None
F716E-04VO4-AJH09-QC9ER,None
G8SM8-XGGAJ-ENWGC-0QNNU,None
TW4GB-WD5MP-SIKEF-B8ZWB,None
4ALLC-YRIOF-S9NXV-7WUQO,None
JF6MT-N57GP-TSI1U-KUQEF,None
WXXKY-D3HVN-QGJ9R-LVHVG,None
DQL6G-XJITS-2Z7BF-5YLZY,None
LSNIC-TT3ZL-PZZGH-W8ANG,None
KN7WC-VFFG2-SOQRG-TLVSA,None
IKBQ6-OKU2N-MSL0F-UMQ99,None
SSBZD-TREYL-VJHDT-C3XAO,None
99PJ6-NZHPJ-OXOGR-YPY2F,None
NGPNU-JDEZY-NN7OT-JIS32,None
SFSA3-BQU7I-GEGZU-TOZEE,None
A6USL-VRVVB-E42F3-C6OOK,None
P41BS-FABDU-WJQFU-QURY7,None
TNYBM-CZJDG-EDNVP-HP9AU,None
VGFY1-ZRTZF-GYPOM-O80UE,None
XFNIK-GKMO1-MGNK4-DRUWW,None
PNKPH-LIEXP-PVDJQ-5N4MX,None
WU8TP-4BN3R-NVTSQ-FTP3U,None
5YBLZ-CPXAN-3QCHU-FBC1X,None
A8VD6-ABVFZ-NBKII-XTTO3,None
8Y4N0-YKCY4-A0H6F-P0XNE,None
SJQQT-NKCRB-NYP2T-CPGMY,None
GRMZY-HK0S0-MCEFX-3K719,None
TCEYE-R8MFO-IERMF-RHWVG,None
KTEGM-NEKVX-FEXL3-HVWTV,None
MIDAY-XSIWP-S10WW-O7WFJ,None
DPAID-KVRO9-VJ5WA-61WN1,None
RSBXA-1IFB4-D8YTR-XLYCD,None
CIKFJ-CAHYA-TZQKC-SPINA,None
HE4CU-G38RK-IQBK4-FOH6X,None
RIB1M-RNWPL-8FQOV-MBMHV,None
3UWNH-VXJYE-4ZZ2O-6V8W9,None
WIQZR-ZUZJF-6CJYU-DNAS3,None
51LTP-0RAYS-VT6RU-4YEG4,None
XHDUH-O3IQ4-TUHQX-6JYAM,None
OP5RT-66IYU-OQ6NR-2QXUY,None
ZWHSH-JEJBM-CCSSU-C3YTG,None
ZCRLH-KQSX6-MDUFQ-R1VUB,None
YY7AT-WIS4A-ZQNXV-NDR6V,None
DIDHZ-RGUPC-EZGL0-HW1MS,None
SNZGD-TWRGE-FVNGF-XYAWU,None
N3CUA-3UIAR-JAGLV-T9YJR,None
M0REL-JG4BD-A2OJM-6UIEP,None
KLUJY-JMV3R-WFRFT-67ZKG,None
UNXMX-RDFIM-ZFK5R-5OTRU,None
P3X6M-MIQOV-S2IFU-EWAYG,None
HEUEF-H8ZBN-H67XX-BX1ZI,None
3YAAE-WTXTF-VXQXW-0RIWO,None
IOSQK-EY5UC-YXN6R-JHYHJ,None
T4B8M-8EAIJ-GFLH4-W2RIC,None
G9OKF-ALOS8-AH0WY-CBCFK,None
LLMLB-PA3SA-GJSQ4-EGEGK,None
Z0STX-WVBUD-VEXDR-I0POC,None
PAO5X-MEYPY-RR1AG-IEW2K,None
RYMAJ-X7KMC-7EREF-2BAMH,None
SOGPG-EWEAC-DNR7Y-LW1UO,None
ZIXAC-6PMRJ-G1ROB-RXZGR,None
QABLI-KMCLP-BLTER-6YHYJ,None
CM8PE-GXSL7-VCSGO-QDRIZ,None
XK4JF-TI5NU-ZN50I-7NDOC,None
PDAQE-TBSEZ-MH4D6-9KLJ9,None
T7JTV-ZYEM2-JNWFP-SN2WO,None
LE5PH-1VOVJ-B96JR-YC4NF,None
CAUCK-U2WAV-PZ8AX-SXP6L,None
YSUSH-R9WEJ-UYDNW-59N2O,None
VXCKY-ZKKZF-1ATVY-DBCL6,None
9Q4OI-L41ZA-FAFIF-EOVRJ,None
VTPBY-GSQYN-T4DB6-CN718,None
XRBSO-ZWHY6-5NRXL-BSQK6,None
JEPAD-JTZTB-F37SB-5VMYP,None
IUIVY-QWR3C-BOEWA-JOUQO,None
LTLOB-NOEBE-LSP8H-CUEF9,None
OXMYQ-GWPLJ-2NUQF-L1XBZ,None
SGNZ0-O8RZE-YOSQF-ZK4KL,None
FRUQT-YAIPK-YNQFS-X6HDR,None
XSQ4C-ILZMM-KK46C-HKASU,None
8WHPP-CQW9N-IKC7K-SZHQC,None
7TGCJ-SUHU0-PDNX1-CLY1Y,None
COKYR-OA5LA-YAOWG-4CJFC,None
G9KXH-GUM0A-KKUGF-DLUEO,None
OJIRR-R6WLC-OOXB4-RUZS0,None
D1WCG-T7IAG-GK6HO-LR8FO,None
RXNLM-ZFFWV-PIFVG-I62QI,None
DIMR8-MQYMW-CMD8I-NDUDA,None
KYWWC-NWKCC-AY6LQ-P2JAI,None
8SYT8-AFUU1-JPTQG-BSU97,None
BOW9Q-GCUR6-IQ3OE-KWKNM,None
ITF88-Z6AM1-P4ZDQ-YZLNT,None
OF5XY-UPUOE-MFIRA-SSV6E,None
8SIIN-Z8KBM-JT8W7-P6ZCB,None
8C5QQ-FIXZ4-FGAO8-SC6VE,None
FTIKC-G4VNQ-ZRXER-AFCJE,None
ARH9S-9VCET-BTNZA-UXSZT,None
HC079-KRUES-HNR62-8I0AF,None
WFKNQ-W7XRN-LT7TW-EIY1S,None
RCCKL-SL1ZW-UNGBC-JUXXJ,None
DFNYF-KZ0YI-9SC7R-P0ZE1,None
WBX95-JPN7V-6EO1A-HAE81,None
AJSPD-S6CGA-W8S0U-M3E6X,None
UK2GO-4SJHD-FPBEG-MTWFQ,None
PEOM7-5VE6T-3RR7G-ISKGA,None
IF0N4-WPIY3-QL4XY-5V8AV,None
CHTJP-DCQQF-FUBEY-QLYOH,None
I7DQM-IHAL4-4FJQF-LHPK7,None
PZJHQ-FYJIN-ARQN4-FFNNW,None
TET2Z-VS5SY-SYP7K-9NRC7,None
EELKN-UPCGM-MH3GJ-KSZU0,None
WHWWA-YZFIW-PPCHC-KP2IE,None
VNDTJ-NGC1O-YT34H-FQ5UE,None
WIQPZ-G6XKJ-KOTSV-RHOKN,None
1L4JY-IXOW4-ZRGUF-FELT0,None
CFG77-SEG0C-RPXMD-2XXDT,None
YOVVU-HJDJF-DDIMJ-GLOJ7,None
RHMBD-CDNWZ-DAJPM-ZSJMI,None
GZ0WR-6DAA2-IMQPH-PQ49H,None
RSTJJ-MUSWA-WXTLR-PDXP8,None
DJW8S-NGOVB-WNDOI-RXDOT,None
GWYZO-Y9X1J-X5IAE-WXRXM,None
CG0D0-IJPYV-ZTK5Q-W6SRR,None
7GLIX-UW0KC-IALLU-6AED5,None
0EYO5-RWBVY-VC3MI-DPVSC,None
WBALY-E79J4-N2SZX-CD7LB,None
NK6JJ-FUXLQ-PB226-H1RKQ,None
T67HF-YY9WK-D8KSL-ELOEL,None
NRV0L-VJJXD-DQQIF-PDWRS,None
GBZY2-2ESBB-VZ3XA-5FDAT,None
UH4TI-LL29P-QYKDP-X99MO,None
ID8LA-SKDJH-W3YMQ-E775G,None
UOKHI-BYLT0-J4LHW-1BIV7,None
OHHGF-Z2WOI-EMYGB-CCCNS,None
IT8RZ-K6JPD-9ZZUL-DZMA1,None
PJ826-QHYXH-INFRH-3EP8S,None
F9NXM-WNLXI-1NIBO-J2I6V,None
ZYV8S-RPUB9-T6FDX-7AL68,None
U5GIF-K7SID-LETQ2-XFULA,None
R7PHN-35SNB-5OY3G-3FNFS,None
YMOCK-YTQ6B-DL0T5-KWM8K,None
AKHDY-WVHZR-RFCVY-QSRG2,None
ENFN6-EAQRV-AWRK1-VVYA4,None
Q2JJJ-DOX5Z-SY7YA-GZBI1,None
H6B2A-HCW0N-YTWXB-VGKUI,None
KTPCH-B3IYF-ZRV1Y-ZJ6RI,None
QDDY4-V3PLO-ZAD84-XDG9D,None
8UHVM-ZDGCW-KKAM0-WXUS3,None
ZWTFN-BDHM6-ZPU7P-66KN0,None
CLNMA-MLRCI-JGDUG-KFU7U,None
5KAXK-WGLGS-5BBPZ-M7C4H,None
X3QWI-XYY0C-H9SQC-LV19X,None
YNMYJ-UR6XS-AE3AH-YKZBS,None
OVMHM-CGKAY-JNVRE-I0ECM,None
MZBVV-X4QCQ-HZF7D-OKVCX,None
VUWW5-PO8DF-TKYOU-TOYLS,None
WSAIY-EK1LY-63ZRO-B2EG9,None
C8GDF-MNW7R-89JJO-D7KX4,None
Z7K3P-FPQVA-5CIEG-QR5PK,None
PLDCI-WNKVI-FAL6C-BW0HZ,None
OGRXN-6EZDW-ENZA0-C9ABK,None
YIYLC-QM2U1-4OXO9-TKYOV,None
WBRFD-EKJCJ-EBZET-X2QPH,None
B46OT-VXRUR-YC7WV-07ZUG,None
1BF5C-4TNSI-YANYK-HPUN0,None
GE9UX-BHLTV-KWSGR-9XDIG,None
0IG6L-D86VN-PDB8U-HT6LV,None
ZOOKK-GR8PY-QRZXR-6ONXT,None
FBWML-KCFKC-FXVDX-UB4AZ,None
DARY2-QNGX5-GMKZ2-F1W4M,None
IADTN-H84N2-HBD3D-VCC8C,None
DRLHD-CQJ0G-VX3LX-HNPVP,None
NDTM4-1DZDG-O9SGO-NSNND,None
JCEWQ-LBZ1B-EIGDS-XZL6A,None
BURMR-SDYUN-VGPFF-WFW20,None
VNWLP-HN4CL-8LSWM-H9GRJ,None
3DXIU-ISSIY-0BA6O-JBMWR,None
ONAP8-G0XVC-GY0QM-CS5P1,None
Z6PLL-9AFPP-GDRC3-RMCJ3,None
DAIKO-MGMLN-AGRXS-EFFAP,None
CN27K-2PAS3-WCHO3-ILKII,None
ZCDJM-HYGFQ-1KVG1-XOJTZ,None
1ZAOG-G7TEU-YMYQH-L7ZGZ,None
TGLJV-AYQGM-PNRWD-H9O54,None
ITBQC-JYMYK-KRAO6-XVGA0,None
GBZHU-EPGCN-M9TNH-JUVZU,None
SZOT0-3SSS4-H82WU-5MQQO,None
ZZYWC-4UYID-AVFGG-LZPCK,None
WVCOR-KKEFA-J2PV0-WAKMI,None
VKFQ2-FARO7-AFQ2U-SX3XV,None
HPOQ2-YGN9B-RSI56-SCWHI,None
UVWRR-TEL22-0ERP8-LU4LV,None
IUYLN-LYAEC-NBCR7-HCAT6,None
GEAEM-RAZBH-XFUYS-ER53H,None
PWTSJ-ODC30-DDULU-LCMNU,None
LPFQR-ZWCQ3-055RH-ZOPIU,None
MAGJY-8O93D-VX3VZ-TS1BQ,None
N6IUJ-XQHTN-HVAMV-AVG1O,None
UQ22R-Q1CZO-PY0XC-I4YC3,None
YXDL6-IBCBY-X62KC-FIF2C,None
UO3UY-UXHVB-PAFGR-QE6N0,None
8406U-P7XNU-CL0DS-XBYMX,None
EIZFZ-YKCLC-MB7Y9-YJLRG,None
SCPVG-GLCUI-1AUWL-MXEMS,None
ZJVFU-LAUCQ-A9OVZ-DCBUZ,None
ZOZ8M-NKJEM-YPJKV-FDMZX,None
WTO0W-OLRZT-LVCKJ-IA0PQ,None
5H9G4-WGMYE-HNJBO-STLDJ,None
CHMYD-ONZ8N-F7ZHR-65HDX,None
AECMJ-6CDDW-ZRMJC-Q6KRM,None
ND01C-PF6AG-UMGQH-SL13R,None
UHGF7-X7BGA-XO2IT-EVHXL,None
EHLKI-IO1Q6-B6BRM-NLDPU,None
GEQUP-TWIVW-YCJRP-B1SQH,None
HULHD-QDVOP-PMN3Q-BUK5K,None
JTSCH-3HI6T-4J6FD-WEDUI,None
B4OSE-5USQE-HXSTB-A1OJ1,None
37BCZ-7AQJP-CLQMX-YOSQM,None
86XEC-CWK5U-WLP5O-XBI7J,None
TDU1Y-OO0UN-DIJQ8-QDPDD,None
UXVTF-ST3EP-8QOMQ-NBORU,None
WPBIQ-XJHB1-JALIF-QLOJG,None
3H8YS-GY6QT-AIRVQ-IIUEA,None
TGVQV-XOCBX-JAE0J-HNN9M,None
NSUYX-GRXG5-AHARZ-M3RNY,None
REJJ0-3B4GC-TNNHC-PXIGO,None
PEDM6-HLDMU-V12YS-EE5HP,None
HGWPQ-XCCG7-NVTS5-G6HYK,None
FYDOJ-KHVO8-LYB10-NHSKN,None
XF8ZK-FW9RB-KRSPN-BCKPU,None
4X612-DW4YF-CNPKL-5QPYJ,None
CL2NO-QNLMN-O0WST-ICYZB,None
AWDHJ-1YV0B-KDLP2-EZZOF,None
LLUOQ-5GR3U-HF00D-3KQH9,None
HOLXJ-2SBOW-D0YFP-HHVSS,None
RO7JY-YLZYO-GGNAW-NEBZO,None
4GWPK-FUTL1-HBZ43-SUVN0,None
8OQPT-FFTKC-OIU9X-VMBDZ,None
TRMFW-RLMPD-7YE6V-TLT9J,None
BTBCO-LKPHY-7HTOE-PV7LS,None
NRJJI-8WNJK-XHDX3-7PYMO,None
HLRX9-R341E-AU59G-221FE,None
0RHED-MPYZO-JOWIH-BTZFZ,None
HQPY3-GLGRM-X6PCI-ALRLL,None
R2JW0-REXYG-UZCES-SMXBJ,None
INBXH-8NIVN-WZHLM-EOYAA,None
UIEUG-XRMBY-K6ALR-HHHYV,None
VMSAN-TH4GP-FXTBM-1XTXQ,None
5RBA7-LQFBD-J3FPP-P27MK,None
BM7CF-C0AS9-DT1YJ-KZUHC,None
YNUP0-PACBV-ZA1PU-CVAQ6,None
YKJUF-GFWU6-AH1DQ-CXQAL,None
4YYYR-LRJLO-GBVIF-756NQ,None
KZ4OL-1RCUB-6NARI-HRTYJ,None
6Z2ZE-F0QBW-FQ989-TAJL5,None
LGIIY-2QIP8-HXVWP-C4C4A,None
XL8VR-RNXXH-ETUQE-YLYVA,None
CDOIE-FV7IA-LWEGK-D2ZFR,None
ZNM4H-TFM6X-1SWGP-YTYQ2,None
QYI7V-4VTAT-XA7QI-D9S72,None
XJLAY-EQIHU-RWSPF-7GBZ0,None
BUPYW-NHVPE-PBMOU-L9GCH,None
GOVIB-5JCHZ-JHQEA-AFIPN,None
202RJ-XCU1A-PFMHK-2TT5C,None
EJVCO-X1JGI-LVVYB-CYV9T,None
BJ7YA-QCWGY-BJTWK-MCU44,None
5AG4T-USJ8L-NAOYN-PSBJS,None
24AU4-FGXQA-G2BRL-MD4VU,None
GCBJX-9TIKT-EO2E4-FGOBM,None
CNNEQ-CG08J-4AE0D-E64BH,None
OD24Q-J7SDV-VSHGE-ET9ZW,None
SVVBZ-GIT1C-QD4RM-BX90A,None
JAWM9-T7OTM-26EAZ-VQ9VX,None
FYUTQ-ZH3BU-BYNNY-DCNED,None
ZWS9Y-L04JQ-XJ7GI-LDJ8D,None
ODZJL-UNFAZ-YME3C-C150Q,None
M17WA-QZK0F-IB9XY-4W9TR,None
AOPJQ-STK3U-KLJCV-BSYL1,None
SVSCK-UHIRF-DWDFP-AGBNX,None
3SKIW-EUMOH-2VYAO-HZEOJ,None
LOBPD-G6IUO-U2ZON-OTJ66,None
6GPUQ-BWSGT-3JBQQ-QZZFA,None
M5AOG-VDPTQ-CP2EL-GBOYK,None
ELPMM-FFT3C-WTZY3-XWKY2,None
MI5CZ-RXKBC-GEPUF-MYWUQ,None
RUOWK-CXU5C-1BM57-HZNRQ,None
2VNLU-84DFT-TI2U9-U2BK2,None
MNMSN-X3DFI-DD4FU-49PRZ,None
D1PGO-BVMWD-7MEGU-AC2XI,None
VBBSX-2UFE0-GPF4P-9L3NK,None
8Z8KH-HKGJ4-BHMAM-EZUCF,None
FQLIC-52DV0-PXGS6-UHIMN,None
PDUSH-4O9OR-SNMOJ-IOGBD,None
WIMS5-PYXJU-9RCOO-RBZLG,None
STGWP-WVD6E-4VBLM-T8HG3,None
SBXLS-5OYWS-ZMCAK-UOQXC,None
RDIDM-40KQN-CJJ5D-9IXKW,None
EAH00-IMCGU-XRCHZ-FRD3Z,None
3VIQI-ZUSNI-VTXDI-IWWIR,None
CLZ0K-8XDH6-PEFPM-Q1WQF,None
EJUQ8-USVD6-V72BW-DPVDU,None
OGKDF-AWVVL-V6TAM-NOWB8,None
78JZ4-UGVNH-CYZ6H-OZOBM,None
AIE4X-S2ZGD-LMHN1-JXOUS,None
DPI18-ADFXS-1JCMP-V9UA3,None
4MHJL-IIITK-JWRAT-IHOXA,None
HS3F0-956IZ-OUUAR-CVDNP,None
WHPPS-Y3HLB-MULJL-0MROU,None
UVDOI-YPUJB-5IMGO-F8LCJ,None
P11GV-K3TUE-TPW1E-2UOYG,None
KDBHA-LQKZU-9CVZV-OKQKB,None
7PNA9-ZZCZM-HTJMT-ANEGJ,None
BYQWR-5KQGJ-A9DYI-GZOZA,None
AAUSC-NNJUU-GWVCL-KJ3BR,None
TGBJT-1FNGX-CFDZA-AUTKY,None
HGH9B-4TOZA-CVVZM-BT6KV,None
R5YZG-JF4AD-3X8WB-ACBNA,None
1ZSNS-MMGZ2-DKPZP-KHAJE,None
VLJOS-72OF0-AN7JZ-A1FLZ,None
UKDIT-BVSPB-YN33J-NA8NR,None
JDGKD-GENGO-BIJF3-ZQPVK,None
ELQL9-H8SGP-JSQD0-UKYP9,None
RVQLE-XAHOJ-PZP5E-XCU4Y,None
UX1MM-ZEWXN-DJWJI-S0J14,None
RIVWV-2LSQP-ZOXXA-SZ6WA,None
8XQ9Z-77YS9-HC9QZ-TBZFO,None
7WJPM-YADJW-TYGW0-LPYWX,None
TBKLQ-53P5G-V4ELJ-XJRYI,None
INBE2-DPIGY-IWCVR-MGSPZ,None
AHF64-QPHMC-RWI2F-WRDNM,None
BLAGT-Y4G9X-0H98H-BXEM5,None
4GEUY-WXQ2D-4CZAX-I7YKY,None
PJACZ-ZRRPH-PRMOF-1MLML,None
TGLSE-FPUWV-GQNL8-A8D3F,None
NZX39-ZJYX7-E5KXR-USODW,None
SATIV-AUN1E-901CF-VF8TF,None
4ZTVE-FU0RO-E19BB-ETPVP,None
5PP3A-LJWN8-GOF3H-SZRSY,None
T7RWP-L8YHL-W6NTH-PLW9C,None
JY53F-OHVQI-3QO8K-UMFAN,None
8YQO3-HUSAJ-3U97Q-W1MZU,None
9GDY4-5C64B-IHATE-6IBSQ,None
SVTGI-BWWZ8-ZHDCC-KBL3F,None
YM3PF-50DTN-ZYBRB-HF65J,None
J7339-7MLIW-1WWDE-KFBQI,None
JLKPN-J9QJD-A8KJN-MMMJR,None
PRIMP-SIQZV-ATUFC-WDEH8,None
COMFY-P1CJT-83WCG-1CAJD,None
NPZ7F-ITYDR-7A8XA-CATLR,None
SLG3H-YPWQJ-5FWNL-YDBET,None
WAXQE-ELERX-8CCIV-XFTUA,None
U0WNZ-CQ6IP-0ZBO1-LMLQB,None
D1MMB-OOMEM-FLSFK-LVAWH,None
39OCH-L1NPH-FGEGA-KSPF8,None
AQ7NI-4KYP6-93AAA-7S4XN,None
ZIZTG-DFFID-DSBX6-AINYJ,None
GQFW8-64YN0-RZ5XX-QSUPN,None
6KYEJ-XKBQV-CB5SQ-SBJNN,None
MU0S7-9HINK-8SMVX-M42MA,None
AHGMR-KQSTJ-ARBGA-HJBO6,None
GADCC-H14PZ-S0HZX-URBBB,None
EBEDC-FBTOF-OREW2-CGLAX,None
6RVR5-TRVPT-MWJPY-764FT,None
BTIHG-FGCQ7-QGDF4-LZCOF,None
ZLYNM-QU10Y-C1ZBJ-J7I07,None
USPV6-2WM31-AGKUB-VP3BY,None
HDJ0N-9GFYT-CFSXO-N3KIN,None
ATYZA-XHVD5-DHPVF-N5GMJ,None
DZNEJ-XN1MK-P4IBE-IJMXQ,None
ZK4VG-TQH8M-EQBPN-HGXXZ,None
LQZSZ-CWTMQ-7OE5U-VVKKT,None
9EGFJ-9DY42-QQZQ3-WXSOK,None
W4NDX-H4WF6-A9YDJ-PNHTC,None
5JAIV-RMQHX-EBBK6-3PSPB,None
GY1UD-LW8DE-JURT9-IGE2U,None
RGIQZ-E778W-QVDAK-HVR32,None
H5JHZ-00EFK-EALDG-7CLHV,None
SQSJP-A9G8F-02PDD-S8IVU,None
8LNZF-WK9SC-GUQBS-XH100,None
XPWUB-QCLYG-EZPYK-XGFPZ,None
HR6TS-43WRW-U9KJN-BZZ63,None
LJLAT-KQLP0-FMY0N-B7FKQ,None
0MFNE-OYIXD-UEDYE-DAJVS,None
JGYFR-DNRI5-FGSBM-7BATD,None
O1PZW-SFMVB-Z2H0U-V3KCL,None
0VE2J-6S2HQ-I2ERU-8BSMX,None
XJD1V-JXWON-VJGCT-XAF8Z,None
TTAO7-YIAPB-2GOB6-MOUK1,None
LDN9Z-W7AN1-HSMO3-QSP43,None
MTMDB-NKNRZ-YTCOY-GZDEQ,None
CQOFK-NQFGE-QQA6Q-SRK72,None
9O8DS-CKYUS-TMAMP-HJJNZ,None
LI6GF-7FKNN-RX1KB-AJTNS,None
WOO83-8ZD4A-OLY7F-KBFWD,None
FZRC3-FHBZ3-AFPIT-G776J,None
M7HUK-R9NAB-9KQXA-KK0YK,None
KPTXV-GUEXR-KQSHQ-FEZZY,None
CPVXY-BFCUW-PJCUA-I2RKB,None
MRC6U-F95W0-IKXOC-OKBLI,None
S6VWZ-GARNR-12REP-ZOCG5,None
OPHS5-37AWG-LZOG9-6XIWA,None
SR0GR-JAM7Z-NBRRE-ACMHZ,None
O3RUN-ITWI4-DGREG-G5QDP,None
NLPFN-SQSFQ-5U4WM-ZPHKQ,None
JZTUH-DLUHQ-VFGVG-5UJUR,None
LPF9Z-IAVKT-JTMKP-B31UB,None
QS62V-CI8KZ-M4X19-DXCSE,None
UYBHC-AIJTW-US8UQ-NS6GJ,None
EMVYJ-AQDWN-WFS1Y-IYRBZ,None
DUDKX-6BF2V-GRSDU-9BVZ5,None
5EFVB-CNS58-O9Y2J-3MOWF,None
HRO8L-VEDN3-MTPYK-4HG7J,None
3QRWT-XBQBQ-9KMDA-ZQ8MH,None
CIQVD-PXFSW-FHGT1-HZF7P,None
IFX36-9SUNO-7G2YM-MHPMN,None
0ONWM-7EN3S-KK3JS-CPVBK,None
ZUUHX-Z4ZDF-BLWJX-OA2RL,None
HLYWQ-XV3UB-XLC4P-LJATG,None
2C94L-QK0HC-LVS8N-XKXUP,None
Z0IPZ-DT6OT-W9XUP-HTWDL,None
LTNFD-MB3YD-WYNBW-5JUWU,None
3RDVT-ZIIXS-YEQ56-W09IW,None
GZZBO-HMSRF-N0O3S-G2BOA,None
FHGIQ-S9ONT-PSRQT-NOEVM,None
OSYKC-MDYTQ-GI2OL-SJP3J,None
IMLCA-TCKQJ-D08PD-7JNBP,None
NH2DR-VW2B8-LIKUS-DUP0S,None
TDWY8-JABZO-YRI9B-8OOHP,None
JRTM5-66F4N-BRNO9-NYFO6,None
IK4QQ-BV3RA-2P7IV-VB70S,None
XB87T-UHRZA-VF8ZO-QQH1Z,None
F5MDU-9GZA1-YIWCL-0WWBU,None
3R824-DGLZP-FE9B8-VOHNR,None
V2X2J-WILHS-IPE37-R0QB5,None
C2M7G-T34HR-ACTSX-8XZI2,None
OMRN4-1CYO3-AYSGA-ISIZV,None
QHR6I-AP81J-GJVLE-QSBU9,None
XXKEZ-HDADI-1FEGJ-FAMSF,None
J1TEA-NSQYA-VNSOA-NLGEY,None
00A3Z-GFUGT-ONZ3S-8EZ5K,None
5DP8Y-6UIZM-90R4L-9LIOC,None
CZ19B-YEVKU-C20I2-BVXKQ,None
ZHAN8-HJ75K-FY7KN-CTKVT,None
QA89X-JDYL7-3JIID-8O1PV,None
EBKRN-P3I8Y-ZTV8P-WAZEL,None
IRHYA-WEKEL-29JWN-B22QX,None
STN5Z-EXLQS-96HGS-VR666,None
IC04T-HRSCW-EWRNM-FPT2P,None
QVZVC-WHLBO-J0HVN-TNZ2Y,None
18THB-OGM6D-ACQVM-VVIHH,None
ZV9GP-NFFSV-WDQOC-8W0FK,None
PDCRY-WQH28-SKNRF-SRUBB,None
YW5B2-TYRMW-V5DYF-OI4NF,None
CJYO9-DNNLO-R9GFT-TNFHD,None
ESZ53-A9JM5-1DKNP-FJ3MC,None
KALR0-BWBQ6-64WZL-WFKDA,None
NQS2L-MMT1A-CYUKA-6DOIZ,None
FOHDF-YGWNL-YC0JA-61NHG,None
CZZ7Q-YLD0N-W2GZ9-KS1ZB,None
PUWQY-ZCBXM-KKOMN-IJIBQ,None
SHRJO-H8MKQ-T754C-VWINX,None
VMBJZ-3QCWV-XL8LZ-MSHWA,None
AQKSW-HVASK-VVSBF-Y5ZG6,None
SP6TU-JKMDF-LSI2P-CVLOQ,None
F54Y0-HSNEK-ONDVB-BZNXG,None
1LISL-ANGPN-9DUZK-T6NQU,None
AHFTE-74CJC-FLF7A-FX3YV,None
I4YML-5GWGJ-J1DZD-ILRKH,None
BW4CR-UVV6J-P0QDR-NA8BK,None
JMX4U-TGWHU-NBYNL-Q80GB,None
AIDE7-KVPPF-ZRV4M-IADGX,None
BTDI2-HK1DR-HBVFP-MFLXI,None
JXKOM-9MWDH-E1VJD-GZYXT,None
HS7JJ-RHTAI-G9CFV-VPNFD,None
LSTNN-HOD35-TQDXQ-Y1FKK,None
OMZNU-TMHGA-4ZEBT-REB6U,None
SBEMW-RADD2-JAX6Z-F6LOD,None
WTVSZ-BPFEE-SBAVF-VNHC2,None
AM1NG-HNBCG-SSRMQ-R1WGN,None
BNPXB-44XMV-R7OCH-ZD9U4,None
CDYJC-X833K-BGFOX-A7SBW,None
PTSUM-FWSFK-Z881H-MVZMH,None
LO2UL-EUKG5-CWWMG-76MLF,None
XDVFO-T9WCE-TH3MG-YV3SX,None
L4XHF-LWE41-DVZQQ-V52OY,None
IGYK7-ICBDV-VKB0W-DLJQ6,None
OAAER-MVBTH-BI8YW-FJZQB,None
D4BOY-NJYTR-TJQA1-IWCSO,None
RQP0U-T784G-BLP19-ASV7R,None
X7FC4-K6MMR-C82CM-VDIWM,None
BYDVY-GV7KE-X6IQO-DSVHS,None
CZGIZ-EXQSS-DDFSJ-7NQLH,None
BQMVA-PBDZQ-EGBDL-8THOE,None
DXNLS-JCXCA-KBD5V-BUQYB,None
BPAYB-EMGB2-T8C3M-NOTGA,None
X9VLQ-DBRFE-9RM34-IUNVL,None
AWIAZ-J9CEE-U8XR2-XAERJ,None
EQFAD-OX427-E1FGK-V0TLE,None
TIDGH-KWWBR-W95ZC-ZWWR0,None
DXKRS-OHSZN-2P4CN-WKDGV,None
QCHEY-AGUTQ-8KVNX-WCZUW,None
HTLB4-SIO57-WPMCB-LJUOC,None
RPB5A-H0UMX-SRU7H-PODUQ,None
JLNJB-1N2QG-CBAW0-7IPKG,None
S9VUD-UOOU8-DICRG-QORCD,None
SHBXF-TCOX0-NG9F4-YLRLH,None
SPM2Z-WB6O5-UY1OS-67IBR,None
MHDRL-ZJF7L-XZOL5-TXR0F,None
KN5OS-0ELMH-LSQGH-31E9K,None
HXIXG-EI2HG-UDVMY-YDSW2,None
KJVRS-S5196-F0AKF-6WWKX,None
CCLKK-CCU7Y-2YHOU-HLSPK,None
GDQ6F-2GDKI-CUA2M-TEPLQ,None
H3I2M-Z3CIH-QHTNN-5YDBN,None
96CYG-POENQ-TUEQR-C5KLX,None
IBRIV-YBMLZ-LMGXC-MTCL9,None
Q87CV-CXYC7-UC5WJ-ZDSRT,None
Y6YSN-PBQXF-AHT95-JTATN,None
QZVEJ-V9ZAW-2ZRCV-YOU9G,None
H0KUH-JEEH8-RW8PE-UOXQI,None
GXVEQ-GXCK8-BJHSJ-JOLL1,None
ORUKX-JAWCS-FRULP-F74OM,None
XBSCP-S84YW-I1UBJ-I30JJ,None
NJQ8O-PZBES-CXBRF-IDW81,None
WIZF9-RBNNJ-AULV6-QMEE6,None
J7MWU-WS8XV-QDWR6-LSSNA,None
FVIH0-5JN2V-NZFYB-SHEVU,None
ICARV-QC5JV-Y1KNX-MM89E,None
YUAAM-Z7IPD-MKYYQ-GKEOX,None
61XXL-1YHWN-YJ1GY-LCVUB,None
C2NCJ-QSEPR-USRG0-SIRTZ,None
DQIUL-OX61V-DUBXT-E8TVN,None
UZ3K8-URZ5K-ZHNRB-HAO6R,None
MLKEA-ZEPEG-DDRHD-UJXX0,None
DB5QE-NHZUE-6QVLU-PPNHL,None
Y8EW2-NHLYM-CIFRA-JOHBQ,None
CGEUA-1OFJ7-2OXDL-XZTHP,None
7FWAL-PRET5-O2BW8-W6VX0,None
S9NYC-TKDAT-LTKP4-63DB4,None
YPH6O-KJ9ZE-YMND5-JQD6V,None
SCOFB-ECBRD-2VS61-CFUII,None
BQZKW-LN2IP-S5WEL-JQQNN,None
CUFBO-QUZKM-67ONL-WIAAY,None
T5FVV-PANOI-FMP8U-X3NJJ,None
ZIXVE-PXP54-I1IJQ-RHK8O,None
MPPBW-KNLJ9-FXKL7-CNOBA,None
2BQI6-ZSLTE-3ZQBM-PFLMK,None
BLITS-RIUR7-3QWVG-QG39C,None
AUSXF-8EPHR-XTE8Q-DS2I2,None
YED8Y-IXAFE-AD7ZY-TSNLR,None
FO1ZS-6K5DX-C7RHC-5DEUT,None
CW37E-LXKYD-KHUBK-TD0RH,None
IVBH4-WEAFB-JTDP0-HYLXG,None
XDCTN-CVL2G-67ECK-JP412,None
OVYCU-WOJ4H-OJLO5-YXOSN,None
68ST7-6ZJHY-XMQTH-ZGV7M,None
OMAV5-8BQDO-QBV7B-1TPQS,None
CVVYD-YLIRR-EBUPV-E3035,None
MUVER-HIITZ-WOFFH-NHXHG,None
W45EM-4XXFX-4FM8G-O2BQC,None
ENPZV-FKR85-CNQBR-QPMPM,None
DPREI-H15BA-YRGKB-USQZF,None
U2CAF-VXWY9-UTUMY-DXPFK,None
Z1IHI-CJCDU-D1OD5-G5LD4,None
TFQJJ-QW4RG-DQOYJ-ZSWNH,None
QUKVV-UDEVV-TVXUR-ZI1UL,None
LQHIQ-1S1UU-HDA0O-SAIMO,None
BWXZZ-G1YEJ-RGVDK-UTAS1,None
JMQZK-8LDSH-WYNHF-WTIEA,None
B6QXO-BOKQN-Q6SWE-PWN8D,None
ZWGTH-HD9DL-CQQRX-MXT1T,None
JYSLS-KTNJF-SY9LC-89QNR,None
D2YLD-B5YKI-ZGUAQ-MWMNV,None
EZK2N-GD3LY-FYYZH-9E2LJ,None
HOVQ4-QIBWA-UTLTH-EIUKS,None
7DWKJ-MMSEE-CIE5K-4MJBN,None
GUA43-QR6F4-T2D79-LWR7F,None
YSHNT-YDWT9-CG91Y-CKTG5,None
XWYCO-GK0M1-NOUH4-DLU4U,None
XUACK-MK52P-4DP8M-QEC2Z,None
EFVVZ-CS4XH-5T7XJ-6CUKN,None
HCIDX-Q70Z0-P1QVG-VDUN9,None
PRGUY-UFKG0-YVPCV-HVNCK,None
YD5PH-T3RIK-0HRDC-TDJGM,None
CCOSY-LRGJP-D5IGC-0IOXM,None
Y4TZ0-U2PNY-XJ2LG-T6KBS,None
OJRAZ-6BPDE-VSKYI-UYJLY,None
NJ4ON-PD2B9-XYMQI-25YSK,None
5Q8OA-WKF66-BIETS-RYLZF,None
TZPUZ-F173X-VIHOM-LTPGS,None
2DXLA-NLX91-9UWEB-5KYJV,None
LJAHD-FZFUA-HD10L-ZEMBX,None
JP9SK-PSHCQ-YINIH-8K1MQ,None
ILWQ5-BNFFS-RDPO6-WMUOJ,None
KFU3D-Q1N2E-ULSKT-EGFBN,None
9R9XD-ARPSE-QJY2T-SREVA,None
MNPXS-CCZPK-LUEXB-YGOEM,None
JPRDC-DZBMB-U55OO-XKCNQ,None
H84CS-7AJYS-NUD1A-XIOUT,None
I3GEM-3XDY4-M0IRB-VHH3O,None
2ZR3K-EZJY8-DIEOF-M0XRV,None
NZZY4-I8WWS-NJ2YO-YYMXF,None
DJYVD-9VQTR-MIV2U-VVPDH,None
36B0K-STQCC-GSZP2-PCVUX,None
THBHY-NORFF-BLUUU-FA3AZ,None
HUXIC-JKJDT-P0BHJ-HDNJA,None
HLCKB-FJABM-IL3GM-JIBIA,None
UGMHM-1FHIM-RH3EE-CW9BP,None
U34PA-9LCJ8-EB5JB-5E3JJ,None
IYKGA-FFHUK-8PUWZ-RBPGR,None
ES66A-2TZIT-IBKND-WG0VV,None
HJNCT-PDFIR-5ZZAT-WRQTC,None
PUUZE-7HAD8-OZOZH-FWR8D,None
TDWU2-FMHXY-6TBN0-YBONU,None
FMML5-PTF8L-SHGOE-7YS9B,None
EVFQ9-UU5YG-PJNUN-VKZNH,None
RUGE3-A7GHB-L0L1W-YWWRL,None
Z8S1W-0U77V-KF2P2-KK8HW,None
EKOAP-B4IUQ-CIF6S-1HYZU,None
UWVWA-7LQBR-Y8HA4-YYO27,None
ZWU4F-CMHKT-COAZM-SFCIB,None
48APX-JGMT3-WBSOI-ME2JM,None
RG2MZ-0HB6L-SED70-EDBGH,None
UDI9N-GQ8BI-V378J-WCPKN,None
BK70Q-XTUSY-4MY3Z-QE3D7,None
6AQ18-F6ACU-UZ5KD-SNSDO,None
96Q0T-N2U53-DFOFS-OTE7J,None
RKTRI-6SEAQ-89BQD-TBSHW,None
WALWE-HLABG-D4M0Y-CAHSH,None
CV5KK-BFHEQ-HIXMO-KRBNC,None
TSBMP-PGBDH-CTWKE-OSJDG,None
7IRAP-M3BYC-SVPQE-X2YXI,None
LWJLF-QVLZY-P9EEN-Y2ICL,None
CYGNV-YMOUA-3DTXY-YE7TV,None
9HISV-MN5R8-QDI9P-FAWEV,None
XDBL3-ZICVG-NDWYT-XSFGJ,None
0MAID-RKIVF-2SRUH-CFJHA,None
HF6F0-VTYY0-4KVTX-ABYGG,None
Z6N9I-UXMWY-HAL26-8GN9C,None
RX9D6-3X2BE-O9XGC-WKQYN,None
SQSUJ-BRLJC-N3HUE-XXQOY,None
NVGQF-UVYAK-LGUM5-05ENX,None
MJLFK-7Y4O8-ARJHQ-L60EF,None
YD8GX-EFX4Z-FOAKY-X8JIE,None
HIACD-BUX2O-ASNTD-VGINN,None
JLCLQ-ZPAAB-UV1NN-ACMPM,None
TWNWX-ETTRM-MF4CO-7CFK6,None
RIZHQ-XZ0QF-OJ8V1-7UIKZ,None
FGS6E-QDZIY-ZYEZI-QZ2RM,None
P8EDB-LCDM6-WFQX7-L5LRX,None
9C3TP-QGMFS-WWMNW-R0SMU,None
68X2H-VZRSG-G0XPP-QK8TG,None
5B1NR-VUVVA-TTBMT-04MDI,None
N4GCX-VIPI0-UJWEP-ZRESL,None
XTOPI-DV6HC-XFRJ1-MU1EA,None
ZC0ZZ-KHB2A-QMOVP-GTOJJ,None
OILXZ-1KNDH-WC5BN-N2NQS,None
XIGFJ-ECHJE-FCZDG-0HWFJ,None
CYKSQ-WVVKG-BY6VT-VZCQH,None
TGOCI-U5LCZ-D30JM-NH58V,None
DFWA9-4AFUI-ANHRU-SJ6RT,None
BV1QY-MDTNE-XZOIQ-GOGFQ,None
DQ2XY-IBMCH-TFCAX-I3ZCL,None
AUFK1-2UX8M-DDMPB-ED35S,None
YFYVM-3CI60-CZPY1-Z4Q9Z,None
K79TK-HIPO9-GK1XK-OTSZC,None
S7LZ9-LDVQI-MQIYA-CWOJO,None
NV2NT-W3BYW-R7NND-EQ6LZ,None
1LYLG-M1ZEC-S8QMH-RKYEB,None
5VTPN-K13AT-CXPKY-HJZHE,None
SKYCC-E9PNF-TMJYN-Y1NSB,None
9I0NL-OZXLN-C7WHF-TCNT4,None
BYDWC-W6GWI-KMYJP-3KWUT,None
6DWIC-0XO3Q-YO9DC-DKBMA,None
IX5KC-SIOKG-1KDVN-EI70Y,None
B4HGY-V3POJ-QR7TF-5IUEZ,None
WJEC0-KTCQB-XQ2TP-7CMZA,None
QF9HM-2OY5A-GULBV-1FR2T,None
GNGCT-VPDS7-TDQYX-5MNV8,None
3LPOO-6SLVL-DKVCX-B4ZOQ,None
ZAPCJ-P2I3H-QJITM-PK8KM,None
HXCQW-GY03N-CK1QP-X2JYE,None
WHQPL-4QGQW-Y7R6M-VWJWR,None
APRHY-8IBD5-T7ORY-OWCCZ,None
L4X20-TMZ6U-6MV3X-WEW5T,None
NZNT2-E7FI4-RYCTB-JHLAI,None
RREQX-6LFU5-FZTDE-FAOIH,None
1JNBE-YT7GO-XBA6Y-GJJWI,None
W0T1U-NDAIP-HRXPD-LCT6W,None
4V4YO-RVJT4-D0DB3-DCWUW,None
VUJQ8-IJUBE-USUAC-LEGTE,None
WJITX-UMF5V-HWUOU-YKDLJ,None
DH00S-IXCO1-YJMRO-SFBNL,None
JK2PS-S53WU-L0ELN-FN1SU,None
NTGPY-EH6BC-N3LIP-FUBK5,None
4UYQ4-K7AFD-MRRYW-CQRU9,None
67WPG-V6HY7-2UJ42-EJBKJ,None
TCXR5-RHL97-E9CBY-L3BKW,None
XWBWM-6NPZC-IKY3V-SLQH3,None
XWLXN-BHYJA-LPUMX-SICSQ,None
5ITDS-VJLUV-2B5G6-GM2GJ,None
W1B3W-DXTFD-5IDYI-3WWXN,None
9QWR8-RCRWG-VMATS-P1NVI,None
WVHJD-MGIKH-UALYB-T91LH,None
IEMUM-EGCES-JFNOJ-YJRBC,None
ZOOZH-6EZR7-IXKW0-IEBTE,None
KNVJ2-QC3RZ-CQA8Q-INYHO,None
5RNX0-2NVZG-TH92R-K9T8K,None
HS424-KDK2G-DDJPS-FSP3S,None
ACSMW-SQW2C-DKC9M-0CH0M,None
CPFRN-V4ZMW-KKHHY-TQDTH,None
TATKN-IHLKF-W9DMA-UXMKM,None
BL0TG-5KTNS-9PFZX-RVSYB,None
ZOZ8E-COUUF-VIBAV-GC0ZN,None
II2JO-5NQDW-UJG6R-LUPJ8,None
948SK-HI9AU-O2QUU-ERE23,None
M3DCN-YRWEO-SKFYX-TLDJI,None
ZVAQ0-FWVZR-RONZH-1HQXX,None
QIPJM-JRYVG-PIWZN-FIP1Y,None
PW7DW-CPBFC-ZX6KR-6C8EM,None
3ISUO-LW1A3-Z6QSO-NEFG9,None
VUJDW-9IHIN-JJLF2-HPBMO,None
KT83H-JVSGV-UIEXU-7OJWL,None
GBKXS-NPAP8-WPHGV-3TO0R,None
5MPSH-Z98K0-H1VB6-FJAG1,None
DZYRR-CKHP7-M4FML-MIDBS,None
DABBZ-QJANA-ORFCN-4B668,None
I4KQH-PSMOU-ILJHK-Q140Z,None
QPX3C-2ZQZR-GXPJY-WFOEY,None
N4HJY-4RVVL-1AOEH-WOUBN,None
HMDKK-ADHF0-VDKWH-JSHME,None
6GEQR-WDA1Z-JRVQE-TQOLO,None
FUOQH-R8JG3-5BPVJ-OT6RX,None
LO1PW-EJLYM-HIFOS-RTWZY,None
V8ZJL-O3LH2-U5XAW-TR5RH,None
IPYJA-FRXF8-DBDJ6-TXJTG,None
6H3AA-WHIWG-IIZHJ-X1FNK,None
VJERP-ESTWI-EZZPN-PW3NC,None
OLIS5-YDISN-PAVNM-8QI8E,None
ZJQAK-M3H31-JAVT7-ZILSP,None
GIJDR-9VOVQ-9UP8S-LDZAX,None
SGPJL-PLJCN-ZPH4A-OE1R3,None
9DUPP-WFLXM-0GLYW-XQBJT,None
7SO7H-LGXBG-DKW9B-6DRI3,None
WX1YW-30NAE-RKDWD-KQQI7,None
ASDBK-52SPQ-87MOD-LZZNE,None
XP496-ZT092-VCE12-PWRCR,None
59APA-U8V99-FUKKE-JTPMD,None
RQ5PU-GMCJI-UF2CM-URDWG,None
AHA0U-9JMZG-ZZ2TV-0LZZC,None
JUFUW-IJEIL-NMV93-Z8BN9,None
BZ5RU-UUUMS-1FU3V-LEZPA,None
UYSAT-LN1IG-G9XNL-PS9VP,None
O6ZBY-KUKJQ-DGSQE-VPHOK,None
WUIIK-OMQMG-ARJQY-9RHYF,None
MDAB8-ZFCNG-TWSQ6-S5FKX,None
FSUJZ-HGB6B-XIU8Z-6QQTJ,None
YIO5A-6UTZO-AWMUE-7M8KS,None
N0OJN-KSWVY-1RGLG-XQZPU,None
WFTSC-QQII1-ZIQY6-VXUE3,None
MOGN8-LIQNY-8SQNO-6QSLS,None
0RCWU-VZO9T-FUNJK-GUBWT,None
WI43C-EODZ5-SHWXT-TJ0HN,None
9GV0R-JX4HR-ZSCE3-8PYI8,None
RRPNM-O66YF-P94IL-GPKZ1,None
EVRQ9-F3GW2-6PS0P-6LSF9,None
RO4QU-EMA0A-NZ72E-MUNHE,None
QDYPF-9VGM2-PLGVJ-X2IWX,None
FYHLH-87GLW-VSED1-DAMMR,None
XURBA-KEZFY-BCIBH-BP2DC,None
BJ2HH-1MS4L-NBVGO-6XHL0,None
PRTBM-ZMYLL-VORAK-VKQC5,None
TCYDT-SI4NI-PRVKS-VNFW4,None
PSSEX-NL8BZ-2UG3J-SANHH,None
32F0S-PVLCG-P0WQO-FOQK1,None
DJYHA-BMUYK-VUYRK-SYSMU,None
D6PWZ-EYAER-XSXPY-SUHM2,None
JXK4H-B36OV-QHNCD-FUNTE,None
M7SEP-ZYSWN-OE2AQ-RAYVF,None
4CW3X-CANDX-HOIIY-8NOLZ,None
1QQZ1-PAEYU-HPFFZ-RFBV0,None
FK9NW-HVOSC-GVXGD-LWM6K,None
KPWXW-O20U8-FHHI1-QA0RS,None
8RPGE-7WAOB-CMNGL-T1AFU,None
0KDNL-CKBFC-ZZUKB-J17MA,None
ZK1K0-HWMFE-JCJ88-4GV1C,None
Q9WAF-V8Q39-P9DOU-AZHXZ,None
YLV5Y-RAJRU-GRCRD-VHLAZ,None
MAPDE-NWPL7-VHQIY-BZTR4,None
GFPEC-S0CZL-SRU59-UQFTB,None
5NVVM-LEI5G-6EGK8-99NGT,None
L9W6C-ZPTEQ-K2QHX-APR6K,None
XNBRC-2ILVC-SR3XZ-G1DVH,None
SLDVZ-SFVIH-QPQ4G-6PHA3,None
1GNKQ-GHCXO-O3SN7-QJKHD,None
LAPUL-WCASK-ZKTCU-RJJ3C,None
YWYWL-PKINQ-PHIWY-DYL6V,None
OTYFX-EUVYD-OOP3A-M6OTW,None
HU3H5-9QRJI-E7SWY-OLIGW,None
QNBOU-YBBU8-1T570-LLQ2X,None
QN578-KCJBD-ZBAHV-E66OU,None
D4YD9-QUDR1-FRR8R-KNJQX,None
FJFHL-6INRR-JNDRQ-IJOZG,None
TPPLT-QDIBZ-T7T5R-TP7W5,None
DSS8O-8MNZ7-DXZSS-XEIJC,None
WQZVI-AHHZA-LBTFA-3MNUB,None
WLS7J-0N0TA-LKXIY-1WVGO,None
T8WJF-IKRAL-I8PFI-ULECW,None
NVTAE-UFEEU-05UF8-WP9YD,None
LSIT4-BBVH5-CF5RW-S61XL,None
DHGTJ-DDG4U-UWNJW-SPBPN,None
BZJMS-7M3WR-HEYK8-1BTNC,None
UAYX4-GRLZX-YDIOO-HQOLE,None
L05KA-DY7C4-P9H2R-8X8AC,None
XM1FR-EZM14-ASBCJ-2ALQN,None
DQWI9-2OWGY-BYMTT-MIFUN,None
IAJCL-H01QP-BLKPS-BJYWO,None
H3SD3-XLJVX-8E5EC-FJ4ND,None
OLRR2-NVX9C-WCCAJ-VIC7G,None
ZUIFU-SERUX-QKP4Q-GXVKK,None
4VN88-I8AZP-2RM9R-TMKRY,None
8ANTY-5GFBX-PVX19-EKTOY,None
B4ZFB-LLRTX-Q71CI-LM1CL,None
BU7BL-70DDC-PXJKO-9ZT4Z,None
OV3YW-W6CFX-S0JCT-99HLY,None
NOBFN-0OR0P-ZRVJY-YF9TJ,None
GPTTK-WZLCM-BJO53-UFDKJ,None
PUROR-6AVHJ-9ZLHA-MJDSY,None
IQO2H-R6UUT-G4EI3-K5GHO,None
ZLI56-WWQRK-UNL2E-O8NW0,None
SLYLJ-7JJLZ-VICZD-RVUJR,None
59RES-8WRWK-QOE9O-RTQ1S,None
BMW1T-UIEHU-B9CHX-JTMX4,None
TKC7F-EUICO-5MUFE-QFS0J,None
AQAP7-FJCOH-JNNFE-FWO7F,None
OYCJH-R0KFO-TIPHS-CBTU9,None
BZH6K-NYQNS-0TVZ5-OS5AW,None
O1KKS-HDTYB-XUYM2-QHNM2,None
M6OSL-UVDQ6-UFB99-YRVFH,None
JGUOR-I5WYV-AJZJ5-OBWCN,None
P4QM9-PMTS7-JONUG-PQLOG,None
ZBPEF-LFENP-VKECJ-QIOF5,None
XUJDK-6FO6V-GR8CX-ERZ8P,None
N55ZP-FZD3Z-NWRLE-INKNR,None
IPEP6-V9FED-ZFWN1-UJGJN,None
NABK0-WZKVL-XLQ2F-TUHJA,None
BFLRG-COVD4-UW1NV-IZADJ,None
P6CRD-QULWK-FGU2R-OSNPM,None
TWMT0-B52RA-QYYLX-LHNFW,None
FNUBN-M7KEG-L3MFJ-2CSQ5,None
T4YXA-D73EX-CTYET-8OL5G,None
JUAGP-7DRET-O35VD-PKQEY,None
NGSLO-ZC93Y-PERBD-DJNWR,None
0T1BT-1DWIK-F6QMK-P4KMO,None
NL01R-NG5A4-I8AZM-QBFTU,None
OK7WP-IRSKR-BIEZH-OUMFF,None
KF8Y8-8ZS22-2T94S-ZF066,None
5UD7W-4KKON-RBMZZ-76AEM,None
H2XLF-DX9DW-9GTUE-LQQSN,None
0ZAYT-CYFY9-JL3KU-VDVPF,None
3N9B3-VJQ7E-MNNNX-CS5ZS,None
1NU1M-ESM87-DHRSO-CY3R0,None
LP9FA-XBPIN-JNHRM-CCZ6T,None
XZ0EF-UP8MB-WZ4KH-ICT4L,None
RZQSV-52570-I7YOA-AVD2Y,None
WUIMK-D3WWJ-BVKEN-OYI8Y,None
XZ1O2-HU40J-ZASMD-UWB0O,None
U32ER-CRNWW-PTNZ3-UWVFR,None
05MPV-PZZUT-NYOSW-907GK,None
M4FHJ-GUUT0-RGXAS-8JO3V,None
KVOPY-JHPPJ-G4NXW-HIUBP,None
CLI2D-0CBYS-VVTHO-HX5WC,None
PCHVM-AW0BZ-HCXBL-8R2WR,None
ZRH7Y-QII9Q-LTJZM-DFRGU,None
UZTOW-HANPX-MV8VJ-060IY,None
EVAII-V61BB-U83WP-DZTUB,None
M0ACD-2KTEU-CAKPM-UGMR7,None
LLRCP-HA1CF-YIY1C-XAB8R,None
H8IWI-1PS3K-NJYU6-HAT4Y,None
HOI8P-9WTNC-TNX9P-JOE5I,None
EYJVI-UOKCI-RPY2X-6SM8Z,None
LZ2V9-LOAWK-GLRJP-9MQ5Z,None
FV5ZS-UHBKP-C7RE5-KBEC5,None
95AOF-9G1QW-CCQIB-HMRMD,None
MKP9D-L9QN8-L4GPT-QNJVE,None
9BIWL-88T8B-KFJ7J-TE7AS,None
CTW17-VYFNN-S57EK-5BBZB,None
WEOVV-ILOZT-PJWVT-JEIRY,None
TO5Z3-QIGME-PTMBD-OKD6H,None
WOOJC-FJCG5-L1YCK-OXCT0,None
MJVBM-9DQCJ-BXFUE-TVDI1,None
P3DSH-BZ2C9-VBW2O-RFSXG,None
WLMQ4-FO1LF-DDOIC-KGDCG,None
EOBK8-UDWTR-HEUUI-XD2HY,None
TL7FK-U1HRW-VQC4P-ZJWXS,None
CQJNH-C2BOY-PM9QN-JMG74,None
YWNRO-VAEDQ-IKJAG-AZLBP,None
JES1C-WIKEL-WXHQ3-AURGJ,None
FQCJI-OZ8BV-JIOCQ-NKH7M,None
YJCVA-SDPSC-O1TA4-L1EFS,None
FK9AY-A0KG5-36FM3-PTGLT,None
80CK7-Q91GJ-YKH8C-AKB2F,None
KVCIE-V2FSW-OO1MC-ABUZK,None
6BFHD-SVW1W-L32UR-SHRCI,None
UPUMF-KXWFT-1E0AX-ZMQI4,None
EFK8J-BMU99-13BQ0-WH8R3,None
VVW1I-EGWWX-XPGK2-JAW0Z,None
FFZ4Z-33RQA-SBIWB-Q9LFP,None
Z26CC-P6YJO-ZDY2A-G5DLX,None
PP7YO-G4JZI-QN1UN-XXV10,None
MZURE-VCSXX-TZYSF-XAJW3,None
GWAJX-RLRXE-94NSC-K3N74,None
AY1PN-B2DAU-FO8ES-KMM0C,None
OJFOB-EZSEX-WZ2XT-VSJL3,None
VYWOO-RPPTN-NLYBE-S0GOX,None
ZFWXM-TBR89-JTIWS-DVIHE,None
87CVT-ZHUHH-IH82G-TH8PI,None
OAX0N-TOTSC-WY13A-F7D9H,None
C8CPA-QY99R-KEQ8H-PPSFZ,None
SMHPP-OYEDY-AQADJ-DFX67,None
U7NS4-ACJR9-OLZLJ-JTOE5,None
1WGWQ-2FMOI-YPFXT-ALCSH,None
Y0BL6-IVWMB-4LMKR-6IB8R,None
QDPNX-576AC-Q1QVB-NXFHN,None
VFSW2-K6OXO-WX4EB-KRJ2L,None
UYNAW-XHTFS-Y4WSK-RTBY0,None
BV4X1-VQMDZ-BWO3U-I4DTW,None
P6PL5-MVTFU-4JXBE-I928M,None
DYV1J-L65O8-IYB4E-9N8VN,None
99KML-PUFWD-Y11D9-AEMGW,None
GVGOC-EXDAN-RVTNE-7NEC9,None
CPCNO-7DINB-FQ2RS-UGQMS,None
26CX2-3DRIL-3SG7Q-FFKZK,None
L8QH8-HOFVV-DNHGR-JK3SR,None
LEJRQ-NQLM6-ZWTGK-IJUV8,None
GF0TG-RU2UX-ZKLAR-4ZZM3,None
DGXXN-X2481-AQ1ME-BXV7C,None
1SZ4O-ILST7-M4ZJG-KB2NE,None
ODULD-NGSDM-O5ZZZ-DUX4P,None
UDI9T-UHXQC-5DXCG-JRPNI,None
APPMG-LI8XE-BOYJH-9XWPU,None
EXYAE-MGJ6B-BFAWE-MA6VK,None
LV7X6-CG3PP-OYNR1-97QRC,None
GXG3G-LO7SD-XFO27-25DDX,None
QHMEQ-VK8KB-AZT2D-EVGGO,None
DIZTA-4CFU1-0ZYAF-K8RGQ,None
ZVPUC-KERBO-GWMJE-ZQPGG,None
HIICD-OIB0H-B723G-TZ5CF,None
TOAZG-MCSCV-XBUWM-LTVFL,None
J9HUH-2PTBV-K9WIJ-MQLBC,None
TYBUY-YTJGU-PLABB-TTO4S,None
55HNB-BFLS4-ETJAL-RHBGF,None
W6LI0-STOFX-EKKP6-CPZKJ,None