serial_key,activation_key
1CTXR-2QWFQ-CAVMT-8AES8,None
YTLIW-VHSKY-N2IIV-VW0GI,None
WBXLU-AXJF1-WIJVM-2GF9X,None
A6QQX-ZVYX6-TYKUZ-BZNGG,None
ANKBT-BRL1U-KY2JQ-KATDY,None
WTMGC-OWKQZ-FMSYZ-R18RP,None
GAZPI-FD72N-QBP9L-D7JJP,None
VWNL9-T7KZB-PVRGB-KHV1H,None
HWFFQ-GOJIG-TYXSE-LDB7H,None
PW1I1-FYA0Q-3L5Z9-XTPDZ,None
QUAMF-EW8WN-HGSOI-QCI11,None
ZZLJY-ULLVX-8QLWE-LTGSV,None
BUCBI-BVUNH-V5LFJ-EJ3LV,None
ARFMZ-NEETM-VXV6X-WMN0W,None
SOVUV-SVTU2-K5S7C-8XHWX,None
PRELR-TVHHF-ZOOVD-LUBSW,None
YFTH1-IID0R-XUZIE-MDKUM,None
MHVUV-LHQSS-TEZMH-DFW0T,None
55H0Q-5XY75-L9XCC-BSNBA,None
DSN3S-LWLNU-BPIN4-V9JVO,None
B9BAK-QABTI-MOKIK-KOCX3,None
AHLAD-RWQER-ZGXHC-RTWND,None
S3WU1-NTKHA-QSL5V-WO0ZO,None
VUNUX-WDNBX-0TFAY-O8IGM,None
4BCBP-7MVI0-JDMGU-GIWH8,None
3Q9DA-UUN4Q-16Z51-C490J,None
ZDC9G-OY2ON-UCDHJ-W1FGM,None
AKDCN-GV8T3-V7FY1-UBGTS,None
U6O9N-0V6MN-WLE2Q-YGERM,None
256WF-BJ1RX-MI0J3-5OYRJ,None
G6EFF-NQP3O-EPURT-WTXFS,None
NRNUB-VVGA1-OLQYG-GZTMI,None
JUEXR-QX3IR-OLNMN-HA9L9,None
NZIGD-S1W8P-GHNK8-PLB99,None
SCV3J-XZQEH-IAKFJ-SIMNX,None
ENQZE-TIQ9X-CAXPB-EQBE1,None
UXVPH-FABRS-QVRYD-JCA5G,None
PHNIZ-4IHSQ-LWNJS-BCGPY,None
QDMW8-1YXKF-BHPWM-Y0RJR,None
N0QIC-EBAMY-WWFLS-WBVLP,None
0OKHR-YWVWJ-UH9VX-LVLNA,None
HHNIF-XTRVR-DADZ9-WEZMR,None
AULRM-YZJD2-03UBI-I5HTF,None
WJDBA-AS4MX-LSK3G-ZBGAP,None
E1BFI-JWU2B-J7FR5-YVMSG,None
T2C3M-RBZKN-0WLFC-HH47Q,None
UNF25-NHQCY-2UFJK-PTVAX,None
TWH58-OYIYM-5Y7NH-GSV67,None
YBKBS-UAXXD-8XXAN-QMO0P,None
VDOSK-4C8ED-HCAZU-MZGVJ,None
BCRKK-4GFMG-ZLVQB-YR4XY,None
X2JJJ-LDHL5-PMWCE-IYYZJ,None
Z72ZU-6J7FQ-K0YEO-QADTE,None
WXFO5-NE5VO-GGXMF-UGNUL,None
SOM0O-WDI1F-EV0AQ-UQ631,None
TQKRW-VK2WK-SXYD1-92L4Y,None
JFLUN-Z9QJW-ZLGLB-M8UCK,None
TCOSW-TC3UW-XWES3-7FNOT,None
CWQMG-A2LCQ-HOZKI-6GAAF,None
NA267-CVGRM-PBV43-QDSZC,None
MZGME-JFKOS-UWVUL-ZWDMF,None
P26A1-Q9MO4-ZIOJR-XZWS5,None
PFQHX-RRE1E-92DX8-D2IGK,None
KIS03-Q26LF-CBUOE-LNOAZ,None
WIH6X-C5GS1-5HZUI-LEFNR,None
WW2FN-STF7Y-2WNYP-J4CSY,None
IIJOU-M5SBH-MJRUE-90RE0,None
7DCQR-K3G1O-DLEIO-FZQTU,None
AFFJH-GH1LV-QABQF-DZBL8,None
4HBFA-OHVJE-UKNDH-K6FI5,None
YE3C8-HVUTO-V2MXS-QW7EL,None
KNSYL-FIPMO-CUB5R-IPTF5,None
CHF9A-ZQWJF-GDGLM-PW5TK,None
YI0W8-VUYZE-JIALB-ULTST,None
27TRZ-GDAJL-13U9Y-MXGBJ,None
PSCSW-VG5VK-JED4O-ANJKL,None
ACJ7V-1YQVJ-0MINY-VJGS1,None
ZDWTS-ZGL1T-DZL65-VW1QW,None
0X614-F94DV-0MCKO-ELTHB,None
XT8ZS-ITDQ5-J0KCY-OFHH5,None
X8OQ3-MKV0H-ECFHD-P9LY5,None
ZJTKF-JCDBL-ZURDF-KFCUI,None
NQTV4-QY4TE-GVHKZ-BPEPK,None
FHSSN-CPXSQ-J3KQ9-1E1MU,None
PG3WF-ODAHE-O3CW5-VCA0P,None
D96DU-IXBN1-8JRDF-5K2RG,None
USOX4-NROGV-JVG5Y-ZEAL7,None
XR14S-IGEOM-DWJ8Q-8ALN0,None
BGNNY-8WB6X-FXSHA-WTHAC,None
KJQUH-IEWK3-XZW2N-NVTE6,None
3OAK9-H87DA-VL2H4-NCT80,None
LFWUM-GIUWE-I1DSB-BTVAS,None
TNYFW-4XJJH-RPPBD-XL4FZ,None
WU0FI-E1WUR-2STKL-E7DNF,None
IUQSF-WPSE1-KCLA0-TE34G,None
8YDBX-UOR49-ZF4MJ-5QS73,None
COJFP-BAY2H-DHXYR-4NAKO,None
2QTIZ-HBLI7-66WWY-035DX,None
DTXXT-Z9SM8-85GJG-YULQC,None
57SZK-7D4XA-QXJEM-0TB1P,None
C8OIU-YP8IO-ESCKT-0LVBK,None
B2NR7-LJPLK-WOMKN-5VSTP,None
WD8QH-XCPCR-D5PCE-UCHNZ,None
YZKF9-77XCG-PWNE6-0ZIIK,None
HAJE6-2RAIJ-MZT5O-J9ZJP,None
WTKKX-AW1KH-L696G-YESVZ,None
2RNBA-8Y0FT-RHPK4-5HTCY,None
RQD9Z-INZ9G-ZZSOZ-CVYIB,None
UIJO3-2FMF8-55QJ0-F2HKJ,None
TFND1-KAFXZ-E8CAJ-6WT6M,None
TR1YN-FTOFX-IDZUB-DR5IT,None
LUEN8-GZJTT-AILJ5-QX4BF,None
7EGRM-DDIED-PZQQM-CMWT2,None
RKZA0-MPBJX-KHK15-LSNVH,None
7RZRG-B2Q5J-HBW0Z-SG9WG,None
R2WZ2-5FBW5-UYGNA-YOW9Z,None
WCK67-ZBXZJ-BDKBY-15ZT3,None
FEGKB-DJYTV-EPJ2M-YECDF,None
7BO1L-B6R9G-ANDNL-ANJC0,None
TXLTA-PPFCP-X8FOP-1DE2M,None
HMGKQ-2J7I3-Z1TU6-0TTRQ,None
1JZTQ-IW2GN-ACDVT-U0QZL,None
ICFFA-R5WPG-9AHC2-NHNWI,None
ZGUWE-JZEZF-YFPZ5-IEAAL,None
EQDVU-BHFBE-LIKVG-1CNND,None
L8O4O-KQGQG-TDVMZ-TC5LN,None
HSMTG-CG445-C5FHY-R1INO,None
WUSK0-PUHZY-AYQUY-BSHKH,None
B4SDS-GOVHW-SSIE6-ZE7BS,None
Z8ARI-XDIJL-LZPOZ-8GL4L,None
QJHEF-6ILLC-D7JET-ENFWK,None
GUHJH-TU6IB-WJRAW-4GENV,None
R2VJK-9ZWQV-GVZWJ-HOEGU,None
6YHXA-LTUEF-TU9KQ-WVIYH,None
EVYBW-L2T0A-AFVJZ-YUUJP,None
KVSZ2-YMFKJ-7ISQS-BC2QT,None
XHVSJ-AWJBR-JUXQY-XQJKW,None
LL3DO-LTXWT-ANNBR-HPBF0,None
GZJVD-KXPXO-MHQL1-8IZXU,None
RXW5S-THJ9L-NGYTA-X1YNO,None
A2KLR-F4PZ2-TCSFM-EMFFU,None
6LXLM-BSCJZ-QUZIN-ZPXI5,None
WRZGP-MAJCI-9UFLR-7TXTY,None
7HED4-3CYWR-ADW1P-2NIAN,None
3CTBF-V85EM-8XKOV-IVCKC,None
RIVJH-SUA01-XFMGN-JLZUF,None
5P3UB-YIKKO-XQOT2-IDL81,None
NMC5Z-FKRGD-HB2EZ-NAOEW,None
ZSAZZ-QLOLJ-BDPLA-KLUVO,None
XGF5G-VCRTI-44OPM-4YX2N,None
WVHWS-QX4GW-HVQYP-2LWGD,None
3YHI3-CN6ZU-HCQFY-7CHAP,None
K8FHA-GWWTF-FK04U-FENZ3,None
344ZK-RXUTV-CVUG3-HUATZ,None
HNQLZ-ZMLSU-GNFHX-B3BQR,None
X8NZB-7U5QL-F8VIB-IKQPN,None
GXSAW-9DRPO-GPZ8C-LYENO,None
1SRIB-1ZSJ7-KRDT4-CWNTW,None
1C3PH-SIICK-F9TJZ-KW2JW,None
LSGHX-BID2K-T7Z48-A5LKP,None
PVTKL-L61LR-86RNC-B62BI,None
Y5XQG-FCYPR-J9HUC-BS0YQ,None
REUAJ-PWEWY-D3FJF-WAHPR,None
RL7TW-LPWIN-A7QDI-GX1VA,None
J8RJB-S6SAO-TSWIG-WUPFT,None
BTOAB-8QATL-250LS-FJJ4Y,None
NLMDH-DD9T5-MQDY1-N7RDY,None
OR3OQ-TI5Y2-5WPK7-OF34H,None
BMYXP-EGA13-WGFPE-DBV4D,None
JWNGZ-RH6PD-SVFW7-CWHWF,None
IYSHY-K4VFO-0VRZ7-NNVO8,None
BKPMQ-DANT9-YAVN7-II83K,None
2CVZ5-01LSL-VNGFM-SCPO7,None
OS3DC-7T7XH-LDPH5-8UDXK,None
4O6PK-WTOLQ-HNLM8-HGNGR,None
8PI9X-4VMJE-6Q7XK-SPQBK,None
32PHG-VV5MY-QAAHD-Q2TJD,None
ZGGOL-RQH6B-9FWTB-MJTFY,None
MXE9O-YJZF1-KJTGK-HGYT2,None
ICOXM-WECKR-HLK9N-KSUZP,None
1VETM-GQTF9-PEVH8-GNL0Z,None
PQ8FH-RCSGN-XQ4TV-W9ABS,None
KMBQ1-DM4FQ-S2BVW-KCY11,None
GQ70H-41DST-OEYPV-1OOBZ,None
IUWCL-XAP1V-YOHI8-XFHPW,None
KGACY-WA178-VN2MF-TCH18,None
56ZOP-L0A29-8ZHXW-YTJQI,None
QUCVW-K759H-A4BVD-6QKFQ,None
O1HVH-WILPM-YJCQX-TYGLS,None
ED9OM-G86K6-XDOUT-2DSNB,None
IZ3XT-J2AQ3-PZSQA-ZJ0XJ,None
XIAIT-MD1QA-2ERGS-GVYJG,None
ISCB0-ZD6LT-QJOKG-MT3YJ,None
2KTWC-Z4EM2-UCTWJ-K7GIR,None
KMPE6-VIUTI-SYO1O-0GC7S,None
HZINU-8B23F-6RHRL-O1WGC,None
S9QWQ-W05FV-JGCWA-2G8Z2,None
YOOCQ-14RH0-CIGFK-K1CT3,None
UZBZ8-XRQ0O-BQYAB-QCGQA,None
GMQ6Z-VPGKR-VGCJG-5PYQN,None
GZMEL-QES2Y-L4WTF-EPC0Z,None
2FGKP-U4V5K-UTAIB-P04C8,None
EPO5Y-COFQ2-3CUOH-BK8GP,None
FREI9-1V0ZW-IVSVQ-SFTH3,None
N0J7T-FIJSK-QWABR-A1LUD,None
IHYOT-6TILU-VOYQP-KZ5DA,None
SFAMJ-IBRBW-VDMDZ-QU5WV,None
QX0TP-XDFJY-ZO9MW-DM4IY,None
C8SYB-MAXCU-FU0OD-UQKGM,None
UMXY4-CIXQC-OVES0-D9DAX,None
0MMNW-IWBGX-WAYQR-2EKOU,None
KZRLU-ME7ZO-LS3A5-RRKE9,None
BPTGT-7F5LD-IJ9QC-CQJW8,None
2CZN5-ZCRPT-ENNHS-5K9AA,None
M1TVC-QY6C2-BG0HJ-FTHQB,None
8YCJO-P9VN2-9CJ0N-ZTEZH,None
LEZYB-DDQAH-WJ5SC-MSEP3,None
QO65Q-QAKLJ-X0F5G-RTRTY,None
Z3GGZ-XV2EE-BV6P6-NCEN8,None
GZOBT-UPOFK-YUKD9-RGBU1,None
WV2CF-44URG-ILQXK-U3MFQ,None
ECW63-8ECP0-0EIFH-O3MXD,None
VIMUT-KJYQY-F816A-P1GKA,None
C0UAH-ZKV0K-DPPWN-BGVUV,None
YNNVW-ARXRA-CSEK6-UEV4R,None
4E1YU-UWE3P-I0ACK-OUZGR,None
ALACV-HL8OM-HDCSX-MEZD5,None
IBSUP-RGIJN-FJ3UZ-KHY8G,None
TRODD-Y8F7Q-8POA2-KCR8C,None
0AZCH-07U3U-KHC4J-RFSMK,None
WCN3V-VTTZ1-JGIBK-E4HVH,None
JH1SU-A67DG-AF3DY-BVFGW,None
D5JSL-EXOYA-Q9OFD-EZ3HX,None
IVQKX-59AIE-2NKXW-SJHJE,None
WPFJN-CHMEH-IYITW-S9Q13,None
XGXTN-X8YRH-0EMHX-CK1UH,None
DFJZL-RQLHX-DBGHR-XJWHD,None
RM9YI-VOSNT-MSN60-AC7K4,None
OBXQK-3WNEP-PYE2L-FNABV,None
MPUIB-515PN-NSJSU-BVVPT,None
M5Y2I-WKANP-ZTBTP-9P4GZ,None
SEA1F-1KN1U-6GKQ2-UOQVV,None
KO3QE-19QBO-YUC4B-0LT6S,None
CUGWB-TVHCT-RAWO8-W09F5,None
4O8IU-7VEKF-YVZ7G-LFJSX,None
JMDEB-DTN7Q-QC6IY-KM30Z,None
UNRYJ-9F3RI-NL6HP-Y8FAR,None
DZYZO-HKTXU-90KL0-ZRSMF,None
8NMCK-JMEIP-9OY2S-SYWMO,None
9UDIW-WNWTD-B4AJP-XTB8L,None
SXPDW-U90UJ-UO37Z-QK7JI,None
HDQDU-ZWF41-B3IDT-UPGLY,None
SY3YI-BFILG-NVYTJ-KDHPG,None
NWBRU-XKBBE-GYAZ0-PCCAP,None
HSUJM-HMIPM-CDKB8-LZZ5R,None
TONKJ-NVJH5-MMMB3-7FFR0,None
TL4L5-MKBBV-9SREE-QYG4R,None
EJEZD-7AARC-XDD1T-ZJGQ2,None
MNZ9N-ANL5W-S7NGL-UU9OI,None
M8L7X-SOZO8-TPURU-GHPBK,None
TXRDQ-G9GES-JMJNZ-BEVFZ,None
FMZQR-SOXAH-U7O2H-PNNIP,None
BCNFB-Z40CB-E8PCG-NN5ZJ,None
FGVLD-T6ILS-YRDXD-TCYOE,None
DLCXK-3PGRU-AS82A-UZGDP,None
GG1Z8-V4X2J-WIBZJ-JLY6O,None
XXYDK-2FNX5-JN8U8-VPOAZ,None
BH4O7-RSUYE-H98S5-6MM6Q,None
MGLMU-LAH5L-69ZVJ-FUFZV,None
O9TCI-J5H1D-IJ8JY-WEUCK,None
UJGYL-0X3VB-LBIZR-EQ8BT,None
47RU2-TF8NN-PFGYN-IKXJY,None
4LHVW-QHKUX-QM6W1-9NCOL,None
L9MNH-V6PBG-N8SLX-CJKRA,None
USCTW-SJGAV-BOQZT-2GFWJ,None
KC9VV-6NCL9-NGICS-6BQZH,None
AZPUM-FTJUS-VYC6U-MNGC4,None
2HZWE-85JQQ-PNREI-U3HIM,None
IJNPW-KIJDX-QAYQD-JGMUX,None
DJSNW-CMY98-4M8BB-NRFRD,None
GFCFB-TXCUW-FYQBB-VTIYM,None
S9VUH-FROYD-VROE5-AKDTS,None
GIDIH-PKVAV-R8ZBG-5ZWPT,None
UW1DG-3JK4N-YNQKH-FUR6O,None
JGKFD-AYFME-P5ESS-HGAFV,None
6YWRU-UJQFP-I9DP7-HCSPT,None
WHW5E-OEA7V-XWV4O-CA8L7,None
Z30SR-YJ6SK-PCYRB-JVI5J,None
Z7TIQ-ZIHEG-URZLS-VBOWJ,None
IDCYG-VRVZS-MTUX5-PCH3Y,None
MCCUF-NO5XM-QTWE4-FHD80,None
NI4E8-DIINW-FGJ6R-SCJHS,None
GNNAQ-Z4PRO-08JWZ-07A08,None
IWAEW-HCUH7-JEVDR-5KDJM,None
U4GFK-VGR8O-E1ENE-HEJSN,None
RLDXF-MDDEJ-1CORO-QSPM1,None
MGDUM-4B9WP-9QKNP-RSD0S,None
YLGIU-POU7C-USYNV-HMO6I,None
67BRT-TWFWY-E7NOR-RBOIL,None
W6BTV-TRTIH-VFSUG-BVUOE,None
ZRHMP-B9OXN-NE5RD-5MZYH,None
WBKQD-JRIQZ-W7E1R-0QYKZ,None
ATPXS-ZVQGE-KSN2S-FCD2E,None
KUVFG-ILOMZ-MFEK0-RZKMD,None
NBZ2X-TEK73-LTFQ4-3PETE,None
JBB9I-JQG0B-UDIAP-KL6ZV,None
HZ1XW-6FATH-RJHHN-R0NFO,None
UWNUH-PFCZK-0MUDQ-OKIVB,None
U5HKS-MOCHX-AKYJB-QGOAI,None
KZBM3-BAN6K-O0QW0-DAPTZ,None
FJHIP-JGCCQ-6WVXS-DQLOH,None
VMMLG-RWUCJ-6JLHI-GQLLD,None
8RYYZ-KDEWZ-DUOKZ-OGQNY,None
RH8HW-UGINW-CXQWW-ZZM9B,None
DETDE-MLC6T-DPDXI-ESEHO,None
DZLQR-VWQUA-JITHP-FAAJW,None
N2AOY-WWU6Y-3LDHE-QUMET,None
FVKNS-ENH5A-6YJBD-2DUSI,None
QXBMX-CBNOI-CVZCW-QXV0G,None
1D7BJ-GHKE5-ELRFV-ZVVMD,None
SSMJF-FLWWA-5W5AW-TCRCB,None
FYGCG-HGBAN-ZZX4I-KPFII,None
J3JN9-FFH2S-JATGM-IH1VX,None
PMM42-RAUMZ-L6KIR-OZASQ,None
FIE5R-QSLUK-HMDNJ-L3P5M,None
PXWIV-NBONY-DXHT6-OAVQT,None
LY6O0-ZQFH4-EBQUV-BEYFJ,None
KJAAG-HNJMK-NXQKK-OBVVA,None
XNLPT-KTUSG-NFBFJ-HN2MA,None
U7OMW-R2RTI-2X2BT-6WJII,None
R5XNQ-FA0VM-VGDSA-P7XJV,None
XSVLQ-TXQOW-YX9G0-7HAJT,None
TEG2W-7WOHP-4KQNF-ZH3Z4,None
UYG7H-JUNO7-P46D8-LXFCE,None
H74Z4-SUQRD-SY5BB-FPXQ2,None
TIEVF-JF94I-1FLLW-OGIER,None
WQ9QW-KIO7O-EIBFK-KYE24,None
NCUZ0-EDGDH-B4S94-2CNP6,None
N1KYN-RXRXW-62YNH-NEQDQ,None
XRYIC-64IKA-BA2TW-LRHNG,None
3ERMP-RZME5-BY9PR-DZXMS,None
CGSOB-STUWN-SNSSN-NRSNZ,None
VDYOX-ACNW4-P4A5U-Y2DHI,None
YZFMP-BPGO0-TEDPS-KRHGA,None
GIFGB-8YRUR-2RJA7-TQD9O,None
I2Q8H-1C6RP-5XW9T-MDHI0,None
PXWFS-C22JV-4EQAM-0BDIN,None
SE23I-VL3GN-HTZZV-7I4YM,None
JCLIY-GUPWD-CSO68-ERPLM,None
YJYSM-I9MZX-ZYKEX-RYZXB,None
WL6LL-4TOVL-FAXMI-8GGXV,None
RTPNZ-M3FEG-AFW6T-4LLV8,None
YIX5R-1OCM9-9NBAY-KUB1Y,None
KBN6M-0QRE5-HAGTO-LORY4,None
GIJYF-COAYE-IQZR3-KL6KG,None
RO1W5-GF0VR-GENKQ-XJCQK,None
BXVCK-YNXGS-MBXF9-E1BWG,None
V4GEJ-9G8X9-W1NBG-WTPXK,None
IG6YZ-TWHCU-Z9DNR-5KTXA,None
C8VEK-317D3-1CDON-YCHJR,None
PV3Q2-1HW8J-IPJCN-UZL9U,None
YPYIU-2QHOK-KYDXI-N6DJ2,None
W9SGK-RXKVQ-M33KE-DYERO,None
VGAIT-2BM0G-EMN5L-ABMBA,None
1MKBH-S2PE2-8FTIM-QKUEG,None
0EHVS-FGAWI-N6YTM-ZC460,None
E4THB-QI6FR-IC2OF-2RPBY,None
KRE3U-OEODW-NOIRC-DPSFN,None
ZZC9B-HWKRG-Q3BKT-LLZH0,None
9XYVJ-ZEZEP-JZMDV-9HJMG,None
ZI1UD-ROT1R-JE23A-62JYU,None
7IJ32-PW5PF-VTQTH-UAG9V,None
HE3CZ-BINZC-DVDTK-S5EIK,None
RDG9R-KJ5J0-OS9NE-RAPFD,None
NHKDH-HXUNC-TLQBO-B2XBO,None
NWIDX-O0UIZ-FWKRG-00MIS,None
CEU1H-ZQCIJ-ZSUJW-GUPW2,None
N5Q3G-TAID4-4O3WA-E2S6J,None
FSTPS-EWKPO-VZFHM-CKBHB,None
TKX3Q-U1T7V-LACKZ-CFVXG,None
DWS2Y-QWAAW-VUT55-42FVL,None
JGY38-3ICZX-6L5OT-3SRPD,None
HOP6B-FDZIV-CSNCE-U3STG,None
PT74H-KOBXR-SUU0R-H26AJ,None
KZS8W-CQILH-ENYRC-OXEVX,None
JTKEA-WCSAF-XKMU9-INQWB,None
WZM7Y-MMIQV-XJGW9-SOMHC,None
DDTIO-DVQWO-SOYCK-PAWUU,None
NXIDB-VYGKQ-VZILO-PXTHI,None
NMHPZ-UWLMJ-MBRFH-PHCOX,None
W1T2K-L9SS0-P6WLQ-RLXD0,None
WDXSI-M5FZN-AONRC-QVMIP,None
KFQ08-H6BOH-ADL6O-3Q9A4,None
QPHED-A9ITO-5WOH1-BOVYR,None
LY5XB-NEXFL-SSB6L-YLE2Z,None
MLEI3-IKVTL-K5PTT-UTBY9,None
LAPXU-VBWBG-WIAPC-CMFTP,None
Z64BQ-JS9UP-WXVN9-UUHYE,None
0PLOP-GNJ6A-8CIUJ-NEUYA,None
YU8WD-XYFYA-GOYIR-NUXBE,None
VO0OV-SPHSB-BPCYH-0VT47,None
EA5PJ-HLURZ-SEFHO-AOMEH,None
ISBBV-TMP9A-IE1UG-5J3CT,None
HVW1U-NIXGM-IGLXM-WFQ1T,None
N5IQJ-U3YWW-1U8YV-FDOCG,None
G7FEW-3CWLA-SVIKI-L3CHS,None
XNZZL-FOUL9-7J506-XQYU0,None
9HJJL-H6613-OQPDT-WODKV,None
Z6DXF-Y8SDD-LDW34-UWNF2,None
MERQA-JX7XZ-AOHRC-UAZK5,None
QGI6D-MEOFK-IAE3J-LN3P1,None
F6EJV-Y9N3F-Y19BN-CXOQ7,None
1GZCW-BAT5E-Y8W73-SH6NH,None
QPTDO-JIQ5P-UQPJ5-SOZM0,None
AVZCZ-Y695A-YZTGC-OH7VA,None
YICY1-7OCDJ-XDXTZ-XQTWP,None
KF8Z4-UWWKF-SCYGI-HYKTN,None
IJAGX-HNYCP-R89YP-NYA4J,None
B5X4K-MOGC1-6CLT6-44YWT,None
BTTL0-QMNTB-LFOXS-L1PH7,None
KAVPF-CCNHY-0JDPA-1YOOG,None
RWS0A-D7IEA-CWQSH-6OXBD,None
S2R8P-FPIGW-MVDT9-DTKMN,None
SCUGE-JTSCN-65OLM-KR82O,None
CFCTR-FYUGK-ZH1RS-PPRRD,None
K79WM-JMAIW-HQYWY-7OPLN,None
OYM7I-E4NRZ-ZT9IS-K187H,None
SJ92T-UQNIX-BBJHH-DRRNB,None
Y5WDT-WNNWT-N1WKT-Q94O8,None
2APWS-PVTMT-ENAPQ-LUMTT,None
XQ614-SJIYA-X8GJA-PCAE7,None
NF4S6-2NO5Z-TK575-9RZZI,None
OSVVP-QQ3BK-8LB3B-ODETX,None
WSQBD-2ASA6-PBTTN-LUZKQ,None
HX1CZ-DKUWV-QMX78-XZNMT,None
YKUBZ-WUYZZ-C9FC0-HXLCR,None
UTU0K-K8KVO-SSB5N-L4VFF,None
7JLZI-IT1HP-0UW1K-DMPMH,None
HEJD2-KLCEO-V5TOD-FEE21,None
DERMJ-EUZN7-OXGRS-9DPJT,None
4W2QU-E3RQZ-FV0DH-6AATS,None
UDYQC-XK3PT-P40YU-DWEO3,None
DVTYD-MULXA-C6W9W-FIOS9,None
SMMRD-PUPV5-3GAMS-SNJAS,None
KGEN5-WH4P7-TD3IC-YVCI5,None
RH0N3-BUUY2-OV2AS-YYWDJ,None
N4M5W-4T4NC-U4UYQ-YLONV,None
GC5HR-OCZA7-L1XB1-YMOBS,None
IEV35-RIXAX-P2DQ5-QEGQF,None
I6Y2I-R1OYG-GOWBM-7LPM7,None
GVYZ6-CZHAS-T8PB9-VNFGU,None
9ITQ8-GUT5O-SI6FU-EXQVC,None
71IEY-DDKQY-6RZG3-04Z1D,None
E0IG1-ZCHDJ-N6FLZ-GCHGS,None
6KSU5-2ZSUK-IJFSG-MVLOP,None
S2H5F-OXBFN-H2UEY-WI2CU,None
TW1OW-UV42P-ZQ6PS-ADZ7U,None
UDBUD-OS9LA-RYI6O-DJCBK,None
UDVX4-9BYFF-ZDAWB-L2CUJ,None
7APO2-OV7VV-WLAY9-FAVUK,None
DIA6F-PJDB9-84ZUC-IBDLX,None
L31WD-5VYNU-XBETV-WG4LB,None
96Q7G-TDXDA-ZCMZV-FKASR,None
3UOS0-BGGE9-2GYJH-U1SX3,None
BX3ZA-L3DFC-F4WN5-NGYAP,None
7V5Y6-FJM5J-KQZPR-XAHYB,None
XYIQH-GZDFL-XA2MF-BZQJE,None
ZM1A3-ZE1UW-5JFHB-YZXMH,None
3W4LY-2EAWI-FYAGS-WQSXF,None
FXGZE-6OP5W-PLENO-GMYZQ,None
YXN66-KZ85M-VYJEZ-UCBXT,None
DPVNI-EGHDS-WFYSD-SLXFW,None
SN2YU-YDKT3-1ZOVC-J2EAF,None
TAIWK-80NVD-KOALT-UK6W6,None
ZPQS9-5O0KA-IP5TP-OV975,None
XO54E-1LSIP-EERCO-ZCRS4,None
UEUNF-BXKFU-LLFMF-CHH50,None
CHS1N-WXMC6-K2GQE-CTWXR,None
EJWQ9-5JE45-B7CVD-QO7W0,None
NL1UQ-MVUSV-RCU5K-UWHWV,None
CNLAZ-ID1HB-XTZ6J-REFKH,None
VNLPU-LPVEQ-COUC9-MCUHY,None
X9ZXQ-8AGVQ-GFOOA-FRSJY,None
S9NDY-DRS3W-ZMQIP-4AHCL,None
VNCSL-62TEI-VQMQT-LHAZT,None
LL31V-BLVNB-RWPIA-OE2SY,None
QYXSP-FSVGY-3UBVV-4MM8T,None
BADQB-JDPDJ-SZ6XI-PJLEK,None
Q6ECP-OCYHO-MZICI-NZRP8,None
QYG1X-FUKZA-PHI0O-RGUEG,None
1KHVI-KFYFD-1OU2V-5QXCI,None
8ZYZW-RYOEA-JHXXK-DRCBN,None
IDVZF-GSL8L-8YY26-8G7RI,None
KEUWY-NOY1E-U5WFH-JPDDE,None
UULDM-FBHUG-CO6IA-CRVKE,None
4AJSO-CKDFY-M0NMU-MGDUQ,None
E4YPU-OISCL-XTPML-ITXYQ,None
ORXAG-EESBU-BCO9M-MYTG7,None
TAKWN-FQJ9O-D37X3-NRAXD,None
DS86D-LXEPW-TOW7E-WTXIZ,None
UPBXQ-5FIGP-Y7QW5-4MJDQ,None
8G3XM-HQVIM-98W9A-85QDO,None
GP57V-SXAQP-TR5HP-COB4C,None
HCQY3-SVD0Y-PRWQB-ULLNQ,None
N9UWM-MEPR9-S6R8J-05CVP,None
JUMK7-P2AS8-MQKAD-GKRZM,None
ZDW15-PY723-SPE3C-K8SUK,None
OUF5R-KS5P2-0O01R-E2TJK,None
ZN9GT-TWYCL-KHB0R-GSV8Z,None
ZOKCA-QDYEQ-M6M65-QDLEQ,None
DMBRE-F8LAF-YRZUX-MNQJN,None
6RQRZ-UCXOC-Y96WU-CQYEV,None
HZUXH-AYD2S-2D2TE-ZU2KQ,None
UDSYQ-BASPA-AYMOS-0C4UB,None
9L7VE-ALI9D-F8H6N-WIVOT,None
X66D6-ISHCP-4QXZD-CDTRR,None
6S60W-QNQ4U-OHWEE-VYHRR,None
XUIWO-DO1JG-QDGEG-ZMCGZ,None
MC6X1-XFUGC-GUQQ2-XMULG,None
ROZHO-SUFVG-XLV9T-OD0P6,None
SYEW1-YABD0-H4APT-GMIUN,None
MCZ0R-NXYZ5-0LLJC-NH3JL,None
VVZ59-UQ1QM-HX1A9-YRFEE,None
XMJZY-YGZT5-IV6IL-RF50V,None
TTQUN-A3JWA-R9WWB-7IE1Q,None
DGLKB-IQJEI-3NMYE-7HJID,None
6ZNA2-MKTAG-YBVBL-Y1XGF,None
JSJCC-Q1H31-6J9BQ-A6UUC,None
5JWGL-VSOGG-U8JEX-FKGKG,None
SLH1N-GDFRZ-MR3T4-JQJBQ,None
QQHBB-XXFC0-JXIG6-LVGO3,None
C4JVV-YCKG0-BMWIN-ZNAVN,None
YXDHK-JEIK6-3NPGO-UPMRS,None
4NZNV-3KHFW-KVCUT-OJJ5B,None
YOHDX-Z2JXN-XEFTP-JGDZT,None
YGQUB-6IEM2-KJ5EI-MHB1Y,None
JG4CW-FWVZ1-HX0AU-NCRNY,None
H3ZWY-NYKGH-AMVWT-D7XAL,None
FIUZT-LFLRU-3YFN9-EZARH,None
XNDEZ-WLKGA-SEETY-XFX3X,None
DJIRT-IWWWB-QE7GR-1B0BS,None
4EJ1V-VJ9OJ-3EKBG-RPT3W,None
D2ZBR-V4OAJ-TOAVW-R8BLK,None
EUFAM-YEG0K-LPIHQ-6VFVH,None
WDBID-WFNBE-QSAHX-IX8A1,None
XNKQJ-XBEJD-GMSGH-ZCGSY,None
WNZ11-DHEBK-QAIK7-PQ3Z6,None
S1WSN-X0EOO-HYTCM-VA1OD,None
CWCYJ-DYJAP-KUIDJ-UHVSW,None
PINOM-IRAAG-HB8HM-A6VL8,None
Z1SCQ-RXTM8-ZXEVL-XN3ZH,None
GFVZP-RLTRB-SRKG6-IVBJB,None
UXPFW-9PF3N-IUCRI-RHNX9,None
COOEO-RKM5R-ZLTQI-V10RV,None
CGD80-GKCI8-KZ0V2-M1KVY,None
NVI0A-VFYWH-JCG7I-3YSYN,None
FHLHR-UVVQW-SFSLN-UBS35,None
EMRNS-2PGVY-WI7J6-LQG1X,None
7QE4F-FLN99-FSJ6B-RO8ZU,None
SI30G-BVUUA-45CKW-RGM65,None
CKGPK-UTFLW-OPZOY-TBUUG,None
AGPDA-TTBB6-JJUDL-LNNR6,None
HEPVK-UVADS-O9LDO-HRH4V,None
7XF1B-ZXHCD-6THD4-JLPWE,None
PHO67-8LJYP-EL3XN-NOW42,None
MVU4G-FM63C-PTFQQ-HKHHO,None
H1ZJF-PYZBH-LVNFY-UMAGD,None
CAONR-ICBVT-Z1VKC-ONCJT,None
KYUT4-2JCAF-1MOKC-JXRXY,None
MOGHU-IBJDR-3DVU1-RY4OW,None
TJE3T-U2OTN-D1BZW-UYEHP,None
9NNCG-ZTUX9-EY0UC-MYKV4,None
NIQIO-RS5KX-RGSEJ-A61CF,None
KEKFE-YYANG-BU9AC-VCEH1,None
WDXDN-ATUS0-EKAZB-WJV9F,None
6YGJ4-TZH9B-MMM5C-BSNCT,None
BVJGN-WQQOC-S0AQN-0WNJY,None
FKO53-PV8BL-4DPSS-IVJAH,None
IDWL8-TOMYO-UKQUZ-CRCJZ,None
SPKPI-YUS0C-7HSKI-4AYFM,None
DUVFS-6RWXK-TTBDS-WMZUM,None
APCLP-8MPKK-XKGE7-WFH32,None
FHRKE-JQOEB-O0KD9-5YPPD,None
8LMUH-2BFF9-NX7JZ-NVIFR,None
KFEE0-ZT3RO-V8X3E-PCRNM,None
MCNAE-C06S2-WXIZB-ZTMAR,None
KUZ0H-BUMNK-TNQMU-S3RZN,None
YP2IO-HILA2-9KB73-MRIRQ,None
KX7KJ-P8VQD-XQCFS-NDTJW,None
KSUEP-AQBDR-UA5KO-LERCO,None
JWBZ2-ZKMU0-822DJ-YCTE9,None
STQMZ-3FZKI-SGNKT-TC1DH,None
PAHQD-3J0Z6-5F6KL-67VJD,None
FEDVB-AWOOP-VPA0E-PQC24,None
AREGU-JJBIZ-HMFE4-EUDY1,None
YQSH5-7JBAR-TF0EN-SGLIH,None
GVZVS-PVJNF-CI862-RUMZQ,None
8DNAV-AJ9MD-PKI3U-THMTJ,None
MS4K0-34ZSX-GCKRT-LKHDO,None
6Y2WG-LLODS-WZ03V-TTXVD,None
ZSMVU-OOVKC-3LQD6-BUUCY,None
JVX09-EAMA2-ZJXOS-45A3O,None
CDBCO-PC1JR-IBLBO-T1ARZ,None
UJVJG-L4ZTN-ITI6K-BED1B,None
WECEV-S8R4M-2BX0D-BHT05,None
DJU2K-NGIG0-SHSLF-EYYGM,None
2KCMX-RFVUJ-O5JIE-HJ8BI,None
GKSRR-L133U-MQAVY-3F1BQ,None
TETAJ-NIFKP-2CKAK-UKI24,None
JMROP-EB4QQ-MVTGM-UUL2Q,None
FCIUP-WWXRG-WIWRC-8UWK0,None
MPPLG-1FRLO-RYTKW-MIPMM,None
XZ5UO-V5K2C-JQVLY-CTPHE,None
7NJ9A-GCS9Y-CURII-OY6X5,None
ISV6Q-PGFON-RRMNK-KDFO6,None
GHQCY-FN0PK-POIDH-RPIVH,None
TYOGT-QOU45-QKHHE-7FDFU,None
7ILND-G455D-O78K6-C9KYE,None
C9FSN-WKWND-NAMWI-R9OID,None
Y5Q1T-HZWJH-FA5AK-KGFAQ,None
PRS6I-IXPMO-7DXCI-TWLFX,None
2CPYQ-AAZJJ-WDYXA-DHAHI,None
MIPCX-E3WBR-PESF9-GJT4H,None
AI34O-PBEGR-ZRNRY-Z7IIV,None
FB79G-TO6EQ-YP1EL-KUV2F,None
ZBTLA-C7CJQ-MSCWB-HS8SS,None
FZWPM-A9A7D-YRTZF-HSCWY,None
KHIYI-D9JKZ-D1QAU-7U0VY,None
ZPQPC-YSTKA-TYQQX-SNFRW,None
RNX5F-J4RBZ-HFSZV-TI8NQ,None
CXM89-472TW-5MDS4-PFSSJ,None
ZTNV0-ZYQBW-IEJ1N-LFOGD,None
Z5PQF-ILCR5-HBMHP-02SR5,None
YATVV-KRL6U-JKIZA-2A12L,None
5IHPM-XBVTA-0GGXM-NTERD,None
P7UL6-PY58Z-SMAG9-OOVZT,None
1LATT-IQ8KY-4KTAU-87O9E,None
UC5RT-SAKWM-J4ODG-JJFHH,None
QBKRX-IKQRT-5V3PB-VGFXO,None
TM2YT-WJUBW-K3PXE-FBQ0P,None
XSUET-PT8SQ-RAWX6-V6RDG,None
UCYFU-UBAHJ-O0YXB-WPBEC,None
ODAP8-FDIT3-IRBIX-AUMKG,None
DVFWG-GH5LF-VEKJK-NRPHF,None
WFEU2-IYN3E-MZNUY-TBSMC,None
KHI2M-TYBS8-HBRH4-0XQBU,None
DQEMJ-UYT4R-E6EJU-BQ36Y,None
NHMHI-EXCSD-LMWO5-VBNHP,None
PR7WT-ZUY2U-JIKWA-GUVDQ,None
L00NH-BT7PO-WANFI-2SGXP,None
T1DK3-B0MXV-CKSI6-5NIDZ,None
XMYFF-SLVTQ-GUIK0-D5PJP,None
9G5GM-RXWHK-GEAGG-ZKG2S,None
P1YPE-N7AWA-WMAXS-PTAJE,None
PAF60-KGPLJ-YRNYM-HVQKV,None
NCFQX-QWBJR-X7ET7-NCDSX,None
RPBCQ-9YEHZ-IXBR0-8ROQU,None
K3Y4O-JXX85-KZO6V-3QBKH,None
C9HKP-EFLXN-BDKB9-AMI5Y,None
5RHAY-2IPBH-ITJJZ-XXR7A,None
502VQ-LT3EH-8IHZW-XRA6D,None
4NWKC-L7TJQ-KNSFJ-KUXGA,None
G2IJT-OLV0O-TRYYR-UK7IB,None
EGBB1-6GH78-UDDOP-SEHER,None
EKZTP-IFL2A-BNZY9-3V8OF,None
ROFTX-OXB2S-FCFLT-ZFLOC,None
BQFGU-3X63Y-CPXBA-UFYRI,None
PUTTQ-F4JSC-LQILR-A7RZQ,None
6WYXT-418UK-W4PFK-T5VL4,None
RQGXX-AGQNQ-RJR0J-AEMRS,None
YD6GR-G3RFB-YLTW5-WAHCL,None
NT3BN-UF9BQ-ZKHMI-YA9GZ,None
9PHMC-1B23K-SNKK8-DOMRT,None
UCYM6-UE1G5-EDQCX-C4LZZ,None
HS7T1-RL7LZ-HUJPL-OMLV5,None
3XVNS-B2AGW-FLDDS-I3UKS,None
VA77Q-RVVUA-MQRG6-KCDU4,None
NIOOI-YSHOY-JRTSU-NT9M3,None
BTYGB-FC0A2-SV0YE-RTNTB,None
XQUFE-4BX8J-B6B7Z-O4LVH,None
UYAFH-ADUQE-CZOIK-I7XLE,None
JY5ZH-GIEBI-6ICZZ-BLVJJ,None
SRZL7-NAB8I-RYPDC-GSFOM,None
CWYHM-HSRVI-2S8F4-XFXAC,None
2UPLS-HOGYS-5LXWQ-HPZNM,None
JCW2D-YDDKB-GVDHE-BOFTO,None
YZ3TU-GFJER-KBZBA-ASHW1,None
QKL6L-YTYJC-IRY59-N7VJL,None
W4EOD-6JPQT-4N5RG-VO358,None
PZWXG-KRKHA-TPXJO-HEPPW,None
PGOEZ-FBFYC-GTIH0-OUJIJ,None
KAKFT-G1DRV-TRXAE-INIBK,None
UHOSJ-9BBGV-DMLXM-NDIP3,None
GOT9D-UIGLW-A5VES-LPD3H,None
N670O-OQMDQ-QRGGD-IJZHO,None
WIFUR-8BPXO-VQSGW-LICLK,None
LS8EE-UNZ09-XNCTK-OUWLP,None
DUPPB-OYXPJ-JYHV8-45DZ9,None
PM8GS-L53K0-CDR1S-AGEUR,None
NYLAE-ZKKMC-JJLSX-NXGVW,None
A4R3O-J0JID-ZF8WI-AEXE9,None
DWU5K-HUYDC-NZEXW-4BRR0,None
CDVZE-QFVIT-FAVM2-WQNA5,None
PFLBI-WDIF7-3YUJ6-QWA8R,None
3NRJN-IZN1E-VEVQK-KMDF1,None
0Z8PW-1CBYA-ARVFP-OWVA0,None
SM1SS-UR9OA-Q38WB-WMFBN,None
GKX19-LFV97-YPNKU-59MSN,None
SHIOP-UOI10-IBYJJ-FGVXS,None
L6VOS-AZXYR-XMTQ4-GRZAH,None
AE8PQ-CFIOV-LGLQK-ELQ7P,None
3TXFE-VGEFV-FZ7QX-Z3NV3,None
CKT4B-3DAGT-XM1YO-AIJNH,None
AUSL1-WHNLI-DPDBZ-1BMOR,None
FUAEM-RCQ9T-CGYUN-1IWEC,None
RPFJL-LNATH-E5BHT-SIVHJ,None
SLNDG-KJF3K-HE0C0-HW91O,None
QAMB6-NSNTO-5UXTU-BQLMM,None
JCCNI-C63VI-16NUS-MWYMF,None
9PLBW-BSLF1-7YXS9-FLC4Q,None
RSPXA-PKR54-4N2JJ-VXZVD,None
119YM-DZ16D-ZI9EU-ILY9T,None
KE2MN-RY1KO-Q6YUU-TO7DL,None
DRTKS-WSPFG-XJOKM-JBA2J,None
FKEVT-7VMIL-42QJV-1IR4Q,None
C9J3R-I2VAV-05C7W-NW5KO,None
6O1UE-L4E3F-BKHRV-C4RJ1,None
8D3TC-UZY1G-9QMVX-NJ5PZ,None
DTUYH-CIHZ3-LJJH7-BQRC6,None
LSFUX-7EZMQ-TGNSC-MOUQ9,None
E43MZ-EFPUO-6OSMN-U5VAK,None
SRZQ6-C2W4C-EXOBS-GO3U2,None
7AAD4-FBJH9-ACKSP-YLUCQ,None
BSVIB-ARVQW-NJ8GE-D1WV4,None
ETQDJ-WZFBG-BHK9O-G6RTJ,None
RXT3H-AXVKO-K7YAE-HYXHW,None
MYHAM-0FCPN-ITTWY-5TGDT,None
JYFUW-FUZMC-BKIAC-PUHOB,None
LLTZB-FIAQM-53RZ0-QAQOB,None
O6TGH-VMR5H-3HQPK-7WYXP,None
KBREV-0COBN-JZI17-NBO3N,None
TZKEM-OFPYH-84T6B-YJPMI,None
1EMF0-AOCSK-MGXIU-5ZLBR,None
UTXIV-SP7L0-3QN7V-1RZ6Z,None
CTWQX-Y6RI0-DYZBJ-XVCIH,None
9T0NC-BPGZZ-STOWW-UM97L,None
NJQRS-U4F78-MKTQ5-NOKZW,None
4USQM-GWNXB-RNLQN-YB1YL,None
98JHF-S9I1Z-HSIXX-N7G26,None
VQOKF-N1BZC-WC6DY-YUXOL,None
FSSZR-K7PU0-EBT13-1I7VH,None
GHN8L-QCALG-ISW6N-93BRE,None
UEVZ8-HHLHP-TQFN9-QM3UZ,None
WIF0E-VF0BV-APJFS-NMCRE,None
ARYIP-CIU11-HPRTC-MGYIQ,None
IF4YW-ZDGR7-GWGCF-K0JAT,None
OQCVO-OINHA-AJEK2-LXCHQ,None
GPM1O-XZOOS-QV9LR-EEZJE,None
RDTMH-QVU1M-JURLJ-BNOCN,None
UMOQE-NQJ1X-NAEYT-8VWAN,None
OB4MA-MWROW-GKECB-VNIY6,None
D6HCV-QYW2S-O8GDX-NHZWE,None
BVXUY-SUPF4-SMXXL-3WVBH,None
5P5UQ-HUJWY-EG5JT-CGPLU,None
2L1BW-RT8AG-L8TGS-SJVJQ,None
DNJEQ-TMXMQ-DVPS4-84KHY,None
CRTZF-6210O-ILOL9-D77AN,None
YDW31-CNUJ0-QRJTS-BF05O,None
LCWF0-M07AM-J7BOU-GMD48,None
WJO2R-O0HDJ-59JVM-0YK7E,None
FC7NI-HVSXW-I0P54-SY0FL,None
NGZO2-9EYGR-EDBW0-ZJ6NP,None
REMW8-CWTVB-989EO-VMIPB,None
K9EVR-MWYBA-YTT5K-AJOTZ,None
KKU8G-W38YQ-FX0MN-X80AV,None
R9I0R-GJ86R-UNFNQ-QSTMG,None
R0GLQ-4OIDT-IR5KQ-X746E,None
YMJQR-EED4L-HBMFZ-OMC9D,None
NGWZO-CPNDC-AXTCI-9DR96,None
GULNQ-KPFR2-C7GOG-JGGC7,None
PTGEG-TRO9V-SLR4A-YSPGI,None
BEYLK-FEPMN-BFX8H-4LTVS,None
Q87CM-YM9CC-WLUF8-HNWW0,None
T5IKY-YUW94-PC0DK-PGFLP,None
SV0UV-1LYAE-VKP88-YTPSZ,None
02GUT-3DZT7-DOFI8-6XXJT,None
TFCIS-C2QTV-ZOO6X-AOJBT,None
DJ2WB-8CGGR-DSNIP-TKAAS,None
EERNE-7OTUY-WHH6M-HWBL1,None
HUAOX-OLDJA-OPTQR-NHKVJ,None
WBLIV-RAZIM-QID64-BFWDV,None
42L6S-DTED8-9JNJK-TQILO,None
F7KDY-HCIFR-W9XCM-ICCML,None
YW5QC-8ASVI-4GPGY-ZDFZY,None
IUATM-KQALP-TYOL6-CY0WP,None
6LMTV-2I4E6-ZR7QL-5NJ4H,None
YSKXV-59DP6-4ZM1Z-QOGVX,None
MES14-LNSDY-6BSKZ-ZKRYB,None
SOM2Y-6JUW6-DS6QY-ED7LY,None
U1XZY-6ZKYJ-S65TF-GG4IH,None
M7XAC-0NCEH-OQMYG-UVHHR,None
62TFX-DEGQL-Q6UMF-LH5HM,None
NJMDP-4SMNE-EIERD-GZ1HY,None
FIJVI-5PBGZ-JSLBP-MADLM,None
NVEDB-KOOOQ-ZLKRP-MGXLM,None
ZGDUZ-7ARKN-XCTL0-NW4Q0,None
PND2O-HZRWM-YKJTE-O5GP1,None
NZVRB-VF5JZ-FVBNF-I810Q,None
CSQNN-X8TNE-SALXQ-WO9GN,None
HNPNI-L0LUR-P85WV-Y49BG,None
WCCPW-AGKJG-VW0BS-VKUYK,None
EPIF4-TRMXZ-VVCWC-JDDTD,None
X0DTG-1HTSJ-D4ASP-CA5VY,None
TOQRE-M5CGK-O8XLQ-PECS8,None
SBH4W-WKG9Z-SA7WJ-Y5LN5,None
RQWBV-8XNTV-YZRAR-DHKDQ,None
RVX3H-NXRJ4-FCC6Z-1VLLE,None
4JX8Y-5NGU5-O7QFW-T3KKH,None
FZOVH-CEDRE-R2HNB-NOUC1,None
XKR1D-XS9GR-EFND1-E9KHE,None
9VVQB-OUCX9-OCLVB-9RVC8,None
MFJDH-46UBI-5O6EB-YKR4N,None
HKJRO-SHYJG-8JAAL-OWEUZ,None
YLM69-LOUB2-H5D6E-WPMEH,None
XFCTY-UHJOB-PMG9N-YWGWT,None
OWYMT-T1STM-S3KFK-YXCWK,None
DAP07-GHW8B-H7RSB-HSUUA,None
RMMU6-KRUIT-SRXBA-MGAVX,None
6MIF1-OEOBX-GWZMB-Q7661,None
5IMSF-JYYTD-UUI4Z-I8JM1,None
KO4QU-WMZN4-TF953-B2ZWX,None
FCHXY-ESBBW-JZJI8-TEWKP,None
5RAFK-K0MDN-5UVJZ-QAEET,None
JST2X-2CN7U-Y9JLN-WJDI4,None
0MWBG-BLBDC-T1FJZ-3Q82C,None
8MKAB-FQ38C-GYHK3-NLTJG,None
EJITN-903BE-MDUFO-R1SUH,None
5AYPT-BAVTT-4BSYY-QFVEE,None
MWFDS-LEG95-X4VFF-NG0XG,None
KDKBK-JBOCE-VIVUD-PJSET,None
EEIUV-OYYHH-TGJFM-TQ5ZE,None
NDOHF-DMWMH-IOV6T-GNLVQ,None
KG18D-ZPECU-TEUOI-DFA1E,None
7HYVH-ATZPM-JUFGX-LRKYI,None
QQKBN-RKVX6-WJ21S-0DWOX,None
2DXQX-U01RG-KD2BU-QGLMF,None
YDFQ8-SOEIC-1IOZY-IX4XK,None
A5IHT-HI8VO-YD6SP-FFFJ5,None
VJEL7-DEA6Q-AKPKN-RDNTB,None
CMR5X-VOLLJ-NFBDM-N6QIY,None
R4RH6-9HTHF-HX9J8-JKOSA,None
BFUAZ-RD4MI-BNPVX-O44ZU,None
Z14PP-YWXPB-ECDPJ-EWB5I,None
IAG8E-J9OI1-S3HEA-HW44O,None
DQVXP-YOBUA-6TP36-JC9FL,None
BYBBJ-XOZPK-PVO9N-N8XA8,None
0T9EM-XNWHA-I7QXG-HSRES,None
OFSGR-NHJCB-LPHA7-4IVGR,None
1YVFT-L7CYI-NCO4V-SKZ8E,None
ULS0Q-8RXPW-OIFKY-BPHBP,None
BCKFA-HNR6H-JJLAB-VTGFJ,None
62LKF-4UIW5-XM1OA-5V5DK,None
GJ6PS-R8TZ5-7J2EX-1TMNY,None
GH9DA-YLEEI-SCRGI-N870T,None
SDETK-UNF0J-52UYX-J3GBN,None
2BQNA-ZYODP-5I0TC-HSMZI,None
2UL1S-D48ZW-CKJJW-X3RKA,None
D7JBO-BYFQI-RIZYZ-AUSIC,None
EJAUS-1FC3B-CSKJM-Q3OY4,None
1THJP-KKPMS-TLEH5-BGAHP,None
QPZUS-SBZJY-J9V9Z-QQXIA,None
XWNME-PKFBG-NYVWT-RP039,None
MVCZS-9LSMG-E8T3Y-9T1GL,None
3ZZ15-F1HBW-YXPCF-FRJTB,None
S7CVN-LIGLA-AR6V1-2WQXE,None
AMVNN-LL4W1-R5TTU-FTOIC,None
4FUDP-T0TVO-8B03M-3A3JB,None
MCHZD-C8OLF-TJCB6-AL1XY,None
ICEEB-AFVMB-XKXSD-XKRN1,None
WY4ZP-Q4THO-QK3P4-UDGCA,None
RYRKD-QNP5O-Z4N97-TWF06,None
THRZT-VMMPQ-EWP4C-UFMQ0,None
LDER4-FER6O-CDPMY-EXHUY,None
N87IE-21Y8J-Z0SRD-RFRH7,None
0VRFR-I5SGW-4N9O2-CDW8W,None
W19CQ-G8IBV-6DBP1-QPA1Y,None
QCXW0-OZXWC-VL9FY-IOBMF,None
TCYZH-ZW6NI-LASI6-CGGWI,None
BRA6X-QLJZX-6ZMFD-GXQT1,None
NZGZZ-VVY3O-7IYB3-TZUBJ,None
JZDB1-1ZC7J-ZGI2T-6QDWH,None
AWMCX-FSGKX-NYSNZ-75FLM,None
SEEF3-OGX32-K4CN2-ERKXC,None
YUDJG-CCDEK-ENNFO-FVPF8,None
ZOET2-P4QUX-VDDZO-0KB8H,None
404LP-RWNB5-UJO2M-20ULS,None
TKR71-8I99A-G5DB2-C3GMX,None
QPYKU-BWOX3-R6EES-WKUC6,None
OIS5Z-Q4WYC-AGZLO-PQDI9,None
H9WFX-P09HC-MGB7C-6BYJQ,None
YUXVP-WLSJB-LJOIG-VY24N,None
PBQMN-EWY8A-RA9T9-HUWOJ,None
EOOXZ-N78YJ-ECQMG-EFLNF,None
R2A8A-UXYE0-KSKZ0-G8V5A,None
E0G3X-8TCBM-TAENS-JBYVE,None
DNQ0O-X2UJJ-VP4BA-14QU6,None
KMCBD-KIPRC-GQMJ6-HHFVH,None
18ZBF-Y820A-LBBHO-HKETQ,None
H5FGJ-NWPVG-8QKBX-KRNR1,None
OJUTI-DSV0W-4EOV9-61AXR,None
0HDYC-IYOWQ-RUSBL-BNZLJ,None
UZ5LL-J8N6L-NAK1O-TRBV2,None
EA6EO-T28JC-3QZDZ-26ORE,None
KCUEE-5Z6KO-ADLDO-T8YFO,None
TJD3S-IWMJA-YBW84-SBGSN,None
GW0NN-ZUDYA-6MUKH-DXS39,None
IKONN-UTNWX-WQKPL-GWOFP,None
3WTFG-LAMVN-M7YI2-A8TJS,None
PLFSG-VIJP4-SA0LC-LX1UM,None
R05HG-UARZG-OFAE1-XI9CN,None
M3KCD-EQ1G6-UYHNO-Y6J8O,None
R252L-IRN6Y-MRO4L-OFNT1,None
T5YJG-QSXZM-PFMSK-VQR4F,None
F46VB-JC3HI-1Y4QJ-NOQL5,None
VMLDL-BSCJO-UZF0Z-6BIQI,None
JLTD7-RABCJ-5VXEL-SPGKJ,None
OVS3H-AG2H3-FXAKK-GCVEW,None
LPTLW-U3YVH-S6GXK-JGPYY,None
1WMWR-AIWPV-ZBYYS-7HVLT,None
QI0OV-TPK0G-GEXE1-QY1C5,None
YMCAF-YIQCD-N2VIX-I4XQE,None
MIIJD-RY5ML-AHSEX-WIZCH,None
QVZKD-CDXFI-MMJQM-Q1RWN,None
AOFLU-EZDNX-WXHCV-5OTFQ,None
CI2AQ-VPZPY-OP2EZ-SHZH4,None
RIHJD-SE8SD-B37RV-XZ2DL,None
NN1YI-1BDXB-9UKGD-ZKFIM,None
06XBK-HLCXH-PQOEQ-T6NP2,None
WIQDP-JSJSD-GHHVQ-ME1O5,None
SLRST-YGBWG-KXKHW-ZGX9L,None
6H1YP-LUI4H-O53GN-ECYNT,None
QRJBX-VUPY9-6GBN1-2IXBZ,None
NLDLC-KPC0Z-CW14N-ST9AY,None
J8XRC-KSHJR-IWKNV-M8P6A,None
OQXFS-YYKY6-SSSHI-NKKX6,None
UGI2U-IQG81-QEHWU-HGEB1,None
HRCMT-RR7LT-YOPXS-B05OS,None
C2AQ3-6YSQT-1EY2B-GXNHV,None
PPAMS-E3YRE-0GLRQ-XHOUV,None
KSQGZ-Z0MYL-IMND3-9AWFM,None
NN33K-OSXD9-LV97X-UZWJN,None
DYRHL-7K8SY-O42HT-TVYUU,None
XR57F-WTS69-VHIUY-U6GHP,None
217PM-Y3WLH-C8NXP-SYPJJ,None
VSVWU-YE0ZM-DIPD9-VYAC7,None
JCDYI-8VOSP-M8BT4-8PGW5,None
YPJUW-WOIK1-VK6JQ-I5JJV,None
WQOF2-LNCZQ-PVTTZ-FX4QE,None
TV90R-IGKIV-FWFU5-YJAII,None
NTI4O-QAD3V-4AQSO-YRCFI,None
LPDXJ-SKVEK-QPXCS-LJ18B,None
ORDXA-ZWJVS-XTKJF-BIEYK,None
SMNRP-MW5PQ-DNAD4-0ZVVN,None
C94YZ-JOXWM-KALXZ-X3ZLD,None
NSEMZ-YCBGM-JLRS0-VVKSH,None
4I1X4-VAEQM-L39F3-AHAC6,None
IKOSI-5TIRV-0YDQE-07AL6,None
X83SO-CZJ8Z-STQPR-TOK8G,None
C3B9S-SADXY-V96OZ-GUBYZ,None
QDYEW-RVRYX-UHQPA-3OWRQ,None
E8WQJ-IWDIE-4KHEJ-L61XC,None
FOQ5I-VUMJO-JKINX-PT5KF,None
IQREG-UEVQP-DA0ND-PTXOY,None
JPZS7-XBG6W-KHCQJ-T2ZJT,None
PLD2U-VTH4E-XT7ZL-RPNO1,None
79A20-4A7NV-VETXW-EGQ3B,None
TIT6F-PNJXA-WRTYP-JWJAJ,None
SUGDN-PBVAB-4PPOC-VC5GO,None
CYLCN-UZAVW-NN8EY-HB2OT,None
FBO7O-OMCDI-5ARSA-OEYLW,None
IXDE1-BUSNX-LXF1H-SVAAN,None
FVVQ0-GFUYB-GXSUZ-WQZXL,None
BGS1P-QJWZG-8IZO9-V1TQR,None
KEK2E-HYBV6-C9O4Q-Y209M,None
M8LWZ-7YXKQ-M9N3L-MD5IP,None
ZRBCZ-MI3OY-BHU5G-TEQLA,None
RF7EU-XIAAT-0AXKJ-EA4BH,None
UVIYY-QITIQ-LAYJT-DAD7R,None
UAUII-JZNRT-TGKNS-TATF2,None
OAABV-ULQBO-ME7BK-E0QAE,None
CRPYA-OE7EL-RFWKR-2CWAO,None
9U7JN-MYNGI-XQKJD-UM9KM,None
JV0AC-JBTXN-AXRJU-LOYZV,None
YDIWS-LZ1LD-0JVZ0-UTRWH,None
JKWAR-AO1A1-EVFKU-N6LBY,None
4OXOG-RDQVD-MOUKH-OYSJ2,None
WESM0-J55OU-OJXYY-X8PJB,None
NOCZY-KNWST-K124C-NCMHB,None
UZBDS-HQD8N-ETJAW-QICLL,None
NUQEH-PHFVH-ZCKGD-U5W55,None
2GZTM-OK0Z3-AAS9R-V6R7K,None
UW8ML-WTYLQ-WSJMF-3HQ8K,None
FS5HJ-XHGCR-8KHZH-QF7U4,None
NVZNL-472OX-XR10O-ZX9S8,None
DCGNK-GCEDT-GYGD8-QPOTA,None
RN4UO-NQVYI-BPKAY-KTBET,None
TTDGV-G22PP-LXGRT-PVDHT,None
TEOAL-5POEU-DBBHF-2MGBU,None
3WF6B-W6CUU-O5V7R-R0CZV,None
ZWBW8-DGMEJ-EPISG-URIWU,None
CAD4G-PHMDI-GJN7N-SVHSJ,None
A387B-VGZP9-7ZSPE-T8RBK,None
RKSLG-0YTJ8-A8ECZ-BPSOF,None
9RCGD-VC35W-LRJDE-RLX74,None
QSKAE-CP2W0-3HLCX-JZGXA,None
L6R8G-PQS7Z-44BLX-QDUIM,None
D4875-1WDZL-C3R9B-GLKR4,None
AP86W-F3X96-A8UTL-D4KBR,None
N1HMO-7EWL8-BKF1N-GB8A9,None
EAEUL-F4DDH-RIBYW-NDMFV,None
ZRKXT-1URLN-BEHX6-KA4OF,None
3GENF-MRYE1-QJS9A-MILCI,None
BAWP9-KAFJF-HNKIE-TEGKY,None
NO771-3OEMB-2FUYC-ZBPWD,None
VV3BK-NR0PJ-XNZQC-0VLOA,None
NU4MY-N4ECK-RXGRS-BEB5D,None
W0R12-MUJKW-AOMH3-PPMY3,None
8U3IC-G0DXQ-MAIDV-VTWKB,None
SXEGB-91DNT-I3SGL-MFD2M,None
IBVOM-BHUVF-BZRMJ-Y6BDL,None
6ZU9V-7AJNV-HTAQ5-F5SNR,None
KE3RT-JIWY0-ETAHI-9BPP3,None
XILDT-R9TFH-P4NHT-EXKM4,None
1QKWO-V656O-ZDA55-EVPYI,None
PN8GM-VOIJH-J9TRD-EL4UW,None
Z0ECI-GYO9S-FSZQC-9HJTS,None
LAZDM-RD0GG-BHLYK-Y1HRW,None
TXZNR-JN6JV-8LVHR-H40CU,None
TO17V-OOY9P-WXVZR-ZYM7H,None
MYJBB-YYNJ1-OVAFF-DKQ3H,None
X1QPP-4ZPXN-QO2CO-R0O9M,None
JMRF9-1MZS8-FSHOQ-PH6YU,None
YB1ZS-F9MEB-A5MG2-9XJ0I,None
8EYCO-RQNEE-WOIGL-JOGMB,None
D1TTU-VHEBK-SW07U-8VRJI,None
ASA4I-HMEZ9-O4JH4-5TY9N,None
DH5CL-ZKXGL-W1TNO-NXFQG,None
JYUHM-TOOW0-I2OD3-TB0HA,None
AL9B7-HSOJO-FISES-V9I0K,None
QADAJ-AJLPR-R3UW9-TRCRU,None
FA6RP-ALSXI-IZN0U-VHFSB,None
BXP4R-X8D1S-EVFEG-ADNSL,None
CNR0F-TV9UY-JN6K9-O6PSG,None
EF9HY-LIAJ9-KAE9X-AIPR8,None
R75O1-2S2ZO-5973S-PEMBY,None
A91F5-6FSHV-Z8QCX-UUXMA,None
SQ5M2-0NXGP-FH14T-SCGPY,None
HFN58-K20EA-8DNLI-YGBEV,None
XIUMH-AGYVC-YCGEW-AXQJE,None
U3T9M-PVBGG-17IEW-CGY3X,None
UTA9Q-AFVU7-QW27S-I1CL4,None
YMVRV-MMYQH-JLE1Z-UEJ1K,None
CE4RK-QAPKM-P8B74-MOXI1,None
VCHQN-F1TZE-8DYVL-BWQHK,None
TQLAB-F4HNY-ZJNOT-YTWGY,None
7QZP9-58AFD-DGRGB-UFCB1,None
RNEGM-T4QQK-CHEKP-RER1D,None
N6HQK-L1AF5-UWUYH-MVOZE,None
BVBFF-XXS9T-4WPOX-68L0U,None
ALNX9-GTQEF-2YISM-N6IYR,None
LSG1M-VDYSM-U6PCX-0DNYZ,None
FZY0Y-MBBTE-W3LFS-MHM2D,None
A6XJS-OCQR3-ZNHJB-E3LCL,None
KUZG9-ORDM8-UOPEI-NGUPM,None
NDLR7-BGBWC-FX5S2-JXJSC,None
O9A6D-3QQHY-NA6MZ-DX1BG,None
BJTOD-OCVF6-NIXIA-TDBIR,None
BRVJH-LNMOS-HZDAQ-TIQFD,None
9GP00-TLZZT-GMVZR-AROFV,None
TEWNT-NP2LR-AHDKP-KV9ID,None
0WDP0-HETIJ-TKQYX-QXIHC,None
969F5-APGHK-T0JON-UCX7Z,None
HERE6-0LGJZ-T5KZ9-NBX6B,None
QEUWC-CUAZM-VAOBD-ZX6X0,None
SIMXD-IRYQZ-2KEC6-AGAP4,None
NCUGH-CFGGI-T2DZW-TCG9G,None
ASRLB-HEMKA-4BX3S-CWNGV,None
P2VBY-VJRWY-6XCRN-WLLKX,None
UXIYY-FOBPN-V3BH7-0CPTD,None
AW1VK-B1OCI-4GFKC-VPZRJ,None
2JHYY-AWLQ3-NWSEY-ORKFW,None
PVKZE-GFH7Y-YCZFH-FEL8P,None
9D4RG-UPB8Q-CNZ14-1HGKR,None
TCJYV-EXBST-4SOKG-IQBZN,None
5JFFV-R9X0E-K1BCV-9FAUX,None
9ILND-BMYN5-O21FJ-LLDLZ,None
4RNOL-RUTEP-GRIII-NJRHT,None
BR0KE-UXGLU-GW9LA-JIJF5,None
RU808-SX8YH-PLGWD-OLRVM,None
XLEPU-DWFKJ-RAJIM-MYSXO,None
NIWZY-FSUK8-V08H1-TMKOI,None
1IW7A-YCOEY-4IKRK-UX6NR,None
S9L3B-QYX9H-8FWUU-TDNIV,None
CLCGG-PAMFD-UHURY-IYBDT,None
CER3W-NULNZ-1QCFJ-INRVA,None
LCFOE-7UNX6-M9N9B-OBJBE,None
UFNXZ-DU77A-WNKKA-IBO7O,None
SK559-JGURL-EXJK1-QBALW,None
IPA0E-GJOVR-ZIVHX-QJELT,None
NLDTD-LSSYI-HCMCD-C0SUC,None
CRJQQ-K09GV-VO3CR-UBGWM,None
XACFM-NPDXG-PFALV-YVMUN,None
GMBHK-IOSGN-3LIIR-54PR8,None
5YMRF-CNIXC-IIZX5-9YZW2,None
L1GG2-MQBUO-YX5Z4-MYPGC,None
RDPT5-3YOK9-6O0OI-JXOXU,None
0DQ6Z-ZYMH8-5AXFQ-VHZ2X,None
OSV0K-KGER4-PJOTP-WIRFO,None
TQIF5-GZVG3-QF9NZ-OVHSC,None
6ZADK-K7XDO-EW7N2-OGHMQ,None
MLVZV-IJ7ZM-VHJNZ-NBKTP,None
ZZ15Q-BPXWH-IGMBS-9WOSY,None
ATFF8-3S935-BDIL7-UEVII,None
WWXWE-IMNLJ-Z7C3P-MX94X,None
PRYDS-6NAD1-XB752-FYB0R,None
ZWKP7-YBVU4-PP2BL-KN0KT,None
25NG8-RZKKC-LG2MY-6KBAF,None
BBFAY-XTRO9-GSVLL-PIQBQ,None
IXTWU-3PWL4-PIOIG-HCIAX,None
8WCDS-213TB-L8YPU-ICHSI,None
3AGXE-RYNXV-JRXWK-RPDP9,None
7VIRM-NWNC2-WWQIR-DXOGO,None
TOZ2J-WXD9M-ITPZO-LDJRH,None
68T53-RINHO-6TJ0E-CXXUC,None
Y6HDT-HYJXM-7JRWS-8IOPM,None
604KA-LEJ12-NPZFP-TKIKK,None
01QTM-TWHYL-JSBSW-YQ16N,None
PEYWE-RLCCE-LWO6J-Y4ICS,None
IVDQ8-NCYXC-EFE0F-XGK2D,None
IO7TB-AYKY6-FDSKF-JGIDB,None
KGITQ-PKF1J-U3ELU-FVEWI,None
QRKRP-PPJYJ-0RNTY-UGVXF,None
NM4ZM-KQLWN-66DIT-0PA0F,None
94DXG-KMC9F-NORY5-WUE8G,None
1GBZM-R6JZB-HOGLJ-KNVAX,None
HW6QC-LBK6Q-NQJ23-YIZ5I,None
9WWJN-QXIPN-EJ6GY-8208S,None
69JRD-UIWLX-NGORZ-S38PS,None
QBUQ5-WWKVC-Y34DS-VF9IF,None
I3XC7-9JFIZ-XZISJ-CJV1U,None
W7TFD-L7LTE-22WHQ-KCXON,None
S0T0A-AZ7CM-EJLKT-6ZXXT,None
8FCN4-WZ0LO-KHWTX-QPFNC,None
KHX1H-NTHMH-F3Q7H-2TN6E,None
G7QGT-IP25I-5TKB0-9MQQE,None
4NEVU-W4NJ1-3CMYV-Y4BFA,None
9ZS65-CYQ0R-OAXBN-USSCE,None
MKP8M-HWDYS-S2CAR-L04VO,None
ZPQRO-YXSQI-YY4UW-QCQOB,None
QFNPM-SK2PX-BF1SW-PMIIG,None
ZLBL7-RRKD4-GJGDG-YWAHL,None
T357Z-GKQJY-6ALJP-DMHTZ,None
MQLRX-CTYRQ-DFPNL-PHMKT,None
7ACRU-AGVNS-I5NPC-NU19P,None
26CVL-BPY1C-0X88H-JRY3Y,None
AKHYI-SMVIS-KJZIW-JBJUT,None
Z5PLZ-0ZQES-2WSDC-OEHHW,None
UDZGB-RMLWV-GRDW8-4IX2R,None
L6IXL-72OHO-1FIL9-BXESE,None
OLEX3-HVV0A-FL9PM-93RMU,None
GLAFX-UOT2G-IO9WJ-AVGOD,None
J6TDV-4UBVX-0ZDPL-CKVCW,None
X5C4F-8K0QD-W46PU-ZJ0YN,None
JEKC2-KYP6I-ENZ71-3WC5H,None
OXMNI-MPPSY-RZW9S-IFV51,None
GE5YC-PWTHK-1LSYD-CCXKK,None
TLINY-BDAPQ-WXEKP-JX6SU,None
BM6OI-DIQIV-FXULT-0ICGT,None
HSKRW-XU0KO-DRBH4-3FO6B,None
WXZ53-DRIOO-KTVGJ-ROSPF,None
22DTW-LTUMP-PQUQH-E1WQ0,None
X3ZSR-QUXYF-AONUC-XDENF,None
R9U6U-NBLBE-KJVZM-551SE,None
EGNBS-G4VVM-VJU8D-ELLDB,None
FB2S7-KO4I3-ANMQM-BM2ZV,None
W4SYY-EDHM6-LKCLA-SNBT2,None
FATRW-41T5Q-NRG5K-ZXLP8,None
FFCQK-PLW7D-LZTNW-A3NCN,None
QPJRA-HA8MU-M9S6L-JG8NL,None
FOUBR-91AHG-3RESQ-YLZH6,None
QVX5I-PI85Z-GZOPR-LBZTJ,None
5TYN2-ZHLYP-44MNO-GYJ3W,None
2HDWE-BIMSU-LUCKA-BPJWS,None
DAAHC-TWW0N-AVOSD-1PCMM,None
CQDY7-EUSGU-HVJH4-TJHYU,None
MWHRW-ENBFL-GQCDZ-UALMW,None
TRCHQ-AA4S4-FPSNJ-WRUJY,None
JL7X6-I1J2V-DKHHX-SXJ6B,None
PIFDN-PSCF9-D5QXI-IZY85,None
UEBGJ-DCIV2-JLYNQ-6HRCP,None
FRFRE-27SLV-58WZI-SLKHI,None
JRGXN-SXVQT-6MO0I-COX7G,None
SR6BL-9V5GC-NARFH-P9MZT,None
GLL60-AU9OM-PE9EN-DM4NO,None
F1NYU-MOVGJ-2LK5J-ETM3V,None
PKQFI-8QIBN-EL3OW-4F6SS,None
VOAMK-JFOU3-TRGTM-SRC2F,None
TYSW0-RRKRW-IGKM1-ICSER,None
1LJ9Z-B1TNM-78PRV-DWFH4,None
8RCCA-PRUGT-YL8AP-OJRJY,None
C2G0K-P0DTK-B3SG4-W3ETJ,None
CV41P-G81LE-CMT9U-HYQLB,None
VHLFD-R4XTO-BD2PC-N0T81,None
9HAZB-MADBO-GMRUZ-TF3UY,None
PDOHN-PUBUE-ARNIA-FY4AY,None
MHCJ1-DFC9Y-NFFDB-0S7SG,None
OWDPY-Y7SMS-X5QUS-GAF6A,None
K1XYU-GUQB9-X8YFD-FA8TJ,None
T00AZ-ZUI1N-EV9DH-SZZ6M,None
USDYI-B6VKC-ODIK4-U6THB,None
CNNF5-HM0MY-PUFTK-2SQ4V,None
ZZPYJ-DKT8E-AIKNY-DGDU3,None
DZDPG-1AWHU-OE8U3-4QXTI,None
PANJ0-TVOM9-CLZ2Z-ZYN7N,None
ENE9C-STWHH-KRRBD-9QMNX,None
QTJ1R-DQVFF-NNI54-IO4LC,None
BU57S-S9KN5-KKPKO-VWGRQ,None
6HVNP-7A4TH-5O6TC-XMJQI,None
WIPYM-OPIPM-Z4OR4-R0WUG,None
SMIBE-TM2XG-G5L04-6GA6R,None
A8K4V-TR84M-KTSYM-NCZNC,None
RSHYZ-XSCFR-L24JF-OFUVE,None
SFJQI-2GGZI-8JMPK-KFZMT,None
BFKVZ-LKUUF-L4E4H-TN2V5,None
MTITX-3KQFW-MYZAM-N6BTY,None
21B3V-PU408-V7P3T-QFYXC,None
KAFKS-M4SCV-X4IRN-KAKGG,None
RCHIU-WTXY0-KQFCE-I09BJ,None
1Z24Q-HZYEX-KTUPP-IEJZ2,None
KJGZP-YKF5Q-QCXEE-KV9DW,None
N4MPP-EOUII-LBNCC-3EOK5,None
F0VKO-CIK8H-Q2M8J-FAA8A,None
DIEWR-H6XK7-NLPTQ-VGPLY,None
EBSNK-FMYOD-8TLWQ-MBW75,None
GSWPE-CU6NM-LQ1UA-OJ4VE,None
HQKRC-BI3KT-ZZFES-VRRKK,None
TCBJN-CGX97-HWQTG-23JNM,None
JZ5SX-336QS-6XDBE-OJRMC,None
6RYLE-WGMLJ-XRULU-5WU9S,None
H98CS-26TP9-QOHTG-S87BZ,None
ZTKQI-EEB72-3CNKO-N67FJ,None
4GQQT-KDBDL-XEVFC-JLBPN,None
0WSNT-RX7DF-Y2J34-RFBKF,None
WDD3Y-ZSEMR-CHLIE-CEZSW,None
OP8VW-LRVZU-99QL2-NBSFQ,None
YW6PN-WIWOY-GZHY0-KISSZ,None
5CY1P-Q0HDA-7X2JO-IZFKE,None
JBQCI-WTF0C-SEQKV-FPP5H,None
Z68J2-WOEII-ODOUF-IPKXM,None
S1HLO-ZBENQ-MJEQZ-1EYB1,None
I7THX-RV9B3-EDYKV-LYVVO,None
XQY9L-1JKOD-HERJ0-E4HXU,None
CMML7-BEVKJ-GBGHQ-TKK0K,None
DPEMO-SVJOH-ET6Q7-H0QOH,None
JOLVM-F1TIV-JZSQD-IUEKB,None
MSWV8-IOF7C-RJLFU-VLPUE,None
LOQTR-N734M-JDCSA-NQ34B,None
SWSOX-QLQFG-YYV8K-NUW5T,None
CDXRE-OYJFY-EMTOT-MNBZY,None
HQMC1-GGVK4-QMAQG-PBJXF,None
69MMX-BZWZ1-AWORA-3COUK,None
V7C6K-GTCGV-QRBG9-FKU3S,None
MMVUA-GPG0U-WMPWC-8UXLY,None
RJUIQ-QCWHS-0G5BO-8NUDL,None
0VHFN-NN1BN-RAMRL-4MEHR,None
WGOLH-CXL18-8Z7BQ-JUSCU,None
TQD1L-CA7B3-U9TYW-9KXGQ,None
STNUI-9TDAK-6MI3S-JVRHM,None
QRLBH-5KQW8-SO3AT-G5GUJ,None
EAUTC-YMT0Z-5I4PG-C511X,None
XGMPI-G1XJB-AFXZ2-LWNGH,None
FLTUY-QAXBO-J5YKP-UZVPA,None
8TL7M-VBAYJ-EOFLX-CUWEE,None
7SNEB-OGSZH-NMSHB-MZWQK,None
8FSZE-6URNE-ZOFUP-OYBTI,None
OCRRB-XPB7H-R9VTT-HASCL,None
7KDBR-BCBIE-YOL15-FXEHF,None
AAYRN-THS6B-QHKJR-PF6SV,None
SEAXZ-BLGTM-QUYAB-EZCTM,None
UHKYV-V0ZCO-LVYI7-FBYQW,None
X6F5O-KZ1YB-GOICU-NRIG5,None
4FFYC-9WSKE-FX5R8-BNGNV,None
8N3XA-MXPXP-GFEPR-PDFKK,None
N68US-O9QOU-Y5NTW-PZQFO,None
8PQER-PCHDA-CBUFT-AKMNJ,None
MECS2-NHC9K-C0UPV-XVTXU,None
JUMHH-9J6LV-AZCBN-226KJ,None
4FKJ6-RJSJX-M53YE-JO8R1,None
SJWTO-QR1XL-SZBA5-WRTHJ,None
2JYRQ-GVDRD-WL8DT-DM8CA,None
3V8UP-X0VWH-B0HL7-DWSJO,None
RMBOC-CT7Y4-TMSKT-8EVYU,None
4KB87-3HKYD-YAHAO-PM2AZ,None
YPBEG-GAJVN-JOB3B-AJG7F,None
8UDCA-WMYSE-Q38OS-RGLTU,None
30KT0-CXTEE-LLPA9-6KPY9,None
4UABR-KTADW-SCJ6W-OXMDU,None
9JLHS-LAEI7-SLFM8-IZJWK,None
OVOXA-UXX6R-XJUFB-XD3QS,None
WLBKD-YFBVT-9I8YT-JWBBG,None
TEIJP-XKJOF-5OG0R-QI81X,None
XH8B3-UBJBT-M2DUV-JFCS5,None
FFGMO-IQKCF-98DNU-DX6PV,None
DUQJT-OXBR7-1PHRP-ZGUO3,None
BQFIV-1TI5S-NW4E3-C2OXW,None
NJHUZ-1TRC9-J3H7D-VEPG0,None
DTIVD-3DTS3-P2U3C-EQTGW,None
UCNRU-KQY0O-MPPK9-CMJWY,None
YK5OV-GKE2H-MKUGS-WZGX6,None
SAZIN-CQOJ1-48ER9-TN4FH,None
8XBDW-LGM5Q-S5HBX-SDRIH,None
VNUFV-5PPNK-NLVOM-UJG1J,None
V2VE5-BDJDR-EPDZ3-0TLGV,None
LMUNN-JSIYF-Y33B4-CLQM2,None
XOVSR-GEJGM-MZQI9-DKASU,None
PT4QH-FOABP-SDGB8-VXN3T,None
NF6BN-DJVF1-RTA3F-JISDS,None
XQONL-LTHLO-QD9XR-OOGU5,None
6KMO5-CWBWN-CLB3H-ZJT1X,None
RMOTQ-POITH-RBXKW-MU20A,None
YTKQQ-ZNJLZ-EXTAR-VSWQE,None
5M9PI-Z72ME-IUKYV-KDRPM,None
IY3O8-6DVBV-N7SKV-CKQVK,None
XQDGF-8XNN2-GPVGJ-QF6E0,None
NPEQF-8P9AA-FVERQ-YWCRS,None
ETGYG-KEEUO-N0NU4-R9KAM,None
GIMAW-UZHJ7-UPKLF-SOASI,None
FGAOG-D3QD7-IDVYL-KNCLV,None
4DEXC-34KRU-HGBWJ-HNDTL,None
ZXDUG-S5A8K-PX88K-VPOQ2,None
VLHLN-GO5KY-CGH4H-MVMRX,None
7GCJD-LS3L5-DGBWW-V5JSX,None
LUCDI-OGYVQ-NHAXX-SFQXR,None
I3DNO-TKROR-L6V5I-9GBKJ,None
TGRVX-0JASN-UMBZB-NNKDB,None
H3FSE-ZA7TG-QIZ6L-GNYWF,None
RKZYS-P5Q8Z-O9JDB-QRLVK,None
BCQ9P-SVQEE-7FMEJ-BYLVV,None
9SHBH-X7D4O-MDJJ3-TUNKE,None
KRX4L-JPNTR-QN8ZZ-60GRD,None
XYJDG-XEQST-3ABJE-AMMN9,None
WHJOC-2458P-TVZMV-TA0CE,None
FD9FO-HE5LJ-PXPVG-ISXBH,None
SW7HP-A9WAB-NE3ZV-A4W8U,None
KUDIV-LXEJY-JE6WU-YJIOE,None
70M7U-DK5ZF-RJTDA-M7BL5,None
TMVRD-ETOGI-Z88YR-8HDBS,None
NJLJI-F3ESL-G8TK7-QRG5L,None
MAXUA-OQMV4-EBHNN-H6XL1,None
W6WNE-ALOBE-MEAAO-YIIBR,None
T8MYR-NUZSX-2OUS7-Q7KZF,None
IG2HM-ACGDS-NG80D-QLSQZ,None
BBABL-4KYCE-A8VUP-S4MQT,None
OBVII-KSDOY-HHVDZ-TXM1A,None
2KYXL-WI4HY-JTK8N-WXFJG,None
HTJZ1-CLG3I-JWGOS-9HIU7,None
MWVTZ-VQCFL-UNMOF-7K6UQ,None
MOJ7H-YURBZ-ZPQFI-AUFIT,None
IKNT6-26JRQ-VXLQ4-DLXGX,None
L4PLL-K4TQF-HTDFT-TZ1Y9,None
TWGWD-MT2Z7-33SCN-6W8HF,None
YSVT3-EYVTS-O4NIZ-EAVUE,None
IN0UK-CE3EM-X9QR3-I5OZM,None
U0PWG-7S7PW-HRZDE-N0NEW,None
QWXMO-MYJHW-YCJHY-1UPP9,None
QKDJ4-PTTXC-TI9IE-UBVCM,None
WZETU-HDLTX-2Y0UJ-T22R8,None
TULT7-CFUI4-YOKFE-7TDUC,None
JPZVB-PBROT-OT33V-TT4EY,None
F1PKH-D1SNN-2Y7BN-CVHIL,None
IKPSV-MYJTP-6IOZN-SQDNQ,None
QR9AN-SFFSN-9FA0W-34VHZ,None
1AS0G-WXFRE-3RHLT-RM5LY,None
ZP72D-N6KAC-AWP0M-XBTGZ,None
YIICS-UKXAS-VAVGM-EBJZT,None
TROXL-H8FQO-IVQZB-NWON1,None
ZCSGE-QS23B-UXQBJ-TDJUV,None
R9NAS-3HRX7-LLQMS-SFPGW,None
MBBXO-4ARBU-MCNY2-I1OZA,None
87LX4-E3T9S-ISVPD-BQF1U,None
KORB9-SHMOR-RTKUZ-W3IOP,None
2P8MQ-88TIP-BUUUO-RA60H,None
51UYB-SERMH-GTM1A-AVWDZ,None
EPL93-3MYRD-YSPNO-D85GS,None
HGJBY-VXTDE-0SSMX-HWBU3,None
Y2WH9-LLSFE-A8NZS-4U4JY,None
VL4CA-A4DJC-DY1JM-WN0WH,None
IBTOO-DDBX6-EWSXS-GQDNN,None
WLEAK-EAHT2-CMHWH-JVQ0K,None
FAUZW-HE83N-1XNVS-QU0HO,None
FGC6P-Z3F4N-MSEWZ-PGH5A,None
WDNNG-CQBLG-65C0U-GOVSF,None
ZP97A-9SDXH-AR4YC-DMFTV,None
M7RDC-LTHGT-9SJSA-8DAUW,None
WPB92-XSCGU-1DYJC-360FR,None
MALKM-9N8E9-XZGQ9-V2UBZ,None
RQN8A-YPBRP-S3YOC-6YUCV,None
KAU12-MPSBD-APXRP-EY67Y,None
WVHGQ-Q1P2N-ERSW5-4CZRQ,None
1T5HM-XFXIR-GNWAW-IZWQM,None
W96OG-MCKMF-ZQM0Y-CGRRT,None
VMGNN-RHLGK-U2FZ0-AKU9E,None
BYGBD-JDOZN-O18QJ-CFBHT,None
WKOUY-XZZRB-TASQP-TYDU8,None
5Y02K-2KX7O-TEPHA-IP1XV,None
L1Y6Z-KTHF1-5ZFS8-TLOPL,None
3NIQ5-37AN2-8L24R-FJOEB,None
VMDEW-TLM7V-T3U6Q-MDWVL,None
TR040-GZERI-WSLMW-SEAXB,None
WTNLY-U6IGI-CV2CF-BQRNI,None
V73XC-DHWRJ-NONPR-Y40AU,None
LALGX-GL8KJ-0K49P-MSNDA,None
24JCP-FT7JJ-AEBSI-UL0JK,None
SIIYJ-5QTXV-VQEHX-NUB1W,None
61PKD-46DNN-KISHL-WCFDW,None
PQPEQ-RYGRD-PJEUL-B15BH,None
B3VXM-XNWPE-HKP6D-DZR8S,None
O8EEK-KEGJ8-5MX88-VX0OE,None
U3WBU-KSCEM-4PDSG-Z8US0,None
IZ0UE-LHGSU-PQLJV-JVMKN,None
GDHWO-S5EQ0-8GNML-H5DN0,None
JKHHQ-DSPEG-1FL9A-QPKHO,None
IK6V8-NWPLH-M3FIY-MYQ06,None
HD9IP-PR2ET-0T418-7AUSJ,None
RFH1Y-QBMN9-WUHR6-HDTPV,None
Z535M-W8QB1-XHSK5-12VGW,None
GOYRA-9HTT0-LPJG0-XNBPD,None
Q2UZJ-ZKT0U-T12FH-FTYHH,None
NKIXR-84B36-CVOIJ-X43UD,None
M5CHW-DQIJK-4YZWD-OEUXP,None
8ZJGS-DCPW7-SYRMF-S1XUS,None
47OAI-U9PYU-8GMV2-NSWCE,None
HXFAN-OGI3M-XCEXR-8GHX3,None
RG4QG-MYPLB-A3W9Q-D9ZEJ,None
PXFUA-NYDNG-KVNZA-UHFAB,None
5CL9F-2WRUL-YB7OV-DOHNV,None
UU7JW-Z3KUB-KVXDS-QOLGK,None
POXND-LNP6S-36Y1K-LEGHI,None
RSZBQ-8DM52-IL6A8-CILUO,None
CIYXW-XB8MD-XJOGF-XMJXO,None
ASDCJ-UZX8H-QK6BR-W5H2J,None
PT2WK-ZUAZB-W3CH8-NUFN1,None
JG3P6-HKZOT-CMWIY-SITG0,None
IJIAF-SEDQ4-41CQG-7ZVSY,None
KAWZY-XEHYJ-KTDFW-3ZVEF,None
7PHCU-EMTML-JPCXF-UKJ4K,None
QXYBC-W1VQP-QX61X-KSNI9,None
CE3CT-PGCII-QI2N2-NL4BG,None
KVYWG-QCUWQ-CTYNC-GQNWD,None
CIOVY-QIYBP-YU3VQ-BNMGM,None
4GYSJ-SHD28-ONOSZ-F4HBD,None
JNHXB-HBBX1-FL3BJ-J7YCU,None
CMPBH-0YX6S-9HN8V-30RQ9,None
OCWZF-WTFRT-LRM8R-ERSMQ,None
AQKRA-5BRHU-SGNFD-YIKU6,None
KVRVA-LAOVK-9HIW2-P2IQV,None
A5H24-HBSSR-SJQJI-R7D7Q,None
LM4NV-ZJQ1K-511UT-IKZEG,None
ZTJEZ-SDFLU-STXSX-NLXWD,None
LZX9C-KF4AU-6TURU-6MWTZ,None
EIE1W-FJEE5-0W6D1-82TNZ,None
2JLL1-PIMUG-2B6L2-OCBU4,None
EOIFP-XB0NE-K9FBS-EKVFE,None
8RNOL-M4QBM-SJWKS-C0RYJ,None
9SP0R-I1A9O-U9VAH-KFEIY,None
NC8EF-EZZ6L-ISSJI-1QPRV,None
GEZ8T-3GP82-LFKDW-R4OOL,None
OKIGO-AICEK-3PE24-IQ6TN,None
WKD6W-LUV5G-WX8OF-40GWI,None
LJOCX-3BZCD-ZOI80-WJKEB,None
YQ0DF-F8SVA-RUKR6-AGTKC,None
RTESF-562WB-VTTIM-DY20O,None
W8PY2-UNX3A-GPF16-4SYOG,None
LADAS-CCOUI-15OPM-A7WQR,None
TDTJJ-OYSBK-TJECT-V1IQI,None
ETIWX-FBLBE-JQCE7-Z6BYD,None
5V5N9-TFGPQ-0AHG1-YZR5G,None
VEZT4-QQXWV-UNRX4-P3T0U,None
HKRRR-2RKLX-E9PFD-DRJYY,None
BVQ3F-C4ZH7-CLPRR-FWWJ9,None
FQ4O8-DLCLR-FSZLX-YKZRX,None
FORXQ-ZOPX0-PYYML-V3KBT,None
DQSFZ-U0HDK-SDZFO-K6NMD,None
YTSZR-XZATL-MVVYF-XNBB5,None
J7EP1-VVBC4-FGQLK-R6ZMU,None
UKGH2-UWOXG-LGUYY-FLWP7,None
1HCXS-JF8QL-TKJUM-6ODZG,None
CDSPP-6FDWC-JCJDK-FN7DF,None
FZLTQ-PP8MR-EA48C-8XR63,None
B4TVV-GNWPH-RLBIE-M1L4U,None
KCPBO-S1PSQ-RJZ8Y-L7ETM,None
8GXK1-0QTZM-TN2LH-SSOVW,None
60XIK-LKYHF-N7LZK-KTBX8,None
LSAMW-REVXX-7UF88-3LWDD,None
MFJNB-ZCZ13-1NAJ7-G6BCG,None
PSWTQ-VH6YG-U9NVS-IRZCJ,None
7M63M-PB7NG-FUEC5-3E7J4,None
NXEUH-2WDMF-ZKOCA-WPLPV,None
BZDRT-UMMHF-ZJGA7-N37DM,None
Q9GBP-ZB8EJ-OSEQC-2NLDS,None
AXRFY-JUCF1-S1APD-US95I,None
WSYAC-LUAD8-WIWQM-UVHTH,None
4T1KS-VYYKI-QDBEU-7AQUU,None
J5S8I-RIDZ8-BHNNJ-LUWDF,None
VC1WJ-FQ879-AJOBH-CO5CK,None
6PEFZ-S9R1E-IK8M0-XR7AO,None
NGKWS-SCF9Y-L4UXH-EJQ4L,None
OCBCD-QLW5Y-KGSJZ-4FANI,None
BJT2D-HD6NY-IWOFY-KHUOB,None
ALV5V-LVY2R-W4J3Q-KTTLH,None
25GA4-RVTWA-XWIHT-LNNUG,None
9YIHV-1ASXP-XKWF5-FI9JO,None
VKCRK-7BKRP-LML2R-JBGXQ,None
K4CBN-PUOS5-MYY2B-WO1DC,None
SU7LN-6TSP5-KKVAT-YHFJR,None
GYFZ0-L4EUO-QL9CQ-LUUP7,None
H2PWE-N0RGN-0BZTI-SFC1R,None
ZAGOJ-2YIMV-MKYNU-5YVHF,None
UUUCG-GE7VP-WX3VR-9TDGV,None
1FJD1-MC0LJ-SR592-EHQWG,None
OOSLP-BNUIV-0NCFQ-XMJTF,None
MIUUB-RTHWP-YT1RD-A03SY,None
USFOS-MSWBX-UK3HF-OT5WG,None
LOBAB-EOSJJ-ZU0T0-YTFN8,None
LRGT7-QU2VN-ZQCB1-QHWWT,None
2A16U-TBV4X-W1YAE-OWYFK,None
SB9DD-5BXPN-R3TAW-VHO2F,None
K71NI-M2O3C-K7GHD-DAZ3F,None
BVSZ1-XFBJ6-BZKRW-WQNF9,None
A19II-RAWYA-7ZXGC-DTALD,None
DCGMW-NFFZR-261ZH-OCKE4,None
OHNAP-JFSPU-QVD5G-EYOUY,None
AC7NI-HUMSO-KZOAG-PBNWG,None
CQNZE-AF1PF-9UN0E-LUFOM,None
JKXM8-5IWXM-UMFOF-VFVIY,None
KJYKF-HW6LC-TXC9K-AXX2Z,None
NR3L6-VHS6H-9HN2X-2UNT6,None
6KUEJ-SHEH9-S9L1Z-LWFCX,None
NLXCE-AF6WL-QF1TF-NBTOH,None
UUYIG-LWSMY-UDU4B-5DDT6,None
ISDPQ-PH48U-AVCXZ-C60OB,None
QE7EO-H9SNR-HW5YS-QJV2D,None
7LMSR-TH7OS-IWQC6-W91XH,None
J4QEL-OZZRD-PKQM3-4X5CD,None
MTXCM-MIWSR-KOU2D-VGJZI,None
PGTYR-PG7NC-SBWJ5-EMMKM,None
HKIMO-152RS-WYIWH-JZXHC,None
HDAHH-ZBOXV-2T3HG-ZOZK5,None
CMEYR-FIDYJ-L3ANP-IYFQK,None
YPWTN-VIVS1-3X6FT-4OOH5,None
YI5ZM-1IGSY-SKOM8-W7TPX,None
GPKFZ-GJJCV-YNUU8-CWSOS,None
GHONB-ZGTCY-YCFVI-GGSKT,None
W3KI0-7WU66-8BXCQ-XFMTB,None
9O1PT-9TQPF-IG61E-MFVUG,None
G1TSL-GVTV2-CXNMD-SBCVL,None
F11LO-XWL9G-WD1FR-4BZ0L,None
XIMVN-Z0TBY-ZBRBZ-SUHUW,None
80AFY-RD8ZI-CKXWI-1QWYV,None
ZUDFW-DA3FW-WQ21G-UYVAC,None
EZ25C-3TCBA-ARJGR-LQPBN,None
JOCRI-JGDDL-VIKWD-PSLZU,None
V1CED-9XLES-WSIKR-BKG0A,None
TDWXO-7ELLB-XFUHI-3DJMF,None
T1QYK-YQG4U-SKKEL-IWYWY,None
GNTCC-FLYTZ-0VNQC-3P3VY,None
Y9KIL-GYJN1-2XAIV-KQVYO,None
GG5IW-GZSWO-FTM1W-IGRGK,None
NL8DU-IOC2B-H7ENR-6JB6S,None
BEEBC-ZPMRH-6ISNI-C5TAZ,None
NRTAE-RQ8DZ-S7BHW-CHYKO,None
STRCO-EWJRC-NDQ6J-PZLBG,None
YRVEB-FH3DM-EL3GA-72MXC,None
03DKC-FJFNC-UKCWW-XB000,None
KKCOL-Q38UY-SIIQQ-9OBHI,None
4PX6V-SENNR-FNACW-YG2MS,None
DJQEH-IQSBO-JO9IL-9DBL6,None
GBEA5-RUBOL-CW00Z-LK3PW,None
G5NXH-V2LGY-D76WK-NOT6T,None
FIOGT-WMTMK-9XDF1-PGP2A,None
ERZIL-YNMKH-AQ7WA-OVOJV,None
7IDLK-YFHZQ-BA7TA-A4LK4,None
VAYZB-QEXUE-NJTZ6-YCRDH,None
09LXY-ZFBXJ-AWDWI-ITWUE,None
DLPE0-3SZTH-0KE4R-GMCZZ,None
LMNCK-DM2LR-YFWHC-IQJWR,None
EFGL1-PNTLH-6GDNA-JA9N4,None
JELRC-SFYST-WHMP5-GXORE,None
FIUHD-9KVXJ-SQQBM-GEBHD,None
IF96G-T5MND-6ARS3-KPYMK,None
XSIIW-16B1U-1UOFD-DNFEY,None
4U6JZ-XH6SV-5VW3S-OASUD,None
BMFYT-9RYA6-YY4V2-WLGHZ,None
JDRA9-CNCK9-FZE1D-GI8FC,None
VWEMC-MHJCX-6DCLS-1HUVZ,None
AYDBX-WG8PA-ZF5AW-VLCVG,None
XA7AM-LINIY-6V4HP-06JA2,None
INYZX-30LSI-2CK2G-6SNJB,None
XDN4S-MAWTM-MIEDC-PPCB9,None
RGMET-LUSIW-OSJOV-PP3W4,None
CZCKH-NFOT1-NBWNT-KNXIY,None
KOWJV-LDSGA-0OCYF-QQ0LS,None
INMMY-2EBAM-AJ5W0-MLGMI,None
0OHLE-AGBM6-VMFJ6-CC5PT,None
JVPYQ-7MDWO-0NCQ8-PGHWQ,None
FOWHM-XGGPX-PDVKO-TSQO5,None
IRR7P-FZULN-7JV75-2JTMR,None
WTVAB-96EGI-OJW6K-GJQAL,None
IWP8D-JEDZM-DOVRD-RMCTR,None
GKESG-KQCW1-D1QJZ-JRQPQ,None
FIINY-4JUH6-9MSZD-L3BQV,None
POMMZ-ZN9C7-YFFMG-7WI4Q,None
PLOQA-USPBW-M3FVP-ZRQY1,None
HBE1K-YZJ9N-DVZVC-LKCEX,None
LEE1P-FUXV0-VPZPJ-CTOVM,None
PCMEF-PIASD-WCCXT-9CRG9,None
SLCWX-D51Y0-ERH4S-OWNKS,None
LFW7Y-YVN0G-EW8TU-BQ0H4,None
ACIPZ-DUMAP-CR3YM-KSQWJ,None
CXDX0-POMSV-UR7HF-VMO0R,None
CVS5J-V0QN1-LBXVJ-VBD2V,None
EJLNS-B0FZ6-ISIZA-BWNYJ,None
HD5PM-GTIAX-EG8UC-5SRQO,None
214GA-GRAMI-FEHQG-CDYOT,None
43N9F-GRGOZ-GGT6N-974RN,None
OUW21-GLZDR-GXTUR-7CUXU,None
IGVVD-FY7JL-DUMIG-Y76WA,None
7CMOX-9ZWLC-GONQI-3HA7G,None
323OA-UPHRN-NTY4X-UGZOW,None
EDXGR-4IMGD-TTC74-5HU2U,None
OSEUM-BQCFM-JFMLC-VMNVS,None
LWJPN-EYLC5-STNMQ-DNXHB,None
FY97S-O7EOJ-DKOUC-M6BU9,None
E6XAY-PHU60-5VLHF-LAGSG,None
89Z3P-AWOX5-SEZMC-IADRF,None
PLVTS-ZICUG-LA14I-QG5RI,None
X6IZA-GS6FO-UFOB3-Y8GMW,None
YPQXE-90M6R-5O1LI-WDOGI,None
3M6BX-DOB4N-MGBBQ-NTOSW,None
ZIBSR-ALDTR-EVFI9-9N6MB,None
DKT9C-LIQHO-9KVJ5-GTC6M,None
SAGGT-UPRXH-AP00D-MJ6QA,None
G5T35-BQHBL-XYRQ5-LBDWA,None
T395S-315CN-FTPTV-EJNST,None
ZLSOH-IZAD4-VO1F3-1SLBU,None
PBPEB-5VREH-AOCYH-HTE0G,None
QXRKI-MI3EI-719CQ-RDTXV,None
EYXJ9-PEPZL-JSQJJ-1DBUL,None
IJNTH-TY2KN-ISLO8-UZXNJ,None
1EOA7-JKEEE-7OZ7E-NMZJ9,None
OHNZ9-R6ISQ-SYHG9-P3XEW,None
WHDBM-1LLBV-YOGLA-Q607J,None
NFDDR-CJAYN-UNSKF-M1O0F,None
S7C7D-ED2PI-3CDR2-UALSO,None
HFSJH-NU9I0-NOHUG-PZJSX,None
D59JN-NQMCY-1Y0WF-XSH6X,None
VIB72-RYJLF-5U3LI-DNQV9,None
DYPGM-ASPHC-BVJBD-EEGMK,None
H478U-KWIWG-XXXK7-AHCVO,None
VR1WT-WC8MS-BEJWO-V0J0F,None
8GTGP-CP5CY-XJEGJ-8VVS8,None
IULB7-EDVIS-LM5PU-UBLUO,None
PXNJX-MISOE-XW2CM-AFB4N,None
OSKDO-BWWVW-RCY8Y-RYNQX,None
WJLNF-UAXRP-2JGKM-8DFKJ,None
Q6WRN-EP8FE-3TIZI-UWXCH,None
0A37K-0R4SC-K9T6H-VOLDM,None
CCJWS-0WRWQ-M9QUF-VSYE1,None
7M22N-FD5KS-QEVTB-NQW2O,None
BEEME-JTVBF-TIGX5-2HYEK,None
AQEBO-W7IWV-Q6BH6-QSE61,None
D6R0H-M8XUJ-O2MM4-RKBAC,None
R9F04-YZNNR-YGFND-BYYDO,None
L9P5L-MSDOO-36NBA-TQHGB,None
MYSKU-1C5P8-HE3OT-72NZL,None
DPW0W-NQL9R-DVO2U-OZLQL,None
JCA46-TTDAL-N2DCN-ON4MM,None
MU8PD-NQII5-4NO7F-PYEAX,None
ZHK7Y-EZ41L-ZH6JA-DSDVM,None
EF97R-FKPQX-70XS4-YBTSB,None
MID60-XC787-PJT7O-8B3LD,None
XVKQF-O2YDI-VHP2V-ST4QN,None
JAAXN-UM4TS-03E0I-VQKZ1,None
0LIGU-2LHTA-125YB-34W0B,None
BGPQS-MTROU-GALNN-BNKM8,None
YJXGL-6VOWO-V2UL9-LPM0J,None
PSKVY-FW0RE-W1N9T-WTGRO,None
705V8-G1LOP-ZIGKE-U4EHN,None
QBKNR-HG1RO-VDNS5-UZPGE,None
2OSWF-OWRVD-BUIGO-IMZON,None
CAN4W-MZMDZ-SBUQN-I86B7,None
DRTIZ-AD8ZU-N1EY7-WYS3V,None
8ODUY-DG7MU-K9HDB-GV5BV,None
XVRFS-RTYXP-74MCM-KUMFU,None
RADRH-MDKNH-XPAEK-PKMOR,None
QTCDL-IAWHS-BHSAP-NUT5W,None
8MR1Y-ILX96-1MUP8-H6TCK,None
CLTYH-PKLI6-RHTWV-Z4KUR,None
YYISU-2USBN-IKZAB-WAXYK,None
NBGOK-PUCRU-9WCZ7-C2NPW,None
XUO09-IEWUC-CSOZE-PGZZM,None
AK9GZ-V30FZ-M2OFF-IYFNU,None
ZTX4V-VSRNI-ANB6D-FPOHG,None
EGV7P-DSR93-PAKIT-A9TNI,None
A9TDZ-D0Q6A-BFX6M-KS7VQ,None
L3OLI-0CRAJ-HWBXX-XKPOE,None
ATESV-SPC5N-EAHQJ-ZT4Q7,None
B8TNN-OOLLU-BIBAU-MMKKI,None
GJAFK-OFMVQ-BVVUJ-AEZUZ,None
BULU1-IT685-CFM0U-4QIVZ,None
AR3BG-MLCP8-TLD33-H296Q,None
ZCKJ2-WWPMT-B7ULS-CYBRS,None
VLV7H-C0VSB-YV5KD-FJUL7,None
IXOPY-WNDNG-LXRBJ-YLYYP,None
KYAH3-WNFOW-K2G22-NVVXN,None
WLLM4-TVMAG-IMLJ5-ECV4M,None
FSTLY-UK55R-CFWQK-LA9SU,None
4LATD-QVI63-5IE0N-NEFRL,None
UZOTW-EBSJV-HEX2U-RAHNX,None
WIQ6X-GKV50-IJRP8-QYXZM,None
SHKEL-SCNAC-2A9ST-Y2CDQ,None
NGMW8-H0UJV-WV9HR-7JHAU,None
IKPXQ-XTOWG-7PBXE-9X7SV,None
AHNTL-J3JTN-LMRGD-XHFF5,None
0MOIM-TSRTV-HMDDG-CDVVG,None
GO1FF-UUFSD-OMJ3D-VOQ3L,None
QSCV0-ULTOE-IK4WG-OR64E,None
KFWJF-TMUXO-EWSVC-COKIL,None
VN4DY-I7VCQ-ZJO77-E0SZP,None
TETXX-B0NVV-21RMO-WGAHS,None
XEQUN-RCHQZ-E3MKW-9NTGQ,None
TX2BC-YSRDC-ZXOKM-MQXNE,None
XAKU2-NUDLO-IXMDJ-L2KUD,None
IVLHN-AFDAO-6TPJH-EKMGC,None
CCUT5-WVUFW-QL7XQ-Z18CD,None
AN1KZ-B1BOJ-BSSZC-6LXW0,None
23UJF-MTZXY-ZIOQO-QPQQ7,None
HUWTS-ONDWR-S25PG-BGJBM,None
QYTEK-IFJ8W-NRQKE-HM9K6,None
RMWTS-DS7PX-MOHOT-GWI54,None
0TFAK-FFTQB-YU9KY-ZUUAD,None
1DG4S-JHYJN-1GBZA-7IWBU,None
XMAE7-NQ56I-LGQRC-9NETY,None
QIMZ0-X7AK6-3ZRQJ-UHB5E,None
TMKLT-JUZ02-2ZS77-P2GRZ,None
QH24H-XOOFR-Y0TLN-WJTDN,None
AVJMH-WSYPS-MY58X-2OK8R,None
JXTSI-MHMY7-EA6RO-HYAIT,None
VHMNQ-GVVXQ-UWZCV-K99LF,None
MDJCJ-HFW2D-XKRMQ-0FQLF,None
MXUDH-7QFIT-WJXTK-DHHRO,None
EWZFW-LWBJY-NBZW0-QGWVU,None
5QFCH-TCDWU-CULI2-MXDQJ,None
8Y7EI-AK6LO-5A36A-PCYRR,None
ARED6-2E1ZW-SQ7XD-UYKVC,None
ARQII-XSYVL-7NOJN-212JN,None
4FMTQ-T9IEU-MHJDZ-CL4HD,None
HYNZG-RYQ0F-S7IXM-ZCRNF,None
TB0XS-IZDLY-OPTL7-LPB30,None
LDX0Z-FXXDO-MYG5B-JRGBP,None
OO6LP-YRRCF-V2QDN-EU6DR,None
9CUAL-OHM60-LHSYW-4LWS1,None
BNWEY-LNRW9-YXZXL-BW3CO,None
DGYL6-EKMNI-QIZ0U-YAAZP,None
XVSGZ-PN9XV-RQWRB-ZRCBB,None
NN6FX-A4HLD-PE39A-RQMP9,None
AJXCP-NRCBB-KTLLZ-7VO7X,None
S6CJL-ICPY7-BCEVJ-A6JOX,None
ROTGJ-24PLH-XYWBF-O6Z1X,None
RGR7V-EKDL5-T1PKG-2WRQZ,None
ZIC8X-NZRAR-HMRSX-BXI5N,None
AMQSW-RPHAX-7ZYSK-DWJSL,None
LXM1Q-JIMMM-0V4VI-WNWGH,None
TSGDZ-6AZN5-KZYJV-QJOF8,None
JZJ8Z-RLUVZ-N6ZJ6-8TJJE,None
CYKRQ-CZVRV-OY3MO-ITLGI,None
J1JSH-8Q5CV-XXVBE-EOENV,None
SM5P4-LAIBA-SQYYE-TPIG6,None
L6GWR-KPXFC-XOKKK-OVATT,None
9EN5Z-VAJI5-NUYKZ-HFNCQ,None
YJSXC-VXN9W-BWCQN-ILBEM,None
TEH55-J3SL4-L0HPQ-FWLDV,None
YXQGM-I4H0X-LKLPW-LXDTG,None
OBS8Y-9DKIY-9QTPI-GKALF,None
JT5HJ-ZDLFP-QURYE-EF2U0,None
WLYS2-GYTGR-W8HA3-P9IBS,None
53KUD-0QADP-SQH5G-AKQUF,None
9LGT9-SJPBM-SQNYD-MTWIO,None
WKRWO-KGQM1-U4HGG-YJ6HF,None
XKDXB-MKQZV-NQGCB-JYKZ0,None
MSWUW-BR8TK-KMQIA-HYZMN,None
NQXCS-1YOUQ-ZLXQU-DAUXX,None
PQKWX-W59IB-OGHPK-BKVGT,None
NB7NU-MKU3E-I65QJ-WZP3R,None
2QFON-N3ZUE-C4XUE-BEFU2,None
YY7QG-7KUTY-HOAMM-M1AIB,None
QCQDI-TOIPJ-U5QRD-CJJZH,None
NQAQN-UNLBB-FWP3V-5AAVC,None
AFAW7-YMXV5-BZJT9-LXXWT,None
R1CFY-THFYU-JAFVS-EOEIR,None
HKNKU-QOHPV-VXOL2-FQWDD,None
BSCZ5-YVHRJ-1UTUB-SZOIV,None
TN0B7-IWDH7-PM3XM-92FBE,None
80EQA-I9DWR-1JP68-YBSHQ,None
EURKU-UZFNZ-ROXTI-FVF6M,None
IO0NI-18EQC-OWHQM-67OI5,None
WB4BZ-Q1SCB-H7M1T-HMQXF,None
QDMTM-EZMWI-Q7EP1-SVQ4V,None
PKXK3-CXXSO-UATWT-IGJW9,None
XPLK7-CHSAL-MDKCA-QURDY,None
EMXKC-ESANB-8ZNLA-GMY2T,None
V7DRW-NMVHS-685OV-E1CFB,None
88735-5HOHW-DTSXE-XSGMX,None
QDNEQ-KUUCB-K6MJK-ZEIJL,None
MPTLH-JZCLY-6ZLCX-Y5MCI,None
CYU78-ZYQPA-2DDOQ-TZTIL,None
EYILC-N2IDN-5I98N-DQ0NV,None
TEZK6-ZICSJ-F1JB4-IINVL,None
M4BIU-LBEDC-H718A-CYSBS,None
3T02C-M8QW7-BXADZ-YPIXY,None
QJCYN-KBMK2-WEXRX-6MLU6,None
DB4NY-NHVH9-9YN4K-2HGEZ,None
QZWL6-X4OHI-APLTZ-COYUI,None
PZS8C-GG8PX-NXYLH-USQOP,None
S0UOH-KANRE-I2AXM-GJN2Z,None
OYGWR-VPEN2-NYUVJ-UWJLD,None
ZWA7V-XIN4K-3DT3K-PNPEJ,None
FSDSD-ELJEJ-YSX74-3H8NG,None
ZKWZK-MTJJG-BK0YU-P63ZG,None
YXC2K-RYCSI-G24VM-YE1HN,None
W2QYC-SKCXY-HMWIW-ZHS7O,None
AENXE-RUNPW-XD48N-FYCGE,None
P8L2Y-HDT0D-MUTZM-BMSOL,None
8QCDV-IZPEK-MNHPR-XIPUF,None
C83GM-SDJQO-RE7EG-MOUXS,None
MP7GE-0CAJ5-HPMKD-VY5YH,None
PGK4K-RZU78-TTDNC-6HBHQ,None
HXY5Q-UMZDR-3NORT-DJQH1,None
QGU1E-ENGN2-M6HAY-2RAG4,None
G1UEX-R0IMM-MBUMY-GII2Z,None
BENCS-NUVI0-ZNOYO-HZYVX,None
EJPZI-POHV5-PJKFT-KCVUI,None
2KKCO-WZACT-CX43V-CTEAY,None
XN2KX-5S40Y-3NYLR-3RK7I,None
SQ9PN-QXJN9-K8BTH-JKQML,None
BGHNA-ROQ9F-ENONA-MVVYA,None
MCCT9-X6BKV-G4CVI-INNFG,None
ECQBH-TI94J-EJ8PH-UIJ9Q,None
JGV0R-S7HAD-Y2KO0-BGUSM,None
PE1NX-4LVBS-JGELL-5XMMH,None
I7UXW-YQLPJ-HMPGA-CI8QA,None
2HISD-BW5Y7-GTCOV-OKKL6,None
7FDII-HLIXH-8LFWC-CQZCV,None
3CH3U-XNLXE-DUKW1-FSTG7,None
3DOW4-9AD4E-ILNHO-Z8AHC,None
WEFJ2-LTCW7-2SHPO-0UHMS,None
H4WMM-VZP2X-FQPZW-IZTT8,None
2NONW-GTFHK-1FZBX-Y4HQP,None
EUYOY-SJZIJ-GNIKB-JIWMY,None
OFTUT-84N2T-T53LO-C9RBH,None
KJ6GJ-NE6BI-7IO1M-RE9BY,None
89VNK-LCXZP-EHWSS-VXLYP,None
2PXXJ-DXFZ0-WBNNV-BYPOP,None
ZA4Y9-RZEZV-7BXQH-QGCCL,None
XI1UP-CEXGZ-HNEWM-5KQTM,None
DHGJS-4HDVQ-5BFQC-P7CLL,None
ODRVP-VJ158-VOBQV-RJOY9,None
7CTZV-W4EA2-S2W6Z-Q190X,None
ZGZ95-PNRP6-RQNUY-OKONJ,None
GTCBY-QP9YS-YILFA-EUCXR,None
7SY78-OUBIF-PCBOZ-ZT8OD,None
5IHPD-0FAZF-QI0OX-XF002,None
QZBWG-ZTWMA-J4WNY-COWBV,None
GJPNK-ZEWMN-6MSPJ-B6N9E,None
AAEDA-T4FNI-FCRUG-CO8KE,None
D6A6E-12JKF-DHLEJ-GYSZB,None
WZQVI-GEPBH-NGBD6-KKBXH,None
0WCR1-8DYBS-IBE3P-NDKRL,None
CRRAR-JBINX-I5ZIA-CBSVD,None
ZMGHD-YICLH-ODEH5-SMJGW,None
RD7QK-OLOLA-NTPD7-MTZMZ,None
RK5CO-ZW2ZG-LZAKX-JZPQ0,None
F3KNY-KUFLW-EHVBD-83VBF,None
I9SDL-TCBT5-AFPXQ-BUTXP,None
V4XYN-R1XFG-LEAFL-51FXU,None
EFEIL-OA7DV-OPTP5-GHNSA,None
DFXRA-XFWMX-CV5NT-1W7YF,None
IV5O8-7MU8D-4BO7X-GY5FF,None
B7VNH-VZ6J5-ILK1G-YTJGR,None
HKUMX-OT8QS-ITQDK-RVA8N,None
S0EKF-WBKHS-ZKC0G-D2IPQ,None
TYYKZ-L96EF-PYPZX-4I2KP,None
N3IAE-2AMV5-EO3KH-H3MNK,None
T0M1H-5ZN8Z-YZDFW-TMRQT,None
BUW9N-WNEFD-MGH7H-DDMK5,None
SHOAC-F9NSE-1GHH6-VB9BT,None
RYL5N-CFXQC-JVHKW-N7XUF,None
KBNOM-Z0YDQ-19QIU-MFWTI,None
1MQNY-HJIQE-BS5JG-YF6F9,None
G02BW-XNSBG-EUJWY-NSLA5,None
NCKZY-VNLZE-GBKYQ-RFQ09,None
JYT8I-DOWGF-OMA1A-Z6ZYB,None
KIHWH-WYN3C-0HBYD-1IZTD,None
YMXUK-IKL5E-KRCEM-F9U2W,None
SNPWJ-OBHFW-OZMWT-HCK71,None
LHKLB-D2OLV-XHN2T-POG4P,None
0HZ6G-Z9NT4-KFLE0-XR9UE,None
XTIA6-LJVPA-IFP35-NGHSK,None
VV21Y-01GLY-ID7HN-H9BPM,None
PVABB-KJKMK-UKNCI-UIKWL,None
IRKZF-0TJZJ-0PX5H-GMM67,None
FY98O-LHPMD-QK3LD-GXEIN,None
HZRBM-MZ39T-IHHLN-QEZ0I,None
VSDUQ-4F59V-GTNNO-YVTDS,None
PJZ9H-VFRR3-ZEXMA-PEQUL,None
GOR2S-M6XTO-MQCBS-VROAU,None
9BUHH-KUGOP-KP2UY-0XQPD,None
O8YFS-NZURS-GVAC8-AEWNE,None
ULDQT-ULO5B-HHVO3-9DP3V,None
7GRIS-LZUIP-4C77W-AOLYW,None
MGKLJ-WJUEF-8EEIN-0ILV4,None
QUNZO-XSBUF-XLS2E-ACUMX,None
QVC2T-BMANJ-W25BL-ASKQE,None
ITRYF-GVGYZ-QLEML-ZF0CN,None
JYHV4-PMRMP-BARER-AIEJA,None
DUH1T-24KJJ-HWR6T-FV8GG,None
JIN63-8YG2S-SRCTU-GM7TW,None
SLFYQ-SUL18-XR0GZ-AJHPD,None
G3W4L-VAYMK-E62RI-LPMMT,None
BUZCD-UYCDA-QHWSK-MI43B,None
GAGMR-RTHKT-OUXLQ-RXOYJ,None
9MMUC-4SKLA-TEBHI-OQJEH,None
GRFDM-DY1XU-CDCYP-FXWJS,None
NQI8Z-UNN8K-NLEAU-2H5SJ,None
HG9Z0-ZPVCP-WLKKN-A3BUZ,None
0QO2A-DWLDJ-HRBLK-QG1AR,None
DROK4-BGWHV-O7QEX-ILTCW,None
XABJN-5CXAG-YDPYR-K5D6C,None
YWE45-W0CKL-QEFCC-IWPZL,None
MV7VQ-WXVLM-CKCDB-PXP9N,None
3TPDJ-T8TNS-NAMIA-GTOLD,None
FZKJJ-LCZD9-P6ZOV-9YV39,None
YYL0Q-4NBIB-UZ3AI-COSWQ,None
6VVTA-NTWIH-4W5XE-CNFHQ,None
XA3SU-6UPGO-0GS6G-SJKIW,None
Y5MSY-XEYBA-4GBII-NFP6K,None
SPPDK-ZURMI-OGZNC-IIZPH,None
9WHEI-3S2SH-YGTLM-LHMWK,None
WYSD1-LV9Y3-CVDSW-KD5OD,None
7R6QO-PMKKM-OVRIO-ESJ5M,None
KZA2N-DBMAV-K7FL4-EQECJ,None
XM8UK-M444H-NEGVR-ORDTY,None
KKSWK-NXLQT-9TSV0-P97CY,None
DTLPR-TLKE8-BPOYO-EH8R7,None
VXOO7-AITSZ-AKDMM-4OWDH,None
KCHGV-2ECC4-NS7RO-6AEBD,None
XVZRG-EOZQM-XRZQY-U2NB2,None
ANMER-ZPGV3-SFMSQ-3CRUS,None
51F1S-NGYAT-BOX5W-IZ6RI,None
Q6C2H-XQXNF-NOXTO-V0EDS,None
ECAI1-HMNZH-KBAHT-F5CC7,None
OHORW-X0ERH-M97AJ-0ODPG,None
WFJYB-A0ZZS-EH8FE-T2ZGO,None
HNMMB-A8ADB-EF1OT-ADGZG,None
U5EEI-EIRHE-TJPO9-W1OQM,None
IBB1A-BPPCP-DVEE2-1AXKP,None
RMO9D-VHMDN-3JT9H-Y6YH6,None
QV6JJ-GRMEH-H26UT-0P2O2,None
0ZETD-QF2KL-PJHSV-9DKPE,None
HJ79V-8LLT1-JVIWA-PTUZT,None
NQZME-1FZH7-JTEJP-PYWYY,None
Z1LRK-LNJ50-1HXNC-ROPQA,None
ALDWP-1TAL6-1VTR1-PW8BS,None
QVUCP-J2XTL-ROAXE-MEES3,None
WJ4ST-LLJFD-VTV1I-D64BE,None
VX8IH-N8CQA-DTPRY-8UZKM,None
SM0NH-PSBTM-XMIXQ-YSLXM,None
AE3RG-AUXQC-QLMAM-NHK7O,None
9JRHY-QOCGJ-PDG3C-EOVBI,None
U9IVX-D0RWI-LAAMO-QLSVG,None
HJTCE-QQF1K-IIDNB-4XJFB,None
JX0GW-MVGYF-ESM6H-FLSQY,None
UN0VJ-1ZYRD-A1SO7-ROZ8E,None
YO5ET-NMER5-VTBEA-I93C6,None
EGNIL-WEBCS-GJR8Y-I2KYB,None
AGFH1-GR2BG-4JZKF-TXI6U,None
NNBOV-W9LLE-0JPCX-KQU2E,None
ZHEMJ-RGPCG-ZDSFC-XSXQS,None
AL13O-XUTDM-WYK03-XZFON,None
OHFBZ-O5ECZ-JQ8OB-EE3EF,None
UKM32-R4UON-E5TUH-ORQSF,None
UVKGY-VW6CL-UX013-LXOFZ,None
9SO1A-XV0SI-GS16N-VQUKJ,None
UTMW8-APU1P-0EQ2R-NBKKX,None
WWNXA-86GPE-KGCAN-FKMBE,None
EIARE-GQF6L-XYEI6-FXV0N,None
C7WAN-TTJXE-PWEKG-WA8VU,None
1DRGB-YM3BW-CP1HH-IHWRM,None
W7FYE-LPI6E-FZW2X-PR6YV,None
ICKVL-RSGBX-ITTHU-4NWSX,None
HFJKP-KLTYI-WMVXM-XME4Y,None
RXX91-USK3O-L595L-RPTZX,None
GZ6IJ-TH54Y-FSGFM-8GRJK,None
2OXAH-QZTFE-WAJ7R-EQF4K,None
YT9CP-GFHSX-CPNPJ-MSCXY,None
4CQTQ-DOORQ-05W4R-NUWEV,None
UCRKX-WMKHN-YRDUH-2XWIA,None
K6SUH-JPNRB-EKOIT-NYXYR,None
7WBCY-HREUS-TJ6NK-JD8AK,None
RMIZW-WW58I-BEKZO-HD1QA,None
V0RNW-2PKP5-YKJMG-WT6BE,None
27R2E-0UYQA-TMKJY-J3UV5,None
07YBJ-LZVUJ-BDLK8-8EI7A,None
TRCXB-KXEXU-LTPZR-M6RFM,None
F7QBI-XOBLL-GTEBN-OCHDB,None
OFJHB-FXBBI-FS9O8-RYM9X,None
GGSNN-VYC59-CGMO9-HV7B5,None
CMZMF-CEWC2-CM1MB-DQ0WW,None
56X9K-INNXM-35KQE-GRYGW,None
QFKKY-OYHZF-4NWD3-USIUL,None
CNSZA-FKKC8-PYEBE-LVTWZ,None
SUX87-V6SWW-KN5GL-C67CX,None
PWDZA-CIWD4-KYWN7-NQ1BF,None
FQSI1-HXZX3-LJNB6-KHN9K,None
IX4EJ-HKVIT-JWEIV-PQ96O,None
B2YCR-IGYTE-HIHQP-NMZYA,None
RCVFA-PFJYK-KRDYK-DQMQK,None
UTNX8-MIQZJ-ZK16X-9USON,None
CE04I-JNPIB-QXAAH-7RQ0K,None
GFVVU-ZDRNK-LIJWX-VDHBC,None
T6UMX-CBWAW-KNTBG-OSATA,None
WMBU7-PK0GG-304QZ-Q0GTV,None
2P6SD-NTC04-UYPW1-SQPGR,None
QYEOA-0K6IY-7FQIZ-BYCEU,None
X9DKJ-ABEOF-JK7Q2-BCSXE,None
PVJ33-KAQIJ-EITVL-ZJILS,None
RGCQG-YYE33-KZHCE-R92VO,None
AERSC-S9VL7-XYT4J-PBY44,None
OZNRY-F8YEG-5GO45-LLSJX,None
5Z22U-YRJ9C-LUF31-YVJ05,None
25WH9-GUDOE-1YMIJ-ZXFWN,None
UCNSV-QHC0B-PNXQ9-ZWQGT,None
1KU1Q-EYKJH-MEMOU-5ZN3S,None
NXOYG-2XHMB-JV776-9L8GS,None
QCSVT-UXLEJ-3KOJO-MQAVV,None
YOJSH-QTAS9-CQN6L-0BR4D,None
MLVYB-COLO9-UBWNS-VKHLS,None
KMAE9-EZXT3-BF1W5-PGKS6,None
ITXEC-8PDJB-W9OCW-MSBQI,None
VSQGS-V6NBX-PVWHF-VHCOB,None
NU2EJ-AXDOP-C4YRT-K6LHJ,None
UKP13-7URW3-9QS6G-H3ZBZ,None
I1IZ9-PKYYR-M1HHV-MO2WL,None
JSQHF-KHMCZ-RRCUB-JUI2R,None
FYD4A-LG71A-OBFPN-H0IBI,None
PZOIA-QJCOM-TJD1M-MOLVY,None
KQFBP-1E7VB-VSKMO-NFG3B,None
TJ1FU-9G07M-75L6X-FSEA6,None
H4HCZ-0UNH9-SRE1J-DMJAK,None
AILMZ-EWO2Q-4YH0G-GRE2Q,None
49BG3-RRTDS-TOOPY-AVLBD,None
YEDRE-HXXTC-IEGKZ-FDLMK,None
J1AW8-BIHRS-KKAB0-J9NU0,None
ZZTNM-GHGVN-MY0KX-2K5ZR,None
RWNCV-VT3FE-XXDGK-OEXSF,None
PEWC9-VCWGA-BWAOT-GDDSE,None
XHVNJ-E31OV-POXX9-AMONP,None
4KF7A-USO3V-NR30I-H2WPI,None
ZEUQT-JGUQS-KCPD0-KW2BF,None
VNGHR-N24HI-HGRWA-O0UDY,None
1HGEN-WETAS-PORIQ-I0LWQ,None
LMESD-EL0II-R78HO-5PB8H,None
PE4FD-JCKWV-SPXLQ-Y5XG2,None
GBDRL-WB34M-DPRMJ-Q74VV,None
HI3NE-HHG2V-BDXU3-ROY6R,None
KWQXE-S1VCO-GIFUF-VJ4WU,None
MP5QI-GWQZS-024HA-RC1GG,None
PTBFR-FPBA4-WKVTC-PHEQB,None
RAD7W-8SVB5-LIVXU-JZIEE,None
1K18N-PVWF0-OB4DL-IXJNL,None
UBUPC-TLX6T-S0C1E-LYJSL,None
OVOS7-QLUFK-YD6I9-R5QLL,None
8LQJA-UEA4T-XYY6I-S3PK0,None
JU280-RVALH-TBRQC-RRHGU,None
FGIJY-EPOHI-91STY-YDI0W,None
OYWHL-GVXYJ-Z1FRT-7EZQU,None
XVZMO-TDPAA-NZLEN-E2OOX,None
XPSWD-BHAJ2-43RJ3-PCYUU,None
LXICX-GBPWK-9RVYM-ZAFS1,None
QQLST-YNN1Q-MG4CZ-4DYWD,None
S8CMZ-UDWQN-S7ERN-DBTAH,None
OQ1GW-4FBOC-1HXHK-KO7ZB,None
XX3CQ-2LKKJ-6H6NO-KEBUO,None
HBE6A-T7XJI-FG14D-NXB5P,None
C1XBD-Q15WN-H9MHE-N6ZBJ,None
ILHSF-XNMQC-O9HOJ-RSOKC,None
VEDLC-A2YMZ-HIICI-ZYS72,None
W7CGX-6YSRM-RVWWC-S4BJM,None
M6AMC-KOHHH-MUOCQ-VRLIX,None
OFTJU-YHTYJ-JOF66-K12VG,None
S9JRT-L6JW7-8CVPR-IDWEG,None
OBWTD-AT45D-ZFTAV-KXCI6,None
LH3I2-UOZSC-JE98A-AYLFD,None
YMZZU-BOB24-JACF0-BFFN7,None
G27CJ-BESJO-FWCDT-NH87A,None
GTVO5-NMB41-BYD8T-Y3OK0,None
VYJ8F-CCXV8-XOAVP-DYHNR,None
MV5GD-YCWOZ-WHPO1-5P9ET,None
HIJ8F-D6NJZ-WOK81-Z1IAK,None
ARGGE-BRNOJ-ALA5S-BXAYS,None
IOFNO-LSYO2-WV50D-EWOBN,None
U9KRV-MFONI-PZUNA-0VE13,None
KIKZN-QWWCS-ISYPD-WLXWH,None
JUTHZ-EC5FX-1TTLY-ZTVYC,None
J8UTB-K3AGI-NIKNV-9LF2Y,None
J4PFJ-JBTFT-JU80Z-U5X1A,None
KLS4U-LX9SO-JKQF1-WSZH6,None
D6LUG-UV5UW-OKEUW-GF77T,None
EVGHM-MNZVZ-LEXAK-QX6U8,None
CQEMW-RAPMH-POAVG-8JZ1V,None
WJMPA-EJHMZ-NBFWX-S1QH9,None
H5MLX-QEGHL-NKZ73-0J6WZ,None
WFYDU-SBDYR-GU91Q-AFVIR,None
WQHCO-7EOCL-HEJER-5U2AY,None
GZ8C1-SIQRX-Q1JGO-QWF6B,None
NTVP0-E3P2S-T1F8J-ZNAXX,None
Q6SEZ-UH2AC-GFCSO-OTGEZ,None
EFBS5-TMVKH-U9KC5-7Y1NH,None
YSFJC-TJAYG-0CXKD-FFWMS,None
FL9Y7-7IUSO-LC2UQ-QLNLM,None
JIUMP-EEEBI-6PHBG-LLSHD,None
2LFGG-ADH9C-ILCKB-SNPR2,None
7PCZW-2OOPU-J85ZJ-7RQUK,None
ZP7DE-CBZCC-Y1FYB-ZWREP,None
Y8T4G-O840J-ZEKVA-MXERT,None
JYOMR-DMTKQ-6Q8Z6-03PYK,None
TAQUP-2XCZY-FXUTJ-ZQBOX,None
HCKYT-LEZW1-LDQFO-17RJN,None
M2XCY-HJ6T0-T7ZO4-AZL2X,None
BTLNX-XRDEV-AEMT2-LQQAX,None
MLDX5-NRXGF-GYGEP-GXFYV,None
U5TDG-WYPIA-MQJMD-TVVB6,None
N08OV-H3VQL-F4NUQ-G6HBZ,None
70XTZ-DA0TZ-HPXR6-YP8YT,None
HE9IG-NTDTD-T9XBH-PHXC9,None
KKOSE-V0G4N-TYQ5S-NWJRW,None
ZOWVO-7EQ7B-GI0JR-GBXXL,None
1WH9B-OTCE3-WVT1Y-IQDQR,None
MLYVH-DQWQB-OQNWD-Y9CKD,None
SIZPT-WRL1I-ULD7M-V6AGA,None
6XMSD-HC5B5-5LHDR-SMLWD,None
CK0WS-EJ6MM-MGWJM-DB0JT,None
O0BXF-VQKK2-STQHW-U0FT7,None
CWFE0-CWRAR-DZGCB-TSI2E,None
BUGY7-WCUEM-HNBUU-VAJNF,None
Y6A5A-IG4GB-QGGKS-WRDZW,None
SKNFT-6LMEK-LLF5W-VNPYB,None
HZ6US-DUPFX-F2KYL-9BSOX,None
VKRE7-TIWOI-AXQG3-UEC9Y,None
KY3KT-MT5FN-IVRFQ-F5GLT,None
4BCYV-EI7CP-DHNTB-LE81L,None
J8M1Y-6JVZV-D6AVW-NXZXY,None
NGNPD-N87MI-HVW0Y-XDMXJ,None
VD8HP-RBEVO-3XP08-4CV5N,None
JJEBB-SPL3F-KAAFM-EOXGF,None
YQZCW-1BDS2-D7PWU-SAH7A,None
FOYNZ-PRYWS-0UNIO-FI73J,None
CNHMW-XUHUH-GKNJN-8NRZE,None
CARO8-RVTEL-SBOOR-SFPNX,None
MIENN-QVSZC-LPETN-O8EQP,None
DHQM0-RSJV9-IXMRA-UAOJ1,None
IFXWD-YZGLJ-QU86H-P6BYQ,None
QPZSM-ZVNLC-XJLOC-N4CVH,None
BNTKF-VLLY9-ZZJKG-W23PK,None
MIMQW-9ILDW-TISGM-MU6EH,None
AHG2J-OS4GV-PUJQE-4GSKX,None
E81UW-J0G2E-OEGIP-RRQPJ,None
YKERX-QWBQK-A3PYH-0HCHF,None
5NZ8N-VDC79-CHSM7-5R0RP,None
ZLPNG-AJ32U-8SG5T-LU1HD,None
JX4J7-87RKE-PU9AU-DCS8V,None
SLXB7-L4BOL-ACIUB-ARADS,None
X6VUA-PVZIB-PVEYQ-V9GOX,None
IBRML-FJRYB-DVPM9-T1FTQ,None
5R07L-BHMQJ-RXR3F-SNCH6,None
Z7YNM-WK49F-RLRLN-DMZ1N,None
HI7WU-Y1Z7D-W8Z4P-WRY0B,None
JHX5Q-PUGIE-RPSYQ-PCG8Y,None
14IHY-EQL6J-PQFDN-EBWOQ,None
EIJ4N-GUSII-LDYFQ-6VPK6,None
EOUOB-WNZKY-WYJAI-JJN0X,None
CQZ7C-8H7G4-UE538-CMDFE,None
GXMHJ-KIWU8-UVSGP-QVZKT,None
2SGRL-LRJJ4-PMXED-FSLE7,None
AUZ2R-SWKE2-1ZXLC-MLGMS,None
3SF8H-7R5WE-8BD2V-MOB9W,None
DGYW2-AQKQR-VLAN2-YZ4QV,None
PC1WD-FCJEP-UES2U-EYSTB,None
YIBCG-P1ZHK-7SM0S-64FEG,None
DMAE3-BIRDB-FRXAE-TNEIJ,None
VGSNX-E8SS7-AKKTE-BKZRA,None
GFWNG-NTKVE-4G8WD-6TEY2,None
ONXG6-EGFWE-LXC7Y-IQXIL,None
XZBPY-4CDXB-CVAK4-XSZAZ,None
PW6EY-IRWBW-M3DIK-FHBCQ,None
UASHX-UDUGW-3ZAQI-4TXOX,None
G4NJE-GM4WY-EWSDI-2NZ1W,None
IPQU9-L19FG-DRYDC-KQFA7,None
TOEK4-SX2KF-T75F7-XFWCH,None
W1NRB-SNRNI-T1HNZ-WO4FC,None
Y3HJW-BANKP-GDCIJ-KSBLS,None
EDRVC-2OOAM-FRVPT-INRNQ,None
TDBSM-DB7FN-04DMW-SKYXD,None
XXIR9-GQSSJ-TKRXU-O5GVU,None
TCJ54-QDFWG-BJE1X-91QBE,None
HWAB3-NRX8A-GVCZQ-28C2Z,None
G0AWV-ISZYF-H19AI-HMAYZ,None
SWGPC-SBTKI-TMRJO-U4D2R,None
G7HVA-Z8PZN-8Y9LK-VDLJ5,None
ZRUIJ-C6KKY-ARHKL-959QL,None
EDGEE-3MY6T-QCYEG-CJPWR,None
KCDLW-VCGUY-KXOQP-RBZTK,None
FLDV5-JLRXV-BYS4S-MCM7J,None
QCINF-O3EJX-4QBLH-BOHYO,None
VD0UI-LDUKC-HDPQ4-ZXUFD,None
ISLXA-DTOOF-ZXXUS-SJH97,None
LWXJM-1YUGZ-T5RI5-YZPCJ,None
VRGO4-PTJOX-MQORV-M2EU7,None
6ZZUA-MPTP8-3NGKQ-MQUBT,None
ZBJHZ-BAHN2-CF4WU-YHUGN,None
FJJ9Q-EMP4W-HX07W-2ZJLH,None
BYI2N-FWBBS-4PXTI-L8SFZ,None
OEFBT-UXYIP-HHCBO-LH7BL,None
4JGDZ-KJZVW-PWXSM-NAAWN,None
2VHXP-1SXUK-FUKIG-HHORJ,None
IV1T5-PIXIX-XHQJK-UV2B0,None
LMHGT-Y5ZJR-CRPOT-X3P89,None
UDYQZ-RI2EY-GJ5NC-VVORD,None
PTVHC-CD3SI-N5R8A-FKI68,None
EDJSL-QZRH7-4S0PI-KGN9K,None
KNAQN-AW2W0-KSTTZ-P9SRX,None
NGACM-YB0VS-PPGI0-XKOZF,None
JRBNI-612SM-NDVAW-FIYIL,None
LQIVU-SLKB6-LWFQC-PNRN6,None
HZR15-SFOLT-RSQXB-I3FBN,None
PGEBF-4NOAL-BFZYP-HJWRH,None
ZSXCP-IWUFP-GJEYQ-QE8C1,None
MZLQY-DG3NQ-DNDIK-HN7JH,None
A7NMK-ZZFEV-VRYVI-SL3QI,None
X0TPH-5RVOI-QKN59-BA0MY,None
PXBXT-LXD6N-IAMYI-S0481,None
WOTH7-WD10I-NFMZ4-YDGYC,None
HNKNM-GKZFT-IENIN-UBE8W,None
KNCTI-B6XD1-Z9GJ2-MIAS6,None
I284Y-84FN8-QFPCO-PSHEM,None
KVK9W-8RAKH-BYICG-ZYJ0I,None
ADKTI-YHTFR-OGZCF-6QGBP,None
3S5V2-RTB40-EMXUD-FQKO6,None
11WN7-XGAY1-Y3NGC-NVW3D,None
7RUD2-CYT8B-Q3VQJ-KWXVJ,None
GRQVB-F33GN-QNBDG-SXBYQ,None
Y1DHK-GKIPQ-EGEAC-HZYPU,None
50E40-LDZPM-VEY8I-TDBND,None
YGG2V-BUO56-QB1J4-72HVA,None
UDNOG-HBXYK-DS9EP-9HOJ3,None
AURHW-SH5KB-KMU9I-9IQHO,None
YD231-F657B-1OZCD-FTNRV,None
IKDCQ-ANXW6-NJQ3W-5ZY5U,None
BNF68-EMZZM-ICDUQ-TVW87,None
WJQZR-AOLIW-B0LUP-FK0G5,None
KIN9E-DHZXX-SCOKP-SQWWZ,None
YYHA6-MNQ98-RSC3L-NEHGE,None
OF83S-T70BY-ZAKOC-Y4FIM,None
BSCQS-LFFCQ-FOXVY-RYBRW,None
86VOJ-WBIVN-XXOQ7-MDK2K,None
R1TBK-NBFRD-NGVPO-H0TWE,None
MQEGM-XNR8U-46YIE-57OXS,None
NDSXU-UXLQO-ZJN0D-VQIDY,None
1LDWH-DGFQK-AF2SP-EUHSI,None
QK5IB-ADDB2-KWQQJ-CDRCG,None
NHGUA-QX0SH-CZ48C-EVSYM,None
J55GS-OZRMA-MRSMA-FPQEP,None
X0SIK-UI2IU-3NKUA-T4QGD,None
W1K9X-WO2QE-9OEWQ-XRULO,None
EPS9D-YNKH7-TRFPE-YNVXR,None
LFRSV-4K0WK-BRLSV-6BQNB,None
PXI4A-4YKYO-E6ID3-KTSWZ,None
D7XTX-P1FBA-TUDIS-OJB4Y,None
L8LIT-Y5TFA-40CGI-RMRXF,None
YSKPG-U8D5Z-UAFAX-RIQR5,None
VBZMC-SI5KV-S8HRZ-4JOPS,None
BF5ZU-VP0SZ-XGDAP-9P5JV,None
BJHCF-TEAMS-Y6P9D-DBFBJ,None
LR9JO-WLGXV-4J32F-HF9DQ,None
XNOAF-86AUM-RFPHU-OGODB,None
COQAZ-CAEC8-M8AU6-KPOYC,None
BD4CF-KFI6V-J82M5-GAVPU,None
IITYS-GJ5FG-7XJ2G-KIYZV,None
P1LC4-SNXZE-CTLFK-TUNYZ,None
AIRE8-W6Y9Q-U3ALB-WAWJT,None
WXDXD-AASGH-SXGVQ-Z4ANV,None
O5SJN-92V13-N4877-ATYMA,None
QURWY-B0SBS-HWU90-DVM0D,None
NBKEV-P39I6-IJFCR-SVBFD,None
XSTCN-IEJMK-FOQ4D-HDZMI,None
MLD9D-NLDUL-3NW9R-X87OY,None
3NHGL-LYZ1F-QJRVH-Z9YOR,None
KKAUM-S264M-FKJFW-UYWPZ,None
9KWCB-ZNGDK-0CGNM-SADWO,None
SCEDC-HRARB-TKOGA-HDUZC,None
TEATG-MXNIN-7HACE-URDSY,None
EIKYF-SASY1-9OKHW-6FHO8,None
ECIFY-2GI5W-ECGZD-DVJ1P,None
ADVGG-YEJJS-MFWQ0-0NNND,None
IGZN6-OIVVL-RHMN4-QSF5H,None
O93GG-NBRR5-VHHPI-8SC0P,None
MATVT-ODYXX-30BF8-ZVKE6,None
M11FR-GFGXJ-YROZL-Z6PKL,None
4IXOI-RSQI9-DSA2F-UMWMB,None
D5MBM-AQH0V-JKB1P-ODZAU,None
FCSW7-XMNDQ-BK5LH-OUW0J,None
R0LA1-UMWMS-Y28XH-NEKVS,None
2AKSE-AATVG-N4K3F-97LBQ,None
E13SA-WGH5O-YQF90-OOCS2,None
HAVVC-ZBTCG-K7BQM-C6DCL,None
JMJ3L-ZWKHZ-KNQRO-7DF0B,None
SFPUS-UIJ14-3YALK-XBLYC,None
SONAI-RHCZ1-MSXKL-YPFX7,None
UIMBW-LVMLV-R6811-DEKUZ,None
VZL9O-LTOMO-2XPF5-FGEVM,None
7XKSI-WQXNA-ZYAVT-ORL19,None
APXBY-CDMVZ-TK1EK-9VRRP,None
Q0AWW-RYRUZ-QFCHS-SNV32,None
YAMCM-CDYXU-RBIEH-LQDHF,None
42GXY-3MVR3-IXA5J-JCG0H,None
BYXRN-UBHP7-6U9BN-Y531X,None
QDCS1-CCA7Y-SRCLM-E5Q76,None
I5VN2-BI0LU-Q87JU-AAL9L,None
TPFOD-LTSK0-TN4IR-VH9HB,None
LPIGX-FPE0N-XSQCP-7FM3C,None
PRNV6-NOHFT-WUH46-BQ2LJ,None
KBBES-CMVJM-CPTWK-JPOHF,None
84QVY-N6LO3-KOAI7-RCPY6,None
ECBYP-Z4A9W-4XJ0Y-ZRUIQ,None
AFA4B-KW54I-S9BRY-DBDEM,None
NFWRP-K89DF-NCIWT-RB4JX,None
O00IK-LQZWT-24WI4-OB2RC,None
WIH3E-R4OAU-HRHRA-GDGGL,None
XHWPU-DO8ZH-BOLCX-LIQ9H,None
G6FHJ-MYMB9-RMZHU-HMATZ,None
LEAF6-KECDK-6STEK-GZDXI,None
1XXVX-VTSFA-F5196-PSERB,None
GAYQG-WPR7Y-0E2W2-GUSDD,None
RO88F-U3WIN-JJ3TA-0FEJ0,None
1FG5U-ZM0RY-3CGHW-K8ZVX,None
QYMXF-OF8HH-PANMV-BAWI5,None
QMIGS-6DOWI-4XOZM-DXUZQ,None
IABY5-ZCZIV-A7UQC-IGAAZ,None
6MXC1-DQAK1-PEGPX-QFQPD,None
BCGZX-3TCQA-DCRM8-L45D6,None
O4BT5-7KCZ9-HBU6Z-RKZ1W,None
KQQZZ-7HFUA-7GWKO-ERANX,None
QPYUW-SNNNP-HW5NV-SD73G,None
9HO97-JRUZD-Q63SG-8DLJC,None
S6EI7-U3SBJ-RUVTY-FLCGZ,None
YPGZD-HRYCL-KYY2U-QSPMN,None
48C3Q-ACY3V-PBLO5-XPGT8,None
WGSJA-CJTOV-5VCNG-EVKMX,None
YBEQ7-UQEA2-NKDSW-TXAYR,None
A4Q3P-RI1EA-TDXR6-DPUHE,None
AWGKR-C6NYX-DPX3P-BKHRV,None
MHA0Z-3DYTO-FTETP-PKI26,None
5HXHN-XSI80-A2V4C-PUCZC,None
QEJKH-5XASP-QH2UF-9YZVL,None
OOODK-GTZ0A-WZ3YG-8SCKD,None
GV8UR-DHYFC-TL0AQ-V2JDU,None
UF83F-N1K07-HM3AR-NVPXH,None
5LTRR-FJ85B-JRNJ6-NBBYX,None
PZBNY-WJ8S5-4XQLW-WWBDE,None
FYXK1-CCR34-KLR7L-Z2RNQ,None
L7MKN-KULOS-CONGW-UL3LW,None
NNDNI-YFT0A-3NSNS-4YVWA,None
EKUW2-OM6A2-NZ9B2-A0XAR,None
AVB4T-KPGSU-QLJRL-QO0EE,None
HOAQB-AVHXF-QNXZE-JVFXT,None
M1MKY-BHOYO-XX5O7-VMDG5,None
FESXY-RL2GQ-O7YD0-AVNYG,None
UKS2B-STCAH-AOHFP-D6K7U,None
6PORG-QYUHD-CEONV-JP7K5,None
LDVW3-Y7LGM-QLKZR-EMZWO,None
AQCX9-UXGUP-PRDKK-Q7PWK,None
SOMEC-XYUGW-VWVWZ-IQUYP,None
MQQYQ-K07F3-RRVHX-TRCLQ,None
TPEJU-PD6Q9-GVFCL-RL0MN,None
U1RRJ-QUGPA-NHNLZ-FOHCL,None
ZTJBM-BDQTI-OOA6N-HIQDC,None
YM2MV-LLQBX-ETVFK-EIZFL,None
PY6BD-FEOCV-N3AQ3-2FEXK,None
7RRBK-ZVCYX-H9CEW-2C1PJ,None
FXFSB-YIZAC-UGNID-WPPZK,None
HECSP-B1QOS-SH8DK-QPCNG,None
3GARK-RQ8W8-MJHTD-8XOVJ,None
UTAHH-XCSTZ-ARHQB-SYKD2,None
FDNRS-IM7OC-MRMRU-5RGP8,None
FXPO2-YCZ41-Z5ASU-GAAHG,None
7ED5A-TOSKX-RX8DG-TT8V3,None
CMB4B-B10GW-SZWBL-BJSOR,None
1JBXH-06EZI-KGFAE-DFTHC,None
DVW5I-JNQXH-XMNBG-XCEOY,None
DICFJ-EL1Z9-SK5NQ-SEDLE,None
CCQNG-ASW7H-EZWP9-TEBRJ,None
DCL6J-QSRMB-GGXJE-RBJQX,None
AUPIQ-RDGYS-IC3FO-CYFX3,None
JN9LA-OL5V8-V3YWE-JPJND,None
8MYXB-Q67C8-RI1LX-DQ1SC,None
R9FBQ-4K0KU-UJZZX-O1L39,None
C21DG-JDV8B-FPJ5A-PIJ9A,None
BHMWX-K9Z5P-6CCPF-EM8QZ,None
7MKNK-XX4PU-UIYQ6-UB4CG,None
TBQQK-HRA8I-MFLVR-Z2KML,None
TGDTV-PFWGM-E4UTJ-O0AZF,None
RFDPO-DJERL-LXIIS-PBXNN,None
MNPCA-RAFD6-KU1YA-4SOEX,None
XTX7T-CH8Q4-LNXPQ-MA4RN,None
BCX3B-NA9WF-RM7UP-HNQMB,None
OR8U3-SRJR0-KFX2R-V4KSF,None
E9EDA-XJLVE-INDV1-K16CS,None
01YCS-NNCUM-NUKWR-AOC0O,None
XOAHS-JVIK9-XYO0C-G5QUN,None
BJ48Q-VWHMI-QSIIH-XQTWD,None
Q7SBR-6MYON-9NZLA-Q54G3,None
IP7PP-L8BWD-XEV4I-NCBI3,None
9UDKY-PSMHI-HGA2R-RQU6R,None
YF2CU-IHACI-TDYQL-WQDKO,None
O8Z5P-UKMJ2-IQTU3-OTIEF,None
SRFW5-B6QT3-PZJO5-VOMHN,None
3VDMM-52C1E-FYSRL-MVDTO,None
Z038U-IABBJ-ZWITV-EJG9A,None
0YYQJ-1IP0J-QG4EP-MQWKE,None
WEYOX-GOLNH-IOAVJ-VDIOH,None
ZW4BS-X4JLC-LJ8PC-HXOKG,None
VMHVP-LVICL-VYPF3-BCLAV,None
I6I9H-Z0GLX-X4OY9-JZ8Y0,None
ZGQSK-18V7D-VEBUP-VKDAC,None
SPJHR-XNCBS-IAPZG-HYMBW,None
PUFCF-ZERKY-HS7AA-MOUUE,None
LRO2I-PS35V-RVUPY-P2EJP,None
MCCHQ-YBGZW-WA03Q-AVIHN,None
AASRX-60FBJ-VQW77-WXXUW,None
9ZNQH-5VIYL-YQJ8N-IIEHY,None
3JEAG-FQKSX-UXQWT-RCLPU,None
UXB9U-RWYK1-YFBRA-W2WKC,None
HEJR7-OTGBT-K4OWQ-KDCLW,None
KIWZL-TLVLJ-URWHV-AIGDP,None
CBKGA-INMVR-QT4MS-5KUBA,None
RGN6P-Z2WVL-YGDFN-IHDAH,None
ZHN0C-EFNUI-M5K9D-CX4Q8,None
PHXN5-VBT1E-R1DWP-NQWU3,None
L2JQP-VZDZT-JW9MS-M1SWN,None
01GRE-EBFJK-VPM0X-9C8II,None
HTE8U-WKFYV-FNGGU-LGHP4,None
NTQJU-UQHE3-DAYMY-3LVPE,None
WUMIH-I4HUL-SMBMS-AJJWK,None
5VI9P-5COHP-ETMBP-IXY9L,None
QTTW5-FPS45-PWAOI-UGMYY,None
PRMET-NGV6R-WZ5UZ-4NVI7,None
YYEP0-BOUJI-DPCA5-QMHGQ,None
FCTSS-7LXIF-FMIBZ-RRTYQ,None
OYX77-Y3NUO-BXZD2-NRFJV,None
ZRMLK-MQNSL-KUWOH-GGNEC,None
QAQXP-OFM0Y-WRCAP-XMARF,None
WYI3L-IIQ3N-EWWQG-EVO6N,None
RVAHY-WZSAT-HSOHP-JSCRO,None
P328V-GPJQJ-P6K5T-ASOTS,None
KZJVR-U8GHF-X4HTE-U1EHA,None
1P5J3-CIS03-ZGIT6-00A4X,None
IQANR-GPGXI-Q94GO-EJVQY,None
SV6B4-RQ83M-OYXTU-ZU00D,None
OKIBL-Z6N8M-PSEF7-I9VFJ,None
3ZVSJ-54DGQ-DF8KF-ETQHG,None
SW83O-RD6SC-TVKUH-SWFYC,None
GMZOR-ODK9N-7SR3A-QAOKO,None
XHYDU-SPUHZ-RDWR9-K2ZCV,None
HRR0B-K1CKN-N2BDC-JYPDV,None
0URQX-NW6YV-4C8ZO-ZFKF1,None
PNPCZ-EJHVG-VGLEM-SV4PD,None
TB2AW-BBGTB-SBLIJ-TV2YL,None
P4C9I-QLY1U-EVAY1-YDIJQ,None
K8CGS-FYYSP-T4Q0K-IO3P1,None
X9RCG-RTYVT-9R6VY-HNQ6T,None
ZXTTN-B9ZEC-EBDM7-ZC5EM,None
GF74H-YNZRR-KTF55-0XXV2,None
ZVZUU-CMSUT-GBOCU-0HOOB,None
V9JFP-9E9UR-RA4HV-9E70A,None
JIXHR-D6FFQ-IWHUA-LU1EJ,None
KXNUC-ESND9-2YH8S-J1ZCU,None
TGVXF-3WMI1-QVHHV-5FH3V,None
DANVA-2T5ZJ-MGDCH-DADZK,None
S7D3W-MALAR-HYSBF-D2BTA,None
ZM3N8-APS1D-C8MG3-17MFD,None
SNIY7-IJ69F-BLEME-WKJB6,None
IFYAH-57SU0-USFVZ-MSHF4,None
2RYIJ-I91LT-YU5BY-43TS4,None
E1RHF-CR3IG-YTVKV-PYC0N,None
45RHI-HY3NZ-0LHTX-S81JJ,None
I1MVY-HHTZW-TGQXO-W8XYZ,None
E562Y-W4LLQ-V7KRT-IUVAF,None
XEFTN-SWQ3Y-GEOHJ-YDZ91,None
FPQQN-D3BBM-CPB7S-OGXUU,None
H4M3B-L5NAT-S2XXU-SNWHZ,None
USR25-KEP2T-LNLQ0-SHBHC,None
XYP2O-TJINU-4WHRX-IEL0G,None
4YX0L-LP6OM-FNYR2-GAKKE,None
FZB1A-FJ6IV-YHXBP-8RQDQ,None
DHYAC-W8C73-T9PCA-EPJMQ,None
A4SD3-XPX7Z-ZXNV3-XWUER,None
XN4NK-VEEO3-LJL6U-KFTH5,None
8VTKL-34ILQ-G3T2R-BHKUT,None
MPC75-9YF2M-PZY0Y-DSLW6,None
TYNRJ-QTNLX-TCS8Z-CVEQW,None
VFXQA-DI3YO-CXJMF-7LAVL,None
RWQZK-IM4VA-MMGMN-OEFTK,None
WCWGP-U6DXJ-CZTJP-PR4WT,None
OT7NE-VUYUE-WPHGV-JFUHL,None
1AZ4H-NKRR1-BU0JI-8PTHX,None
OTTU0-9JPIY-LT4M5-3HNUS,None
ESXSY-XOP33-B9W5V-NGILG,None
6ZYU2-6C6G1-B1VJE-JEXMI,None
8I7QS-RN3EN-RBNKT-75KN0,None
WXHUI-6DEWR-5XHLI-GRRAR,None
XDSZI-WCAES-LJDBF-GZKO4,None
2DWM8-RFS5J-K6Q7K-OEHQS,None
UCWPJ-883MC-VCAQ4-MFKX3,None
XNWBO-GVAPN-KK3I1-77VUS,None
ZLDVF-WJBVM-URYDW-KGQZZ,None
FOWVB-LZWDD-UAARJ-FB6VO,None
DHGR1-E6MUA-9I5Y8-SLOM0,None
1KVEB-RZMZX-JTRVN-LLKFP,None
JJ42X-LDXXF-UJYYY-7RDQ3,None
NTSWN-IQ5FJ-ACYBQ-JOUKK,None
ZR4QN-6O0L4-74VST-8YS9N,None
SS3XL-U4OEU-H9A0A-5JFPA,None
MDRMU-MO63L-V6QSU-7N4FS,None
SR6W0-KCJGW-BU8UN-D7UDC,None
UINTW-ETRUK-8HHEC-FENHG,None
YG0UO-XYVER-QHS8F-8WGTM,None
73OAE-XNQCR-GLNTC-N0XK8,None
UGPHS-OBKKA-UBHU0-OWANA,None
UY3PH-U7A8Y-9YB4Q-Y02TH,None
IRVPG-RQSRC-QKVBF-W9XPK,None
KRPWJ-7IO3J-SIWLM-MWLOX,None
E6D71-CRDMI-HPIT3-OLYVJ,None
YHOVM-OV7AP-VAMFB-ZGVJ6,None
R2KQG-GTCBM-UCK46-WAM0O,None
N5YCY-IDDGC-NHM1S-J10PK,None
JEUH6-CAZSQ-KVSGR-JHBOH,None
YVKWV-FJFEZ-9YOQS-JABQM,None
BM6WD-NBYLG-NHJVN-MDXW3,None
Q3LLK-XOY3U-A2KY0-NWIKF,None
FN6S1-ENBQY-S4LNU-ALUDM,None
JYIYP-YHZGA-JFGUC-C5YBA,None
BD8HP-ANLRG-YC2OZ-U9A0S,None
KA2JH-HQEDM-UKBSK-S5TON,None
P7CAS-IAER9-WG8C9-HGP9R,None
MPUMA-0C9DZ-QSTWS-NHHLZ,None
MFYHN-NCCWT-BNYQO-JJE53,None
IT6DE-PKZLR-YOEOC-A7VH4,None
ZVPA6-BQRKJ-PSY3T-R57KU,None
ZFQMI-JJB4P-LQM87-44AV2,None
PYDZF-HMUNX-RYGY6-8AJDS,None
QXMTQ-TOIB8-8LZLM-EJPLP,None
ISBVM-SJLCY-MDVR8-JR9RN,None
2SKNL-ERQOG-RQLOW-P9ATG,None
TFPU5-ABDGO-JKGFU-PA3LI,None
KLHNI-EXVIF-QNDB9-50AH2,None
VH5IZ-6Q1DE-YMDUF-M6CS1,None
QDCDG-NQLGO-EQNKN-0OU6L,None
RZEJL-RORWV-JCBYV-JAIO9,None
D1PTV-TLWCR-LNDRE-T2KBR,None
AUGJX-QPTSL-4JXFK-88GPF,None
SDQD4-EP5F2-Z7I7V-MC4SL,None
QY3MJ-IAEEL-QOZ8N-IIVBN,None
WKKKB-M6ESM-KHJDV-DBRDE,None
KW0MR-CCNDX-SHVRM-POL8N,None
KPMI5-RLM2R-COKYY-BNBMG,None
YSRPU-IVDPK-TGWDN-BNWEO,None
LMKWW-XU9HU-JQTGM-FDBFO,None
RB1ZN-SX3GF-NTYU7-TUUTX,None
FMYJT-YP78K-PWIYE-07K2K,None
5MQC9-OQYNX-3FYA6-BK0KH,None
A8NIU-WKCPT-E7QGT-AVPI6,None
OZB4P-Z4ZPW-E8XMT-ZEPTA,None
IILSL-CEZJO-7ELFV-3NUZA,None
SA805-IIV41-Z5BJK-OXDEM,None
UMAFP-ALC7R-B8NVO-ADUQZ,None
JATZ5-4BQLO-QBGMJ-CIXVK,None
MGVPE-YFZMH-ZUV6M-JNGZQ,None
RFGWL-ERE27-NKVOK-X4HPA,None
Y4G6W-OJ81L-HTTKO-TNSV6,None
EJBUI-XFMCM-FOAEV-HRJ4I,None
DMSSD-5Y37T-BXLIL-B7BCE,None
1EFYK-T0X1K-2SQ5U-5XUKF,None
SQBGN-2JI3N-USAM6-KQT8W,None
2KVOS-CWVRE-GMBVG-Y5H2Y,None
NLJUM-Z80YR-OLLXB-PMB1M,None
WCGWR-PYKAZ-WXYLK-JYBU8,None
NRILW-2PPE9-O58D2-FVHNH,None
S3Y9U-G3Y0X-Y2RAR-BLOJT,None
VTZQM-GBO6X-SCRM3-V99SU,None
ISNG1-JYHOU-ZOI0H-IBJ5R,None
EZC1B-OAJ1B-CVV7D-AXKEP,None
S7XU5-KI48R-VUNBN-672E3,None
SA6TK-QZAPB-FADUL-LTRIX,None
ROPKO-ZCM8K-VPQ4S-AI49R,None
KGRDF-HNQQ9-MAIWT-FQQNA,None
QAXPS-0OORZ-DJ2LT-AZSDS,None
ODE1Q-SUPKO-LRCQN-A4MA9,None
ZWLEH-DGKDO-JA3YG-BQ4SP,None
5LYYR-122AQ-PNOLZ-URBLK,None
1TJMR-2Q25W-N1GDN-PJMZS,None
QYERE-TKDOC-PHIVF-UR8OB,None
G7GNY-NBJOS-GQ8OP-GQJ4I,None
M2KUW-97CVC-F4OX8-JRGG6,None
YA2VU-QTUYC-NUPBB-KCBXL,None
X4AKP-WVHPP-UPWBP-CDPYF,None
NOMIC-8PCWB-6R4XT-Y1XOG,None
GDJYX-BACWQ-7JHDW-LNKBC,None
8CLYC-DFNEJ-RMFYN-Y7UGD,None
UC0BL-TPOIJ-XFZH8-U0HYR,None
JSFYC-YRMUS-OUW27-ZNMWA,None
ZFESU-FCYHS-7YI4R-HTSKV,None
IP6HY-LNMPU-GX8M4-028KO,None
DRWJB-MQFDW-YRBVT-LG8AH,None
Y0AYB-4QGTP-TRQ9E-D8VTJ,None
V9ORY-XMLGG-OG2ZZ-IQJ5N,None
DUKZB-PAHTU-7VKNM-R3RE3,None
JVL3X-KJUR0-2NUZL-5R09M,None
251PI-Z3ONN-LALC5-HMNOB,None
AG1N0-B8NCC-IWFSH-E5UOV,None
MBGZ3-GTEI3-8ENZX-SVO90,None
PZ0IA-SGJTX-XWLVS-WZO06,None
J0QE4-GVCJH-BYXQT-AUEAM,None
FNVF1-ATKJH-DZFZW-84Z3M,None
NEH1Q-XGXAP-P6P6J-H9OWQ,None
1VQ7A-ORUJ2-AUZJZ-HBBBW,None
IFYBL-IY7KR-X9C77-EHIVA,None
H110R-4FMGC-XIHCQ-B5SZG,None
5EFXN-EYZGB-VS9EK-VEQ59,None
N8LRW-SP5LQ-ACD40-I508V,None
MLIJR-SUVZZ-3VF92-JBXKI,None
JSSTU-AWJSB-8XGGO-RFM3D,None
N6DTL-RQ337-I1AJ3-94DBY,None
FXX1U-3V6HS-UHRFL-Q7NUA,None
UETNJ-KKY4W-OQK3T-BQ7RD,None
GIPNR-LYZHI-6P8D5-ULAXM,None
VAY5G-G5RR5-PNSBQ-XDWYP,None
1KPLE-OO7GM-EMIAT-N3GG0,None
GZHMN-NR1CF-97BNA-TDL6M,None
IK0AH-0CRVL-VG2Y8-FD5SZ,None
TZADY-G2LXX-XQFXV-3POML,None
LUXLZ-APFRU-LCIXM-ZQZBW,None
WUIOW-EAKFH-SEQQP-D6KCM,None
9Q8ZW-5KUFN-IP4RZ-MZOJP,None
4TW64-FV2KC-LBGBC-PRGKG,None
N8XPS-XPXIH-H4XCV-GRYSV,None
XMCZZ-YQPY0-AXYDV-HSQ0L,None
ACVNQ-6L8LG-7LTEW-J4ZKO,None
EMU3X-BZ5YA-1QKVL-ZF3VE,None
DT8BQ-X026T-WE666-YDJ2U,None
MWMNP-IGDKV-EJKSP-NGXVV,None
KBVLA-FR1XB-9TITA-YDNYH,None
RQDNE-GHCVZ-BTPBC-UZPTR,None
5WNTT-YA9HY-D1GRQ-IU87C,None
RDWLG-8PSUG-0O9O1-YKOSX,None
RWPFA-T2XM9-66HGO-WTMLT,None
YGYDO-HWB0O-KPWMI-E17Y4,None
LV5YB-2BFQB-6FTPA-UUIDU,None
NWGU9-ICBUU-PNPX4-JEXPJ,None
MRHUX-1GXTX-GPMQV-RM5VX,None
K7A04-BJN7N-Y4PUC-NKRXQ,None
MGQGP-YD8NI-JAQAN-W7JKK,None
ID3NO-0MBC7-POCVM-WGZYQ,None
IPJPN-3WMCA-QPPBJ-2SDUI,None
51I1S-CIL8L-E7WM3-LZ40N,None
B5FQD-QTPP2-YGOOP-PQQYN,None
BGHXU-VGBY1-IQJUL-THIRY,None
GXRYF-VKKHY-IRMNH-T2QEH,None
GLB16-BJ3JA-7KBXY-MBNMR,None
BR7GW-36QIE-2KWUR-7VZVN,None
NCZSN-GSRVB-KZB4G-TFBVB,None
KFNUR-BUEF7-JUBQM-8E5KY,None
SXDWM-OWMVY-PGESA-HDFMI,None
I35XG-RAK5U-XJM6O-BO0JV,None
JUNP8-WTH6T-N8KPG-RWRT8,None
LPCSY-RP41I-8RHHU-N5GOI,None
3N8SA-GLVGG-FMSAP-IMLLD,None
ZCGOK-4KYHT-TOIN9-N3RSF,None
NRAQ5-YHRRN-4GC0S-4DEKW,None
9H5KB-WDHRA-JV6PV-OXAKL,None
QVNI0-7EPZM-WWSIR-RZM33,None
M7FMC-JTPRE-W8TTK-IL53L,None
WUNUV-3JEBG-FMOID-6YXQU,None
WSWW8-GDURF-ZGXVY-ZPFTS,None
EHOJB-K2NCS-UEX4U-1OKFD,None
VXLVN-4BWVZ-I9ZSY-L6IW1,None
QK7KU-CTDMM-DRCOX-QZ7BO,None
24GMY-B09ET-VFDII-KTB5P,None
C65FO-3GXHP-RQQI6-P9RZ5,None
IBXAC-QBRD5-CIAPY-LDGZ2,None
GPG7V-W32JJ-SHYCF-Q01FR,None
D7WBA-HVOGP-YNKSS-09YP9,None
KQLFK-O8KJS-QHXPY-SNBUG,None
EENOR-JAGFV-PRYRU-7AI7D,None
P0WUN-IZ2AP-L192A-7YYJA,None
XFYLT-GO5EH-O3OHC-AFP6L,None
TTCMY-BMKEZ-WQHJM-H251B,None
YLTAT-3WCV5-4WVRD-U4FZF,None
S0RRW-XDVAV-SMD5D-KOQOR,None
KT91F-QDZZA-TVHBA-1YMHD,None
S5A0J-J39GP-PNK2X-TRC9P,None
QUP45-XD4OX-RFGTW-EANFY,None
LZ0SU-O67IC-R2GDT-UC78U,None
DI4UT-DSCZN-IXGUW-YRJE4,None
NKCIM-LU7QD-OJE5H-ZNTNK,None
EAPRB-VOPUW-EXYY8-YRNQY,None
XWN9J-MXUA0-CAPUR-W5Q3M,None
E8XTA-F2BBZ-AJR4U-FYG9I,None
NEXIT-WYGSZ-CURAM-8F3LV,None
TF41J-QUHIW-K1WNA-VGBZO,None
ONH8I-51QMQ-VOZ1G-FW3D2,None
3UMUY-SVDKZ-ARQXN-1ESEK,None
IRK7W-RWAML-DHHLW-LEQRM,None
48VMU-M9YJ1-7XK4R-D7KUV,None
JFBTR-FSJEY-TQTPD-6DXKR,None
UHDVF-NTTVQ-RUJJ1-STDSK,None
UAZRG-XAU8U-WNQ6T-OS4JO,None
KRIGJ-4TI3R-NVTBW-XKTDW,None
OKCPB-FOAQH-UWKIO-JGMPE,None
2AXP9-RFJZG-DCUDN-H2VMU,None
YJGXR-8ZMD2-MBBA2-LFJWX,None
LKQID-CGIFI-TCKOO-VLU5X,None
HTMYL-7UA8O-QGTPT-16NUA,None
TLSCN-F3U5M-C1ISP-7YNBF,None
YF6UW-S0DKA-IEFW3-VUFCV,None
3QLJS-D83GC-JDOLE-SQU0Z,None
MVESO-DCE6V-P2VB1-FGHLP,None
CDX4S-HVLPY-4SZZQ-WS5A9,None
S5ANT-YIDYQ-63ZWW-DLTYY,None
AE1H8-JVTPQ-F5SGQ-XGRWC,None
EAHWT-JBB52-ZHEJ7-ERRPU,None
0Z3VO-HV4PE-DPZGN-UU02O,None
5VPIQ-SR0HX-ND6EX-JCZMB,None
WBSFL-9HPCX-4CVLW-HXPPT,None
ZGMY9-5UP49-DNMLS-OQQLG,None
BADKG-0OQW8-KWPCH-KEV7P,None
3DY5S-C0LOW-7G9S9-ADSF5,None
NNGS5-FSJXW-VKJPT-0CVWH,None
0QIUQ-UPPSQ-XBAAF-ESNUX,None
OOZU1-MZUXG-GYOZZ-SJUJ7,None
IFLDQ-GZAA2-6UEHD-R6FA5,None
N3VZF-LLWWQ-21D88-STOWY,None
976FW-SCJHI-IQMWV-CLVZX,None
IQXE2-3Z9PN-EE2ZQ-VTWDL,None
LNZZO-ED6P2-PKO8J-6BAZR,None
HTNED-OOKIE-Q6WJK-AUTX8,None
TYDNY-KN9SC-VTGVC-OVTVP,None
CJVSI-YJUJ8-PBSZW-T1VXI,None
BR2NH-7QQVP-0BMXD-TXWVW,None
T6YCJ-W4MEE-VOE0S-UKHPW,None
7EBME-CDU06-FNKLV-3CY4S,None
5QFIL-LOS2B-P5Y70-6A2EG,None
KMHV6-TUIV0-V7CJO-PLELQ,None
DBXEK-45F1O-V2SC1-WWFTN,None
WR5F4-BAZ01-MZ9ZI-BABOX,None
ZXXBL-HFPE1-2B3Z4-J7GAO,None
NDDPI-33DOP-6JCSH-DUZRW,None
QFFAS-T9UVQ-4QU5S-PX6FA,None
EMLV5-JFFR6-XQP0E-IBVHF,None
81GWL-OCU3P-5RFI9-RO7I8,None
5NBPC-ATOE8-LJAVW-QIMPJ,None
MRSDE-LNMUA-RDVT8-K5HQU,None
DC5OR-AJGH9-VIAF7-WFMKC,None
QGGA4-MAZOB-C6HKG-Z4KY5,None
WQCGN-R5DPC-H6LGG-CUKRE,None
MKLIO-GHK2H-YGZRO-LIVZM,None
KGEEA-RMLQ5-X172J-FJQYR,None
RRWZF-0URLP-ZMZJ5-KDVEU,None
YY5O6-BAEYK-MV0WJ-RMM01,None
KWRO0-G2XTF-MPSV3-WLY1A,None
MKLIQ-TC2JN-GPSDK-ENEDJ,None
OFYPC-KJT8D-SCMOK-UOA4F,None
JMGTI-6ITSE-F2YRC-ZW3OK,None
UUZG8-3RNTP-K1OVK-EOFQJ,None
ODFPA-43OSL-TNTLE-PZVOP,None
BESI4-UWFC3-6OG5L-YUA4R,None
BGO0P-P6SF4-UNWQH-CYLQJ,None
HTPEC-MTG86-0BF1J-HUE3C,None
JRXGH-VQTUN-2MFNE-SWSSK,None
WHGZX-3RNZD-ELOJV-UJ83Q,None
7FBHE-YMHFR-JNHFW-EFMZY,None
KCX2C-AZYGF-85LTU-82DAL,None
5G9TE-EYHRF-ERSG4-EJQXA,None
ZE8DC-RTOGC-YDTA4-IT0EK,None
ED1GH-DHREH-UTQ1W-Z5XJU,None
ZXETJ-LJAQM-MQ7D8-LAEAF,None
ZOZQW-UMMS6-PJRLB-WOKAF,None
Y0IMN-DVLOY-XOR7N-IA1NV,None
FLRTO-NTVKQ-GV90K-AXRTV,None
ND8L6-VVNUG-9UJSN-QBJP4,None
1MW16-7JBLP-TBRZA-YY0IA,None
RISFW-CROSG-GCHQ0-N9CYS,None
XEG2F-QLFNG-RITTM-MJ0SG,None
0PVJX-K9HTF-88Q5T-YOZWI,None
9MJNO-QYF28-INVY3-HM3RV,None
ZRJ07-ZB3HA-YRSHW-Q0JU0,None
UYIQN-WOJM3-CFYZS-O1GGR,None
G7BUL-SPE1G-PLA3K-UN9PI,None
T4S0K-5KAM3-ET0ZJ-IYACC,None
1ZQMO-S7YWK-XCGXB-KWKWK,None
I8NQA-HBFUY-K2LGG-AIOQM,None
LVCJJ-HMBVV-UVOTI-VYE8R,None
QBG7S-KS1RC-CJCNC-E9YUT,None
UTMVM-CRFK4-EZ3PH-F0UCC,None
NOUBM-ZC7QT-PEKIL-NOC0Y,None
BNCIF-PXPD8-N3L3U-JXP4B,None
HEF4R-JGW7K-WCJB3-EJW3G,None
5KQGD-ZWQJ2-IJY1J-57HD3,None
Y40T1-YIAF8-YSQA3-CQCKO,None
AGGJD-SFQRY-YXNRJ-9ZIDB,None
FDA5J-CTA9K-5ICYQ-IJOMV,None
SYVPB-UL0UY-2UMZN-KJO4O,None
9G0PZ-BMLJA-P0UDH-0DQ7T,None
IGU7P-STLQW-UPONG-HL7WJ,None
D91DO-F4T2G-SIYKD-8EIK3,None
TFADI-J0SQC-RIRGJ-BECDJ,None
0N7CA-AQPYN-IWNQ8-V3Y0Z,None
BH436-ZKKYI-MK6K6-PAALM,None
8ZICJ-PACRI-UORQM-YDFDW,None
UOIYI-AITPG-PCNCF-XGYTO,None
JPVZZ-NQXQ8-CUSPZ-RLA4K,None
XCSKO-MGF1W-SPQI5-5I2GX,None
ZLOA7-QF2HQ-BU0AP-4WAA4,None
WYX6Q-QN33H-DEU4P-IUKAG,None
FIBYG-YXLBC-01KVT-ZVBKF,None
YATBP-I4G41-AP80L-PMHIG,None
3WMMX-QVNGB-ZB5HZ-TUYOV,None
GVASR-IWMMS-TPMNR-NMNSM,None
MFSQ6-NF9YC-YPNER-DMOML,None
XULUE-FRPJF-OUWRI-CM3OP,None
0TK5J-VXJGT-SVN5J-MIYF1,None
EJBZC-VYVTH-ENQIL-TTPHO,None
OF6GQ-KRVWQ-QYBCW-HOHRY,None
VYMNM-VUFO3-UYCNK-5WVNA,None
6TIUX-OXBB5-BW7ND-CFMZ5,None
FBSDW-28DI4-1BC2F-UXPDD,None
T0EPQ-EQGB3-2NVCW-0A4Q6,None
TCIEF-AMNBK-HG8LW-TSQNP,None
04T3J-LFQC1-YUE1A-EE3KH,None
CUKTO-AASRI-NJXWZ-ODXZE,None
TTAGJ-MLCLO-JBIJ3-TT5F6,None
LDXVH-KPZHZ-I3SIP-GPUXN,None
DEWSR-LSOBD-7BDRU-JFWAP,None
ONCWX-3FTMQ-GU9TQ-XZXF7,None
KMH4R-NSQVJ-5ZUG7-KTCIY,None
7MSUQ-S6AYQ-ZUKI8-QBSMO,None
MBZOW-QVSZ7-TTAHU-BUAVE,None
DLOG2-T6LRY-QET38-XMGIY,None
RJV5D-U3QSW-UMDI3-2TO7R,None
EXVMJ-YDYNB-9KFP8-ZDCSC,None
IXB4Z-9Q8PN-JE4DG-OVLFQ,None
WURBD-30EP8-7IDY9-QF2AS,None
MDELS-JSKEB-HZ6XP-WP9ON,None
1ZQV6-BYF3G-NXNQI-OW2XT,None
HRU6L-VIPOV-UAGYV-ANQ1P,None
VZOFH-KLBXN-79R9D-TV2S7,None
8S1NX-ABTGC-R3WYK-8AADK,None
HDFHY-KZKFN-YHPE8-7OYWC,None
DVRFP-WTXZR-F9RWL-D9JI2,None
ADFAR-BXRPV-3EXUF-5XQ0V,None
YJGE5-HY9OY-WAAQG-2HPPP,None
AU4O8-JN1VJ-AVHYO-3HPGD,None
5G3RP-LJEJM-AXETC-MKQGJ,None
TIOQ3-PZCFH-EYVW3-PEE7E,None
9TUP7-PQKPC-A0VRE-WDUKN,None
7PUAT-F103K-QJHYI-3HH2W,None
S2FD6-CXHBR-UQOAV-99Z0I,None
HN0NW-JVFDN-4BTUI-WIM9B,None
HIQHX-JMJBI-AC6SF-K1NW8,None
DO2E2-JUOOD-SHKTN-TMNM4,None
KLLKC-X2ZTL-XUZI0-DDP0C,None
J55HH-RITX8-VYB6L-H8HNR,None
VTIXF-0QIB9-6IYOT-E6YKY,None
4B0WW-2RAJ9-HPJPV-9D9IB,None
9R0OB-ODO7Q-KM7JM-XZFMA,None
8D0Z5-BWCZU-KZVGB-LFVHG,None
Y2BII-ESCQB-PGT49-RK40D,None
XZKXK-WUXBA-2BFCZ-WRQYN,None
E0EOA-C23WR-MCBVC-RINBK,None
MJQTG-FOH4M-BNG74-0HHDI,None
YR4U3-IHJQ8-WLJNZ-KJZ1Z,None
T9XBG-VQJJQ-EXO8Y-29BPW,None
MYVVL-BJWNG-N19XP-FYEYY,None
IQM7K-WWTHL-LVACX-7LCS1,None
IFUPS-QIOTO-CFU50-KJXZU,None
YFOL3-PCDLM-0MAL2-4IVGI,None
DSLV0-N9FJO-PAGBY-5BC5T,None
ES3ZN-9OVNE-QVFZ4-T8BFU,None
E8ZQA-RTU6P-SKZ1M-C69LH,None
LLOPU-WPJSF-E19GY-QCAR8,None
0OPAB-T7DYO-DXCNI-MG44S,None
C4TH7-MAL5J-VPSSE-LLZUA,None
PMRNE-UZXKB-TJLOA-VBZFQ,None
MKBQU-K6JQ0-XLBEL-VOE1E,None
IZYO8-CYCHO-5ZRXQ-INUXC,None
RCNRM-JPLZ6-YNKCE-WQOSA,None
RVJX9-XHLPD-CY8V0-6WORW,None
J5WAE-ECIH1-SSXYE-1ZJRT,None
VLHC3-4DUTL-8WKGP-KJ8QH,None
MXXKT-ISSYH-PUY08-XXNGG,None
EJTLE-Y78VI-IWQFI-MOAAC,None
UPJCS-P8NDU-8WXDN-ZHJGX,None
ZQJQE-PHP7W-JZ1IF-PXB5M,None
Q1KNA-9U0WB-ZDZUG-039J0,None
AXTV9-KMTD1-SPDV6-2DAIK,None
OLXKT-X6CXC-TGZM0-ZM5QR,None
W35C6-TRD9Q-OCJDL-9KRWT,None
QKVAO-HMZ0G-F1IHK-57HLO,None
QMUEA-9WGJA-ET8VW-YDJKI,None
X8QNV-7GABJ-8SJ7M-RY2ZT,None
4XTHO-GTZWS-QK9ZD-A47CZ,None
UTAZ4-KFRK8-E77F8-RPP4A,None
8DLML-D2SIR-I6IQL-5PXUP,None
SA89Z-Y3IHH-FC39V-ERC6U,None
MWS9E-DKTPL-X9CST-GJGD1,None
TWGKU-GSPYA-GRAAD-TOFMC,None
GPQHE-2HXZK-1S2WT-7CVS9,None
V7GXG-GNOO1-GPGX3-GQVSM,None
WSTMW-YGEVB-W99SJ-L6KZV,None
EI5SI-0FC8Z-BAYDP-MS3L7,None
FEDNJ-ZDADE-BE2UM-ZD7UW,None
LYN3S-IAKV5-WCAWZ-1DULA,None
SN96X-4BBPR-VLHGQ-AY1AQ,None
VWOKQ-LKWMH-40G2O-NI5EA,None
KJK32-SOCHF-DLHZX-7PGSC,None
6SMDZ-PTSVX-ENHHH-VTS8Z,None
INDZQ-C9TPH-ORIEN-VTUXJ,None
2J4MJ-FIH5C-MU7EA-DFMQC,None
TKQRJ-HRM4P-ZMYKV-METVX,None
4JBAX-CR1GJ-CNTZ1-XVYE5,None
KS3Y0-ZNBMV-QYIYB-KQN9P,None
KBO2Z-QESK9-CDEF9-YRAFL,None
RRHEY-3F0MQ-2OZRB-0R59G,None
JMG78-BAQTJ-IB2NO-1TAJR,None
TGNEC-VJGZU-WDAYR-FLH6M,None
RZYX5-2IIT6-YXSTK-RYZTJ,None
3QEN0-B4CGU-4VU71-ENS65,None
UJWSW-8Z47N-RP1NP-EWJDH,None
SOPPN-S1RLY-JR3S6-QO9VE,None
8EPFB-X7OLH-9JHDA-ICLNG,None
XYEWB-VS1JN-PIL0H-YNF4Z,None
0F99X-H0TLH-LEC1U-JQZWD,None
R3WPY-OMHKT-HS8PF-N7L9T,None
WUTSA-HFPZ3-C6HSU-RFCWV,None
JPBJW-004LJ-NZ64S-MU2QX,None
CTRLO-GQZHM-FRPBL-7LEFM,None
KUUMF-C3Y6I-YVYJU-HFZX1,None
OGLBW-GFAFT-P3VPL-XDAN1,None
CFKDY-RNFBB-RCIZD-EMNC8,None
SUOL9-KYLJ7-CZD0R-S4YXT,None
WW2BG-QCNVJ-ULJXA-WVGFF,None
CD3Q9-YMEPP-U45O1-SL5TJ,None
NRBWL-P0RZR-YXL1V-HAKZ1,None
3WSOZ-7LU5A-BSQRL-ZDCUW,None
LIKDL-ZRFG7-5GRVV-I9ZSY,None
L58EQ-S3MRG-EHTQF-FGSNE,None
DXORT-WWVQK-TZAV5-BUUXF,None
YW56X-LMNL1-TFOD2-YLTLQ,None
QDVPK-SWHSM-Z3SZG-OJYUU,None
FCTBE-CBFPK-NTCCG-ACADF,None
H2RIL-TL8DZ-ECPXR-U1AO7,None
ITV3F-JJRC0-F28BV-WQWD6,None
OHR77-FNNCY-R4R9S-GT1HR,None
ODRLH-FKFWG-FNY7Q-MPFQX,None
2EQWG-JXU6J-DCZGO-YQRLO,None
JMJNH-JLHHB-RKT0B-BDWRD,None
L74UL-I3CDJ-BJYHC-N0D28,None
KQSRC-IRFFK-ISVOX-B9KVD,None
J7NHB-WQOMG-ZKNGF-AC6ZT,None
BYAFB-JAEUK-VZYZ7-RICB5,None
8BBAM-ZRXIB-IPJO0-WGMBZ,None