serial_key,activation_key
BMERU-404B5-QDP92-OFMSB,None
QDGRF-3Y2HH-SKTBY-0ICAA,None
CXRTC-4FZ3F-HKUAG-GNLKQ,None
5IOYM-BVINN-DQQGX-I7HOA,None
9AZ4K-A61UH-RKZTX-UQACW,None
G1HQW-QL3D9-ANBJ3-ZWZDV,None
VTMH5-INDYV-XHABQ-IOBKV,None
EG5IV-V9Q5C-SDVEP-JKDGL,None
IILTE-XYNVB-WBVRF-ZIUUV,None
8YG0X-ZE1FG-PJ18R-JVK8R,None
P1HG7-L0SYR-ZYOQF-7QKBS,None
1QIYR-PM0JS-UAPGE-ECMIR,None
BAILE-ZGUDE-MHJZR-WWIBS,None
WFJYC-JPOI5-WTQMM-BUSZP,None
P0R5F-YV5Q7-FIEQO-QEE6T,None
DQARV-5VVSE-BIHAL-TFE9H,None
CXPK6-VJ3CV-MQ5XR-GYSOL,None
Z1Q5A-XEM3P-PW2ZC-DMFIB,None
LADC4-NG9PY-CE9Q8-BS1F6,None
7WMLD-GFB78-WV2V0-RRCW5,None
3L0QX-PTHPZ-YTIUX-WRHWU,None
ASEWD-QP0KO-YCDRG-K3RVO,None
W27B4-WOEDN-BU2CO-EQ4IM,None
MA7OS-W5VI1-JQATK-9BCHI,None
BI3JW-Q1VOU-S7YWH-H33BN,None
042JP-JZZFV-WB0NS-C4FLP,None
AUOS3-W7UVN-QHIXW-SROSA,None
I3CAG-4Q3VZ-POBWY-EVXTF,None
5RVMA-TFJDT-IHHPO-8I43A,None
MO4AZ-HG0F8-BBY12-HUINS,None
8GJ30-DORS4-RN5PY-VHLSI,None
HDMGH-DZSYB-JQYAK-BELDE,None
KLQWZ-S3HVT-SYSQR-6UQBX,None
1FBXR-TKNCN-0SYJX-BETNQ,None
MBYFL-OXFPD-DQRD0-4N13Q,None
W3HIV-BV6MK-L1XRU-ZS0U3,None
E0KPU-C86CC-I00XO-FJ8WK,None
AVMRD-WD34Z-2AYPU-HUNFW,None
HS70J-VE6IM-MYOIY-KD2FU,None
L7GTK-GD0ZE-9TRAJ-ZVMUV,None
N4C15-UT16W-LJEVI-7ZEBP,None
BYKEN-WLXIA-YUHZ2-EDDZE,None
2OID8-EJTNU-WF8PC-ZBLFN,None
LBTWL-J2RVW-VZD4T-VJQXH,None
JJXQU-LHVLH-USHJ5-4027R,None
TLYT9-KUEOO-LLUKH-61HDU,None
ZOFZM-GMQBH-FXPQJ-OIDBB,None
QPFZ2-ENTVJ-NYNTI-CSA8K,None
KO17D-1NGQD-9SRY5-EA7HQ,None
I1PAI-LUUDP-A0VS6-KRR1A,None
NAZSJ-CTVIL-ZV4QV-EIHUC,None
0BAVI-ODOKC-TISZD-WRJ9T,None
GUST8-DYFCN-PP6PY-A0OGC,None
ZSAAH-RNCHI-GSBMR-RBYMZ,None
2OVBW-ATCIH-5GCKH-E1URZ,None
0VDEW-MPY5J-Y97BQ-19IXQ,None
YBLU9-EYPIQ-DTKBE-TTBWP,None
PROSL-JLLCB-Q53VM-RTRT1,None
NVZ7J-CVQH7-7FWWM-XSVSD,None
G4E4C-A4WIG-H2DJI-BGEVS,None
ODXPV-XFEKC-Y9CJM-HD0HF,None
9381X-8JLRR-O67ED-D6WBD,None
ENCOV-QGJ4P-0TFQM-UNDO1,None
OR3DG-AIXBX-T186G-8OONB,None
SI3Q9-KWSRV-4FH6A-ALGAK,None
BNWFC-FBZYJ-1WQSD-C6L9A,None
OLDIW-8REF8-FRCZL-7LQAQ,None
5PLF9-K9FZW-UMMWC-4CJ8J,None
ATG3B-8PNSB-GP4QN-ANAXH,None
BYQFB-DAK7S-IVVZO-N245W,None
EH6QJ-QN7CR-E0P2Y-VH800,None
EXKVA-5TPMQ-DLIAA-ZQ2HB,None
IU0S2-9ZCUP-STHRI-PFMAG,None
JLV23-RG3PQ-YGEA6-MAARX,None
Q9SJP-LJC2A-MRZHM-PE42E,None
DBWMA-YVDF3-1QL4T-P7VGZ,None
YDQ6I-Y7K1B-WIWEX-4ZU9W,None
R9OJ7-SSWGM-YUIAZ-RJFWS,None
ZYQYL-DKJ9I-ALVEV-ZZCUM,None
DHI2P-PBSF2-M92JT-SCK7X,None
HDB5C-5TTSO-8AYN4-TEDCL,None
UOA0W-BHIQ7-Q9VTF-ATXJF,None
UKW0Y-XEH9S-WSY59-Q5NCS,None
4EBXK-YVIEW-C9TOC-MRMZF,None
YS6AI-GHPOB-NRMVV-4ZPGM,None
OX3JR-RQB5C-FCYEX-ESVUQ,None
UKU0A-SXRZG-ZDHLQ-EQWR9,None
HHIRU-HAXU5-VIQ90-VJWXA,None
MN7E2-HS94A-E938V-TN18H,None
LA3Y0-D4MY2-TIQUJ-ZTEEW,None
J4TUI-FZJ1E-HPJG5-00CJY,None
VVCWM-LKDSB-ZB7C4-GGQYP,None
ATS0P-28X7Q-2QYGK-TGVO6,None
GCWVD-MKKHN-RITV0-IQAIN,None
UA8D2-FTCDO-8FDVQ-JO32V,None
XFDDX-JPN2U-TEII6-5LBML,None
KLYJS-YTZH0-QPSM0-EEYOI,None
VDFJE-3IF3T-THBJS-UY0F6,None
Z21CI-CA72P-UT2V0-AXLDM,None
3PZXG-AUKCH-ZMJEC-FCGHA,None