serial_key,activation_key
922JO-ZJGDE-VFOBR-DL1PX,None
6CBVR-HMB32-ZAP0H-58YBP,None
VETFZ-MLM4Q-RG2NT-EUJIH,None
0XA4I-BUTHU-YWQ5Z-0JIMB,None
UNON9-UYYSO-FF6SH-M7CMS,None
GX1I2-OYDHH-E2AGP-7B9UZ,None
PZLCD-5Y3MF-0UKK7-XJ7LU,None
GCGSO-WXOCS-0E1FV-62GYK,None
QNGSF-LIWEQ-SE9ZQ-R594A,None
PNXKT-SNYNL-1TLVK-25OAG,None
HKKBK-S0IJM-WEIHZ-JAFYQ,None
BIOCY-EAUXK-9KYSG-FJDIP,None
XB5DY-JEUYF-PKO8H-ZX1H3,None
NVLBE-7TCGR-NB9MD-XJY7Y,None
HXU5I-ZHYDZ-XSLMQ-8KLBI,None
SEOLH-BTGCW-WTNW6-KIXA2,None
SBBL4-V1MQI-4CPH5-BUE3Y,None
KBJGE-O04NL-Q2FVH-JW3RV,None
TDV7Z-QZ5IN-JIIN3-R00DG,None
KHOKX-IYVBP-DTUZC-IV2OO,None
RQCZY-KH2EK-8ESRG-HZF2J,None
SV8PN-RMUNG-UODIH-WRUM0,None
SVMLE-QEIMI-PLFJV-2GG5O,None
JVL8B-6QSD7-O6XY9-OX8DO,None
STWLD-PMGJI-DYZTN-XQZJQ,None
UNXBQ-4XHDN-CSYJO-U41VY,None
QJKXX-SR3HT-P5CVJ-KBLFS,None
ZAYBT-6GAXO-BJRBY-IHGUM,None
RFXIB-6QK5M-XA4ZV-R9RSM,None
J72KL-6OYP3-AGGBD-L92KB,None
AMXV8-XWBZI-CYZ3O-0IAHO,None
NYFZO-AT4MH-ONL9L-W5BQP,None
74HFV-SVGVA-8Q2M2-YRCLD,None
VMNAO-XOCRG-FGQVZ-6LIIU,None
MKVBA-VNC02-Q2H6K-WEL4B,None
RNTZD-GKQ9Y-ZIA42-ATPYY,None
JUWKR-WY6FK-VZEBM-DEHPC,None
V5Z8I-QEW0O-7SMU3-WXPNM,None
HUU0M-NGNOR-VXXVI-0ZCKR,None
LOIGS-TSVAY-ART6G-KC2KB,None
BSYWD-ANDZO-1BP78-AGEPY,None
SR8QJ-QQQXS-KVMPT-GT7NW,None
LQCWS-I8HTP-UKBEB-K4R3X,None
MQEQU-WGIMP-UOKBN-63HCX,None
H1NIW-MZDNB-WLLZW-NGFPQ,None
FDFIS-8ON6M-5KQ4W-OU0XR,None
YAS47-D6PRR-Q85EI-57AQJ,None
SZGJH-LEVGW-XUIED-86W75,None
FIUJC-80DF2-WDNGY-DCOVO,None
0YP5W-T9WYM-LPB79-REMZK,None
MVYJW-5AWP3-ETYYC-DBFUM,None
JWPKS-7XQ69-FBEOV-H8MTR,None
OXXOD-VKNVX-DAJS9-VWR4V,None
V14VV-QQ6MZ-CCARM-ANNYF,None
NZT1H-WNT8B-YEG44-F56OX,None
CQAMW-WK0JY-GTYBZ-F6YN6,None
LMG9M-SYKI2-YUGHN-SMXCO,None
NIUWG-R5YZU-2WC74-W5GXT,None
S80NA-W68PW-BRBG0-W6B31,None
TXD5T-PYWI6-XHPQY-OCPBN,None
8IXC6-XRKDF-8ZAJZ-06A1Q,None
QWCQQ-J2SGM-NC4DG-XOT9G,None
LDG5A-3P8MC-JG79M-RWUQJ,None
A7SDD-2N7B1-IBQMR-V27RW,None
98U21-OTWNU-7SR1L-GKBQI,None
AWME3-2YULL-EREV4-8O1DW,None
KJP2D-26EW5-XTXYL-EF776,None
QH8NE-YTWK0-X7YXY-HQVM9,None
MX3NO-K35T1-KB7E2-TSU8B,None
2XOZL-1YKSD-SKV87-MZ9BB,None
CBZAO-HCLCJ-E5LHH-AJYHV,None
R8PB7-MEYYQ-SWHLX-UXRU1,None
RFY1P-GUMMY-1EDLX-HTW14,None
QJC5M-27WTL-KYSM0-816A2,None
M7ALH-3IINQ-1UJQ4-P6CNO,None
6MPBL-I0FL8-0PRUN-GZMKK,None
1CZKY-RS4E8-DGUTQ-IWNPJ,None
BAYYQ-E6KQS-EK28A-AQOV8,None
T8RDF-YDTID-7DVOM-D0CB0,None
QZP2C-JZ1DP-WUYCP-DFHDU,None
DB9HC-TVGEM-IOGXH-EUEIV,None
4VIBW-6OTPA-EWTSM-6NQVA,None
YFM5Z-FHNIF-64UUR-WSGZI,None
1XV7T-QMMFU-SCCXB-MZ5T1,None
QY6LY-GS2ZZ-LRFAI-YIXS0,None
PMLXV-ZFF1A-OM2AT-L6PVW,None
PDYKK-2YJCT-YADRQ-SQQXN,None
L1TLX-CRKYR-IVZYZ-31PGJ,None
SZZKZ-43MWT-A1UZE-4KULP,None
1KSIN-AVB7P-VESZP-HNMCS,None
DOMJ7-HSQ2W-4LVNY-KLSXU,None
3EDCX-MDMWC-DCSAW-8TACE,None
TGTME-AKNG7-9CLHX-HG73S,None
5T1KC-XPNOV-TRWBJ-EAGOE,None
F67PE-CXHBE-LM2SG-JMZWJ,None
LOI90-YPYHK-9XHPR-34EQ4,None
0JW8U-OL7ER-CCG7W-NMTJY,None
M6TEH-CLDMF-SO51X-GLBHA,None
VVTGH-XOZQM-NGATM-EYRGS,None
JKKXE-LZL7D-H75PK-89N6G,None
TKXVZ-WWG2E-71MBL-FQLQY,None
BNBW2-7GZ5E-BD7WP-ZQ99O,None
41JT2-YICYK-58XBQ-IH40O,None
HS1HD-I4GB7-DOUAL-7SX50,None
PY3VS-BZ8DL-K3UIN-QQTGV,None
WN3FK-RLBXO-0RCX5-02YR5,None
VUCHV-MMSPY-EHSYR-UJ6OH,None
EHZBR-UN3F5-ODEOU-CJUMD,None
E83YT-ASQEW-G6JAA-X42L2,None
6RPPY-IAUXR-W5EFK-TG856,None
5UULM-VA2ZI-I04UD-BFQB9,None
NNWWA-EIRRG-W0ROL-OXZTA,None
1VGZF-WCCTR-YVHVW-ASHR2,None
QGINE-EYHAG-NMWOF-99FPQ,None
DJ7ED-MLNTQ-PCMGQ-EUXLH,None
EZSWL-OPIVI-D7S83-MAMLZ,None
VTLCC-MHELG-KC7XK-TAIUV,None
UBDDI-N06PO-I5RBI-RNCHA,None
G84WN-TVACU-SISBN-044EO,None
L3FHR-CABLL-BRJWY-UKV0O,None
G1SSC-LCOYS-MAD4Z-ZPNGZ,None
TQZV1-9SYI2-WBF0I-3REPZ,None
DVZAW-VHXRK-I7W35-IAXYC,None
L9J3I-2L1Q9-ATGBA-WXPCE,None
CBHDH-AQFIB-NVGU6-N7VB0,None
7QDW3-W7N8S-2DFYM-K2J2F,None
HYFPJ-XZUZT-ZCLII-J1XJE,None
2QMMZ-GGHLH-DTNCJ-7LVIN,None
JNZKH-MBLEZ-ORT4N-RBQPU,None
T73XO-STYZS-2CRVA-MN6EL,None
ZALFU-TU1Z3-PA6AT-TCYHL,None
HJMMH-8TT2D-VZRHG-F33EK,None
V9RYJ-J8YKI-PAOJU-KJH2K,None
UCE5C-NQ4WG-IR1DF-VKSLD,None
7Q6FB-I986T-ZCDMW-XVWMI,None
VME0X-2T1CA-3KEMB-DFFDB,None
H5QTL-F6GED-GSVZR-D00DY,None
8UYRI-5JYAR-KPK99-GIQVK,None
XYCQG-OGAOD-MB7DX-IS1FA,None
C5NAY-BF05F-PTCIL-RNU1N,None
TBMRG-5XVDL-NWJP4-VOO2A,None
35LJN-EMVW2-TN3YQ-PYURA,None
ZXFRG-AMU6L-SHXRI-LEVCY,None
SX9CC-LULCJ-SHZGB-JFYM2,None
IOYUC-QPIFF-QP5OJ-VVYOI,None
A6S3P-PIGO5-SHHNZ-JIIYE,None
JU7VZ-Z5AGM-YBA3H-ABO9S,None
FCNHV-XWHGD-BEUPY-IZTON,None
Y1U3R-QQNSV-DB8DT-HYYQT,None
TSPLH-A7RVL-GR2XT-89BNH,None
MNVTL-UIUYK-EQCMX-PLOV3,None
KNKBK-8TDGD-HIAKK-MN1MA,None
0S72W-MPCP1-E2VB3-XSSUT,None
MILYD-4UVM5-0PBTQ-COW63,None
5V73D-ZIOEA-Z6KOZ-ETDXF,None
HMMWK-YALU0-IU6TQ-N14IN,None
GKQHD-1PZUM-URHW1-OOFZP,None
BTN2O-ORRFW-TNVYX-FIPGW,None
H2VKK-1DXTW-1AJYN-TG6WT,None
7BZCY-DHGDF-WVSBW-H72IP,None
5DYPN-TWYDV-B4PFM-1BUD6,None
HJU8P-17US4-R66AH-IAGX3,None
RKFUS-A9LUA-C7ZOM-FUYVP,None
LJXG3-2V9NL-GX9VF-NHVSB,None
POCKB-TX6RV-IYXFS-GHD6T,None
YOTFM-QCEIZ-1QO8P-QXPSH,None
KAQMK-Q4VW0-1HG5W-ULEUB,None
KNUT7-J2AYU-6YJ7M-IUGHV,None
96GFO-DJQRK-GGEKC-MIVZP,None
IYOMF-BJUPY-OVCKL-JBOUG,None
YPMJQ-FOXN5-B7G9Y-PEPF8,None
WUWH5-CR996-WCJAM-K0PEH,None
VWDHR-CFTSY-RJW4T-5K0H1,None
GYYQ3-YPX6H-ZZZXJ-SPNSF,None
AKI6Q-UBRBE-OMCGR-2CZY4,None
35QHK-AFBKZ-DHPTO-VFTMN,None
JPI57-ORUXM-ZYTMQ-G9PBL,None
VLKX1-MQQ9H-6QZYW-VTRIO,None
BPFVN-X5IHS-FQC7O-HXWXH,None
O2JKB-AJZWK-OVSM8-INU5V,None
Q2AZG-VV3JU-BAQ9J-KUTKN,None
NA1PM-GOBHD-DAOZT-WPQDS,None
GOU3Z-ANUFE-CGKP9-VQRF1,None
XB7ZB-7HYJC-9L84T-2U0F0,None
GGUNW-JPU8X-OUP2R-ZTLPW,None
CYTND-ZBH9P-K1YTK-XS4Y1,None
IU0MZ-VQID9-YH4CA-M6UFO,None
AC3HF-WC37R-IYXC6-RFDYO,None
6KFFP-6KIYA-RANKP-TYL1E,None
XBBQT-4R1TZ-QUD62-MEFCE,None
6JSJT-DP02N-QCO3S-YG5ZX,None
M8OM0-5LJ7O-DVERA-2QFKK,None
VXQLG-YYG2T-GIQ4U-F4XK7,None
JODMD-SAMHF-SI5XR-NXKBH,None
FAGCL-PXD77-DDOQI-95E6D,None
MTNMM-2AVOC-79TAZ-DJG0K,None
QUTEB-A0PVL-7O8UZ-CVLY0,None
L1BLO-8F5BY-M0WRS-I2I0J,None
EMYYI-85AS2-WXJMB-JFO0T,None
PBT3I-H1OVT-MQEHT-UKGG2,None
DTJEB-8S1FT-EYXES-Y5LYS,None
QVNMP-SBW6S-PW7YM-DJ7MS,None
OEWL1-2LZMI-4HDPI-HYH9S,None
HD3HJ-ADNX8-XFFH9-6OQMC,None
CVELH-TCPBM-XTABN-P1DYQ,None
QB2BD-FEM6I-RDC4Y-XVUK2,None
KOFQQ-M7AC9-SP7CR-58B1L,None
CGPVI-VSITJ-GY0FK-OBHIY,None
5JA6X-AQR0U-VLUMX-DGIUO,None
DVBWV-4O8X7-IKRCT-EZCYJ,None
YJJ35-CFEA9-WG89X-TBEIZ,None
UDNXM-O4MND-GYJBM-MFATS,None
IGEQY-ORKQ2-HLVEP-S3GFL,None
IGER8-ZP80L-JPDDI-IWQLG,None
E9JSO-V7EDK-8YQNJ-MMQVH,None
HJMAZ-WWPGV-GAT48-5LOH1,None
L7HXM-1SUKE-L0GCH-N0G3O,None
QYAPZ-NNPOW-9YXTU-7KONB,None
LOKHD-SV4IX-TQSIY-9ZEW1,None
EUA8W-PSUBA-ZFRDW-NLZRA,None
DYFHP-NWPQG-FFPCJ-PS9FN,None
7TZDI-1J0VF-HH12E-SRGRG,None
9AXDP-DBSFX-ZLHQE-2WVR5,None
90RJM-RMZRV-EGPF0-JEJWS,None
FHZQ3-WGHYR-7S3JO-NCVYX,None
8KN7E-ENDAA-VFP2M-VBRYG,None
3GLPQ-TV1A8-EKRAA-BQFNM,None
IPKFF-FP4WB-ATAC0-IPOLN,None
A84VQ-UZR3C-YFZYF-T0XRO,None
X0EVG-97AIS-W2QN5-GT9N0,None
OV0ON-4SEIZ-VGD7P-2L8IA,None
LKHHG-BLYBS-8RLM2-ZCHE0,None
ZNFDX-WJDHU-49V2N-LUO1H,None
WVBOQ-7PFOL-ODVZQ-QHZHE,None
XUGHB-M8PO6-ECVQ5-X0YK7,None
ZUBO9-7F1TM-TSMK4-BYM4H,None
LFSGX-BSQNH-LUBZJ-BQDSF,None
DD2EV-1EFPB-OPVJH-XPFEQ,None
QTHGH-63SSF-QRMKI-OWXYT,None
ONZFA-W7LGF-ZFJPI-A5NCV,None
CMVMW-OYZB6-TMDIX-QNKMB,None
7OTJA-NHSDA-BPZOP-HX1SX,None
5DCNT-QD6CQ-RYFHP-LG64O,None
OJU12-VC6Y4-J37DX-UYGYJ,None
8RTHD-VFRF1-QWY4Y-DNUYD,None
LHCSG-AAFO6-Q7HWN-9VFIQ,None
ZQDOD-VKNNH-BB7WI-TKBO4,None
IJYKH-RRVM7-2PKAO-OEL7T,None
XIM43-JFCHV-LT2YF-G4CBR,None
AD7QX-PS25M-EQMVB-U8RAB,None
IL7CI-YFRAG-LMHMV-NL4DJ,None
GCOPW-IF1OR-RAED9-NNL26,None
XZ0Z1-NXGSL-VOEC3-10OZ0,None
7WIPR-TT6OG-IIBA8-8O6NA,None
LYU3U-LT6VW-6TENP-S6ULY,None
QAX7F-8DLRF-BVVS7-YGT8S,None
ZKNUY-R30LZ-CZTSS-TLAT5,None
LEXCV-DMRZS-ZT4ZG-2TEVD,None
6M6YM-ZFHZ2-DEWIA-J4CXA,None
E6KBN-H0IRU-DSFA6-ZW9Y4,None
XXIWM-KSZS4-UML7K-6RVHI,None
EN67P-N6JVO-NAG9Y-6FAKY,None
SLCNW-EBOAK-ZDK2Z-BW5J5,None
YUVPY-KNJVZ-MPJ2K-PVSE4,None
WGAUZ-PTUTG-2BALX-UDUXL,None
UGBEB-DIBKI-R5Z41-MKZHU,None
FP29R-4MC2K-VCQXI-7LCFZ,None
DASQN-HTDHH-61GK7-HQKYL,None
KCKRL-YQEVC-QNBVE-AO5QC,None
SBT9W-FMIZI-MWD9F-EO7PO,None
4QLBD-EPQPS-ZUARK-IEDP1,None
ZKDEE-HOE0P-E3EN2-8GXDY,None
NT5Q8-NXZXS-0J4EZ-1BCEC,None
N43UU-HU933-KII1G-GNXDK,None
MQH7J-DKVFJ-ZBUXW-VVDYR,None
2VJ8W-6K6BB-TCPVM-OIIYJ,None
USXTE-5VHPT-DH4EW-HXZD8,None
4ECD9-Y0FH7-VEUAR-EIKS8,None
XQ2QV-OV8WP-HUV38-OY1OL,None
WFFOT-8EJ5N-7CR0P-NNNSJ,None
IBSYE-L8IFW-CA2XA-CMHPJ,None
IGORB-DTN9O-WGYIN-MJVQF,None
A5Y1A-NXIHB-AO7JT-J3S6Y,None
3JLD3-QSKG1-XJIIY-EDKCF,None
IPP0W-7AVPE-PCSK1-WKOBF,None
WZW8Q-NAVFI-5LH0X-AW1AA,None
UBRRK-XWZ9K-2NPVS-UYQ55,None
ANEL3-KRYQH-J9WNS-JQKCE,None
HLBQ4-L4NWJ-JHWIB-KVF3T,None
RH7GF-YPSSX-BOJNC-1IQJ2,None
Y2CAV-SHI62-RWCRR-2Y3VL,None
ETJGE-DBKWC-YZTZJ-DBL99,None
MCOYP-OVOKS-IA6AL-JLIWV,None
PSMM0-IESHE-KWAWZ-K2BZW,None
FKBKF-IVKNS-N5VTK-MLRPE,None
LTW58-2LAAT-NCCUR-QKZAM,None
0JKYL-ZPULZ-K5WX2-HRIGD,None
9UZS8-BSYBF-HOI5N-WCFIO,None
VYDFS-4ZKGB-RFMEQ-LSW38,None
44E9L-NIKIU-3OS3U-BMW3M,None
WTTQI-ZQNYF-YVQLC-PGVTR,None
XQ3VX-2ABVY-VS6VW-VGFHX,None
BX0WB-JCGFF-MYERC-G2FC7,None
CLEBE-XXE5M-FLHS2-UV2PW,None
LSDMW-6YHKK-4DSPW-G5FI3,None
PRRHB-2IK3H-FS1NB-VDK4E,None
E4DBJ-ZCP09-VQ6QD-3HW8P,None
Q0RV5-JEIZH-91Y78-0LUW9,None
GPEGB-IXTTS-2P8N7-9EFBR,None
OXT9R-DK2T8-ZXEYL-LRIZE,None
HJGLL-TVKZW-H0JQO-ACTPB,None
GTQ2Y-CPLVS-M68BY-SBNIS,None
4CHMP-TRWRW-QTYAA-77ZTS,None
6UGSL-K7MQB-JN7AG-YG2IT,None
A96L1-PPCKD-WXQOH-LOONN,None
DFULF-FVZLQ-DZSH9-HEICZ,None
G1RXK-VFA1H-RI0GJ-LOGBV,None
LYS5D-AIYP1-DLOFM-HPSJU,None
LQIPK-8ABCY-NXB74-IBP2E,None
UC5VM-XSYFI-UAULW-OAPDD,None
9L1SI-UHHNW-G4UAX-O1GN4,None
RUM2E-VRYSO-WMKX0-ZG25J,None
ZSHCL-4YLX0-SYTIN-24M4G,None
GRGPQ-FKLNV-BG03M-T31JG,None
DOPSK-JWZIP-2S99L-MEUNB,None
URLMO-DNQMD-KGHAD-RBS8S,None
BCSGH-IQFWC-DDQ3Y-LMRAX,None
O6WMY-JVKWO-OYQHM-D4IAC,None
0EINT-5RTGQ-0QE9N-9WYRY,None
HWET0-YNWGU-HHK8J-7GFSC,None
X9ZQW-CIR9C-WD1DC-FNLEU,None
KGXWT-PUQJP-XGKOY-VDOD8,None
0WXCP-NOXZQ-QE2KF-A3H92,None
YWBGA-FMACD-QUTPY-MBD79,None
ESQZN-WAMCJ-ADLZX-IRTIG,None
BTTS3-5TT9W-GKPUS-OBRRA,None
KPWYM-DBFFH-JAVNT-UWMJP,None
7QIFP-HTWUQ-SFRO0-UT089,None
DAWY1-ZJKCP-UCYTV-7A3PS,None
A6MLZ-7ZZ9D-HORKN-9SOZT,None
WYKP2-DTJ5Z-5YHPG-MN2RA,None
0361Z-8C70K-XMPBT-U4AQK,None
AU0W3-C8NB1-MGH4C-DPLQY,None
JIUUQ-JXDCA-BGG5N-Q6XON,None
SEBWL-ARAHU-CZOTG-JVOR5,None
TSR0D-LLQA7-8F01I-SOEC2,None
CEQOU-VZS87-2DZEB-MIBOB,None
CTO5R-GT3EI-VNDCB-YLMYX,None
8CLJA-X1J54-DSHV0-D4D0E,None
H3PRL-UCW8C-QHZOL-ANFB0,None
DAMHD-X0QB8-86ECG-LGR5T,None
X0WVH-FTNJR-C8EDW-RKIKX,None
ZBPVM-GMJSM-WNAAC-OG9MQ,None
3RBHB-3MZ2A-A63RP-WD8UR,None
P05OZ-A9PAQ-F1JZA-30VSQ,None
9B8SG-YLQQG-TGT1Z-XJSCY,None
WTL8T-ZVO3X-5M7JD-BHWAL,None
OD8O0-XV4RZ-8L3TP-1FJHA,None
FXOMG-CKITF-WCB1B-ICZ6H,None
1QZXA-VPDE5-YKNGI-MFHNF,None
UKCO3-S9P8S-NTBI5-TMMXM,None
V4055-J5CJT-LJMKL-2C69V,None
SV7M2-PR2SB-5PVJC-1DWAF,None
RNNYU-VK2DY-XK2HP-F7OBC,None
FZ50P-HANIL-ONMBY-IDNMH,None
4WUQO-I3UUZ-C3TWO-COMTT,None
EIUNQ-YRVOO-81QGO-KQAL8,None
A1YQZ-0OTZI-MJNCG-OWSU5,None
SILLM-C0BBE-CVZME-JPRVH,None
1ZJDZ-WVYUS-YE7Y2-CEDFD,None
VI1ZZ-QGS32-HRZMV-MZYJQ,None
Z6XPD-ZDIMZ-DUBRL-TRBOF,None
7ZUEE-UKYCF-MTGK2-IQBD9,None
WUF3S-GSRJV-C3G8H-QQL5Y,None
6I54N-VIBJY-KCHXI-GDNO3,None
URMEV-JEXPL-TEK19-DJUCI,None
NXSNY-NEQIZ-DRTLO-X1PTF,None
QKQ9B-JIQEZ-HL6EI-W9ROQ,None
JJLRI-DPVRO-EC6BS-3BQCG,None
EORX9-EXUI4-DHXBM-XYHZQ,None
GJMYQ-ANVV4-CXZ1C-XTJHK,None
DAWUQ-9AD6C-O9JRM-FT9MO,None
G4VRD-BDU4U-EF1NF-IDEYI,None
XDIXJ-JA1Z9-30K5S-VDP4L,None
CKSTB-298WF-WSPLU-EEMGX,None
CVQQK-KPFC2-D1VUK-Q5SNH,None
KH84Y-EP1CL-ZF4QM-WDECX,None
BTPEI-V8WU1-JBTCD-HA9A3,None
ADWB5-WSOZV-EZTQI-DM3HL,None
BTVBU-SCK5A-YGODC-FQD9R,None
P8BFB-HXAVD-HOBOF-HQVMY,None
U6MPY-V0REP-H33OQ-RYMTS,None
T6RBK-W0SBN-929AQ-I6U0U,None
MXSZ5-UJTGW-TPVL6-UGAEI,None
RCSXM-7ZDJU-J5ADH-TFZ04,None
P99TH-EW1ZQ-U4YN6-KIYMB,None
RYGET-22O1X-3MXAG-U9I7V,None
IVWSA-IOB9E-KVS3I-QL4U0,None
6MNJC-JTL0F-3317N-FO6MC,None
HSUJV-LJNEQ-1GBT5-AFAUU,None
TXSPT-TJW1X-VULCN-3NTSP,None
9E2OG-JGWB2-K0VOV-JJJVV,None
NN8TN-PNHFS-F4DNM-WROCJ,None
VEZ9E-CT8TQ-AR1XJ-3XDOG,None
SHZT0-H7UAD-CYSIE-NZPA6,None
RLSNU-JMWKU-D94CK-G0MMU,None
V73MB-E01CQ-5VQPE-YRFLM,None
HTITD-FA3TE-XUAO2-D9VWO,None
N6K9F-EGNFD-RDDSY-TN1Q6,None
KH1GJ-KTBX1-CANMN-LYHAG,None
KWSTN-6R8G1-KJUHJ-A9W6G,None
39BA5-21RFT-2RAHT-9ALNW,None
TXDGU-CMOI9-MFFDI-0FWMV,None
ETL1Z-JJMOX-UFW05-ON6IM,None
SRP5D-04IYL-ZKKM0-SBSL9,None
QBARP-2MCSH-FLW7P-RM5HY,None
KXPJT-0SOKM-ZN13T-X6YK4,None
Q8Y3A-TNP7H-ATMTC-YLYB4,None
ZQTQL-UNP3H-LDBHZ-XLY4V,None
TNLS9-0NYOM-2AD7F-RQSBZ,None
D9UBT-ZNPS9-W4U6Y-DG4VO,None
YUTIW-L2LHH-HC9B1-NLLOT,None
HPP4I-BZA4F-WXADD-GV33H,None
YX9OO-NGHHJ-DHWJR-HKF2P,None
3DYHD-7M4SU-NHE9N-VDYU7,None
AJCX5-E9HFA-9WONV-6X742,None
QLSMJ-QFFI1-4YTIH-X5NWU,None
TMEFS-ZLTDM-HDJNF-QLE80,None
ZCMGL-GA922-Y4URG-MYNJD,None
QEP39-XJAEI-NHKSG-1SJQ3,None
PCUP8-WIUOK-Z7JVR-WNGP5,None
OZNTW-CAWMV-UVDWA-XEURG,None
CXUSL-TDT4M-85J2Q-HX6AJ,None
W0SYU-LRZW2-JBJCX-EFCDC,None
52RTS-WU90H-7PSHG-4FZPY,None
YAXTK-IJHTF-WSO5T-XKCT5,None
3OO8Y-M0QJU-B7BQF-FXGBQ,None
QSJNN-DE07Y-60YQ9-IEGER,None
VM6CF-TMUDC-TFMI8-2BYHD,None
PVYGC-3FUHY-YYWAS-9VQAW,None
CSHDF-PTFUS-ZQVNK-NJUDD,None
ZIL6Z-VC9ZI-2GBZN-QPU1K,None
8ROE6-MSMCX-KQABE-UEVXV,None
KIBPA-ROP7T-VBB4W-QVT4E,None
XMCTN-QXDZW-XISJO-UZAGN,None
NBZTR-IWGWE-CJFXP-25Q5B,None
RAOOP-CD0CZ-KR0XX-OJA5Q,None
BUWOX-GKU5G-BTDXC-CP6RP,None
4YHE1-GILNA-LV9J5-SAI7C,None
9QQNS-K9AJQ-C8LOW-ZJ1IC,None
Q0YRB-0P0LS-2CFN7-A7QHO,None
P7HX4-XL2O1-BZ5AQ-RCUTO,None
JS0RY-ZEXJL-PUR15-LKEB8,None
WUJQJ-CYVZM-ASKF6-YBWAE,None
KFGO3-ZPJZS-DNL03-YV4PU,None
HEXTP-YKG9V-ZOYM6-MORXF,None
6HFAC-GZBIJ-ZYNWB-APG8L,None
X7S8U-J9EDE-IWP5T-RCVYJ,None
SQ0WP-USHMK-MB05S-SPSFT,None
ZG7GN-TWCJ3-WW6OC-IZUTZ,None
TCECO-UMA7A-WJV0I-RMZZG,None
DI9QI-UHNAS-2MJZQ-JTL1J,None
KV5JV-T4NJT-J6L2F-DWHM3,None
0BDPW-OWTVL-7CE7Q-B1WZC,None
KXBFQ-Z1XFC-6XJQE-ZSBGB,None
E24CW-UEHCO-4JTVA-G9KAT,None
JE6XK-VUG9M-K6BCU-8IHEB,None
TMTKQ-R8GDO-IHR2T-KHAGM,None
7YMWH-BCIH7-TLLGE-9GLZD,None
15JWB-4UM1A-L1MKS-R1B3G,None
E1PUP-J8BLM-ONQ9J-YRGWL,None
U3WMW-0TQSU-ZNZQD-S294H,None
6PIFE-LAJNZ-CV8Y0-ODRU3,None
7YSLW-G9BIQ-6TBVZ-2Z5WN,None
L6T97-YEKQB-V6UAC-9MKSI,None
HGOGT-JYNE6-0Y08A-9VMCV,None
2CARJ-CPVNZ-YREGY-4DTXA,None
TSZJP-MATLW-YQQ2I-OB50B,None
AMRJF-5ODJH-P6BVB-WCQ6F,None
ICFND-C6BTB-HWW1F-GIEX4,None
YPYES-UVJ1W-ODWOQ-40IYH,None
FS6KE-QZN3E-XWQSM-ZFRMM,None
XUQ1P-QE3AP-6KU0Y-NH01Y,None
7E2OC-SJYSS-YLIGG-FZLF0,None
HX7VU-AU9GE-CQGAP-QNOWZ,None
69AOS-LGSJA-1WLZA-35JSL,None
DSD7S-BPTS4-6NMGA-ISV5M,None
MIMH3-GWEZV-WIL4C-ED8QA,None
WLPUU-VSUHA-VRFGY-8WJGP,None
HY2HU-HFO1B-QEAVO-G3MVP,None
MZRND-Z4AH4-JRYWQ-TKNJV,None
CBOEK-69CT0-V5AN4-7SJFA,None
PX1SP-2UCD7-6BKK3-OYOE6,None
JFHXA-19LJQ-QRTB0-BQMLJ,None
YPGJ0-ERZRG-WHVAH-0PKLV,None
HNX4B-3U2YZ-IYWOH-IWQLL,None
3QK0R-KXNSB-BAP3A-WF1VV,None
3YF1J-6KKMW-DAD05-2RF8Z,None
JSCKG-SXMND-WMHSK-CWJFK,None
BB8VQ-BQBJ3-B5X9Q-RBN0F,None
BVJK4-HEBFS-ORRHP-1UNBQ,None
4AKMB-YJXGX-NKUQ7-UNFQF,None
EUKTD-8LLWT-YY7EA-LG4VQ,None
XRO6F-3QIXY-3HQZX-UKV8C,None
CMS8M-NNNJ8-P4BAC-1H4ZU,None
WXENX-OWH7D-9VLBV-XAK63,None
JI6CI-PUIRC-Z4PON-IKHRM,None
DBNFP-F1RP6-H4LEC-0XJJ6,None
1IKLM-KVM6Y-05U1F-N9SNG,None
W615F-0TWFP-NSUUI-ET3KF,None
F3FNK-CKOE9-FXQLG-UY6AO,None
Z8OWU-ANG1S-X5CTD-PJP2R,None
XKCEE-Q3BFV-HH8DB-DWEJB,None
3ONLJ-0RZVU-O3YAV-W4DM8,None
OMCMR-JTOLC-AH0L5-CDBTJ,None
5SRDD-MBTGT-X6DEQ-O2E88,None
GJ0Q1-LSZZG-XITF5-HA6K9,None
GPDK5-KSDC5-LBNVU-9DAGA,None
OK9LK-TYJMW-SI6OP-ZJWRT,None
JECHE-77OCJ-VWVRG-FTUZ4,None
XOTHS-EOYE4-DHIKJ-TUA2Y,None
8DIWC-WWSZI-85QRA-IX3IC,None
IDURJ-EB8KZ-UJHKD-ULCS1,None
IFI1G-LLKMA-E2KPR-2IJRC,None
GFKLC-FUY19-TIO1P-BXURK,None
Y0QD7-UEXHN-LOJ5E-4BUQM,None
T6WVT-9MVAT-Y2K1M-FTPDE,None
T11F3-T7JMO-BGEZZ-6PKY0,None
OWUT0-WT1EF-FHQSH-W6AJK,None
AFC4D-UUCJY-9YAZF-UQ5QQ,None
4O8OM-VTUUQ-DJZMD-ODCVL,None
17JLZ-CKUKJ-OG8HW-WW5JR,None
MBBAW-NLZVS-RCPTN-IXURA,None
UQVRS-REIXN-1HIBJ-W69CE,None
FNNHA-TDSJZ-SECWJ-YOEWU,None
7HN1R-KTWCG-K0ZZD-GYNEF,None
23AVP-JS1X8-LWJVB-ISHZA,None
T8NKH-IPYSS-TJ6UP-PKXK0,None
NJC05-K88TI-IELL5-7YNXY,None
SMXLR-TQF7T-4EGQJ-LXT8L,None
LU5MT-D1XEC-7UBWX-VFHXO,None
J6JNS-PG0EL-XPFON-TMR7N,None
1GC6G-T0E1R-VBQKF-SZTWL,None
T0OID-RXHYD-IEFON-KPKNI,None
PGKKS-T7TPQ-L0OJP-FMHEF,None
OD0GJ-GPFKV-LXIND-FYO74,None
XBAUW-HA58Q-YB4L0-AZACB,None
FXFYX-IONYW-KGQWL-FIYN3,None
JHTHU-QUZN4-ZENNQ-DRQL8,None
MAS5O-BR9NM-GNCMQ-IMRM5,None
MX89J-81CFM-YYHKN-6BECI,None
IK9KO-SJS3B-HSGWH-M2SJG,None
65WET-YQPQF-QNV8E-P2KSE,None
XJWR9-METFR-SJ4L9-SYD6C,None
4MUPR-ZHOX1-QICAI-8PNSJ,None
RI0TC-IRXAL-DCJKF-JY58T,None
XFOS3-V99LV-QKUF9-05WHB,None
CEUIK-VT0OE-FUFO6-HTBOF,None
KEKHM-PYGX8-UJLTK-BBTNT,None
TLALB-WRRFG-CIYX2-8VVJR,None
VTEDS-MMHIB-CSE7E-VPYJE,None
IEKVL-XDG8J-OGA9H-IBYP5,None
JETH9-TPODV-WPB9A-PGTAH,None
KLL8P-19K1X-BWQZT-FLWRM,None
8XF78-3YLO9-9HQZA-S1MZA,None
7EJ90-BLZR4-GI2JM-UR52K,None
MVNP8-WFYSC-8WLVW-TKIBQ,None
1OINM-XTROH-EN3RN-ZOVY4,None
TJPGE-0Z22S-QUZJL-OTA4X,None
VN1FY-2C2CJ-Z0TFJ-N4SJC,None
2GEQK-VL3V2-FQME4-RLR61,None
ZO5WQ-OOUZT-YQIJK-HMSOP,None
TRRZI-2FKDS-83IEE-KXOJK,None
QINW1-CZ3GM-XO03P-MSVDC,None
XDEIV-WSK0P-8TS7O-G0YV7,None
XCVOZ-YIZTM-V50OT-XDDSC,None
CGLQ1-REAIP-ECJOW-G6VSG,None
NXLIX-A5EHE-35V2Q-ECNQR,None
B6KMJ-OQCL7-4EHST-YNDFT,None
J5O3G-NV8D9-NI6QS-LOD7Z,None
CY7H2-RYHLB-WNHDE-QZTDK,None
OFAHV-Z0JFY-LWYT0-CVGP4,None
RMZOT-BXHAO-PUFHQ-C0U18,None
MUYF9-YWG7V-TBU9X-KWQ6E,None
CPYRZ-0FWRR-WJTP6-NVNPX,None
MRGCC-2DSUU-8ILRT-PJVLI,None
GQ8AF-OMG9Q-EIVOB-OBWOI,None
SRRNW-JUMEJ-PMYGT-HMNXT,None
ZOPCP-CLQNY-VREAQ-3EUYX,None
8PSBT-ZYGWK-S8FRX-MSRTE,None
L4EZ1-YZTO7-RPVFT-FNXH6,None
IHZ92-UKIMN-ROVQI-EEVUC,None
ZR9YX-NMUT8-3CGXJ-BBQ4F,None
BPZYO-EZQML-XF91A-4IJER,None
V7GQE-YDUIQ-PTBQQ-KDIVX,None
9MZRB-POVYU-QEC21-KMFZW,None
ZGOFN-00PJ4-NHGGF-HINDH,None
ISWOR-44JKA-EVU9M-QKNUO,None
18FFK-T51AF-BKALL-YZDZR,None
JW0A1-GPA6Y-YK3T5-MCQL5,None
JSMAM-UFTAK-QPUGV-JEBBC,None
KQQUM-MMXQV-USSGA-UBIWU,None
4WDGS-PYIW2-JQKWY-1FMJY,None
3QOZC-P5CTK-FZJRI-53Q8R,None
AVRLX-5XQS2-OBBGD-URNW9,None
U49C6-GWWL8-YZBJS-D3CYU,None
Q73ZD-RMIML-4SMS8-NRLXF,None
T25M0-JQEPS-H0WPJ-BWCFD,None
SWWEK-D4DEV-DZRZY-MB3GP,None
BCTK7-GSRFT-N5IIX-SCVXG,None
UVJHX-QFJP3-CJZOY-K9LET,None
AXUAH-7G0TG-B6WJ9-1WPUY,None
WV2ET-LQXXJ-AAGZU-FCDME,None
VPRQA-KALA9-1UIZT-R8HDA,None
SAHAF-9IUBI-7KACW-A4ISC,None
8ELVI-JBBJP-HSBV5-CUADH,None
57SPE-LGZVV-QU3OG-UBRUG,None
AAHDF-ZB34D-JQF9E-KULM8,None
F0EZG-B7CG5-OUBLF-HAUIS,None
FQISJ-27QAT-RJQQH-YBBVD,None
V7GTH-YGFOU-GKKU9-QE4S7,None
BICSF-IVO49-7OHBH-I46RM,None
4GPQ4-J4WVB-WQ4NE-ML3DT,None
SJAX2-TDTC0-TLKSF-CRMPM,None
IDQ9Y-KMKRU-QVOLO-AU199,None
DMF4K-X51AM-RBHOE-XFTGC,None
ZPCIA-JBLPL-YRLEF-FKE0Z,None
JQPLX-F0FMX-4STBF-IDY3K,None
Z2NPX-7NJVP-L08BZ-A5YRH,None
LFYBC-HUOQB-O3YEH-4R9PE,None
TX0TM-YSJHB-UIYSV-WA1UJ,None
IQ77Y-9MFCX-SAUR0-SVP3D,None
DHMRL-CWGWL-UXA7X-CZ52U,None
9GCJA-1OL6F-7GC18-NFIP6,None
WXR3F-PS8HI-E40WK-764QP,None
AW19W-DUZMJ-VFDS4-QGI8T,None
KP31D-KLZWP-B69ID-6QOPI,None
AXIVC-6VQXJ-1Q9ZW-U9XU2,None
IGGPZ-1RN4H-GEFFZ-WPOYG,None
RUYCY-AMLNC-C0KYU-RDMXB,None
M9VQK-LVHOY-FYSRR-AWIWI,None
M2Z6I-NULKP-YAB6R-55HLE,None
ZY8TD-YEKV3-FUHJZ-LGTVG,None
ZKXPO-BBHPB-ZMW0M-UV3OU,None
KHRSQ-OFWUX-HQIDI-TTNJK,None
R79XI-BHHNI-5RROB-0UDHL,None
LZ0HT-GCSLN-RJNLN-LX017,None
6EFVG-MWWNQ-MK0TE-M5VTN,None
NJ4NK-YFZD7-GKA3D-QFREF,None
K8JBS-XTPGL-IFBXI-KD9GW,None
YD4BO-BRA5N-TN4S9-TH5OX,None
9ZJUE-5STIQ-BOMQR-RGTAN,None
UZEM8-9AWZB-ZXGAU-9EPN9,None
1CID0-PQCH4-UGRTE-6DL92,None
SIE3F-H4CBZ-VAMP8-R7CHF,None
TVYVE-RGVRR-0YDTU-EA7F6,None
3KAAL-QTVML-MFXGE-HW8MY,None
BQZPU-055LN-BWCZV-8R72Y,None
WX1VU-RXVCX-PP5BE-O0VIY,None
LYC11-HTNGV-HDSLD-7V6IX,None
DSFGJ-LHOIY-MX8U2-9GXCM,None
58RPK-DZLSG-ALF92-U3HFZ,None
ETFZP-ZNXF7-0QQXM-CVEHY,None
INL8X-BKYVX-TQGMF-UEJMX,None
XTQAC-3GO4I-T9CII-MJGAT,None
MUKJS-XWRE3-9UYAH-YOCRD,None
RYIMS-DOTSR-VDK31-KI5BT,None
HLYV1-GXWVQ-K0QE9-MZGZ9,None
UEUL4-QGI34-PRLHD-PYJ68,None
PN6SZ-JYBUJ-5MT3E-SN6PE,None
ZPKKL-XINJT-R5PBC-KPJLO,None
WCM6T-U9RLX-6DQSE-RWLRU,None
NWCWE-QNUBV-EG7HR-LKP92,None
UAXAL-JKNAI-KDH4H-IDBHD,None
MVCUI-YBLGP-XZQC1-SWKBH,None
EFSUQ-K1FIK-5HSK4-P2YCX,None
ULUSO-BD0FU-7BYSF-INX31,None
YHYHI-OZRBZ-JWFHB-AXV1Q,None
UEJNQ-O7F3C-NTZQM-SCGSP,None
DBGFG-BQDVI-IORFD-OW5DG,None
0FXCV-SX8SA-H15QM-7ZWG7,None
ZAILS-Y8FO3-HJMSV-0GUDT,None
9JN0R-8NWH6-IP95F-W2CZM,None
GLRAE-GBPTV-DWT7I-3KDAO,None
IOBU9-46HPK-WBBNE-5XX96,None
3DTVU-XGRUG-HVIUB-HDLEO,None
DOXGH-G8AKC-5PJTS-D3NHT,None
POIIW-YYHQV-JRGXD-SGHIY,None
KI4HO-DCXWQ-QMYUC-3P2YS,None
8UNAU-LCW5U-MFBHP-RSVOI,None
APST9-TUVXW-VYYS0-CWQAH,None
1WLFM-OXL5B-YMHD6-RLTNM,None
NDNAP-VGK7N-XCXCZ-OJRYG,None
LDRIK-SPVFD-ZNHBQ-HUWR5,None
NSTBR-FWXBB-FN1RU-MEHSP,None
GYCNZ-YBXWD-KFJYW-83GHF,None
FQ5YA-KTJEC-8XEQE-5V2EJ,None
QUOVN-IKRP3-YH3CG-WRGTN,None
W5YKV-KEA7H-PQR40-EJ5UJ,None
GDYPD-KBLE0-HYZS4-3SNEF,None
ODJHN-TFDGQ-4MQKM-JPXLJ,None
EJIEH-DXA1J-GE2YY-R1DZ9,None
ZAPUC-R2NXB-X6N8D-KFBYL,None
21CV0-KQJ89-RFDW7-LZS91,None
D9G9J-GAJB9-U1QA4-V22XE,None
HZ9J0-TCUAF-2OYSU-VSZVQ,None
FWU3Z-S0BBD-2EYJC-Z86LN,None
LK2TU-JPN8Z-KAZ8M-MBQDZ,None
UTJI3-BFVO5-VXIQR-DWY8C,None
SDECO-MUV27-VAZYQ-AFXAN,None
QZ9WN-S5KJU-DKRGK-YVNLH,None
QRJ8N-AAMWL-1KU20-TF8A7,None
RWZPC-PHGYR-JKLDS-GMQUQ,None
WGFKP-6GWWS-CBEKJ-L1PYG,None
4AKC3-XZPVF-JGIKG-JHB1O,None
OECSG-GMQWK-Q2O2U-FFJJY,None
CEOMG-MXO7Y-SOFIF-YQYHL,None
0RIDR-BMLKI-YZKSB-EOP9J,None
GMKYA-QOHWF-OPLKU-7MMZJ,None
0HAEL-C45SW-7NEDA-BFW1D,None
KEPLD-9KA99-MCQFH-1GLIP,None
RZXP5-V2D9A-63Z51-SIGBU,None
QAJZA-DEZTI-4THWF-EBGCJ,None
SQTCD-9SCZE-NZMA9-GRXJK,None
5OPOH-BCAPB-SBQKQ-IST0P,None
TPQDS-ENULP-MGMPB-POUXK,None
RHSJE-FUCIP-HQWXA-KBDOP,None
NH861-O6M2U-OQYCP-V6Y7W,None
WGQW6-IDXOP-7NWZS-YY91K,None
Q189Z-TN103-YFQGK-V9NL6,None
HTSWG-E4AKH-TMVGA-TZ66N,None
KK5GI-4127K-01CML-5V11H,None
OVWX7-0CEVV-NWTOT-7ABYE,None
TU2ML-CZI2G-PBZON-VI569,None
V7RPX-NH1YV-BQQN1-95QHT,None
SHVKK-MIYQQ-YHTXP-7JMII,None
5VVBA-CWIRO-GFH4D-XKDQ2,None
MJNFE-F0DRQ-7L2BP-OCTQY,None
XQBER-2A5XQ-HNO0L-NCS4S,None
JGK3H-MODYQ-NFOXZ-XMTNW,None
6HJQW-OQB6A-KQTQ4-ZUFZQ,None
QSSVB-ARKGE-IWBVG-7GWDN,None
VSJIY-WK3UY-IYJHE-NXBZ5,None
S9QFM-079ZR-UJA4R-ZTCDB,None
Y7N04-1K51R-ARXUK-WJTDN,None
1WSG4-UPY2I-KUJAK-NFCB8,None
8AW9C-PBYP8-W8VS3-SNHAQ,None
KMPEN-QKMJO-KGDDW-EURNO,None
1OSAR-LFKPN-CBN6X-KU22L,None
LKK9M-S5XDP-3ISVO-KQCFU,None
0A7TP-I3SCZ-CUIRM-1R9DI,None
NE52A-N28GY-6WOLA-AH7MQ,None
VGFVX-AHDNJ-9CL4R-EF6BN,None
90H30-FRZKP-HWVAX-EW6AV,None
LRX3K-4ZAZY-2GCVN-WZHKL,None
PJTNM-6SAH7-LA5QJ-1YDZZ,None
V6LS8-SFPHY-WRC5C-7J0CY,None
W1VVV-XVWJI-MMHLT-JRJ7C,None
UXMPZ-YJAHF-ZHGHA-AEAXZ,None
PVHN2-OUF54-SD7V0-VTNYT,None
XSPNR-HHL1B-6NR6A-LSOSU,None
OQWQW-AVVY3-8ZHSD-WB0QU,None
HPWWC-ASIMJ-PPDCZ-TTBQW,None
2KKOO-XFMDZ-GIC5R-KXMYL,None
RZEW5-KGHRX-6OJIE-TLVGB,None
JPQQM-OGTKG-QYQ1U-LV5EI,None
OPA5R-WKTXQ-HXWPN-EG1RN,None
PJOOI-EUTX8-A2PBV-6WU6X,None
C1OE4-YSZDD-UKILI-AUMHT,None
FNSN8-ED8VA-KGZHK-UL1TM,None
WRLMV-WMCFN-MHS61-IDCYQ,None
VJFR9-VPBJD-WJ6XI-NALZR,None
ADEZ6-0EIOE-YBUML-GGFJG,None
BW4DV-XG0CQ-1RIL8-AYRXK,None
FMRYD-ZSABP-IQUZJ-CWASL,None
FIN9G-ZTOEY-X5FXS-9PRCH,None
NIBZJ-V2BEZ-XRENV-QJLK4,None
MXNBO-AH7BB-Q1F0J-UQXSY,None
FURA7-GHAXF-BASEI-QMHWR,None
AFZBP-OCA8K-VJ6MH-USXCD,None
OK3IX-IURAZ-OWRFG-26B0T,None
SNGLN-DYEFJ-GWSHT-O9O5L,None
XJ4YA-9BSLX-O9FVN-DXLQS,None
BUGSU-C5WXV-HJXDC-OOBCF,None
6YEO3-AMBDU-RCFMT-MY6BE,None
NDLGI-NI1S5-D7KOT-9PBCP,None
GJWEF-EL5QV-HYRXT-K8AKA,None
PU8R0-WC1SZ-J6PR2-L6V7M,None
JMB3S-SVYIK-JIEQJ-OWHBM,None
PHCEV-DPXLA-A8TTX-VBC84,None
PHLRJ-0T2ES-EZ4WQ-EXUQ2,None
QYZDP-C6UE2-XWJTQ-2NILX,None
9B5ED-OZTC5-OR0XD-DEVHK,None
5SWPW-KVZGN-2R51D-WGBAG,None
NHKTB-FVXEW-MWXCU-YBFXS,None
CVTT6-Y7ELZ-QON4I-HI6EH,None
ABTN6-I2V75-VA4XV-52BD2,None
4CTZY-LC8VR-MBWT5-LL35S,None
KHB4R-HCS2F-ULZ89-SMVI0,None
D2VZE-MXDEN-0BG1C-GEHIE,None
RTY8N-JKIKT-BSLYZ-DKMJ1,None
VMO8C-COT6S-IQOFW-O56BQ,None
RYKTE-MIZOV-KBUIH-JXF5G,None
XCSO9-G0IOA-R9KWO-KOWMR,None
MK55U-41TZP-MEP91-S0WRA,None
3XW6K-WB2VG-WUOFW-YFYVL,None
SFQ3P-JTX8I-FSFIP-CSH53,None
4ZEK1-1OCA6-YBVDZ-USIZA,None
IJA3E-N9SAI-5S8KG-BQZ2I,None
JAKYM-49KKZ-QRPHY-KW2OQ,None
YV1OJ-J1M9Q-9HNSQ-ZIZ3E,None
HSRCI-VJUDZ-TJHPE-RV0BC,None
7OABU-LSNFP-9JFJT-ZNVWY,None
R63PM-5ZGTC-XGGVC-SNX7V,None
0OMRM-WXL4D-TAU4V-PG4RT,None
TZTAO-G1RQC-NYUVQ-PIX0B,None
YXZ4U-YWV7C-Y9AIW-5OWOA,None
DEOX2-BYBUQ-VE4ZN-M6N6J,None
3YF8Q-OO045-LIBAV-IRR51,None
AT7GO-8BCSY-K5NRC-FAVRW,None
LBGEZ-XZTT5-J5XHO-GE1GC,None
OTVEM-18ILR-IYROT-DSPJ5,None
CE9XZ-DP8B9-WBPLT-RHHIU,None
C3CC1-FWXZJ-YEOKZ-NPXTO,None
YFJWP-N2J9Q-CIYLE-DYCT3,None
084EW-2P1U1-2SCLL-IVGH5,None
WOMAS-FLU2N-IT2AK-754VQ,None
VPOZE-QD6EF-GBJXB-DYOPT,None
RCCOZ-9QABF-KGZIM-XMOXX,None
LIKXJ-PJSBH-ENDOU-OM2MC,None
SMDRK-ESMLW-FJBLK-AFAIS,None
PAP8F-Z0XBM-EEMN5-IXPXL,None
Z4S23-H8FWF-QJIQ2-7YPJW,None
EA93C-Y3WFB-R0YAI-EZNPO,None
OAVTV-WHIHJ-0FM7C-TFDLP,None
E7UXS-OGTG9-BARKG-FAEW9,None
TS1AX-6V4ZA-YF2BM-JHLAB,None
RWPPP-A2M8Q-CIAK8-YIEJO,None
C03NJ-0BWZP-981O5-W7MGP,None
LDE5C-VSNEF-Z6W7L-3RBH6,None
BNWYQ-XCKR5-U2H1U-RCYIJ,None
JKRZ0-EOPIM-NEKYU-H6KA0,None
AGFUT-4CVIJ-ZDK3W-DBYPI,None
FJRIV-SPYGL-RD7BB-6VXJX,None
NVP9Y-OSWQ3-0DSCB-WUD5K,None
LTWFB-K2HEH-PGONX-VPMTK,None
2SE07-O7KMO-PODAY-O5MSW,None
1BAH3-HHWTR-PNWDB-LDFDG,None
UYXPN-RA7YQ-FW64X-SNYPF,None
Z6JFX-8TNQM-YQHIO-RSYYW,None
QOISV-2KN2Z-2WPWS-PSYOY,None
XXSAI-QOTJC-PWIS9-VEOGT,None
QSBYE-73ONI-NZBFJ-MAX1M,None
YBCPE-SKOJX-CVEMA-MREXA,None
MTXUD-JQ9LR-YDH9M-S8ODI,None
7DAMQ-USE0N-VSYQV-VXIBP,None
DXDHG-B7XQO-EPWWH-AOHIK,None
DCXHU-KEDJU-F7Q7Q-DXDZ7,None
CVDJP-GNMGM-62NQB-FWVGV,None
X58PY-X1RNT-LH5BV-HZBRQ,None
PPEUJ-7HPFJ-VJHUR-WHYOU,None
4ZQH5-N39PZ-M3A5H-VCPKI,None
3BV4I-KEATJ-NMFPG-Y9C9I,None
ULUPX-XKU6Y-OAAEL-KWV9I,None
IBUAE-NKZTJ-W84PR-XEPTR,None
7KITA-WTAG7-LEWYB-LL5VT,None
NM2OM-IRTZN-GEXET-GYHOA,None
ZO8YD-IXOAL-HFQI3-GULJZ,None
1BZ74-NYQ4A-1HRBE-Y99BK,None
ZCE6Y-HTSYF-J1QGF-2IYZH,None
PEM7F-V5SSM-X86W6-YH66S,None
EYXNA-VIQZX-SOHJ7-BX68K,None
AGNKF-O378G-MMVML-OVUGQ,None
VSVTX-QAJJD-ZFTAI-6VX3I,None
HJHP8-DIEOL-8OTAV-PVY4S,None
7KBC3-WFDP6-8XZWA-AGQXJ,None
6WXKH-BWYMX-G4ZTU-A4ZP5,None
KHUWQ-QVYXM-B6PJF-B7VFJ,None
MEVLP-OT5B8-YL1EJ-KX7T6,None
KZOQC-LT7BQ-WHFYT-UPMNB,None
YRCZP-R1CPE-FGXHC-6D4RM,None
1GE7W-VN6ZB-KXHJP-7COBX,None
N2RGE-RRKHX-RYKOU-3MYY8,None
Y8WPL-2BZGQ-9RIAQ-EDIPW,None
XQOT4-DBA1W-GIFB3-GMP0D,None
UDHL3-PMR4M-Q2P9M-2LQMG,None
XRLHY-ZNFU3-5AV5D-2GXWK,None
X1CN2-PJVFI-DLRZZ-RJBYC,None
CVEWF-JYM0Q-GKBO0-QMAFA,None
XZQYN-XQWFQ-N3FVN-UXKIU,None
TMDLE-LIA5G-ZMJRH-DYXU3,None
AGEP0-SYFBS-PENJE-YWEDK,None
73C5G-MNSDP-DLK4T-FZVZV,None
YEOKJ-OJMZR-GZVKZ-FVZGC,None
VZ0ML-BFXKE-MDKPF-YLUFK,None
KX3JS-QDGPW-VUV7I-TK1T9,None
SLCVI-CYKNW-N0H83-WIBJN,None
SGOU2-0VTAA-BYUI4-YJMZN,None
VZLW4-YIDAG-KECJI-Y56PG,None
LDOUM-NPOMD-LWRQ5-Q3V4U,None
7UMQF-XOIKI-ADLN9-YCOTS,None
EZXIG-AJ4P7-0GIYQ-BFNEZ,None
EPCIS-VPZZI-XPK2U-QRFMS,None
LUEEW-4EEQM-XOORY-MGQ7X,None
GDE7N-IXY83-C65RP-C6GY6,None
7AXGF-WJRU9-KXFAS-XUCFF,None
EBWP0-URTR4-1EYTY-RO40F,None
FYVDG-EPPUJ-EZLQ8-RJSSL,None
UXNV2-LGQOP-XKDGC-KHLKN,None
5J6JO-AABYL-YBQFD-ZXXGX,None
NNKRO-UUCMI-0MN8Z-37USP,None
YXUUR-IBQSV-HGM9I-E2W6O,None
LJ9H6-ZWNAL-CEOKD-W83TK,None
APLR0-XV6ZW-N9KZS-SJZPA,None
KYECB-8LARI-44JWQ-446BU,None
WFHAC-GRV7A-Q8W86-7R9C9,None
FJTAQ-OA6WO-1H5CE-3NRYD,None
UJJJT-MZLM9-T91ZE-0ZUY8,None
VAFOX-ZF5PP-9GSW7-5XSZI,None
SCBBM-TXGJX-JGBIO-B4DDT,None
BZ1KP-WN2GS-KBSTR-RHA5D,None
DARY4-HTZDI-4DGLV-UX2ZR,None
TQDIQ-KQ3XK-IKEWD-5PTCM,None
O1GU7-EEURC-JQ7NQ-ELORO,None
DOQZZ-UDWRM-ACI3T-IXKRW,None
ABVJS-BK2ZB-DKTMA-ZQUYJ,None
E1QY0-KMAXH-3CLVR-JMOR4,None
OM1EE-1OY75-3P5SS-LX1Z4,None
BG7VS-JGP95-YNJNM-XA4PO,None
TMM6P-PXT9W-SASH5-KV9VY,None
GJFZ4-Z2UTA-ARKO3-NZKFZ,None
DZPYG-BO38H-OLMPL-HPLJM,None
UBRB6-C83BX-1SWSM-IMJLM,None
KKD3G-UAOCE-IK7LP-TBC5B,None
JVRXA-UDLHM-KIMMA-CNI0L,None
7YSMU-RWUCV-CMK7D-JNV7D,None
T6TJ7-WHFFI-DLRUP-BQWW0,None
MQRIF-J5PUH-CLABH-Z18TT,None
EZW7R-GZTWV-NCFFL-IFOPD,None
WRKH9-UO79K-4GQ7H-G1EJV,None
3JOY5-EYP84-AWPSU-5KMIC,None
OFH1I-TF6OF-L8IBD-XRIXK,None
RRX30-NIFJQ-MVVAJ-ZV27K,None
0M1CX-ZETLM-I56T6-SOQWY,None
CSDTW-BL2DA-ZV7IF-ZYIPY,None
MT1IH-NSRPJ-YWIYS-RZIGJ,None
ZDNUM-SUC0C-BDS0J-1CHY9,None
WEJ2Q-0WRFU-C80ZI-YB08M,None
FZRWS-1GKIQ-UCAAP-TMF8Q,None
EP4Q2-PTHYN-OCWV4-DRTQM,None
GZ5NM-PDTIC-3JWIL-D5QR6,None
X4DSP-SO1LR-HLMHH-JBCM5,None
AKTRY-NMIKO-W8AM2-1AXWJ,None
FYTF1-SNTHH-0WPCR-7W4D4,None
WJZJ4-RR62R-87IA9-2MXM6,None
XMU34-V5PUK-Z5VFU-VJM6E,None
PER4G-Y36UD-WWU05-IFGND,None
25DUZ-0OAH0-NTSNO-YLDRQ,None
5EDBW-CKYHY-NGQHZ-GU4UV,None
Z7OKR-XWU4R-SVU95-WAOMS,None
3MFFT-X1UTH-DLXDL-BYLBO,None
SGC3R-MVHSI-IMSD5-ZJZTZ,None
II14G-K2KDX-N6DCQ-WTVZF,None
DNXOK-IABHY-AYX2I-X3ZLX,None
N6I1D-XMDHS-FMIKI-2W2RA,None
MU4IK-GRC69-C3ZSJ-JSVMY,None
5MP2M-UMRMW-OC0SF-VHK9A,None
7PHLP-O2DKP-QQKPM-HSVRN,None
L1PRQ-IP54E-VVPEY-ET8YA,None
CMUYM-AV7B1-ZV5TU-BJ2Z8,None
TWHER-8OWXD-P05UL-2DG41,None
IEWYS-JWCPZ-YWLLX-8PB3T,None
OAC6G-OYQVX-0M655-BIRG4,None
092DU-WRH1C-LWBRZ-S7FWK,None
A7MIR-7MEYS-1OCLW-K67F2,None
QUUHR-INOJD-PFT3B-A8QMF,None
25KUX-4BYBB-B8M2X-SBQAD,None
VYCEY-UG7M7-NGEOC-YFEUI,None
GTL8U-HJ8ZE-1OWTB-JUZNL,None
SHXBN-OS0JK-LJWTG-86DKY,None
HW6BH-MNCZG-LABVD-GUF1N,None
T9D64-K7MRT-KVROT-PHQHE,None
7QK81-HLGKV-VASFG-55MIC,None
VPCHX-G3VO5-AMYPF-MUXGJ,None
WQZM7-CDUWH-CGNAC-S2WSA,None
LWWTQ-JFE7E-4UDWT-DNSHB,None
LSXES-3WMVB-BEC4X-RB4BI,None
XJ0YE-ETKIA-WEWZC-OIPP6,None
LK8SU-M4NMB-SRGIW-QSTAI,None
NBKH9-0WCXA-D9TUP-V7IAS,None
YVAG7-XPNYJ-YQC0O-OTXMF,None
FFUGC-DDABF-IMSVX-ASMCO,None
GYKNX-BKGJZ-A8ZVC-JSZZL,None
SJ44F-3H7RE-THQ0Q-4NTC2,None
7D4BQ-B6FFV-YCGAO-KFQRS,None
R3FLE-RTCU6-OAAAP-QYJMT,None
D4SFS-OK1GZ-TUZPD-HBC9I,None
WQC6R-9KSQZ-MJL40-W97JD,None
TJHOS-9KTPQ-SHZLA-WFD31,None
SGFBA-XAAO9-LMJRR-PAH7U,None
RNJ3F-SWIBO-GTZRS-S1EUK,None
PHZAR-W4V6A-VCR8E-4NGIK,None
3KGN2-UZXNF-KMGQN-RYBWN,None
UHVLV-02WSN-VQD7K-KDLER,None
IFFWC-UYUMM-83X9M-CZGVN,None
I8MMX-UVOO0-UPE1B-VXJUG,None
OZMJD-XOMTC-VUYQK-REANP,None
R7CQW-O0XKO-AFSSN-SXAY4,None
ZCUKY-QTDPQ-LTCRI-NSAFZ,None
Q3OBV-OWABR-BN6R5-80V1M,None
B6SFT-YDZQX-HWE6X-1QBVZ,None
NDXZX-YE9CQ-P8KW3-AIPRO,None
RQNVI-MMBDT-XYFBQ-YMRSD,None
YAX8M-UFB0H-WGHMK-G2NYP,None
UVOGE-WFBBP-NVOBC-FFTJE,None
OFOPR-ZYIPM-MBK9T-EOXAL,None
Z4W0L-BYEF6-OXYPT-OTLG0,None
ITTA9-W4IBA-7VV7P-CQ25E,None
EMII3-XWU9Z-37TUZ-YSLPO,None
BQ0OL-82VYU-KAUKI-DRKQB,None
SUGQV-PZ47W-ZK9F1-TDFEB,None
IADKC-DBJAN-DOXBC-JNNPS,None
ZQKTH-L4TXR-XHS2R-XSBXO,None
TFUOK-VHI0T-DRYOG-K6FAI,None
IZQSJ-EM2SX-MP2AW-RZEQV,None
2W6E0-YCDPF-QDZGN-CG6UF,None
8Y9B6-YSUJ5-TC6K6-5UESV,None
RRNXH-MMPHD-CZKTE-UYQCQ,None
VVCJ7-XDSSN-TJ2JH-QVQB6,None
HDE4A-JQLNW-PK9R7-6FYHP,None
UIIOE-Z5YBZ-LNDFP-WL8T4,None
7ULWC-KV9GM-XRLRY-GYUBR,None
QA6YQ-PERPG-7CYR3-HMAAC,None
BZY02-QF5TR-VODWY-MCNXI,None
63IWF-F3YCN-FNGD4-JBAEL,None
Z8RFL-SNMIS-JWNMD-BRUGJ,None
ZNMWN-ZNLVZ-7VCJY-BNSNI,None
JPWFU-TQACY-OERF9-SDMGN,None
7PZNM-M9HRV-5PHJE-ZQEMZ,None
SYDUI-VY1V8-NLCKX-WZPDR,None
EMPWF-MFC3R-19IXR-TD840,None
4R1UI-UMJZ3-KHVDL-3NLCR,None
EYHMT-G7HFU-MTRUJ-LUQ6K,None
9FMIZ-QLO1I-LSGGZ-FAJIT,None
L7EBM-A7AAE-A3T9Y-RGVGI,None
KJSXR-A7BP5-DEBGD-KEVHM,None
0Y3KE-GNJMY-AMDAE-WDI89,None
LWFEF-XRYHR-XTZDT-JMTCF,None
SGJTR-GXHM9-NNE4K-TWM4V,None
1YUNE-LMB5P-YRLID-6YJXM,None
WLGXV-HEB63-AZL4B-SMFGV,None
LRTHF-UDVAZ-ME2CE-XKY74,None
LHPAC-EGOPE-QCSZX-UCBEI,None
8WLU0-UMQLO-I7WKF-RRBAL,None
2L8JN-222H1-YB6DW-ZOJDE,None
ED1HY-BPLQF-V9V7L-BSGTL,None
7OCSW-KIOGD-VQOCI-GUHSC,None
0WLXI-BAQHD-DGMXJ-00OVS,None
HNRQN-WBWTM-ZNSKE-7Q13T,None
VYBX2-SIICJ-FHWGS-JQT2H,None
VJ7EH-SE3EB-ZRM2F-QXTMA,None
LB1SJ-D4EPJ-TE4Y3-IGG6G,None
SCOAJ-9AHOO-W0DDQ-XQ7MK,None
C7OEV-OIXIE-VDJZV-VTKHN,None
LU99L-PRMKE-RYOQX-TS1HP,None
YLNNR-J4X4Y-OLQIL-LWVMP,None
W6D5K-AZJDM-PP0YI-1F4JA,None
OF7KO-HG5BG-UNMJI-JA8M7,None
5QSX6-5ZY7S-XUQLM-1L6SN,None
JTGIV-B6XAH-KHA3F-D1F4E,None
OHOOR-MFM3B-3CCWH-MOYE1,None
W53GM-1O91A-9GEWS-LUIMH,None
QGBME-BA7XS-IMLTV-KNQDF,None
4FF5I-DAVJN-JBDGW-YRAL5,None
CXSZZ-PXOQF-GS2QF-NLTNS,None
PJUOX-QB7OX-MROJM-UDPFM,None
ORRS7-NWIQJ-VCSW7-EQJTU,None
2AIGJ-H5YQW-B578K-0SJHF,None
8PCQE-RJ5AB-LFMZW-TCVXO,None
CT3N4-PLTFT-R4RJ3-JLJZA,None
QR8KX-YE2GL-HMC7Y-SRYFL,None
QLLRB-VDECC-4RDMQ-AGUAH,None
ZRYNW-RPNFO-WHP9Y-QH5UJ,None
UEK70-WFZ67-O4IZ4-JO77W,None
S4MZS-9XFZ6-DN7YN-SGY0I,None
06DUX-OVHPT-6VHF4-K1JDR,None
P4C8S-EHQNE-TXWGC-ZCRP2,None
GHSRQ-EMGBL-BO27S-WVF5E,None
WPDP5-H5WJ0-80GDJ-LUD9A,None
P4PBZ-YF5TG-MMBJL-CIB7Q,None
ZHFPZ-QJUR8-YGXOT-KXYCQ,None
IFHOR-2YBTE-FG2XA-IO6IM,None
CWDFY-XUNV8-HRCIZ-SEE7I,None
WS6CA-7PPLT-CITYH-ZSHDE,None
TB3GD-RJVNX-VMQWK-0IDCZ,None
ZAGUZ-JBH9B-IUYY5-Q3LLA,None
CAWB1-MCIHI-XFRXT-BXB31,None
NEGIQ-9WVPS-LMQA9-993FL,None
OMIXS-ZTHSF-DPPHY-OFMKE,None
YAUHQ-1SGGU-ZTXHU-A2NLN,None
408GI-KG80V-7GUTZ-RIEUW,None
YMTBL-ITFYX-AWDIX-0OEVM,None
WR6OB-EEHVI-1VWYP-KZGJB,None
FWXTH-JMIMZ-VXCEW-PGKGT,None
IJA9W-VFZJI-UFYRA-UWMZV,None
KX6XW-7ZY8G-7YMAL-HK4BA,None
HEUT1-B7QVA-EKJA2-KDAUT,None
OHFNA-ZL76A-HTS9W-HPJRI,None
VNIZJ-A9EDA-YDY8J-4TJYN,None
2E244-CF095-HFXEP-EV11B,None
ZM9CX-VXQ2A-ZVHBE-IVBXJ,None
GKO4R-UHERD-GTI2J-MGK5D,None
KAKCX-BMG1F-E5I76-UBOOE,None
FYVBB-KP7KW-1E4NH-JSNCR,None
GW3JX-6KW7S-DT5VH-SU5TC,None
CLD2I-XBBNR-HD0PD-QB3PF,None
YPS6Z-HASIE-AZJIQ-PRGZ8,None
2EEA5-LDCFY-UMTZV-MQMOZ,None
WWYP0-UKGDM-748SJ-JXW8J,None
XHJ1J-FKBW8-TTMAI-YUZCM,None
0JI6C-DZ98N-6ERGB-Y2TEX,None
WEMFX-C5IG2-L3XUK-GVLUF,None
FUMJT-9MYE0-RLBXD-IPUIX,None
YJTJO-T3ROZ-2MMOH-NDFP4,None
KLQ1I-0BXLO-PHWFN-IGOAZ,None
3GMLE-WMJGH-UT7JN-NC5MA,None
EKQYV-JCY9G-WMSJ2-YKK6D,None
8WI8I-VTDKU-UDH3C-AA2LV,None
H95NK-AO8JV-J0LPG-FPLCJ,None
XZ7PP-XN8JZ-US1DZ-3KWBI,None
LA23J-DUHNG-SMQLM-KZD4U,None
VCQW2-NVZV9-BJCCY-RCVL5,None
N6ZCE-WIAMX-7AF8A-YJN6O,None
ZDAHB-ABQOA-WNKDA-7DNQS,None
AMZZK-V1DL3-FWYWY-HYPSB,None
FO6OB-IRFDZ-1TF5X-UVBED,None
IMWKM-85GWY-HBDCS-QBW7G,None
7WZ9J-SJYRO-B9ESN-ZTYM6,None
PQR2X-RJQQS-5VXFJ-6RCRA,None
DTI4X-21AEF-AXWSD-GKZHE,None
JYVNG-EJH4U-GHZ1L-N5KQO,None
6RA74-8CIN2-ZMMPU-KSHDN,None
KHSKX-DLRSU-7DMPB-DDTM6,None
HUNIE-XCLKH-RT4FE-X8H3U,None
KRBT4-37BHC-OH7AH-XDCQA,None
0LDBD-J45CD-FSJXP-LPSQE,None
B7NH7-9QLPA-BHOML-B2ZQD,None
7UPSB-53DOE-9SYQS-SNT4Y,None
NTPZD-9NJOY-C45AM-AJZHW,None
XO9EC-DXOPC-SKFGM-SQUEX,None
AUXKS-HJFT2-6V9I2-USHL8,None
IBPTI-JPHDE-CCIQK-UOQQM,None
HIVHP-MFQ6P-FWDNU-OGZDX,None
OD9W6-RVI7S-FSMKO-2D2DK,None
MWER7-W4H4K-ATPN0-N6VTR,None
4DUIL-JFIP9-CKVFZ-VVSMX,None
WNHR1-CWYMO-STLVF-M5HK4,None
YBFN2-THTI6-FI0CQ-E4YRG,None
KJP5P-BFN1M-LSQNW-LY6BT,None
RWNCY-8D9N0-4JQ4B-6RE7F,None
1NMWS-19Z3E-RXGVL-7VDVV,None
6KB8O-DAKQZ-KW6LO-AFKXD,None
WVN7T-QN2D3-RTNPY-J5ML2,None
NM5HM-TE2KY-OD2A6-HJD2Y,None
C1D8X-4VXIH-QIKEU-ZXLEI,None
1HXRS-PQXYM-GPRMP-90WWN,None
4HKDI-9RQJH-Z7PV1-KOU6L,None
Y4L6O-66PIU-XNVTJ-XNHVG,None
UGIOY-FZTI7-6JETH-2G37G,None
XMRUO-4T38K-FXYGM-CIUV6,None
4OQKA-FHEBI-H7PB3-1VLLT,None
O6GWP-LRZQZ-G7NER-1DL2T,None
IHKCV-KO8SU-LJXUL-GSZSO,None
OMYOC-EAYHP-F3SDN-Q35QX,None
HS6I1-KXO4R-DPWGC-1EG0U,None
AQ7KE-OKGHQ-44235-A195P,None
LD65V-5QEOY-MIZRT-Y3XA0,None
M7JMH-EML8P-PZVXT-4HNXJ,None
JW7SD-NCUNS-BUQUO-LUP2W,None
GUWWG-AL41S-MQ47O-LRLHF,None
TX78M-GQARP-R7HG2-8MZMQ,None
NJOWW-NG7NP-EZXKV-4GCKN,None
2XHTD-V2TFC-VJT4W-VW6A5,None
6K7B6-QKHFN-VCWLU-GALI0,None
EVJDM-GMV7P-ZNSYH-PAK4S,None
LZ1VZ-C63OF-O4UM2-X4M7W,None
2V75Q-AP5UB-TODWV-L9UH0,None
XRKGH-DWHLK-PUIKJ-NEQJZ,None
RN4NQ-NRCZG-PWRNZ-GOUYS,None
MBKPU-DQKWU-UIFUF-FBBPZ,None
PSRRG-KU1G7-T5AJF-ZY1OP,None
L47HR-1PLZR-TWWSV-810CE,None
BZ6R8-PNYOL-CBB9T-AVKQD,None
XCRZI-MNANJ-RPHEC-9YWUG,None
UNC6G-KXH0E-CM4KB-NF2WM,None
FO8QC-JNA91-F33MH-J2F1V,None
AJ6HS-R2KAA-BQORH-YSWBA,None
IUTXE-LAP5N-EXZEZ-UKYGF,None
KAMVH-LXLKH-TI7OY-SBESP,None
EDEA8-BFBVF-ADOBL-KRXGB,None
QECFB-YVD3Y-OU2K0-JUMYS,None
B00YE-GAHAG-DWPH7-LSPZQ,None
LGIPY-KXLUV-SPAME-3VPWO,None
LFBDU-MFPJS-XSYEU-JIMIN,None
GV4GP-D6HZH-A8AZA-VK36D,None
ANDCM-AYTRU-ZWUHL-9ZRX2,None
QHKJR-EIW3Z-ZDNEG-K3FYK,None
DP40G-Z2CL0-QV2QG-ZWS1C,None
JHDMW-N7KFV-PJTLE-MOHLQ,None
GYVRC-ENNXO-5FXS2-GH2IY,None
LA1B3-3LVZC-F6EVD-QY79M,None
BGA25-GU8B3-QERX0-2NYN1,None
BUX2N-L4VF0-WVU8J-PKQRY,None
ODTPZ-XQZA0-I6VQG-H6TTW,None
J4JFN-NQT4H-XFCM0-QGMCF,None
RY0QC-S8XGX-FE2I1-IVK7U,None
DBELH-0BDWH-1EWCQ-JSJMC,None
MVFCV-HPQKU-XCHPB-DWOKM,None
DIXVD-BPXNG-YJZEN-SPSXS,None
JO8ZJ-TNWTB-5XON3-DWKNZ,None
PC5ZC-HOLDI-GFNZH-9NNYF,None
FJX3W-JNR0B-XID7L-TIRNH,None
WCNGX-DJW8P-MWN1D-LWXC6,None
WNML0-GP3MV-DN9Y8-GDV18,None
KKS48-48NV7-PUP4B-D3M6E,None
4ZCVV-SLDAA-RJHQ9-GVT6O,None
ZQ9D1-H2JKU-LZCJW-YLJPG,None
VJMUU-Y0XWU-7APW0-B2MY2,None
DRH7O-W8MEQ-PA1O1-3PN2D,None
IRNGK-9F9DL-HSCJY-DQ0JD,None
J6OO8-N9RNV-34BQT-WW6PU,None
JBFG0-PXCVT-SXGLF-AUZJU,None
AETIR-6RZQF-D0GSV-BRRD9,None
SMRLI-JZRGF-6MG9Q-G23BC,None
IZTF0-ZPRPY-PNLG2-74OO0,None
OJFDW-MTMFN-CSHLY-ZJCWE,None
0FJOH-V11MC-AP84F-S8PX3,None
S8ICQ-95FUU-LH4QV-XTPEN,None
ELWDO-K7S0Q-TO1PO-KS9HI,None
XMOE6-HPR8Y-SFHAL-9RYSF,None
OI0KB-VPP22-7CIWA-GZAHF,None
ZG4XD-6V7ZZ-MKYB5-RW1TE,None
ZBG2G-UJTSE-7I88E-MRS4C,None
IBXH8-KFZEZ-5KYID-R5X9G,None
OGN5D-0LAC0-8QLWM-IWEKI,None
DXCHE-OXBAW-IR8CK-NM68H,None
YXVLK-1QNT4-GABHL-3WSHU,None
R7JEN-B3B1O-LDB4T-O6UMX,None
Z5AFU-2PWBI-A0B3I-CZI28,None
E4NQP-DKPG3-OT4QF-XEINH,None
MIHIK-EXSVM-HOYAI-ZSLJU,None
6E0SH-RKTKH-9UI9R-WKG1G,None
Q7Q4M-MOHVX-3BPS4-PQM8H,None
OLOCV-HHUTB-HGY6M-1WM6C,None
RD623-GV7S0-QJMDX-MFKYC,None
6CDCS-2DEZ7-MSUTA-W4SE6,None
MYBTG-SNHZR-TFAQT-TO3IP,None
UJCEM-1HM5G-ELGPD-RAWEM,None
TVODY-YL9VG-2ON6D-G3RFZ,None
ZJPFJ-CYLWU-KRD6U-T51SI,None
DPGAP-YVDGY-F8KSU-SB8MP,None
PIIBR-HI0W3-UCT57-0VAOQ,None
AZWYU-U3GVH-9H7QF-UI27G,None
SIZKD-DSIFA-JPFY0-BVMFG,None
ZXI25-Q9NGZ-AXFSD-WQTMN,None
VDCCH-UPBJV-KJPEX-SRYXK,None
SCYLK-E63D9-37SP0-BZDV2,None
EBLU2-YOYBS-0OG8A-BGRM7,None
DXFNW-5YTKU-BKWIG-LDJRQ,None
YGH83-ASMKU-WSALP-PY2A5,None
JQT6Z-0XWLQ-EBIFP-Y8H5M,None
GXYYI-RLFE8-AXZZR-QSYAP,None
0CBHQ-INED6-JBN8W-O1T6L,None
LICZ3-OWZJL-YLEOT-RU1ZM,None
JQXNJ-A2GF5-IFDBG-BRCZC,None
OV08T-UY26F-WLAMN-XFST1,None
NCTQS-TZAKE-SHZLB-4X2VZ,None
JZNG8-CLSDP-WJQDH-GXEBZ,None
3PFAH-JWPJS-T31LE-BIOMY,None
NUHGI-TMKKY-V5CJV-O8XBO,None
1JST1-2ELMZ-DOJ9L-SV8X3,None
TO3SX-ITHOK-UMB6P-7PXDU,None
YWFPL-NBNU1-2A3RU-IZ6EB,None
L0SJJ-RUTGU-N1ZBB-MDU9D,None
OYKXH-RZ31K-24G8C-SCXDR,None
55YAD-UY33F-RLXOQ-UJCBG,None
FWGNP-KJFLS-PWUEP-NLXAW,None
RB1FY-UJ0W1-TQKVQ-NW7PT,None
P2KH4-H3KRU-IVVC2-MYHQ5,None
TBRVT-JGEQG-DGEAI-ZU0BJ,None
OFGE2-E5HFC-IKMDD-M0IS8,None
6BDJT-G6MHE-444NK-09N2O,None
HTJE3-D9O7L-VYFCW-IQASI,None
0HXUZ-YPUHN-XPXIZ-ZH2CT,None
MJZEW-3FVJX-3B4HX-JNAUE,None
TRBRX-75LQM-N5TND-JQ31B,None
TFI1X-1M3UV-TDZ4Y-P8DZK,None
IO2D5-ZCOFH-MLKDW-H8YZ7,None
RKV6Q-YM0EL-ZEHQT-TWG11,None
PVXKT-PWYTO-XLWTD-1LG45,None
ADWRP-EFGMB-SHCFW-LBDGQ,None
DBJS0-PPAS8-KHECZ-JTCPJ,None
OGQFM-EXW51-WC6B0-CQQPT,None
XEUZX-MMJUS-5PSES-HG8B3,None
E1B7E-06CBT-P0PQK-651PO,None
BSE8P-LKOL0-MKC6Y-CNEL8,None
PWLLD-BRQH3-K4T4T-75BJX,None
WQHI7-ZOHZT-Y6LMZ-KY91I,None
JACYW-8WI88-ICZWQ-BQSRQ,None
V5R4X-XDMWD-7YERB-PFZI0,None
CGT7O-QS56B-QPDOP-UW0D1,None
XDNNN-OFZNQ-EIB0U-JRB4A,None
XGXTQ-5BVYM-BAAPW-ZTTZV,None
KXGXP-BPX2B-LBGUU-JDW4K,None
R5XYH-MA5D6-ARJEY-DGFDM,None
LTGNE-VKZJC-G9C2C-7MZPY,None
K171G-VPZJC-8OJ9Q-DPDUX,None
MRWUT-3QN6I-TCAJA-NKFON,None
4R3I3-BCTTR-T4SOX-T1SAT,None
ZJY11-YOMHF-2R2ED-78T70,None
ZF6GN-WQVGK-N9WSU-PIJ26,None
VYJDC-SFJUN-58HEF-DBGWA,None
YUXFT-C0F3A-FSOYV-CWFKV,None
N8FUU-VW0HK-PHXV6-M3IAZ,None
NN5EI-UBKP6-5MEBX-MCJ7G,None
YGDZW-ZLS3Z-MOGYM-P6VGI,None
DTQZY-ATC1P-5LOBR-TA4TJ,None
4IO6U-P7BAW-AN5N8-HJER2,None
AULAH-6NQF1-8IW9Y-FQLQV,None
VPC8D-W9MT3-74RNH-KWKB6,None
GZ9ZT-PKHMZ-SHG4G-VPHRZ,None
3USEF-G69ES-LKRQ7-YDHJD,None
SHJM3-2ZV80-HAOWN-PVMJS,None
GONAA-BPJ0X-IF5JZ-HGYIA,None
LXGTT-OEJLK-ZOEW9-6VEV4,None
LFOJP-GXKLU-IHVZF-9B9NQ,None
YQSWS-TOFWO-60H7C-5EDNS,None
AXBCE-OA0XW-J7IDV-AARWY,None
MFWHQ-QHH8I-TNK85-VFATB,None
KWFT7-1U2B9-X8XYM-I2NVT,None
7NGAO-6USTY-EHDJW-ZEFPC,None
ARUKU-ULTMJ-5PEJP-VYXOS,None
QCZ1L-VMJQ4-JKLLI-6GPM6,None
AFTKM-YYI00-CDCYH-TM5GP,None
HYDXR-CRQGX-OEYTM-QMIW4,None
ZTII2-9SQBE-FXSTI-WXJTX,None
BVBBJ-FQE1B-NT77S-MWTF1,None
AAHC7-DLAWV-J7VET-AH5DX,None
SZLI5-GNSY6-HAUEM-1NWV9,None
T9SAQ-N5DGQ-UZVPS-5FKW0,None
HLC8B-9EBTH-5KHKD-XAJM1,None
IU5NU-V02FY-KV1C9-1PRGC,None
PYRES-AWWW3-IPJSS-XULQJ,None
GXH9Y-2KELB-P7W4M-2D3MQ,None
JKJHS-7SP5F-RZAN6-8LXHK,None
OBPUE-W7JHQ-X64MY-AYISO,None
DXFXW-JLAPK-TKDFT-PY5EL,None
6LMAV-QKZPQ-BCVLP-U5NXV,None
6EUPV-55MTH-OHC3R-MZK6C,None
XVWV2-B1OXK-G0LZI-QJTUN,None
O0L1W-FIQLA-A4PMP-9VQDU,None
IA1IJ-XS3HU-9ZQIA-U09CO,None
BEVJK-9PAXV-J2SAT-DXODL,None
KL8UG-CERZL-1JPFH-X8KEB,None
74XS2-CCTLC-OCHPM-X0WQP,None
DHM5W-RDAWJ-QDENX-2GGKY,None
WDC9K-IP8D7-U3ZD4-LM6SL,None
IEEID-O3CKF-E6VJZ-3DR9J,None
4UUJU-8C4JE-3P8KT-7PJG2,None
I88VN-C1ASF-JEU66-Q6GPU,None
4SXND-CYZDS-WAJUX-2XTXQ,None
0ICOI-ILXGQ-E0YLH-SRIGC,None
KHLHU-XTUT8-YOT9A-LC1HL,None
SOZUD-WFWT4-RY3KO-MVMY7,None
AEVRD-MUGXF-9797X-HLC3Q,None
W5WF4-LS0LE-H2IIK-HXYNR,None
KHTZA-IYKCC-ZG3WF-OCAVQ,None
IVHOE-YPBMK-9Q8TK-Q3TJP,None
9A0XN-QDPXE-FZQRE-LVDZS,None
1LQYF-GWXYN-XG1YN-KI0ZP,None
RFTSD-QCEMR-OWBCW-Q9XCS,None
N6BNK-EZLMZ-CB5HE-LBCAN,None
KECNJ-5V0J2-5UTLI-QYF9K,None
9W6AJ-VNZWB-BFPWD-MQHEJ,None
KG3JZ-UKI3R-Q7PCA-Q0BSW,None
LZ2O8-N91YH-OXZFG-Q0IJM,None
555RV-KZ3VQ-SABPB-600QD,None
H4QJQ-JHROM-3LDOA-MSN8C,None
QVVFV-IIYQF-EQ8EB-8QOWE,None
I7J99-OSBLC-HCBGM-WTKCU,None
BBRTP-XXSXM-COHNO-UUT4N,None
NPNSR-WQWNW-LN3NJ-UAYWK,None
DTHGR-LE8IL-T0UD0-ZRFAC,None
T5LDB-FKWOY-CD809-QH18N,None
MKYEV-KWTC1-CTK9V-29LHF,None
ORVTW-KH4P3-FRYRM-JNWM0,None
HH985-EAGMU-PQGL1-M2LA6,None
HJPYN-YGGJR-8F6PH-S77EA,None
BQ5O7-5NGQY-95STR-FS80O,None
BI6G9-KXADQ-RDRQE-PXEIJ,None
ES1F0-DVANF-UZND0-PJLAQ,None
LBHMU-ODQML-UC1JV-JJGH2,None
L7RSY-VHDUS-ER9PR-MEURA,None
K4ZRX-6LTZA-7AHXJ-UYUKA,None
55XWC-NBGOQ-EUZOT-1U9YL,None
SQ5BR-S2NFJ-D3SKZ-T8UOK,None
6PP19-FYGCC-PLTUX-GJEYU,None
HINO5-KADN5-QLN3D-CF4PL,None
UNSMM-W0ULY-KK7LU-MUP2D,None
6UL5W-EUBQB-YZX3G-TBYS8,None
DNOTI-Q0DFS-ESKPN-W1MVH,None
75RAC-LA8TB-BQSJA-FOAND,None
KFH3Z-VEBYG-ZJP5Y-XUC03,None
NGMRM-YDTNH-W6MRH-ZJJZG,None
L3PQB-JAKS0-CILCY-UZQID,None
UHUPA-KWLDL-RLWTO-XAN6B,None
HUIFN-7428S-BYETG-MMPQE,None
7EZYD-JSPKQ-GMGKL-HSXEC,None
ZZHYX-TD4HY-6VO8X-2LSQ0,None
OMNA2-CN9JP-C9EEN-NZ2BU,None
AG8SD-OSYW5-TFH84-FZT9D,None
LBLNI-B7FZ8-ITFHL-AAGZT,None
OOG2V-19F7B-KNZNB-RKFR7,None
MX4PD-0WCDF-VZ9OZ-UUQ0H,None
ZR3BH-RNEWA-XB8FW-HWDZE,None
USPMX-CNMJO-LGCMV-UDPIO,None
Y0LQY-BAPWJ-GVIB4-7BQAL,None
XQDPU-JB1BT-HPPUS-2IQBR,None
WHPCS-B1KOC-KPRBC-RUCIR,None
GSWU9-1CMY2-Q2ORF-XQ4M2,None
CJJQC-YGKMH-9AIQE-ROOYQ,None
S7YXA-FWMXS-2ZKEA-H22KR,None
FYAJG-QYZVQ-UOBZH-AFKYB,None
YA6OY-SEPXY-B3HFV-OK5ST,None
JFJYR-HPOHC-BZT0L-IGUCV,None
P7SMM-E5IYZ-BRCDK-3CIPV,None
L2GIK-9OKHF-9UZBU-K2L2Y,None
VHVQP-CYWVZ-VIF3S-5ZCIO,None
FS6RO-OG03Z-S8CNX-OZ4JN,None
7XN0H-G3BNR-MRDPG-FMAZN,None
EWBAV-FPZPB-3MT1G-3IQ4G,None
0HRNP-4ZCYS-0HCEQ-DXH9Z,None
HLBF9-4AAN9-UH00P-1TIGT,None
WNTSI-PGAZP-HBKFW-DOUOA,None
ZOE7O-AA3OF-7TWMR-IRS7J,None
W1QUE-HAMYQ-RAHMD-BF7RF,None
2PZTT-EXXOD-EQXTV-HUIMU,None
OVAU0-ZC56Y-53DQZ-1T0G2,None
3SRDT-TMH93-RXABJ-FMTQV,None
YY70O-WG863-WNWMC-8PBWK,None
K3AXX-SWV5L-LJACN-NBTKF,None
BWSHA-XGFBA-7OV1P-J5AOW,None
6DZXX-TF7YY-8BCZW-LQQZY,None
0DADC-DTKMA-QFAXT-P56JP,None
ZLFSV-WI7KZ-D14SW-CLLWH,None
GOJOL-HFYLW-EXVV7-E7VVX,None
6YFGL-DC5LJ-WYIBN-EQVFC,None
ONHI7-7MPX5-5ODIL-RMKEG,None
KDY3K-PRRVB-IIKEA-LQ6PV,None
V9T3Y-WLBLE-NLOPC-6QVDO,None
9B9YA-MJMEX-TMNF6-QMO4W,None
GOACL-WDCDY-XZTCI-CCA5A,None
HHPRV-XOGZX-VL5Q9-9ZNNE,None
GA4LB-PDQBJ-EIGMY-KK3T1,None
SDHJH-JE4CB-SVD79-1XZXB,None
FN9LJ-0EKSL-YBPHY-BPN2J,None
DG5ZI-SMU2O-RRWBI-JRN3Q,None
ULHCF-FX0FN-PNIPV-2SLFE,None
72F7G-UXXP4-FHADY-0WW0S,None
D63QS-WPN6L-WCJZR-K2BRF,None
QIDNF-Q1HDQ-CDY5S-O0Y8H,None
FK4KH-DCVTP-EUSTV-TBZ4I,None
DDARF-3DVNS-QLTJZ-XDSNB,None
23DK9-M20IX-D4URG-EDYBO,None
X4FMW-APF6S-GMDY4-KXLEU,None
QKCPE-8UB8I-I2156-6IUBM,None
XAX2O-H9GMZ-H7I7B-QSWKE,None
YQDG7-UWDSP-GXTNU-6UU6I,None
VLIV7-XBIUW-QUVL2-1YL59,None
KTUDP-D4LV0-HYBO8-0PHH8,None
JMAYI-2WT9C-PXDPJ-YTCZR,None
PZXV6-WTXQC-7WC7M-AANH7,None
1VHJI-QZ0KK-9BGL9-WSVPM,None
ETY3M-CHGJO-J79I2-TUCCK,None
I26OW-WS5YT-LIJ8N-KMDNM,None
YK39L-1CWOO-FVAXT-JJA1W,None
YMKGT-OV7KC-EFZ2Q-YQVKO,None
4R0IF-DGJXC-1OAMR-F3RO6,None
ZF0BP-XTSVM-8M99S-WBCLT,None
6RPNM-OLXAY-VIBUH-M9STO,None
LP7XM-MCYQF-MESEE-MENWF,None
LZEMO-SVCNJ-LWIYB-M8OMQ,None
PVZTQ-VU1DG-DY3EM-WVOTG,None
YVTRP-KY3BB-TRA2B-NHFEM,None
OID8N-O0U8N-12BV9-SKQH2,None
LON2G-OPJB9-AAVOE-HR9Z6,None
RIMMZ-FS5BV-RZGD8-UMGHW,None
FVSKX-LHT6I-PBMZK-WHHC1,None
OHJVU-SQTSV-ST28F-HJQCT,None
7IFLL-LH4SA-FST5I-4TGD0,None
ITAKA-OUKBI-8BCFC-7JIHA,None
4R57B-7UZDK-95PPW-LQWS1,None
DZ2AO-ZCIKV-AGGFX-SRZKE,None
KF9J9-5QZ8V-8RVKQ-TBWLY,None
UFM6V-SJVNW-BQ1NV-FZHKN,None
UOGJJ-DX1S8-7WDYV-3LVZN,None
Y4DOE-WG2QJ-HPKAQ-OBNYW,None
MVPA7-WM2W2-JSSNI-APVS6,None
RFBIG-SLDOU-2C7FX-KHAWB,None
O8JPC-TOZZJ-S94G9-6W9XF,None
CME7X-PH8NO-NGV48-3LP6Z,None
DM7SK-6ZAMS-LYCSJ-DDWSV,None
QSORH-G1NSC-1BDRF-AQRGG,None
J16NF-RJIAY-BSPFN-MTZZY,None
4WCJN-0XYZR-XERY3-YXT5P,None
L3KYM-NUANL-DLCON-WC0VF,None
VZAVY-GDH4E-JPGGE-UVLRZ,None
I02KO-9NGW9-ZB10R-GBWV0,None
JJ7OQ-CI2FQ-NBBFU-PQKLD,None
ZVCGG-SQSFJ-WLHYP-0UIOH,None
NLGUI-677TH-Y1BRY-YQTNN,None
JY13A-NDPS8-QREYW-ZVZOU,None
60WQI-8K9S8-KEUNJ-XPM9Q,None
IKMVY-TJHYS-MLQ3B-0OBWR,None
AXRBA-V9H3H-THAZT-IMEIG,None
HIWR6-ABBAC-6ZUJ7-IOFOG,None
QNIZH-JM5F6-JLYDZ-ND94G,None
INAK2-XG8DG-0YFRB-N2CBI,None
KBJ44-PMZTN-6VKAF-LIKES,None
MYORL-HHBSH-DIUAL-LPFEC,None
OMVRO-NWOMR-GZISR-SI11F,None
WJBWZ-FGKN2-WDWJJ-SUXLN,None
DYKZV-YRWVS-XV340-4V9TP,None
JIWPO-KSMRO-6BU5C-T9WEX,None
5GJJ0-X0L0O-NZDSO-WWERQ,None
PIV7V-QSY4R-LXBYD-7OJKO,None
S0FDK-MRK0O-BPAMD-6K69C,None
1MEYS-CL0FE-WUUUZ-IKUS9,None
H1ZNR-U8IXR-9KYGW-FCHCW,None
BJOYG-GH1PE-NDVF5-SXSY7,None
FHVFT-EYNCK-0DB8L-ZHG9O,None
8RF8D-Y3KUH-FVBN4-WDIA0,None
EOPTP-QLFG2-FFA2R-XAIPO,None
J4GZC-UKMO6-IZSDM-O0XVQ,None
ETWKP-2SJ9Y-EL7QU-NENSL,None
JSYCU-AQN6W-8ZAPW-XJRYK,None
WZWND-B99OL-LBLEF-R4RDC,None
VKZS6-CCFW0-OMWL1-MGRB4,None
TNWAE-B9HKA-C2E2L-BN9JV,None
X40V3-WHSPZ-EIYXX-VMTGM,None
WYAIV-YTUQB-LTQUP-Q3KCQ,None
HQOPH-YVDSR-LMP0D-LDTOH,None
JW0XA-J8AHZ-CB1YJ-BUJ7I,None
NCTBS-23AUL-3I8SR-JBGI4,None
R8E0R-WGYSV-RGTOL-5WB3A,None
WHI9T-NHV7J-LKZUO-U7GME,None
PSXPN-N2R9N-QD5DP-EZBFU,None
M4BZE-MWYZ7-FV8MW-KRDEZ,None
ALH4Q-VW68L-W0BG1-DLEWN,None
TT9PF-JWOK3-8TEW9-RJZIH,None
D7PF3-BJRUM-T3NLI-GN4OP,None
F9C2Y-U3IUS-JKF93-AZHB6,None
BYYXY-6DAPO-QDPYO-AQIB1,None
CQXXC-0SAHT-HYEML-BGHKD,None
FBYTX-YMBIL-3MXXH-27CYC,None
NFB2X-HEOOX-1C04J-AW13Q,None
D6RDL-U7X7N-SRPMV-3PYR5,None
ICCJE-QBAI2-MH5PU-2LBGF,None
UEH5M-T6EH3-MMNNP-LQXK2,None
FTEWA-0VUW7-GBRHO-OO4B4,None
MIXWI-8BZ7P-QUKYW-VHHIO,None
M50SS-6S9DL-YMJ2B-FTVYM,None
UDW29-0FAQY-N4HNH-M4Y4Q,None
BPJUR-TBZCM-XD96N-PLDXT,None
EEMED-EZGWC-XBA0E-BF8X0,None
MO5BO-SMYS3-AACD7-MUDRN,None
R492D-XQOSS-JNQMD-UDQQV,None
MPGVK-KX5RZ-GENGM-PXWF8,None
76G4B-XSTCX-XDNP0-DEXOW,None
KNM3N-2ZDAO-AFCK9-1PKNN,None
4VFBH-0G2U0-KJ5JX-NWGOM,None
CZUAT-4HIC5-WYGI6-NKCSG,None
CARXU-MRBQ3-VJBDK-AO47J,None
1IAQN-KET2R-PG2MZ-ORNTG,None
W68OA-GTFBR-QPD5F-ZTVCS,None
0RTBS-QU2QC-7W3J1-CUZA5,None
KLOPJ-5CRD1-9ZTM7-H9GLZ,None
QUDTF-J4EQB-HRBVN-OQQMM,None
EQLKM-P3FX3-RJ9GS-WBVUW,None
ZK53Y-UKQ6A-W8QZO-FIA7Q,None
1TOGW-8P8TW-X21YK-J4JMT,None
DZHN7-H7HBS-VKYSO-LG6DR,None
CK5O5-SCW5H-ERE7M-SPHFY,None
OLRCU-58OUP-JU9H9-CQ4YZ,None
FY1UW-2UIBW-I2LL4-CZ4CP,None
HEMK4-0Z9BF-TBZMA-05GCT,None
P8TKO-4CR2K-SM8JY-2NSNV,None
JJGJE-TG3KO-7MYZS-U9WMD,None
XKFDX-L4E6H-K8W6C-VY55U,None
X46Q7-PJY9U-1WSN8-LOQTN,None
UR8C1-URYGL-PKNI7-WNBJX,None
QN6N5-QFOGS-V3NBT-PKVKT,None
OWDYK-A2VYQ-H3KG8-HUPDK,None
D77UC-FCW5B-1PJA6-GZBXZ,None
OKZC6-9DVIW-TS71Q-ITJYQ,None
IXJ6I-BSKNT-VNFPS-BIM3Y,None
LQVCK-KTAI2-JN2BO-AVB4Z,None
AYEUF-SQU9N-HEYN1-RHPXF,None
BGGKR-JEVF0-VOLY6-JTC2X,None
XID4L-2MUPM-NENSX-DS3II,None
UIUIL-1ECK5-8A5P3-SL18H,None
IIDXV-2ZCT7-D4PZV-3KB1E,None
6OGAO-K58F3-SGIEM-17ZNM,None
IVUJM-PSA2P-HECH2-THBAA,None
UVDAQ-UJYAA-CDDHP-S0CDL,None
ATOK9-8H9BW-EVAWG-O95PH,None
9WVAJ-IOLR3-BPDZS-7ANEF,None
ZRLXD-ONVLW-8TS1A-POO7Q,None
T38RW-MD3DO-7GVKG-QO5EZ,None
YNUIX-XJQJC-H6BTE-AMKWS,None
OGGKI-Z1PTO-KBQKC-U3TE7,None
HR8YF-HLHFA-MDMG5-UNXFT,None
AWETD-3GOEC-UAMSH-JJD7C,None
IGZ0Y-GNLJ3-OCRZP-KDT1Z,None
KBYYZ-4XXSQ-84E3F-SQGDT,None
OVJBO-ATSFB-HG7JO-ZQ1G6,None
SZGJV-SNYJT-52UAQ-D3EFK,None
U9HG4-DSZDH-RQYVX-EADVA,None
D8BMJ-ZN5OA-YNPKR-FO62K,None
ZOPI3-TNTVV-QUKGG-IFTA5,None
IUXQB-8Z97Z-5FFY2-ZZNTJ,None
MLODR-X1CWI-93WA3-QO1LD,None
LNWUR-7OBYI-Y1SBQ-OW03N,None
L01XR-IS7UJ-Y05GP-IBGCH,None
F7GA6-SALDS-NGSFM-14QPC,None
GEFEV-RB6TI-ZEIAO-MN7F9,None
FBBY4-QDK2W-VCB4C-5RQSU,None
QQ06A-28YO3-BRSOA-LDTTV,None
THNBG-WDRPU-5XRMH-DTQKI,None
QWIKI-EL8JG-18AZR-JQBWN,None
EHIRF-BTKIR-EVZZX-JOCTF,None
IYMO0-IQ4EC-XQJS9-EGYMS,None
41PEC-PLE0E-IBXO9-GKGNB,None
UYXAN-AFCT4-BFCVC-URSJO,None
R1JFE-IB43B-DXHAG-TPMJJ,None
ZCHWU-66JHI-I34BZ-EFMDM,None
1IFP4-ANGQ6-2I6XT-IEUFH,None
CI10A-6OIDQ-UAXZT-FW6WD,None
ZEVJS-PQG53-ULHTT-ET0QC,None
N3EF9-MJDXH-VTYBQ-LLOX6,None
VLRHT-IHLPA-DL8V4-9PFOI,None
QAMS7-PGLDX-RW1FX-1H7FZ,None
ZZC1L-5SGFL-5IQ31-YX2ST,None
PZHZY-SA2OH-NYGUP-DMFSN,None
DQL6E-TQK3K-HGLJN-IU4TF,None
JWYQ7-SDGCQ-BTTBH-HQ80C,None
R2ADD-X5C7U-7L4DJ-ZWGWW,None
AZ650-JEZYI-X90UV-CS3UB,None
ALZEA-8KGUC-IQISU-YRR2B,None
1KQWF-CCIV0-WNLER-R2BAX,None
IPCIC-KD3NN-SSWDU-0MEPB,None
TO8YI-3LBAN-XBFTQ-PQAUN,None
CGWZE-VJR3I-MQZ9Y-HVISW,None
YWY0A-UK2DS-DSW4C-9ZSA0,None
WW2TN-RFPWE-GMVHP-1IGPD,None
POWUY-UFE0O-JTSCH-Z1EDX,None
RJT5T-UYED0-WXZAK-TPQIM,None
MBGJJ-VFBZ0-HYVE3-QAZ7A,None
ZSHVD-VJI5U-JNDUH-QCILB,None
0XSUJ-J542O-1X9EL-8EVCL,None
9DH4Q-ERRE7-1GQFH-L3VLH,None
N6R2I-PDCQK-GOGI3-86OD2,None
WBXUV-RA57M-IFE9E-1SY32,None
JIZIG-OO4CV-GZ737-BAFXI,None
PDBMB-KNFHX-X5YDC-6TS0D,None
3EM0K-HZZRU-SHVZI-EDRTC,None
ROLHB-XYB1F-YN9A1-KRHPP,None
AWSD2-FQESR-QMJS8-GTU1B,None
SDING-QLQSZ-LT9JM-WGHOU,None
E8NZ6-RBC2D-AHDYX-JYI4D,None
OKMSN-1UN83-WQYJF-0JIGU,None
RKNXC-LNIVG-ZUQDR-RSZEY,None
6TX4E-MTXVI-YKXN1-JUTLR,None
JV6D6-WSSWD-JWIAV-JKWDU,None
UQSOV-3VZDC-IZJ8K-WNRYQ,None
MBD4R-ZCZX9-JGTWA-JVNIW,None
CXXBZ-SIIVD-TWZVQ-ZICTJ,None
4EZK4-TLN6N-QDIJI-FAGUR,None
IVMHX-V7RGB-8LDCV-NZUR7,None
UATZJ-8SFWV-EX4IH-DD8TM,None
SGQZJ-5V8CY-PXXTN-RU5RO,None
2JF4D-1IZ84-PT69B-LJUA7,None
UEKCC-XENZ4-Y5M4P-ECGYA,None
8FDRI-VWOLT-OJYXG-R9UAP,None
BYJLQ-L2S73-GRM5E-HJ19D,None
RXEU8-VB8X2-NKCSS-AR1NW,None
YHT6K-NGICO-C1FTL-ECDAJ,None
PWSV1-BRMME-GN5SB-LOEBE,None
IU57F-OEFX1-6LNAD-I0UQB,None
IPU0C-GUGTF-KXM8X-QR7FB,None
MJPM0-WRK0K-RV3QS-7IRF0,None
IZTD2-FPRJD-JJPCU-BFHOS,None
PNCHT-LVMOA-ESWXP-8WDA0,None
2PSZ4-VYBDU-3ZNN4-NMSED,None
VN1DQ-EKCLD-XSPUB-J0BEL,None
DSQHY-FBLVI-KNQOZ-OY2TB,None
1UGOZ-GYNNE-IJOVP-ODNVD,None
FM1F6-VBIIT-LANUS-KIHXN,None
VD58J-5V00U-DJLXB-27JOK,None
ZNFLE-LLPN0-WTFG3-TMGXC,None
74WZP-K8JLF-N060J-7QJ49,None
ELJR8-0H6X0-VRNFG-VE3ID,None
0UH3E-74N5R-0JQ3T-NFTDX,None
ZNDMK-UAKTH-SWH7R-CQ4GB,None
9ILJC-1DQ8S-LCMBM-JAKVD,None
DZO8Y-C3GXX-UPCJF-CV7PZ,None
8DATU-BCO69-WL0HW-6LBM7,None
CDVRM-1RWQV-2OG7B-TNJZD,None
I2HRV-EKXMU-5XQZ1-NQBFM,None
2GLRS-VUR7B-XKP3D-WJZ90,None
LQWPY-7QYIG-BO0MY-T12HV,None
XXZTT-GM6HM-QZYUR-60TNI,None
SL94X-5IOYM-DO5IA-QT8HC,None
E595G-E8QVR-JDOT9-QYN5V,None
NKIOA-FE89W-NHPME-7WCYU,None
ZZYN6-QQA2I-GRKX1-IGZOW,None
R0SRX-5INBN-UGCHI-KIW5E,None
D17LC-YRDUM-LU9D3-K5YUF,None
IZD0U-6CIVC-YTQGY-SP6KB,None
MQOLI-BBZXF-XFHW8-EVTQ8,None
DQEXF-TXOBW-3FSZQ-THE0V,None
3SQYT-3VHAA-ESRHZ-WBRNN,None
9NRDP-IHQBI-3AUIV-TGXLE,None
AVF4N-6ZQAX-OUX1S-RHYGA,None
RATC2-Q2BAX-QBPPO-V3OEN,None
DI8PX-NF9AW-JH9KX-FZINE,None
GC21P-N2MVC-OXCS4-9FUHD,None
JDEU0-2CXYK-5MJHQ-5GR8Y,None
LKTMH-OYYXX-K9A9B-BH8PV,None
3FELX-E0KH8-B8BFA-DM3VE,None
0AQRX-BDOGE-QTK8W-4IUSI,None
WYNIQ-L9UCZ-RFVNY-YTGSQ,None
S6YO9-A4YL9-1CIVY-EP6YF,None
JCKMS-YJFAT-KLMDS-B9O4Q,None
KTWDQ-JRHBI-5RHZD-OHCFV,None
CMZM6-UBLMD-E8L7K-IMETL,None
6P1DF-RHQVZ-GVAMJ-2LDVZ,None
ZGIS1-LCU3R-WBYHK-HNNXQ,None
E9IJX-Z5A4F-XBLFL-G21JS,None
BBRMY-GOY26-TC4TD-P3MOB,None
ITMUH-GDIYJ-47YU4-XDILP,None
KV1Q9-DY0RN-Y75OD-EEPAF,None
2X63G-MKBWP-EGKUB-YRI96,None
HAAJJ-0TLHS-QMLPU-WDTX2,None
EPMNU-OAOY8-7LSP9-X60DV,None
ZACUD-NJXBE-OVGWS-LLCYL,None
2ODVT-T1SSA-VGPYO-2AYUH,None
MEVBK-W5BVX-8FONH-E5X5P,None
YZ5XN-BRU0L-168UG-C4DA5,None
MHJHB-WVOMK-TL8LY-1M6LN,None
US6CC-VSHOY-EKHUG-9SKBQ,None
BXLA8-XXDTC-BITIM-L0WMO,None
OFFDO-TNSNF-BA1ZT-ATEZQ,None
9DQZQ-4E7SM-XDDIW-ZSPXT,None
NI05E-PBKLR-UVLEC-RM4KU,None
KBHNF-Y0ZIV-TMTNC-LUMQG,None
ZTZ2Z-OSSKC-ZUSH2-39ZNR,None
EIHDC-KBPJD-JCJZ9-HIQV4,None
MQIC2-8LUBD-9MFUF-XQ03S,None
D3VTN-RRCII-LMOLT-NRU0D,None
Q2HVV-FHA5N-01XXL-AK3YK,None
X6WGX-ZRQEG-PNOPO-NS7EH,None
17RO9-VFEII-QVWWH-O65ZZ,None
TVGAY-BMPJD-LAODM-EQ3PO,None
KISKK-EDXLW-OILV7-BP9BH,None
JRB7N-BNDIW-AQWEB-WKP6F,None
9JEPH-XAAX3-A1X4M-T7LFT,None
TNKVZ-JLAR4-OODIT-XOLBP,None
W8KYK-OSXVX-QEHUP-TTMVT,None
O1RJ4-ILZFU-T3RG2-EANN1,None
LGE0P-NV2N9-8I0QW-H9KT7,None
JK7HA-1PUCQ-QU4IK-YTAOU,None
Q6SSF-DHDIO-3Z7QE-UAODV,None
XZYXZ-QPBQO-AHPS1-QIINV,None
5MP7S-MB1XI-FJKF8-HAM2T,None
CGAU5-ODWEJ-J3QL2-GZQU5,None
PAN6B-TV0MM-IC3VA-L2PK1,None
7LFAD-NFYQD-JO1O0-PKMKW,None
UZ8B9-UYX0Q-S0EZ1-VQC1P,None
QCHKH-XLULB-LZQRP-FREIS,None
BM4JG-AFOBR-GDNA1-OO2TI,None
JOJNM-BHCEO-W3RL4-XR6NT,None
QIBTZ-GLZVE-BXLZV-KVUQ7,None
UMGKO-PHDTK-M4TQZ-YSB03,None
QMBQT-0PSIE-LA2UQ-O2RBX,None
XRDWW-XUGAC-H7UIQ-ELLWP,None
7YKTE-QGYQ2-T3FQL-OTOI3,None
MX28P-M0IYY-XO0YE-MAVGE,None
I3WQM-LJAIW-T0UON-SYY72,None
SIKWH-LDUYP-9L6OY-WTUKH,None
XVFHI-TRGFU-YZSMO-OJ7AI,None
AIATE-SM4GK-JROLH-YFLC5,None
1XK7K-JPNUD-IBBGC-3XY1M,None
XWXUE-XHXWX-ZSZK0-UQKPO,None
GQZXV-L0QQR-4KWQU-K8ZZH,None
OYOHX-XSLUC-LLE3X-ECXF9,None
RJ0US-QYUBS-CCWFA-ECZG0,None
6PZHI-PCL5C-2XZ2U-MKNWE,None
PERLL-W6HBA-VDJFE-CEWNU,None
MCS29-HTOLE-4JTJQ-NJHV4,None
N7151-PEEQX-IGLID-MSHDN,None
5TI14-ZVRLE-A086Y-TSD69,None
ORHI5-C73XK-TY3JD-41LZK,None
9MGBS-NNDTN-XFHUB-OFZTQ,None
Y0FFA-HPQMK-PBX66-17JR4,None
EVITA-T6HLL-ANPMN-7FAF6,None
F4U5D-MWXGV-1ZLWE-JKNGG,None
DVAMI-0YC3A-YEE00-BFC37,None
JZXH7-COAEP-EZ4LD-ZKKDL,None
5ARPM-DE0FI-TIMY2-MAXWU,None
VZPYC-VHTR1-MO55X-QJHIZ,None
RAFLQ-Q3NEX-NEDGX-A0SWE,None
TRFCD-SVMZ0-PMDGJ-KIXFD,None
TGXBD-NR1HY-ZCKYL-CYKGU,None
N6P2Z-SPNDW-J3EKX-MWXAD,None
SW3JS-JNYZH-BT5CD-FQ3VK,None
QSRRO-BQKM0-YZZ8L-KGAKI,None
1BKFY-KRUG6-DG0VP-VDH6Q,None
RWYWD-MYKGD-LQSCT-2CJPW,None
BQMZL-9OWQV-KM4TV-COSRH,None
O2YHW-9FQ9E-YHXJ3-CEH6C,None
BAUP3-WNKQP-AYBZI-FX2PB,None
YTMDI-6KVCC-SFX2P-NRCF1,None
L0ZNJ-QRMF1-BKSNW-AU65G,None
PBJEC-Z2RU8-CJHJN-BEZNM,None
4IWRZ-H9JVI-CQZAM-5PKH7,None
FVMAO-HF27I-BWBBO-B70OT,None
JBULV-EZGDI-0KQHH-LAMSS,None
Y5BFB-GOCSN-QOLOK-4KX1R,None
NTNZK-JBMVR-R5EC8-XCP31,None
C2ZE2-AAPAG-TC3S9-FJ5PY,None
BI9FI-UDN8V-EPTPA-ZYG0M,None
KS0K7-IF20O-ILTMY-BQYJV,None
F6CJA-11XYF-IOOI9-ZASPR,None
HD83H-9MUNG-EZFTI-MY62T,None
SEVYF-D9RUL-QLTGF-NTUB2,None
0ZKFP-OPBR6-GVDRH-EVO7V,None
S10JV-D9BCF-UHTXW-PO8K5,None
KGNIK-SSOGN-F7I5O-NVI6F,None
XSOMW-WE9AA-OWXGH-ACKFE,None
SGZJ0-SS8G1-TWVPI-OMNHY,None
PFJXF-SZEEU-4WMRR-WDTKI,None
61PNP-SZAMU-NNWFS-M34EU,None
XAKU7-EIB7E-QAWAD-QYBFN,None
XZLPG-3EXRK-YUTWQ-F8TZ0,None
QLE8J-K1IL0-9AH9Q-HDVFS,None
7BT0C-YIVS4-D6FPB-3DL29,None
TNCP1-XUBTS-U5MZT-75XI3,None
VRJDB-P9CXC-OC5TW-2C0BF,None
0UJ4R-0X4WI-YJ1VL-FTEKZ,None
UIPJ6-RIGZO-CDUTE-QIBDQ,None
U5AVS-GPKDX-BOUPO-MITSU,None
A4VD4-5FD4M-UNTEH-EW9JS,None
74W4M-6SCMC-H7VGE-QWIFN,None
I1M00-SGOCV-LC2K1-POZOB,None
YTIUO-TTU4C-C9JXP-TZRES,None
VAN8V-XU5HL-XU3W7-7YAFI,None
0JRBC-RSNAU-VRADK-S1BN2,None
CETOT-MAQ0H-AP7IT-X7RCG,None
AVTAZ-PBMH7-9QY1A-9KZBK,None
OOCKW-ROBGM-ESZXY-BQU9J,None
JDGGH-BG1GF-HGA1D-LCUAO,None
2S5ZK-AKUB7-D27SG-AENFM,None
Q89IK-UPJGA-UQECW-DAEXD,None
DYSF0-AXHYG-EBU7R-QY1HL,None
UYGK2-IUND2-G0YGB-Z96JM,None
GNFSF-IVCOR-IBRYB-FRL5M,None
9PCAE-PMY4T-5ZN4M-U1YNU,None
BLSH5-NRN0Z-7MDQF-HTXIT,None
UTECA-7PATU-7J0XU-ABKRH,None
A7ZTT-FXLW8-U5PS4-HBFKA,None
QKY6L-GCNFJ-EOAYE-R1IVW,None
BHJYX-8HETC-IGHLU-ZTNWX,None
HZNCS-RIUZ1-ABYCE-C55AI,None
GJPGC-KYE6H-3LJK2-ITKPB,None
YYFVO-Q0WH5-FFERN-DZNVI,None
1ETYT-6WYJY-K7XKL-SAWQM,None
FHJQR-CICPE-4EURG-0EZB2,None
P81RE-DFOZE-8VFI6-RK40X,None
ZVBPZ-NYVC7-YCKXU-6L7J4,None
IX2II-TGCZM-DIRAS-5WDZS,None
0X6X6-6KN5M-TLCOS-YK8JZ,None
1BFCB-MOIMI-PDQGF-MI4YU,None
SMJAP-SXXUN-BZQB1-4UH26,None
A351G-Z0EYP-SNDMH-NEUUP,None
ADUUV-QJOIY-N21A4-PU0YH,None
CFDVO-P4DXC-X3OD2-LV8KX,None
L8VLO-W6P56-9ZA1X-B0XPX,None
R1A9D-YOSRK-V0DT2-XZCIN,None
IY21Y-GAXBX-0JF3P-M4PNK,None
3PR9S-WW76C-EGHUB-KTEUH,None
XP1R0-NTU2V-UODPJ-X1JPJ,None
LKTPC-D45JO-OGUFU-M82AI,None
FKH12-VUKPJ-JQEGY-DZHAM,None
T9MPG-NBFEB-6XGKW-QUIPV,None
UA52D-AME5Q-OXFQ2-XYTW2,None
48U5T-Q31DQ-UBDCL-6IH3N,None
OFNY4-V2ARG-WOIVL-CWSMF,None
7XYFZ-QHVAJ-2CTWL-6SSJK,None
OUXFG-EVSNB-WTXWU-J1YH1,None
1NJ31-UMQ2J-JTRG7-96HVT,None
NF6ZY-MAJ4B-B99YA-8MIHE,None
FXWWH-F4CAP-0C6F1-5DEDT,None
Y4LCS-RSUCM-CHIXS-QLKZI,None
ABMW4-H9OJO-GYSNY-RJNWG,None
XLUEV-XVM5V-N2DBV-IYREL,None
DZ7IG-C1A7E-GV3PA-ELSDT,None
K6BEL-ZIMRH-DPSBR-D8RY7,None
YMIYX-Q1FUL-4YCYG-8TRJK,None
GBR5W-PPUGV-UCH3L-JGYTQ,None
2YOXW-52W9Y-UVEQC-WSTOC,None
OFUFF-MOHFT-60MRB-6HLQT,None
Z765L-JCS28-BKILG-9LQRY,None
76IYF-O1ABT-UMJRL-N5SER,None
WT7SG-ZAWMI-GI9BX-WDVEI,None
KT8ZM-YXQBP-8P3PV-ZEXEL,None
0980C-E8UJC-QGDOY-IEX28,None
ENXYA-55PL5-MKPFI-ECADV,None
EIINS-IC3TG-PEIMI-K9GPC,None
TCOCD-M20QB-VOJGT-3VRXN,None
AKOJD-YOEHR-WRD6Y-HTA7Q,None
CHPKD-6RZWP-HQDCP-FWV4Q,None
1FJDB-GHFCT-BY1YF-DZLPC,None
OV3TG-BCIKC-PCQAS-IJJ38,None
A3F1A-CBAGM-VJ9NL-CQWPI,None
LTBHH-FL3OA-X4WVN-ARD41,None
MJMH2-BEKMK-MXCQ1-L5SX5,None
OCBDL-Z40YK-WAEN6-NFMEQ,None
QS4FH-MHUBO-AORKC-YFSCK,None
LGRHS-MVC67-XM3LL-CQNBI,None
DK9SB-X9YAE-ITWDJ-N6MRU,None
X8QQ8-LIIT8-5QE3H-QXZQW,None
BJRFH-WVU9J-SSWTD-TZFCM,None
G9U4A-WACUN-P3YW5-3ATUG,None
YNUD6-Q42BA-LVIZS-ACU90,None
PRH34-CI5QH-ALABZ-FTM8E,None
UZHDI-XMSZN-FYGAN-UIZYP,None
2HCMX-0LK9U-UZNID-EO3GP,None
HZYKO-DAJ47-OMIZN-DUHAV,None
BJRYH-PZ3BT-CW8VR-PEUMN,None
EGSRK-PB3HS-HFAAX-8INVF,None
66IQA-J1KCY-RBDBJ-TFQDP,None
XSM9W-ZI5CI-L6TBC-XX8BY,None
FG38D-QOTEN-JKKPL-PTEQN,None
CFLQT-TSF1R-HJSDS-JYDEN,None
2VLKQ-QDV7Q-70NWX-WEUMB,None
ASB1L-RMUQ4-VETOG-U0ADS,None
H9RGZ-05SPW-TZOXJ-VBYHM,None
AKSGM-1TLY4-QUP29-T7IE4,None
U0UHK-7ZLNP-1B3AC-32TLP,None
JBHRO-NOT2L-LF4RH-WLQXM,None
02NAU-FP7VG-QW6VC-JLJS7,None
TYTK0-FZVUD-BSGSC-QYI1V,None
VHMKH-TYALA-JXDU0-SXQHB,None
LBTTH-LZIAG-VE6XZ-ECFNJ,None
FLGWZ-YRGNY-LWOHX-WUL6A,None
5KVFQ-EUBKI-2CFAY-51G8Q,None
LAPDZ-830QY-YDB9R-HNFAQ,None
QQPJF-5SB6B-EQN7D-VOKHN,None
SH7OB-2XVVO-DNRNO-HP1EW,None
MGDFG-IMV2S-GRLIH-NZLB8,None
BTT9Q-QQ1AM-JWXHQ-0SPNH,None
ZPRVD-LJGTS-FUIAB-ETSKK,None
KAGN4-5WT1N-8YBVS-U5BFD,None
CQAL9-UR3AA-7N6PE-QXRRZ,None
VNS0P-XCYPB-WUNM9-T1KZI,None
FGHOM-IHCSH-DVJ1O-PYNS9,None
6YY95-K5JGG-GXI1O-UXXJX,None
SADLG-CR8P6-ZCVLY-Q0VZH,None
TC9FE-GQKQR-KST8J-LHQJZ,None
QQVCR-JABFR-TY8QG-UOIRH,None
15SEC-O4ESW-UYM7W-X2XS8,None
TAVZZ-XIM9M-THJTK-PE0BD,None
Z0OIX-PYPVX-7DVKQ-9YLOI,None
TLKFI-6Q3OI-KNB9W-TDCJY,None
1MNX4-C7FR7-ZAYM4-WX4YS,None
QB6KR-WMVI6-UQLAT-MY3QN,None
ZVCJM-8NPMS-BGOZJ-SY9TK,None
AWRFC-EP7XW-KM6JE-8OGE8,None
P2OM2-ZPUEG-JPFFR-UEUOR,None
IEITC-LANIP-UZSRT-X2UUM,None
OWOL2-SZSHF-HSPQV-LRTXC,None
RM9U4-RGWPR-JAJV9-C1QI5,None
HFXGU-5HZ2D-RUKTD-U97SG,None
FQCPU-NAXRU-ENF8S-PCWTX,None
PBOBA-BHAFN-VJIJM-BE3OW,None
UZNQV-H0DSF-EQP6D-UNQ4Z,None
4I6U9-RVESP-0ISLN-NPLMD,None
LDYIP-XCOK2-WUS11-0HT14,None
AM6Q6-IBKGY-9PTBA-SEAWT,None
SMGVL-UEPMB-HL57W-EHKPU,None
3DI9V-4WPWX-CXTC7-Q1L73,None
ZAGF9-SKMEP-XJDXZ-TPX6D,None
SFOYI-CRDQZ-ZFDZE-HSSRV,None
NQCXA-PYO1A-QJI44-P8IKP,None
RBYZK-L3ULW-P9W3I-LBHPM,None
H1GC4-1CT5G-M6XWL-KQJTC,None
NUHP8-FX8JA-WAGI0-VYZ5A,None
UK4KM-S7NEU-8TPGL-QCTBW,None
XK6KX-L8FVA-YZNHO-DIEWQ,None
3RZEK-IEXOE-Z7KX5-VWBAB,None
HPKZL-6YD6O-5MSXW-DPTT5,None
HLREJ-WI07G-7AVBK-V0K5D,None
VK1VW-GSTM4-0EOO4-PG4WL,None
4ZX26-GFZJP-H0F5K-BUHO8,None
CUPER-QWHGO-YFJHO-KPSKY,None
UKAAG-LT72M-VSLLM-E9MEM,None
3ZARO-LTHV3-ZIFH2-6UIY3,None
HAWDE-5FTPV-GWQ19-1KPDZ,None
EFZYA-8L9OI-URRLN-1BO9B,None
CFTAC-YHLO7-KROQ1-KKZUF,None
HD3JY-CXRVJ-AXGYK-HJKGB,None
VUJHZ-SNBC8-D39S7-YK4A1,None
SIGR9-OL954-IHQAW-XEI79,None
AAYHC-AONJI-F7B5Y-WE945,None
NVBRD-BE6OR-XRZYY-USO3R,None
VUNTI-ESIEG-Y9OKF-UKZQH,None
COE6T-IGD0Q-YBBFG-JHPDD,None
M6EEF-LAJ5O-TBHKC-5LI2W,None
FB2GX-SZQ0X-405VM-HBVVQ,None
CUSVZ-OKKAJ-YDBMH-CU1GB,None
G8CAR-78YJB-55DY8-MWDVG,None
DCYMD-GK03E-8WXKF-FORC9,None
FTMP5-S3TDX-BZXRE-MTRAE,None
PVJ7F-HYARJ-R4B9T-Z5QAD,None
A6SBP-59WA9-13HTY-RTAQZ,None
7WHWY-DPLLT-MBL48-LFOEX,None
79RVS-D198S-G5TZJ-SX6QF,None
BIXGG-FZLI6-M0TXB-LKWCH,None
KLMVV-NTK06-9UZUH-8JITQ,None
HV8XT-FAILY-BCWOL-4EHKL,None
CL5K9-6AGFA-XOLT4-KBAIY,None
Y8GSV-9RJQ7-QCTZP-SHYMH,None
Q7JRQ-8FAMA-FZUCK-WRJAE,None
U3CHJ-0WV9D-JVUDT-IB8HG,None
D0TNA-BJIPC-NER2V-VOXMR,None
TAL6N-QBV2B-BZBAU-6S2NC,None
OMQVB-RTFJR-0NBJJ-0V8TI,None
QPFDL-KVANK-LVF7X-GZ7YK,None
WTXAB-7HSLQ-7LVGU-KA0O1,None
MWR6S-2VMD4-3QVQX-AXT5D,None
8OZ1J-XAXWI-JLI8G-6BETQ,None
VWOIT-VUHT6-SVWJB-JXSLU,None
9NPDC-RQOOY-RBAYK-VVQOY,None
1E4A0-DLLPL-DUQEJ-TTREL,None
TN6RM-2KCG9-3WRPJ-IVX5T,None
IO9V3-N3UZB-IJ82D-GKAUB,None
JJOQB-REPA6-3ADIR-YJFU8,None
GHR0I-AL2YO-6IZR4-YHYAE,None
7P1QM-QFC3T-3A5JJ-35KEP,None
QEFEW-ITSCV-EJKYA-UEVCU,None
QB0NC-1VWM3-XFHCM-TSIRI,None
QGTSK-ZZ8KL-EPWFC-61KDF,None
KODRD-YEVC4-VEN7K-8WNWS,None
ENXMT-SG8CW-4531J-LW8VG,None
F0BHG-ME1AR-VNQMV-U4JYU,None
BWASS-6LPOG-5HSWN-SAXKS,None
JUFNO-OPWLZ-BYSVF-VQDYI,None
VNZUZ-DEF7Z-BQDPU-RYVEU,None
KAVKH-4NGYV-FEW40-M7TJM,None
65R50-5L4OE-L9BVP-AFEEX,None
PL0XP-FD1GS-VMUJG-GMS8T,None
NPEFX-68BF7-VSGKX-SN3D3,None
3FAR4-WNY7W-JT7GJ-V2RBG,None
UBARY-OHYSP-4RFPA-OSV8A,None
KBW88-ASYF6-VVOEC-TWFEL,None
PIEFV-P7UXX-5YCGG-LSOO6,None
RIIJT-UG4PX-TTWSH-RTECY,None
T2V30-AA43H-GTAVC-1TTO8,None
REWVM-OIE10-HAFD6-U3YQX,None
IMRM7-SY2XE-JGY1U-NDQYG,None
QOYTI-AWXZ9-OUWSO-DUZOE,None
UJJEK-FDAHK-DMVAT-2CL5V,None
KIDDD-C5CXV-Z7XF0-WUL7W,None
53JDD-QTVRI-YC80B-SXGMD,None
64VCY-LR7S2-A0EYN-SDLIV,None
WY58R-XNA6R-JTNKA-JWLQ4,None
DUOYR-8STDL-XNAW2-74LGX,None
COYLO-1K5J7-AQEDS-TDW5Y,None
YFARC-9ZO1Z-4ZUFC-OHJQT,None
RBCBK-SSS6L-6C3QX-RO5BV,None
GIEC4-T00QW-PTUBE-EM7SU,None
N3LUY-HITKM-MV5WE-TVULD,None
1JNH8-1KWGB-SYAYX-ZZFJH,None
DW2DN-WUTDU-FFU8Q-TIEXQ,None
AWCX4-GPPME-TMT6F-9YQ9E,None
YFRX5-VAQO3-NXKQI-C6RXU,None
2GW2V-16SRX-DV1ZQ-WVNMP,None
40O1H-6N1FI-3ZD6S-IHQNJ,None
R95TG-VW9R2-M5U1W-GAJ8U,None
RYOGP-8JIQO-RU5WG-CF1OL,None
B6QDU-CFP7W-SH7DD-QH8DY,None
OOVPK-DDO2G-JSIOE-BN51P,None
K715W-LALHE-MZTEK-R0QDU,None
VN9B4-K3NTA-NXLCJ-80YTZ,None
QTQSV-WHUE6-CLSKO-EUS6S,None
OMWP0-KTG8V-RHGNZ-ASJFC,None
P5ATO-QTV7I-F4TPE-AZHJZ,None
K0RAX-UQTDY-CAJPM-GAUMQ,None
ODADK-DOZDD-LMB3C-MENF4,None
QC6K6-QNUTC-FUSMH-CHEAI,None
PT7RR-NIQGW-NAUFA-EGEU6,None
AKBGG-SLVBP-QA0ZF-KLMVJ,None
TNFQL-PMKIS-OJWGF-X2D7N,None
8JGPD-SKXT0-X1TRL-TMIR8,None
01N5L-O0THO-7ITIN-GMAUY,None
FZKKE-GXAVY-01D9H-XG3JA,None
WLYQK-AVOQ2-GF3QX-F4L7Z,None
F5KAP-NF6VM-HBOXA-JO1JN,None
A7KTK-8JA9J-IWUC3-4GMOM,None
4QPJ7-FDRKM-5MCQ7-WE3T6,None
V54DU-C4KUS-VTXLD-YRQSB,None
Z34AH-XBVP8-XFVZM-L3NH7,None
BJIEA-3QDOG-NWYC6-IM5T7,None
4LMJR-23BUF-HCUHV-F1W2L,None
T3GN8-P3GCM-JXVZ5-8BHCM,None
4Q57S-RTWCK-PUV1E-6S2SD,None
E0EL2-NCFKM-QBUFV-BXRCE,None
NB2PI-RIIMD-QBVHA-KE5DH,None
IILSI-HNHSY-G4Y9D-9YX1H,None
AFPCC-SURY2-NNMIQ-TDMIV,None
QNE0U-BBW38-QSZ6Q-JTGRF,None
YFYPX-P9KF3-QAOCK-JCGV0,None
3GBNK-PHSWJ-0XX21-QSL6F,None
Q0THX-9JSTO-MR6AR-YQHMW,None
JKPRA-SIKAR-LTSEK-JYE5L,None
WKHQS-PR0PH-CZLUP-PXCTB,None
KOM8M-UZLYM-HBOVB-COZYG,None
AWWQV-2GW5N-TQOMO-PLQIZ,None
Z4HW4-6F526-JKINN-TNWAX,None
ODPOI-GM2RR-KMJYX-NKPFA,None
S7WMB-MV6N7-IXO3X-EJ7EZ,None
CPB3O-EG8RI-VMST5-R7FLY,None
JSAIR-0SF8B-JQQFE-RYYMY,None
EFOG9-NUY8O-YWDE1-ZI8QR,None
ZD9EP-VHMQR-XQK8N-TE7QV,None
NW3MB-QCQWX-KRWGR-2CQMA,None
ALET9-JWYOY-ZJW0L-FHKQU,None
HZKFE-MWNJE-DVZRX-A2KUQ,None
KOTYE-49NNV-BBYQG-IOFLP,None
1SVLR-WFYMT-BUI3I-MOKSZ,None
KIJBK-YHKZ4-BBYHF-P63FA,None
GKENN-CLBRS-LTEP7-JRTX8,None
3XNFC-KS2ND-RLZKY-YOHHD,None
9F9OJ-OCU2C-RUAFQ-XPNQQ,None
Z77YX-MKQKS-ZJIIH-VVU47,None
UELDL-PP7MJ-TIZS2-DTG1H,None
HSDRJ-XC0VP-WKJOG-162B4,None
NJS2R-JQW7I-N3TLO-UD1PD,None
TOOUF-4FWTJ-9ATT4-B7FRL,None
ZACNU-QFSQE-PJTEK-F9Y4O,None
QRCR3-WMDOU-XI3CD-QD8XI,None
TDAK6-VPSMP-NWZZD-BUESS,None
A8VQM-LU7SJ-2BPUT-7JR7R,None
CXYO0-7Y0UV-CZTKI-IRKS8,None
GKHA6-4S9RA-J6P9V-SGDFU,None
83KTN-KUYW2-NNBY2-0BQ8O,None
OOTJI-3PYAJ-V3WRB-PS7L0,None
SG7AT-WNPFK-C6VM3-ENWBC,None
T5Q9Q-FXSKF-N1SGE-MOQRK,None
L7W6J-VGZ1V-2551J-KN1WS,None
SVMZL-JYJ7S-L6QPP-BLK9Q,None
LR0Q6-IZX3D-E2KVN-JRQVG,None
S6RSU-MRA57-EGRIN-0LTVQ,None
WDV3H-0PBNY-PNBCN-Z1NEP,None
CXR0Z-2CRJF-PTTYC-SFDV3,None
VGSGJ-ZMATK-NRIJ9-RTJA8,None
Y4FR6-FEGHJ-4CC9Q-8ZYDF,None
8ULOV-8TLTZ-SMHCD-BYEMJ,None
LQKLM-INLAS-UKYPI-BOPD7,None
SQCC9-RLDYS-UO3WQ-WSU6X,None
AUWYK-HOMDW-8YDUF-YAXRE,None
LKGKJ-ELMAG-4WBUS-DWEQL,None
AEQZK-CNEM4-GRZRM-0V2KT,None
4GEJT-UQDE0-VQMQU-F2OGJ,None
XFBYX-MZANV-N0RHG-NJ8CT,None
UMH8L-HLJX7-EHFVC-2V0CQ,None
QVTYH-JDUQN-W5OUO-6FFAE,None
0XW8E-CYP9S-ECD3M-F53PS,None
NEPNM-XEZTP-RCSRE-4QTAN,None
IQM37-QMHN4-HYUZO-WBJBV,None
A6POA-JO6JH-OHJ0V-RFCTQ,None
NBABB-JUBPW-PZXMM-E4SQ1,None
TMDBO-VRKR9-6JYM1-RICPL,None
CR9RR-62OLX-WJPUV-GNKHJ,None
QL2GU-EQ57T-URXHF-HIPTW,None
FM9CG-JEFON-W9I3D-FLACX,None
HRQFZ-FJTCY-OTTUB-DL04U,None
8WVKR-Y02DD-N1EWP-5FQ1R,None
PMQUS-CR0JN-TSAJR-ZKJFY,None
EWCE3-RQXWX-TIECV-QOJQC,None
Y3LEB-YQRH6-6LHTZ-JWCRA,None
RXL0Q-VCOHU-WSQD9-ZGDNP,None
LDBBG-YDCX1-AC5LI-RPK9C,None
2ACTK-SKBU3-QD4LL-CWWMY,None
BFFBB-VEOCQ-FN77A-BOIJP,None
DBNWI-4C4V6-AKWJ6-YM2BF,None
V96IQ-FSP7D-V3C62-QXX1V,None
UAHSN-EBJXO-P0Q1E-FLXG5,None
KRZ8V-6VJBI-SVTJN-DZIUW,None
DIU13-GQUFH-IN8FN-ZJ6PP,None
FRWGH-2GIYI-HULDM-TKAZX,None
SL5HP-KKIUK-WDZTX-ACAWT,None
CXZV2-E3CZS-CBJFF-IYP3X,None
EMSBO-DYSEH-BCXKW-9FV5O,None
GNPSN-JIXOY-YYBBX-M6E1O,None
JW8L3-QWQJW-OBS2Y-IR2ZB,None
12BX8-LLHRA-0H3SE-A6RJD,None
HOX5S-NM9KK-LZSDJ-WJNFH,None
PFTW6-T5XGC-LQ3ZJ-HE1MA,None
STQZH-DZKGC-NXQB0-9P0NV,None
67GHY-ZKTIE-OBU9J-PQ0CY,None
YCLSL-ISZJT-3VTHX-HKKMU,None
ULQXR-MT5L2-PDREK-ZSGXM,None
PQBMW-WUAPC-48ZPI-M98OC,None
G7NUX-6XNWI-PKEMJ-VGBXM,None
MGAUD-ATO9Q-C8PLG-QVJ9A,None
ZCVZG-RB8LU-HWZ2X-25XCB,None
HNZSO-IT9IG-T0QZJ-UZN6O,None
HNRI1-D0VIH-GUVXV-3KKIP,None
M4H3Y-SBSNH-PJTZP-VMWSL,None
RDE41-WKG4W-PF1DG-AGYVF,None
JVRFC-U10J2-7BE3B-UGSER,None
R8UFC-NOAYS-QWNFL-KYJOG,None
91EQE-KEUPO-CE1RW-R4HK2,None
NLNWL-PEPVS-X5QBI-RIIE3,None
KFTZD-U7HO6-1XGH0-XCWAO,None
YAFIY-8SL6T-S1YH6-8QQA6,None
Y7CJT-XWF2U-J8RMU-0GOLP,None
FHTHM-4CVCF-9K4VG-RHOTQ,None
CI91Y-6TZVC-YMHLY-YIDWA,None
6K3S0-8HA1Z-9MLML-JMFLL,None
VKCME-LWXBZ-MVLV8-YIKLY,None
OUIUZ-WFJQV-YIPJO-9FI54,None
RRR2U-LU1TE-GTZQ1-D1RRF,None
PHTW2-CJONG-GXGT6-2AXDO,None
DSVBF-LNIGP-YYKEJ-87CDR,None
QZ1FP-CRQSB-8VWIY-IQY3P,None
DXOIX-TWK7F-STC6E-1VNQ4,None
MTDBG-JCRNH-3AA06-YFGIY,None
QPPS3-HZZB4-VVSPR-HNWOW,None
CONAZ-CBPUR-E6YUV-NVSVX,None
TYDV8-WKQ6L-1ZZXW-IE5QD,None
YBZHN-MOPWU-GLYKZ-7EX70,None
UKG1A-KFEFM-ERDUJ-BBLW4,None
JIQC6-NGPML-33JHK-TVONR,None
H7HQA-D7HJE-SBKTV-0PWS1,None
GN58Z-FKFO0-5DKFF-D6B0H,None
O4XSM-QRZUI-I2FRI-4VOUJ,None
ET8SQ-JBH4T-FQZF0-INVLS,None
GNMMV-V91V9-TSFZK-U56CI,None
XCBK0-SMG1T-BRY5L-WRSRO,None
N2E8L-DMJVU-DTPXF-68FJY,None
VPUBV-DNLJK-CS2IA-PB7LD,None
OXGL6-PODNO-HVVSM-KZFJK,None
S3JLG-44H0A-0FIWH-CUG7I,None
ERRT8-FHRRK-LHDPB-1CET7,None
109LZ-ONVOM-Q0I9W-L1VNN,None
HGEIW-YGDOE-ZHWL2-WSNIZ,None
1CYXD-XGMQR-RWNLX-HPULB,None
ANXFM-T1F20-L2DUO-KZGGX,None
Y7LTU-D1TXK-PBCXC-ULDPI,None
CBYMI-BVYRM-FNSP5-PJJKT,None
3Q7U9-TVLWY-4VJHL-8J2AZ,None
Z2WEO-A4WKN-VZ691-GAQPI,None
MYMQI-KCL7W-VEWCG-GT6JW,None
F73YC-0OWZO-IPIKG-DGTYM,None
L5KNI-KSX2G-PM3AH-3JUJI,None
AQDWR-PMBQJ-WFWOH-QUBIN,None
GSTY0-AELQF-KDDTR-J7SUW,None
XYU97-8KNDD-KMFGA-WBORU,None
KBAR2-XVCFK-ZIIYK-X9GHT,None
CNC68-HNTIM-MZULU-3CYXP,None
ZISE3-ZJ9KW-8N8CO-RPDNX,None
W5KKU-CWSZM-2PBQ3-U0AZW,None
FUHAI-YK0OL-UZAHO-JDH7T,None
NEUUO-YDNIV-VWOID-VUXEO,None
W3MXB-EMARS-6L3NH-SKFJW,None
HPXBK-BDNQI-4MMIM-KY0I2,None
9DNF6-ZMHDR-NAJDF-VAPQ8,None
IM52A-2AFYT-DP5ZP-GP6D9,None
CAAKO-B3FPW-B5MPE-BDO2J,None
QXOCQ-JYJ2S-NXG0T-PKYTO,None
NQOOB-JCQJA-3OGRT-EZ8XL,None
FI5Z0-4DEYN-QSGXK-M69BX,None
ORPYL-5NMPF-ZN5FL-DBDFU,None
EKB51-DLA74-49ZJC-GY8RM,None
DTTIM-LMJGL-3CE58-SGMPD,None
JJWTN-L4WA0-VCC2J-R9GTO,None
OTBKU-OMDCZ-F6GIF-U69MD,None
OJ0TN-TIPSK-TCZ06-HLWRG,None
6PE3Y-GNG93-QXWIE-U3F5R,None
GJLXP-LGTON-3WJBC-LRI4M,None
JAUPZ-NBZWU-1B778-EWUZ4,None
106L4-BANFM-VK51F-TEMF6,None
TQMOX-O7VD2-RGXMV-YDSW7,None
8AWZT-PG1Q6-W6GMM-NPF52,None
ESTPS-TANGM-FBWOP-MVPJR,None
8CEJ6-MSYYW-AGHPY-4K5QN,None
ZYJVD-0TZD0-LGISB-FSBC7,None
A4CNA-54IB1-YYP89-8ZZN5,None
PIHP8-NI0JV-B1EHS-WEKYQ,None
VUVLE-LBWNN-4ICSE-1RNXR,None
DLNJS-AECEH-BW8MB-WYLLK,None
TGXHU-C0I8T-WZBDH-RWHI6,None
PWZVU-YYAHX-EBRGJ-YZXEX,None
BJBNF-UV3TQ-34CYO-SCAZT,None
JVZ9G-3EK6Z-YJMSH-YCJJJ,None
NPUPA-L5HIZ-MBBG9-9RTBK,None
4LQCR-YJME2-SONWB-3XJL3,None
GZGNN-YS2JQ-RV0ZD-Q0ODB,None
QBMPB-WHEEM-KP0KK-T0HHJ,None
CLUMH-B4MMH-HTEKZ-GFSAX,None
TIC46-XJUHP-C8VVO-KDLQK,None
UAGQM-D4MB9-UGOJQ-5CBGM,None
WE3SM-0RRLV-WKFTL-FVNQH,None
0BJ3G-RL3KS-IQLQA-S4133,None
UO3HC-0DLE0-8LS48-UJGIT,None
KQZYV-U0B0A-LYPRY-T5Z6A,None
EDEQB-XY1WF-O0IFG-5YRYA,None
348HW-9WP1P-05AYB-LJDW7,None
IVHH0-KQN7D-CVIQQ-W0URV,None
GE7DG-BWL8J-PQPOG-JEFC8,None
LJMT5-MM9G3-NQ2LT-ESTHL,None
4THS6-LXYBT-VEAE2-PMHYS,None
XCFVN-5ASRF-LB7JQ-ONSVM,None
LEGYG-VPZOB-SWRTY-0VLHF,None
RK02B-WSFQ9-FAUGV-SIM5G,None
YS8GU-NVVQT-MFL8I-HODC4,None
OQIUZ-FKLHM-BO9VI-40KGV,None
8SYSE-3S0OI-0C2OS-XBHFD,None
NXSV8-NKC5K-Q3NHQ-KOWW9,None
CJQ92-IGDOE-1UC4Z-T00LW,None
R44S5-URXXX-ALN2T-F1WVT,None
H5ALE-VX20P-FZN8O-XCJSB,None
XTXZW-9DIBL-XST6H-HINSP,None
OEB11-BBJPT-TVJCF-IZUOZ,None
RV5BH-7DARF-TOTNX-KY1CH,None
VXX3R-RYZB4-IRRQT-3705X,None
KSNU2-WBNWZ-E0WGN-2OYVO,None
AYTEY-SHZGJ-FGCW6-KX2EN,None
JLO2A-6RDCE-UR3WN-FCQ76,None
A6NE5-7KSSK-IGDK8-PICUX,None
JHSMK-WYK1D-YDYDL-VEPZW,None
YC4JW-2LIDA-E2RMU-FNWTJ,None
IKMWR-6GEL1-R97SP-DYUQG,None
2NVD4-LDE2A-7XLSI-1W1U7,None
8YR6L-0SCPV-9WSBG-R9DEA,None
I52EY-MIQ8C-1VCQW-O3BGP,None
6NUXC-8VTV3-RYNCB-AYSPK,None
KTTAM-WJ0RQ-QVZKE-MY04V,None
0DCDG-AQOMS-AJQBT-TNZ5M,None
EMUQJ-0H832-MVRHJ-NYALQ,None
WSDC6-Z2CI9-W8GNR-UEGLH,None
JZR0G-RFIGY-YPFGM-FIHFB,None
7DJMN-YWBEM-NCOSD-EDGSC,None
U5YKC-CZNBZ-GQA0K-PZDII,None
A7PKM-ZVKZH-NVQSR-I2BQJ,None
MCHNC-8GKVU-B7XLZ-2DTTL,None
WZNTP-OKIPA-GGAUD-14INO,None
XCPKF-PWEBJ-34YKM-7EW3V,None
V8CKB-7K0OE-BDIIJ-DFCBZ,None
YWMT7-PIUMA-CXU2O-ZWIII,None
K6GD3-HAH1W-Y0O9O-YFIFJ,None
CBBLJ-Q0IW4-UYURT-V1CXM,None
ZHZ5C-Q7UMT-6FBP4-F1INI,None
OCMCV-IOMPQ-YDKUF-ORKO6,None
0J1OI-N9QYC-RMR4I-DUEOL,None
9G21L-U0NRT-EN4ZA-OHWF6,None
1OYHY-XPVUS-R4BUQ-TJBTV,None
WBS5O-I7QHS-IAK0L-CVTKV,None
TOI9L-PGFKO-XUJLK-7C1DC,None
I6Q8U-TNBG1-KYF2V-VJOTY,None
LYJFK-FJ0SF-BTZ46-IKJDS,None
CBW0Q-YYYD5-QV2KC-10WMJ,None
L47Q8-AAYHK-ODIZU-GWIFL,None
KMNV5-YT5J1-W6WXG-0SJ33,None
CKUAO-NW8F9-2XYNX-829YE,None
Y4ZO5-SUIGU-AXNJ9-2J8LF,None
IFBVJ-GTNSI-BERYR-Y1S1D,None
R2TOY-KE0HL-SSBBB-FTWZQ,None
86XQF-MCHOL-WOWEW-UURSU,None
X0EE6-LIFCL-2RBA8-LJTWR,None
CURDB-RO0W5-2HHEC-6YZKG,None
LRMQN-BGJUG-LYJPA-S3LSO,None
ZRQHT-7LQAJ-KWBZ9-M22NP,None
67BHC-H4IUM-IIPP6-SIUD6,None
XVJR1-R80AG-YHKZJ-LSWSF,None
YEOIV-CAA4M-RYAED-AOIS8,None
WORNA-PCVAJ-GKQ6X-4U1TH,None
ZKSKD-EZWYP-CGED5-W6VRD,None
NMBWY-JDLOB-3VNAA-ZWHKV,None
GZM1Y-A2JEG-UECTG-PO3ZW,None
DYVHI-LTKZP-TANNO-ITTNV,None
BOD9G-6O1NM-MS7FX-GHCIH,None
NRF46-S8XU2-CCAAX-4YGLI,None
CVCVJ-HZITD-ZQ2S7-PPVNK,None
A3XDA-VLMP1-0I34B-SZSW2,None
64QOS-9ZPIR-VWTAP-QDJNO,None
BJAGT-EQUF7-JBTLT-QI9NT,None
KIFGU-N4LPM-6DQDR-7CDON,None
LRTXU-YAMSL-DZNQL-XRGCM,None
73ZZP-P0ER7-NHYVC-QTXGY,None
WBBGA-B6BNJ-MIEFW-Y173H,None
I4MTK-FYKQC-NKNWO-VKMKT,None
TRHI4-A9NWM-Y4EZP-JHS5C,None
WRCFO-5UHJX-WUOSF-3PJIO,None
SKX6Z-FHUTQ-YFYXM-OR8MF,None
XS9K0-RCTD0-AQHYM-Z9M0Q,None
JK8ZX-SORF6-IZ8J1-AJRJJ,None
SBBWS-KNWRX-INO0L-RFSJX,None
VX1CD-9HDTT-T1R3M-GMP1L,None
QORKV-QXVJR-KYY7R-DFZWM,None
WEGA7-KLOTS-NVPYH-N0JC0,None
AO1AH-UYA6L-RMLYT-W9MQY,None
LZ4CM-9FUUI-METZ8-ERSAO,None
6U4AZ-GZS4S-D0LXO-LNETX,None
AHTJ6-1QHEK-VEH2S-DRVLH,None
9GUAG-XUOE9-CAZRN-C7AFQ,None
Q30TU-OTRPH-6PHQI-GGJ3D,None
LBNT8-FBVMU-AMYU1-KXG0N,None
KTAU6-CGEEW-A7EDG-FVMMR,None
TKFLY-JDNXA-2LE1Q-OQRXW,None
9BYYS-ABSHR-BDIQV-UJHIE,None
1OA4Q-WQXL7-HSHE4-O5YDR,None
DYCOA-AO3DF-BXUNH-PRGAT,None
LGKBG-TWOWG-KEOW8-IFSND,None
AFWCR-K9QTI-UP4JV-XVVP5,None
KLOLB-PEMXM-3WCY3-D8MZE,None
RFO9O-GYWLK-Q8GXB-UJFK9,None
IUPPE-AEJGK-C3YHI-YZ7FT,None
69FM3-MUFJW-JDYOZ-XVXPT,None
JDX4H-M6XWZ-LJUXW-XRE39,None
Z8QNJ-W588K-CF0CT-VEUZX,None
PFTVS-QCEEK-DC44N-3TXJR,None
AQPOE-EYOKY-7F76B-WMC6H,None
ZEUE0-KWIWS-KI6UY-TO7WP,None
UYMRP-JKVJJ-7KUZD-7FSWH,None
1ATFL-FHT0T-CXRDM-NH9UG,None
JWPDY-GF3IQ-0MM2M-I4QIC,None
3PXHP-VUQCG-UMVVS-XNWZU,None
6T5PB-HMF1N-XNXR1-FGB0H,None
POH7Y-BHLOG-S6YBM-VLXKZ,None
H5CRY-XMHYP-ZPPAN-KZWDC,None
QQKZT-UVSQ1-KWT48-5HN7D,None
CS6EU-OYBWJ-SPO7F-4O5EY,None
IXV5A-LBNOV-OLG8S-4NJ1Z,None
33ZJQ-U1KAE-FRNBF-YQA2K,None
DDXNX-NGF7F-XBD8D-CM0FB,None
K7CZW-TOVMG-GL5UI-CAJYW,None
JLU4T-S19AB-ZY0EY-PU7US,None
GJ9AA-AK5V1-SPREZ-IX1HW,None
S9EYA-BBAPW-1ORTX-ACFKA,None
BRSAL-MUIJP-XUIY4-KVV4W,None
GHMZA-UBVBQ-V78W6-RVB5Y,None
PYEC5-ZKPKY-CESAA-YP7WH,None
TL290-DB7WR-Y8DRG-QP1ED,None
2RLMQ-1OKKX-MAACR-8GRKJ,None
DSPQB-0XDE5-O6VPP-C9QHZ,None
MJF7A-FIRTI-LC9XO-HDOZI,None
RPPNL-Y4GIJ-J5WKF-9IE3F,None
28FBL-5TPYL-3WS24-8JQWQ,None
12QA8-MTRLZ-SEUCF-QLEFS,None
SGTN0-DNI8A-XGE0N-JR1C7,None
F2RLK-HFOMW-JCIWQ-WM7R3,None
OFGUH-MWASX-YCYQZ-LUMY8,None
Z1IQY-VD8HM-9WNEA-YXFIW,None
MJYNI-O6OH5-CGJYC-SEHKK,None
GENC7-XY4A5-QSF4Q-XJLJY,None
YPGLH-WIV3W-PIQWH-WBMUC,None
CL4IS-WBZXW-6N9ZY-HHMCN,None
WDF6W-UDPGJ-CRWV8-VP1OL,None
IIR4C-MY2BH-IIWID-KFW5E,None
SJLQV-H2WSQ-CTBMM-F843D,None
CYJWC-8OB94-1T9B9-GYCPS,None
BS3FX-RYHAN-B0KC8-HEFEE,None
KESWW-4XKTO-LIVSB-KFXFR,None
6MW71-5ZYTE-AUO1W-L2F7E,None
YT3IL-KB4M7-ZMIJE-XUJ0X,None
MNTVK-R8ZPN-AFOUQ-BTJBP,None
G30LF-6WUFS-CDNZE-65ORU,None
DSZIQ-ENBNR-QK8US-NOQQI,None
O4WCZ-QHN3W-WLZLO-GB75B,None
PMFBU-0W9BJ-7DNYZ-XPN91,None
YCFDI-2RLDL-FWFU7-OVN4V,None
8KFUN-ZUJUW-KQVAF-6HLQF,None
FIHVW-NJ6AP-6IU6F-WGPQI,None
3D9KZ-W5TDJ-OILHY-GT2RY,None
BA2RV-EFCLM-TAXRF-5VGAA,None
Y80HI-WVRET-NHMHX-ZGP88,None
BVOCF-ZUVZI-YGOFL-UA5UD,None
KUTH9-AZNQM-NAD8V-8JMMR,None
WCOF3-G2CDG-EEVYT-TBYU8,None
4S9SB-QHNXG-7BOQW-TTMQ6,None
NFNR4-IJGJB-G8BHJ-GMKWR,None
DQ4OT-MKNBI-GDB13-RYGWG,None
IUI1F-VVFHI-YX8CT-BPOHN,None
HVPBG-RVBND-97MK3-T54QM,None
YPGFW-DI5QB-EYQMC-ST0RC,None
3VJKO-ZO2A0-N887E-G4A58,None
NQMYC-8ARZR-HTWQH-X0A6X,None
DHYYL-WEGY4-9QZCV-NG9JW,None
EFQRQ-NKP4T-AW3TB-BD0QA,None
RNKWB-F05GZ-IIKYS-NEMH3,None
1X3WL-8PQCY-ATCDB-DBFB3,None
DGH5Y-XPDZ1-MMZNJ-MRA1W,None
AXYQW-MIC3C-YL7VF-PDXTB,None
BSQWL-XXPC4-KB8D8-YURIO,None
EXJ8N-EBU4I-0RSZE-IDXWY,None
PYR9X-BRBK6-AHH4D-1W2OS,None
DHADA-QDXEQ-PD6CP-51VSI,None
VPFJP-A68RZ-7ZNKH-WD4P3,None
SVJS0-RTQC2-YQKEM-84JED,None
LFYAO-KBX1O-CJW6G-AYVYJ,None
UO9CO-7A8M6-ZH0OF-JAPXF,None
YFBT8-PRMWA-DUMIF-X1GQD,None
PW77S-OUFIT-OVNZQ-1WYJO,None
DMGHS-NOKFW-FCKQK-E74SO,None
0LYSC-UMWEV-UYI21-YUQPO,None
YAAYR-EZ5R5-RGPZA-R6ELK,None
5XA3S-GRXGA-FYEHW-QUE0B,None
8BGM4-R1CKY-KBHS3-X1SDF,None
HCYHA-JMSMF-AWNC2-UKGYQ,None
7NJCX-V8QHW-3OXCR-GNH7Z,None
GJBAU-KUTCA-34SUY-LGJLA,None
IK79B-PFUF7-UIMDL-P9UYO,None
F5WWG-GHDD2-9FVSF-G7DOH,None
DGMXW-QB8XC-NECZK-MOXYG,None
Q46XM-HUJUR-HMSVB-INRAG,None
S0QOX-VHRFJ-ZNBAB-UG4MK,None
VDAQK-KXPS5-7DRYJ-MKCJJ,None
LERA8-TKEXT-KB289-D96MY,None
2DBOS-4PWLB-SYQGA-FD9YM,None
UGT6Q-L8HD2-DZTBJ-NMVC1,None
KNSMF-VMUZA-2FHW6-7XKXB,None
PTOTW-IM4DV-OMCHM-WQBMN,None
CMDF2-JZ9QW-QORBS-ST4NZ,None
WUO0U-RLLKU-AXYES-8MZCF,None
SUXKI-CLGXO-OHN0I-94SEN,None
TA5RK-6UAUP-PPUZM-KB7LT,None
TG662-GJPYQ-ZGOO6-TYIGK,None
VORHG-KHHIB-QNP0Q-XLDXM,None
KRDOF-7TO3G-QIIML-5FHVI,None
OGQTR-MGXZZ-AXWGK-CVKYH,None
4MK7J-MIOSV-86IUK-03YSN,None
JY4J8-HIHI5-IBCJC-XKBWN,None
PIKI7-ZMWN0-T3QTB-JIYX7,None
OHM2S-FZNEH-0NHML-GIS3F,None
JUZIR-YJDZC-XQ8VY-CEWQC,None
0XP7M-DH0QL-AVYAU-CIUSY,None
VFH2W-A9XEW-ER0Q6-6N0TS,None
MRWED-W6OEF-NL9JR-AOVQL,None
C9LOT-KOUXJ-LXASL-TXO87,None
FBAG6-ATKC5-S99AW-WQHCP,None
JHF6R-SSUNS-4EXNA-ELDMV,None
KUZMC-GRSHO-1GI3O-ZLX4Z,None
QHBJO-VGQYE-INOHE-WYA9A,None
XWILQ-YIHUA-JWE5P-VKNFL,None
W1X9J-FT4PQ-EGNAY-MFQSK,None
PD0YN-CHIUU-UB3KN-WDHE3,None
ABU9E-XAVOV-3OBUT-ACY5C,None
LDE0U-VS0GT-02ZRQ-CKK1O,None
DJUUQ-5FJE8-LWJ3J-I3GGO,None
OPBE2-NRVZO-PVNAS-MT2U6,None
B1FBM-ICWVE-ULMMP-79TEZ,None
92TE0-BKIHY-BKR4Y-J7VFI,None
RVFCA-YFRIV-NU9YS-JCPIN,None
MJPBS-Y4HKH-2PRVG-VLLKP,None
DRDCL-CTC9M-WSPFD-Y0K46,None
Q4YRE-RSKXJ-T06ON-ND5BE,None
9SME9-0RVHY-UKCY4-8PHY5,None
KNZSP-G70TG-XGKQ8-G9BFQ,None
QD9BI-KISZG-KMAYT-XSTV8,None
4BKDM-8DMDA-WQUDA-R9MWK,None
0QEWB-GSCTJ-HIT8Z-QINGC,None
6LBXC-DVZJ2-ZZ626-JLAUA,None
IKQXC-FDXIJ-CVEAL-DAQUE,None
UCYBW-QN5LD-Y5MCT-KVHWO,None
2CPKD-DHYD5-Y0TAV-EQ2YW,None
ZJKZK-DMCLS-BOGMV-QMG5G,None
DZYIN-FRUXF-INDA0-AINP2,None
Y9BRK-1FRLE-YCSVO-VXDBO,None
27XO5-SERTY-NJYWL-QIETD,None
QE35E-L6BI8-UIHHO-M1KSL,None
X64DT-4WFNY-JGDIU-SFP9O,None
JXHU6-SFOUM-YTVZA-CYIRI,None
STE9Y-8MAYT-VORZK-9BIPU,None
5J4GL-JHOQK-IGTFV-YBHPT,None
EIC3I-L0XPQ-GR7QV-XKNDS,None
KZFHP-LNOPT-AU0GJ-IWJEN,None
5IOFP-7YL68-7TZVV-MKN5H,None
1AHYJ-WKVKG-IEAGC-GXJ73,None
JFOTT-J9MSA-G0X0L-K8TMQ,None
NNEAW-PZVEX-FGGN7-DVI9K,None
AKLKS-3GNDE-1KCTG-CZHEH,None
4FCVA-GBVPV-5XALT-UCCMF,None
A91BQ-IABNI-5OFZB-GEZGO,None
W5ASE-DPJJN-DDOQE-MM5KH,None
A8V9U-APMDJ-GWWYR-77JH4,None
FQRJK-JZD9Y-XY1HE-0XYB0,None
HNFRS-11BP8-FLKXW-JLQ3Y,None
2CHZI-RNI9K-1XPFY-V1Q00,None
XZQQH-5QJAB-GDK2Q-M36CG,None
JZOG7-2JCZR-FZ2XP-ET4KL,None
9HD0A-446XJ-AXEHT-R5VOO,None
RV2CB-I2V0D-XAYJ6-PGLO9,None
E3AMR-Z0O37-G2OVI-MABBQ,None
XQ3BZ-UEGGW-HFMMY-1GJVV,None
3CPIC-K56KR-UXRQG-4GMA5,None
U8MQU-ISN6C-AEH7V-GAKAH,None
4SN9P-MPHUS-K6WRK-N4BVD,None
CTVQ0-3HZTG-O4Y6H-ZTMGF,None
AIUGD-HMQF3-MLEZK-LFASH,None
PIL3S-DPDXI-LRIO0-4VNQ6,None
MLZDO-SW6FB-5OYXQ-QWGYF,None
20XFX-QLSWI-TG6WE-9QROG,None
SPKWX-RCPYM-POWPW-GSDEN,None
VMY0M-BVH7F-Q24PF-BCT76,None
GA3PD-DBUXW-OGUEF-OB0MK,None
KVIB5-FIJAU-SQYA1-MXMMV,None
7JXTD-QTJ6W-B8G1F-MCJJT,None
UKZ8D-QOU1C-ROPOK-ZRXZS,None
KLZEZ-N2XPH-DAI0D-CEQAN,None
HHDUT-EGVZG-9HM2Q-E9TUF,None
VTYBB-DYQNF-BY2TZ-UGGRJ,None
H5CCC-RSIHZ-N76RW-BTJZQ,None
ESM1S-VO1MM-8WPJW-AJLLK,None
ERHDV-8CGSR-VQV3F-RXYO8,None
ANY9P-3W3YB-NAYCI-EGXKF,None
DT8CD-GND53-BBKT3-7PHUB,None
7HLUC-LPJ6Q-ZKKR3-FUMMF,None
HQMQY-UDQAS-T3TV7-TAGHH,None
SIDJK-NFBAA-SZSSG-74AEI,None
GINP0-2RCA2-XXBZT-LKY4S,None
D7WNL-J3XHM-BBDKI-VGNEM,None
NM2FG-D0XGS-4GJWQ-WXO8H,None
E6NUO-NQLUX-3PTL3-AVTAI,None
L8G6G-MMHQP-J6NEC-JMCFO,None
D4229-ZO3UK-VVNIL-PIL7O,None
DBH1P-UU5EP-1CAA5-QJ0IF,None
RCHXV-BIFLK-44J5I-AWCJ3,None
QPEJM-YOPVE-GJCBF-YA2JH,None
BLNRX-NIYPS-JIETN-HSUNZ,None
GC3YM-8CR7B-CORQ5-LE9MY,None
8P3EP-DKUVR-AXL9W-UES4A,None
OEMHR-4ITAW-AABTA-X0EZ5,None
EGFP3-WNJWD-H4W8W-ECQCH,None
32TR8-TNKQP-DV2US-UXT8E,None
B8MQ1-EO7QV-WPWRB-AYYYC,None
RI87O-2QULR-D1VRY-3SBBH,None
U0CE9-A3FM5-E4GXG-07ZWE,None
AENBC-DIDXS-DZHTC-G6CVZ,None
GGKS0-BEF8N-Z7WZ8-RZBFO,None
ZNX5B-XK8OX-XZBNA-WV9UJ,None
USLAV-XC0CD-ZPR47-IKRLG,None
OW4FZ-Z36AJ-UMX63-OCWCI,None
KP5SP-I8S6Z-MWXU4-L6PXC,None
RCZ4Y-GSBJ9-OUYQ3-FG8WR,None
GFF72-O9LE2-R4CMT-5LI36,None
OE4LX-WCHBB-VT4M5-8510W,None
GIF90-ENPN5-STYRM-F6G3I,None
IQIXH-VKKAL-4H8X2-YEMNS,None
MQDWP-IIAFD-JWWHG-CHBLF,None
2NZQ2-7KYNN-O31K6-PYYKZ,None
X4JB2-5ELQG-W4ZTX-XGWIA,None
GDUDE-CU169-RZ0CS-P835Q,None
KDAD4-KTWVC-KPIZM-DXSPB,None
TJT1O-3ZPOZ-0FIHT-BLDGA,None
2R30U-9BT2R-LMDMI-WRUX6,None
NR825-AK4VK-VIDTC-ANIWV,None
YSRV8-L9GKR-Z4IAG-YNAPX,None
UMHQQ-UNYVO-UAPWO-PBWZP,None
QVY1E-NHICH-NTNCV-2IZ4J,None
LUQLZ-1YKVN-IO4NA-Y2CW4,None
SPXHJ-J0LCH-XRYS7-FF5BG,None
L7CIZ-QLK5J-51RGX-TF6LX,None
HZBHR-NLWFL-QR0RR-ELTQV,None
1TBOQ-WGJR8-LORAP-K6WJT,None
BQ1O6-OHAWR-YZPJN-MKOQA,None
IIHNW-HLW2J-YW6OB-GO4LW,None
LSAVV-YBCO0-LNTDA-CPKVW,None
ULGJU-D1LL2-N5SG0-UQ7RB,None
HZFZ4-WIKFP-8VFPW-5SNFU,None
F5EAB-MQQAZ-I9RHC-9ONFX,None
BV621-WTMCT-QKOHG-KESTO,None
GZKW4-AKRLU-GS9UA-KLYGJ,None
IYO1Q-AIIPE-JIGS7-MQU9B,None
HTQ6I-Y77UJ-T4CDF-NQU1P,None
KP8F4-PHWXS-M8RZR-YXSSY,None
VNTYW-GMF8Y-XYTWY-DTNXZ,None
JDQIR-ECK0I-4BSUE-BHXIS,None
9POBC-52GCS-R8URQ-2A8OM,None
B0PK6-BE0YE-YFQEB-1J36Q,None
L6ZL5-0QNVL-XIPY6-PXLTE,None
JKW7J-CTTRS-RCQ5G-PXD6H,None
LHF1Y-I8FFS-8QY6O-41J1D,None
FJDFD-F1RCH-ZNZOH-HLBPM,None
OWO3J-RBETB-WRGFD-VYL8V,None
HSVQL-XGBID-XLYLV-5TO4T,None
7AC31-AC4YU-XQWNM-GF1OC,None
NVBIY-W6TWP-ZHCUZ-JV1Z5,None
V5DB3-EADFL-TZ8WB-TLOLB,None
SE8QE-XRAQL-3WJBF-8N6IS,None
FXVQC-OQXKL-UOQYE-GBUA4,None
GMVT3-KTALL-1EJTM-HFVO6,None
VMZED-16JRB-DNUFJ-T9DOY,None
HTDHU-CDIAC-YAMIO-DHDOC,None
O5PHE-J5YVJ-O1V3T-9WFWM,None
SOIDH-LUC59-LGJIZ-ODEF1,None
M2HKE-KYU7F-578VL-KCTJM,None
RS90W-FPPBT-VPQK5-TZRVY,None
K6OXM-SW42N-IK8VC-AZG7R,None
GV2TZ-VZMBO-ZFB9G-PPQBV,None
GLJY6-BDH2C-STIVK-YIA2X,None
RXNPX-A4FIX-MQLOR-DNLIS,None
UCCUE-1GTIK-CXL3E-3RNUS,None
COZPL-IHIA3-LYTK5-TXUG8,None
HBOAN-PGKKA-RLPI9-OJVNS,None
T1NI3-GSU7N-PLUXC-YEDEN,None
IMTCB-PR1PG-FPCLK-ARAKA,None
Z7WMZ-1XIMH-JQ7XB-ARY6S,None
9QDVA-F1HEY-EULUZ-8FHZ3,None
63ZTZ-OA20F-KNQG5-ULBC8,None
ZDIZK-GLJFD-Y1JC3-CNCMQ,None
UNGOQ-GWD9L-RCKEB-VOUMI,None
9U30U-AZILX-QOVHH-VVQUR,None
BI8QR-VMTDU-7AQZF-LFURM,None
XVAIR-OERL7-YQW8E-GMIES,None
ECMGF-2CNXH-ZW0FQ-M7F0U,None
QTYAO-LPGRL-R0GPF-AZJH4,None
OZSTM-QIG7C-MAJ56-RIL63,None
SOTNC-0NNXX-HKIGX-WDHRJ,None
2MXSZ-A6JG1-RBWOZ-IGIEU,None
GJJ3Z-PCJLI-A1DMF-BNDNR,None
R4CBA-SXLII-GMRCK-XUFF0,None
P6RZR-5GOHU-GWX3H-1TCUZ,None
KRXHI-TMMTY-OJRQ0-RETSJ,None
XCJUC-WFSUG-VYKAS-UTFP9,None
BBEKJ-1WDXD-GOZST-5C6Q0,None
VB2TR-FHIOW-SS50G-C2ZUJ,None
OHNDF-P0CIM-LYWUB-T9JWY,None
ZIFWQ-W6XR5-71B70-JWYPC,None
QQZSL-IGAPZ-X2DZC-GMU4W,None
DVEKE-FX17J-B7WGN-T7HFD,None
8NUFS-M9E8N-LDN7R-9ABSM,None
OAJAH-XSZME-ETYRX-HLCJY,None
DPANF-N1GLV-AZROL-ADOX5,None
1OUE3-IVQBH-XKOO5-NEFHH,None
KIWSY-D52RW-ED7D1-EFCIM,None
EZBUX-M7POL-K3ZLN-71O5O,None
RRZTF-IIMIR-Q1L3P-RKKYX,None
3EZ4Q-JLDRN-6TWBA-LPGNR,None
H3FBJ-EQUXW-F36AA-JJBGN,None
UGAIQ-FS1HA-TB2NH-OS92F,None
TVE72-3RSAH-V5DOE-ZRR7W,None
BUWCV-NHD8M-LO6HV-RBX9U,None
Q2LU1-7RLPX-KWBZM-49S4Q,None
DBD6B-DOH6X-EUR7R-KM6K5,None
KDQJZ-MNLWI-JTGYM-8RSUB,None
M3L47-XIPBY-8E5DQ-IITVO,None
QFNH5-FG07G-NBUQU-K945X,None
OYXTS-WZFPY-0DHNJ-XAHE1,None
VLKDQ-JIW1P-976M8-MK8BF,None
EUZXB-ODZLM-JO8T3-OUPUP,None
T6HZI-D9FPL-SDI5N-6NTLG,None
IVUKP-CI3JB-3QDZY-2GGRB,None
VMZEX-NSJFD-XWAVM-L94XF,None
L8ENZ-TZ5JB-F1N5M-HSIAG,None
T6MFY-ZXNVR-HNSQD-MMKQD,None
C1BEC-PNQTB-MUWC1-PGK6M,None
ACDHJ-EACUZ-DJKVU-7JQFU,None
4R6TT-NROVN-HW6GQ-J1ALQ,None
QEWQW-C3WII-QMR5D-QLT4Y,None
RWHGG-8SD4H-S4TS7-QL6YW,None
VITHX-GPRLY-KSDGE-IVCHB,None
V2HQY-LLIVX-ZATGY-XGYF1,None
IKCME-OFFI5-UXPEO-FUJSF,None
YNDQA-IESVR-OSJRJ-HKIOK,None
F0FGT-BESNW-7PJFC-NHELV,None
LMYQR-VWSJN-GBKYJ-ATW46,None
PO4NF-GAULI-3QHHT-ILMER,None
6F1KD-EPTDP-5ENTF-HO1WF,None
LVC0D-3Q2OZ-P0B2I-KXK83,None
HQ7KF-AQP0D-IQOXN-0U8VO,None
ZZBIB-RS6OR-QWQFQ-VVYG0,None
HRCGL-FQSPW-AYUIH-RFPVJ,None
DDUWA-Q6H5G-W0RQN-SQR7Q,None
0HMFW-7IP2H-7YTGM-RZVVR,None
S95FX-5LP3Z-PCXWP-AVEOE,None
U6FFT-4O7K1-VYG4T-IZMZA,None
XY3FW-Y9PPU-7VIEN-0K2UJ,None
KA6R7-G54IS-B2FEY-UTMVO,None
E5Z3O-EYF3Y-6XYVH-LG8DN,None
QYMQF-QVDG0-GCUX9-GCHJ8,None
CYMPC-NZHDZ-AGKMB-YN7DQ,None
8UK69-Y1QC3-YH8OX-KWUBS,None
ICLBH-MQFP3-KRZU3-BNX30,None
EO1SG-D3WNQ-ZANPJ-4QTHA,None
7ZP2N-0ZT5F-CJ7Q5-4V1AN,None
YERN8-2F1TQ-3KPDW-FV7I2,None
3CCUF-NDEM4-1N55F-E3ROQ,None
QH7DW-XFKDV-4LQ7J-FNLIY,None
HESUZ-W5JMW-EZAGH-VAKUY,None
TAJ3L-YCEWT-KBWIB-N7JTS,None
NACE2-SCY1B-9ZKVP-NG9EN,None
G0J6J-IRLDJ-XXGDY-DRM1H,None
LZ1ME-TM598-KBGKO-X4KSC,None
W1UAF-8XU3C-EL2ZX-UIO6P,None
DTZVL-HA67V-NMSEM-NHDF7,None
2DLN4-QJKJG-AEGOA-0YRF2,None
IMH21-SYUGD-54B8H-SASC0,None
RPWTN-GKYCH-1BZ2K-EENHZ,None
Q3MZI-DVJEG-9KD6I-OQNFV,None
OMEZE-1S9TW-QZ2VD-JSRTS,None
TDGCU-DURCQ-RIM5I-BHQYO,None
PDCSU-C3Z1S-PNUX4-RSRCM,None
AYUGA-XVQ2S-VEYWE-6B4GG,None
JFPKV-YXWLI-S8O85-2XMEW,None
04SBV-FQIWB-EICHP-HBDH8,None
XVLYN-EB8IK-QOYRE-J4C15,None
JXDOT-KSRUG-PAKBB-1HBTT,None
DFFZO-OFRZD-YRPQF-WSXNU,None
Z04KF-FAYA2-HQGSB-S8PQI,None
KWIBV-EBJVM-6WGTY-JDZUF,None
N4BCQ-82UEG-D717K-JLWM6,None
VNTLE-JHYQ7-K0UKB-1UZ1O,None
4BZQ9-6SDPX-ZPGVS-LFFQP,None
OL9OO-TVGRF-M92CZ-MIXR8,None
EFQ4G-BEMSS-BJNQM-91XWW,None
KDIQN-OAGDX-ZDEJT-K3BYX,None
328ZL-KJBI9-XVAFP-5HYKP,None
S0D60-GMLD4-TZAP6-RZC2U,None
MLG8V-808BZ-BRXKT-SDZES,None
Q8YWR-RTWG2-2WB4Y-YDI5H,None
TNDQL-UL8AK-NLUIE-WXPJW,None
IYH4K-6WHSM-QRJ7E-ZGSJQ,None
QEBRC-0DDOL-VF8CS-YS5KT,None
WTSR1-BG6V9-EE9PJ-X8ZYD,None
WVSUZ-MIK0P-JK154-IYXQ6,None
RJIQ6-ZJMXL-WTG3U-MFWBD,None
WGODV-ZLRCI-XYPKO-KMF7V,None
TOYX5-9RPAV-6FVSJ-8BTPS,None
6FJEB-5N5QG-J9LZG-FNBI8,None
EERXP-4TLBT-TIMCB-DTBAD,None
MCN5W-0ZZK6-R8AZJ-VTFTI,None
PMBCQ-DTXT5-NQTZ2-IHXZR,None
SA2RZ-MIWKH-FCTPB-GBMWE,None
6POLY-NDOPI-275EU-OYCZY,None
LNXAL-BTQ4Q-TM39R-ZQEDN,None
TJ6SY-EESBS-UODBJ-V3EXX,None
SITS3-HJH8F-DTEYB-DX5QE,None
8BNUF-UDJTZ-H19T1-GUGWY,None
TSAHU-ZDML0-JTF5M-PATPC,None
5K50V-UEKEE-YLKKQ-NEKNL,None
USXCV-YGDYC-71RAB-YM242,None
CG9R1-ONNAS-K6ZYZ-QT5MV,None
QWZTA-D7BC1-NFJUA-MSQZN,None
6WTFQ-ISR46-3BJS1-FICUK,None
LDYBP-IAEES-H6PZO-AUUNA,None
RCIEF-BZKTW-YYP9C-CLTUU,None
QU8KJ-NCNIK-4TXW1-QXLTR,None
M7MYV-V0HHG-ZR6SS-RQAV1,None
HKIRA-QS8SM-SGWH8-BTF31,None
CPERE-TCJTP-8BZLD-50THP,None
LTCLT-LRJUX-TXNF8-XPVVR,None
DWD2O-OWA0X-81HXY-KH5ZI,None
AWVST-9BMWX-FMZI7-XNPHH,None
YMWNX-TIXZX-73CSD-3BU9A,None
WMTPM-2QTGL-YLEWP-E0OFE,None
1P4ZN-CU7KN-WYXN2-VIVGP,None
WSM19-ZHZTX-KRSVC-XDL76,None
NVY3A-6PR1Q-7NBMQ-PADDD,None
AIAKE-SYMNR-ZCA6C-ER4YO,None
Y9BVH-L2PLK-OT1PA-1KAQM,None
HYJFE-OJPMR-IMLDQ-GLOID,None
6FAMO-FLM2N-CILCR-MNBYF,None
E0JLW-RQMYA-EKID5-BHEFA,None
BF2H9-HAUUL-Z8DMR-XQLYE,None
RPPIF-X2DYD-3TZZE-ZR3EZ,None
2MZQ5-DUQKR-JDAH6-KPMQW,None
O58FK-MMY98-MX8RI-0OAXI,None
YUGZH-SPUIX-TGXDR-ZHQQD,None
A4AW8-FQOSD-SAFI0-KZSUI,None
NCFNM-QM7PE-IYZIK-9LFGD,None
LPYTR-BZ77Q-ZX0G3-Y8SGQ,None
ACURF-KWUTT-3558Q-V9LCY,None
DB5RM-7VYHI-WPKQR-YERCT,None
BSTIU-B58QB-EWFN2-JSU4D,None
IGEE3-YMYLW-S8VMV-FXXFF,None
QTN0S-3NYFQ-UH8P8-TQ1UY,None
C9D3G-DDZ7H-I2YNM-HJSV8,None
DXJLL-D2FCY-ZY3AI-E3WGW,None
PVRZ3-BJ7ZG-22GQH-SKEK2,None
7KQNY-HFEAL-TOOIP-RMFJB,None
VG7CC-8FFZ5-Z8SLH-YSLZY,None
SROPB-YMSKI-SRPF4-GXT1M,None
BUA4H-ZJWCF-0BBRC-EFQLZ,None
OLOOB-V6ZGB-V5P4H-VFL5J,None
MUHNC-HCCHF-2IIWY-HBXCF,None
LVWY2-TOLU2-JC0HZ-81KRQ,None
KVWAU-74L4O-RGVKX-XSSFM,None
BA5OP-UB4YQ-Z2ZWF-N9XOP,None
KJ38C-IYPRB-XVKEV-W4FL8,None
NSLZ8-BR36G-RSH9C-GXUPL,None
093JH-2QU8I-RIYEJ-XDMA1,None
XAVA1-EGGB1-WJQ8Y-WQON7,None
X4WET-PHNTB-OOWRE-50W9I,None
NIQDP-PLRVM-HTHID-HUBTW,None
0FPXT-SB1T4-EAJA8-LLD3C,None
5HBKS-SXNNO-OBZ8D-GDAHN,None
GXAWC-VBY4C-2SWGQ-6HJIF,None
RRWPR-3LP7Y-CU4TN-YSAIC,None
OSRQF-HKUKZ-EO4QO-QTFWN,None
6MP4C-8XCAR-R8JN7-S0JQI,None
BS7OP-YLW7C-CPIKA-LJ8WI,None
FT3GE-4YTZ7-JCQPM-9C7YK,None
LH4RK-VS5EP-J5JMX-IYDVH,None
GS3GV-AA7WJ-LU2MU-NPRY9,None
PRFGY-T5UBZ-XGLSD-2IRO1,None
VFROP-7SYA0-KDNJB-DQLMH,None
HJ4AO-BYZVG-T4TID-D04WZ,None
1OFUY-CZFZL-QH3JG-7A2I8,None
PVYRR-4VWQ2-UHUYO-1RWOW,None
OIHXJ-MK6ZR-F7GHF-9PNIX,None
3ZWNM-I6R5A-KT4SD-QFJTD,None
0XNJH-KW5RI-YC0LD-AEM1H,None
6PFLY-NQD3Z-JI95P-CR841,None
QDYUK-WGPO9-UQRAJ-IEHOM,None
ZJAPM-WFJMT-NENQI-8YECO,None
HW0RC-0HFOQ-ZJBRU-YMDVN,None
TIBW8-3U6XN-TSVHK-BGYUB,None
APPMP-3GKQZ-GTGHR-G70VS,None
RIA8C-WY97B-TJ3O7-HW2DS,None
IC3VC-GNMIM-TKDCJ-R3PRF,None
FIGNN-NRCW9-BTSZX-N1261,None
6XQ9A-LPGQP-OZLLD-HTGLN,None
3D2BT-PAAWC-HWRIB-DZAFL,None
E7XOS-LL2BC-ZR1FY-HCTLT,None
ZMP4B-AZTSQ-M9BO1-KH4XV,None
MM9LJ-UCTBG-U2WSA-NSXNS,None
LPJHD-FZXAU-HZKBD-3XEQO,None
1LDM0-GGXYJ-87PDH-PPWJU,None
EB6IE-44HJV-M2HVI-QUXRG,None
ZKJXU-LVG1B-L8ARF-XIDKT,None
G0HCJ-5BGJA-GFO3N-GHDVL,None
K5DWI-VU7NM-FNBSX-WKUSN,None
ROMMO-KAK8X-NMX26-F0Y3I,None
MUUKF-V6H8O-PNZSE-X6QA3,None
ZJUNU-F85RX-PDXCN-TCGDB,None
5UHHK-YISDJ-VJBE7-4JUT2,None
B0VFE-2YTIK-02MCW-CJXRY,None
O0JS8-O6SVO-ZTIK9-WX3FB,None
8M3KH-YB3IH-72VT7-ALDYD,None
YD3XV-KI2CP-THG8C-TDNSL,None
BEX3R-GUZGH-QBEFJ-XWDZD,None
CGRWJ-3BOXQ-FQI0G-BHGMR,None
VPWFM-IVPIN-6YLAA-WD8OS,None
FEZSP-AFWAD-XWK4D-KBOSQ,None
8VCKX-JNTMP-4Y5YH-2M9HB,None
2HTDF-F42JK-E1QGU-8SZRZ,None
YWPFZ-RV1BK-DDR3K-8NZTV,None
ZXHMV-QQA7D-EH2LG-ONHEO,None
SU0IZ-RJXU9-K6HIT-BKP4G,None
FXIL0-6SUJA-GLZGL-4HTBR,None
DFF5K-WP39O-PP8LB-YCVMC,None
UB6HC-W3DRX-UIVPJ-IBMIT,None
YGLW3-7NEFR-EASVO-SOGCS,None
DGPED-AURDW-YFMCP-N6NXT,None
V0HOG-ZHO9Y-QXJJV-JKKJ0,None
MKBTB-QH16F-MQKXI-DY4PL,None
N89KB-RPNOM-MNHZG-VJHLP,None
X3PJX-MDCKV-XSZOI-XJKMA,None
SWKP6-DKNXN-1KCIE-58MFB,None
0PGKP-75MLJ-DUAFP-Q9APY,None
CMAE3-F4CEW-JIPLW-OO3CA,None
0LY2H-NRWRC-XJKLH-ZWOUZ,None
NOUTK-FWTJ5-TUKMI-X0TKL,None
FWIGU-VIMMR-TPAWL-GA4AA,None
9UNU4-C2SIP-E8KOY-VO9JK,None
XLDWJ-8WHC1-57WJO-MWYMQ,None
495QM-SPKW1-HRMVI-EC2SG,None
Q8VXZ-Q4A3I-SKCCC-PGU5E,None
HQWJV-CZ7A6-JQEQE-SBCUD,None
CHXW2-ODRCR-OIJTO-ZDTMV,None
ODRAQ-G08YN-QDD1R-53V6N,None
SKPUW-XUM04-FE5CE-CXEOW,None
MGDDO-1WDKS-OVNUA-FCNMK,None
QCGDK-IFZ6S-MHLRO-E5AH3,None
F9I0V-QEL3J-I00CR-PU6VA,None
XK9PO-YFGMG-1QRXM-43HBN,None