serial_key,activation_key
PUHCL-L2IPI-P1FVL-6XYS7,None
UE9T4-VUQOE-DVOVG-UEHGH,None
SSFYJ-2PFGX-LIIJY-ORVPB,None
QKFVV-YIRLZ-RMSYZ-PQM3V,None
FSWV8-CHIA5-KH2EO-6MDYQ,None
XEW8B-KNAZV-0NFJF-9NMY8,None
FAPDD-KYSYJ-FCK0I-YGCNM,None
EKRSB-VCOB1-PNPKP-M3HQ3,None
RRQPM-ICPEU-WK4RU-W5I7D,None
VUV8K-FQ5BW-QIJN8-YMOVT,None
VBIHL-DLRNO-TZTVN-DCV2T,None
HZIMP-JV6TV-YALTY-G0OTN,None
LGIXL-AEWCH-U9FS0-KH4UT,None
NAS8F-H18WC-YXZ00-QHLXW,None
OEIYO-T1K8C-6DGVS-1FO2P,None
O50B6-EFXGN-YTZND-AFQOX,None
ADDCC-SGA5E-EX94A-ZN0EY,None
IXE5H-8FPQB-LO0KO-WZPTV,None
IMU3C-HVAMX-N4LQL-DWKLM,None
YFAOJ-EF5WQ-VJP6S-PSKSI,None
QDAKT-PFSPJ-3A7E9-SN9X6,None
RYVX4-GBB99-2R7ON-2ZZRY,None
UJVFG-5EUAX-QRSVL-Z89NM,None
QJQXQ-TM6NP-2TULP-LM50M,None
CVBYE-TVYNV-OYEWW-CBXG3,None
UOKUJ-WWLF7-XQHCY-CVXDF,None
XFMPE-BEO3L-G8G2V-9NU5K,None
5UCKF-XITR1-SUTMO-YY9EU,None
XMZYI-NJOUK-OZFPK-WDKVE,None
SFXV2-TIQJA-PU2IX-Q46NV,None
5OYBR-NZE3K-GDY9R-ZAUKI,None
6MBOW-PVYO9-VOXGW-WJRIH,None
BG0HC-2QU6V-QZYYI-FHFOC,None
O1BGB-BRD7Y-E0EF2-TOU5T,None
J1CLR-FOQNZ-0YHPK-9ONL6,None
MWE6P-LY62O-QLS8Q-GYTNN,None
VDUTP-R6EJS-CIUTR-PDEKE,None
XX7NT-VEEHX-ONF3N-9PZEV,None
KQTWH-TMMVQ-SOVKS-BMVAH,None
TTHID-RO49M-TT7WT-968UO,None
FY3Y6-XBZKJ-INZ1R-BK0YX,None
ORNCH-I9GPO-I9HJS-P2XBA,None
3KJJ4-DJEOY-NESKQ-C4TPM,None
EGZP7-OJN8Q-NCZND-ZSSCJ,None
D6AC8-YFFHY-8PUA6-UA0HC,None
DPFOZ-R18XQ-C8OMZ-T4SGI,None
JQUF1-MFGSP-APO1N-4XO6V,None
HFYXH-WRNH1-3YGR1-5YDZX,None
EI3NO-F6KHP-OLNNC-8LWXI,None
BYYER-BXHHR-ZZQC1-ZV74E,None
XRMNF-VWYKZ-BQ6JB-MWBDZ,None
Q5SAW-9WKMM-TKEBR-BSV5Y,None
XAT7K-2RUO1-GFUL7-WQVXN,None
S6ACP-BUGJA-CT2CO-QNCEQ,None
2BJOL-CQIQY-6OIU4-F8WUH,None
91TCO-5KRXH-7JVQP-GQZFJ,None
OMQQH-VIJ3M-ZNNZG-DN03X,None
YCJTW-D4NSA-W0RFT-2LJWU,None
FHNGI-JNHM8-WZBYQ-IX11H,None
ZYPFO-JAW8L-YUOTX-TCL98,None
W1SEZ-7GISR-YEXCM-2OEOD,None
MRBXO-PK07Q-B9V7R-ZBOLB,None
D4ETW-VCN8R-HLHQ7-PBKNW,None
LIOKF-IIBJB-C7MX6-LHMPV,None
SXSGZ-YSGCN-HS9SL-S3PBT,None
1VBPP-ZMBPZ-ZBL6D-IHWY9,None
VMSIE-RNVDX-HYQDR-AZJVV,None
4DSTJ-T0RXJ-HNQWZ-NK7MX,None
ON3PP-PWHZM-LH3WO-FOEEX,None
0YFGK-YMBF6-C8HDJ-HMAKE,None
4AUVE-SRWOR-EIVGZ-ESA4J,None
VGQTH-HMN3P-4A0SN-LQDIX,None
U09NY-A3MJ2-IQ4W9-PDFTD,None
OBVRA-A3XDT-LVSNR-5FOO1,None
XMDVA-C1CYQ-FV6PV-JKLKF,None
69I2E-UIXVX-F7WXK-FT5AJ,None
Y438W-Y4GMU-HFRXE-N07UP,None
RZ7PV-93JPZ-JWHGF-TXSVB,None
5YMBW-UK5AF-08ASE-EZDKO,None
FNCVV-BXK1N-LEEMJ-H8DUO,None
EEHRH-FLGFP-UGAXZ-VYZMJ,None
MLDUU-1XOOA-IWOOB-6ZETP,None
KWHTU-O1GOQ-X2VBD-C88JP,None
ZQU5P-6QXCZ-VIRLE-5IQJ1,None
0WRZD-HTZV4-W6PQI-RTD6R,None
9IQZG-DMSUX-DGUXG-SQGF4,None
TY5BR-OICEB-BXZJA-ZMN1F,None
TUPIS-AOMXY-3KGIU-Z71HG,None
FGHSI-CX1MP-ZXRK3-00TKV,None
IJYZU-PWIQU-G3QCH-LIIYF,None
Q1URG-3LHTE-SG6EQ-3YW59,None
5WZKX-3HW3V-WTXVB-JX1B5,None
Z19VH-WOG0A-IMNJV-B0WZY,None
6FY0L-NCE7U-FXZS0-F4ZPJ,None
Y265B-BEKJK-FAF63-DZDWQ,None
GOFHI-DFWTK-GE308-ULDPB,None
W3VWX-NHRDV-LGXQX-ZNHYP,None
JSOH7-DMGFI-XSYSC-IVMTW,None
BG2YY-YEYRQ-CGEYE-9MDF0,None
RQP62-RE1XO-JA9YT-MTJ94,None