serial_key,activation_key
80MLS-QTQTP-WEUI3-NTNH1,None
KGV1G-XNWIN-WOI7T-XOQG2,None
LJNED-CMEMU-CRI5C-NIAPS,None
XMT34-BLKRV-FEYRM-92IAT,None
FRTL4-USOHQ-PG1G3-BNFFK,None
Q2RPD-CC8YJ-DHO0J-PGYIO,None
ETJTR-XEMC8-FB6P1-W6YVY,None
I1RK5-P37VO-QY2HV-NJPHA,None
TDI0V-UNAGI-ZSJTQ-I0DA6,None
FL0EO-PKAHA-IYYTY-VW94E,None
S9RV9-MT1LZ-LWKVW-GJ080,None
PXAO2-DOVOR-6CEVP-M7MEY,None
EVJ4K-56JEN-9HT0L-HVMPH,None
P34PT-2KZCP-AOTOJ-NO8GQ,None
D36EI-SI4SE-JPLWK-BP6LS,None
ACOFH-3QTTQ-AKNXB-YFPCS,None
BWFPW-712SZ-V1WWD-3DYBW,None
NPU4B-HQ8JQ-O40U0-ZPWR5,None
VURKN-AT8GR-RZ5ZT-KLHNH,None
KBRBA-RZ5Y1-YELIM-H8QJI,None
46VDV-TCKJQ-XLKO3-5EN4H,None
JRRZZ-ATMMH-HEM0R-TLC6J,None
HSWKV-J8PI2-VUPAR-NULFH,None
GCTHL-9BWB9-HFPAC-FLYF2,None
OIGEX-JXCDL-FNB2X-2VAXK,None
A1NVR-OVNT9-RTFQE-8EGJX,None
B1H8R-2Q0FM-LCTEY-DPQHN,None
TPDTN-RKP8Y-KDHYK-VMG5G,None
GDDOF-PDS1D-R6S3L-SGS8P,None
KLMLT-Z96EF-LONHV-UXACB,None
ETB8S-54CLN-OSRBZ-PHULW,None
JRRLW-H1X6H-WHPJC-DNM47,None
QHMUG-EYCAQ-APJXW-GTID0,None
X85VI-AHTES-K5VPR-4X6NQ,None
AQAKR-K7PMP-LMGHO-3DWLT,None
MOZUN-G22CK-VQCBJ-8VYQO,None
HCNRH-SJILN-AHPZB-RLFNZ,None
MNTM9-LQAC7-MN1ZO-JNOPR,None
Y06YZ-YYNZU-SRMIV-IR0HT,None
I9RAM-PVZMO-JODE6-BWMHH,None
TGD4W-NTPXI-CRIMM-R1JQY,None
Z73TQ-ZV21F-9OSNR-J1QXB,None
BTRTB-RR4OL-RUXNO-0IIJH,None
8TIRD-NGX0M-NI2SV-XHPTL,None
TJYZ9-M3N2J-WPZVG-KVQ2I,None
CGFAR-NM5DG-YUFZG-CQ8DZ,None
B9CPF-O6UY5-OHCRA-I4PIQ,None
O2VPH-FY3NK-PYQLL-O6WXB,None
PDC8K-LCXQS-Z0QDC-9FDXY,None
BZZC1-G4EPD-ZO6OW-Q4FM0,None
1BJFO-WIXXL-LGA8C-OSN3F,None
XIYYO-FVQNU-LBUYM-EWYDC,None
IXBZR-VH2VC-9TR2W-R7E7Z,None
SYZ4Y-FUNKX-26VTX-DIMQL,None
FDHP4-KMYMI-HSAKJ-3ZCBS,None
ICZYE-BZVQN-ZVLW8-3HEU2,None
PGU6J-3ERPJ-KLHFB-WMJW6,None
DX2I0-OV4VD-MSUBV-YGY0N,None
0AKID-TLDSF-VA4CN-FLRPO,None
C1Q0D-SOWCF-IINII-CXBLP,None
DT8GQ-89KYA-V7UPG-F9KYF,None
VNUUT-2NUAX-QQMBX-DAPLD,None
AZZWA-W2UVS-0OWGH-SYAKS,None
QMMNB-FFA3Q-MCJAE-KHAGZ,None
UBVGY-CIEMI-1PRNB-UFWJI,None
ZQ3FR-MGKZK-ZXVHQ-CITDY,None
6M0KF-2VS8B-MDFZA-VNEL5,None
LGTO1-RC4XH-8NOBR-LEEHA,None
1QFY7-VLLX2-5XSHO-86POJ,None
IDYU2-570Z1-OM53X-YIOOF,None
5BSGS-PDGNC-HEKKN-MRYRK,None
XABWF-OZKCK-UVGZE-KGNLJ,None
TMBPL-CGIGU-AZIJL-4VIZD,None
B5N9M-QMCAP-RZDXC-MN0C4,None
W59JY-FSNEN-HYETZ-MODTH,None
CXH9B-KEWJX-O6IXG-ISKCW,None
2PBS3-XK4WZ-Y2OWO-YZLBS,None
KVHO6-SEEHL-5RWBG-TOIOL,None
FQWBI-0FHSI-VWFQB-TNNMR,None
CTS8S-CZHUH-MXPMF-SGNEX,None
U0GH8-GXXTZ-8QS22-ZFIQR,None
KHRE0-QVKZ3-TYUCZ-PAD00,None
IVTFP-4FG7R-5Q5HK-XXCCB,None
DZYRK-FKFGQ-RXI7O-BZ2A1,None
WDRSH-9UBX1-XXUWI-EGYQQ,None
Y3LGX-HLHXP-IC2TB-XF1LO,None
ELBH1-XIMAK-6ZOOM-AS9BI,None
DZJIQ-MNWEM-HGPZS-9O7TG,None
GAX5E-VB718-I7YEE-BFRE8,None
DJXEP-IFKMW-PTQHW-YJ5FU,None
8PMEI-PE6TD-Z3PAF-ZB0ZC,None
NBBSN-HEITV-SL0NK-DQNRC,None
WC3P3-LYX6E-K7D2V-J3OJK,None
I2VH7-8K1TL-2CGKY-KUC3T,None
T5PPS-4OLZ7-M8PID-2A298,None
E3KIV-VGOVK-G8I9X-PW8GT,NDE56-sdh56-45JM6-K56K4-Kaa15
62UII-NORYF-BNEKM-FIYVS,None
JZWIF-K2FJA-FS8KL-YQXAV,None
UVIHN-JFC7O-FRAUF-WHXGQ,None
2FMKM-FZF2E-OZR3S-35JEB,None
LNZH7-WBJIE-RR7GW-EMBUV,None
K5VOD-MAARD-JBI6R-BIY96,None
DUTLS-IJV0V-AVKUG-QJLNZ,None
VMEUC-PPYNM-HXTGY-PVEV0,None
FKXZG-CCVE2-UD8BN-CC0HZ,None
ZQASI-G9DY9-7Y7VW-QFQWG,None
3A2BP-U5Q7Y-WYSC1-GOJFU,None
VWTCD-ZR9HV-1RDSC-UXIMU,None
WSPXV-TZPB2-DQKS7-5BQPB,None
C9EXU-PS8K8-JYN5H-TE3B9,None
RPQBR-APJD3-KGFRS-40K3Q,None
HYTAG-HJURA-SC7IU-EJKZM,None
MUP4E-V23AE-HPZ4B-LW6LP,None
NA7GU-QJZ8F-J8VJQ-VEWVF,None
JNWAM-L0QVW-7SH63-XPK81,None
MQTUN-YTI1V-YOVBH-XZTIV,None
UGVRD-ZDFU0-3MVW2-P9XWB,None
E56EY-AOUFA-W7APR-HHFUJ,None
IUSI8-GTE1G-KAODP-JRK8S,None
OVP49-75B7U-KMIUL-FOWTR,None
QZR39-O5VBV-MAV24-XONI7,None
WZYYO-LM1WG-1JLVS-MYPNR,None
MGDWK-RL5LL-CCBIN-SLUSE,None
3G5RI-ZJJAR-4RZV1-70WUD,None
LNLZH-AQIKW-IE16H-U7T6B,None
B0ZKW-S61VM-DSPR9-HQPAL,None
EA37Y-DCKXL-BQLN0-JLNPF,None
HB974-EHYWU-O74HE-KQLOJ,None
O9ZSM-CB1NK-T3E6Q-IBA7H,None
MPGKE-UTFKJ-YOVFK-BFHBL,None
PDJRH-BZIXO-LEOHN-MHOFY,None
HUYFI-F19NE-ZXD1Q-PP8M5,None
QNJEO-EPV14-OY9SS-LTZOW,None
NHPGW-D3XH5-KRRCS-ZQUBH,None
6SEUT-GPFI8-GXLMF-HECRC,None
3DTEC-U2JFK-DJUVY-SXZHS,None
THXXI-H2Q7G-QN4BC-3XSC0,None
J4ZP4-UGUBI-LPWCG-YQ3IO,None
KWBJA-T3ZUX-5OF0H-B0KLV,None
XDQCT-ILTFG-ZCWCT-PJYEW,None
PSGUN-L5ZFS-PY9NI-J2YVW,None
EKTLI-4XAJC-52RUW-FZOJW,None
O5O1T-ACMWN-9AF7G-BSPIM,None
C00PM-Y1HO4-VV1AM-GPU4S,None
QAD2W-YG9YE-R8EUC-1LI9V,None
CPFXO-LFLDP-PMMP9-Z1EEK,None
BNOJR-S0EZN-NUVCI-XLRIF,None
MY9LK-K5T3Y-B52EW-NOAKE,None
51KGL-NS72E-K5ECX-KRPCO,None
0LMIZ-2XBGD-CJNV3-NHSVN,None
QLNEG-AWOET-0HFAD-3HFBD,None
TOCG3-7BHKE-MJYNO-CQZUG,None
PFRZ1-YM2NF-PAWFM-OPDSH,None
KJ38L-R4D7M-RX5KP-LQC22,None
YQVEJ-UQLDE-JJKX1-YOYXS,None
GNNOT-BO9Q3-E2HT3-L7JZB,None
MRLLM-RCNNV-HDSND-GVV6P,None
JXPZI-D7R8D-Y87QB-I7PSM,None
ZVEFL-OVVHP-LPMCB-WWJGL,None
C72XR-R4PVN-Y0MJF-DPVGG,None
2MKTW-TIQBD-RZ2T4-UATTM,None
6YCG6-QCXPU-WOAFY-CTBYO,None
MR6HN-SYU5H-TA7HC-6HC9C,None
HDDJS-DJJEM-4EHP3-VSFL7,None
P4V4Y-4JH52-GPDMS-M3QPM,None
EFOHH-ROIIZ-2YOAI-75MCK,None
PY17Y-1FHQQ-0RON3-BRHDJ,None
YHCPC-7L43F-DNUMN-8UFRP,None
8KMPS-R9AJ7-ILIVL-KJKMM,None
MJMZM-UDHXJ-WVJCU-1JEFX,None
6TPET-JMHYB-DEEXR-BGAWF,None
HKVDV-XNGLB-IR5VW-64BNT,None
WH7EZ-XJRBP-TM31U-ZZUEZ,None
8MTNB-8A1NZ-NLMGW-0KVUP,None
9PANI-0OG4N-2FKUN-CUZ1R,None
BGGHJ-YST9D-PCLLE-RQJMO,None
1ZMOJ-0XYJY-KSQ9A-UYCLR,None
C4XOI-DX0LK-OTYVE-7GLYI,None
OXPR3-BDDLS-YMUEX-Y27EK,None
KVNR6-X9ZPZ-HSLXD-1BBZV,None
ACDGM-TANWN-VWS7X-BYHJU,None
YALSU-KK504-A9DLN-6PAWZ,None
EJOP9-D0HTS-IUFTL-3MS0D,None
XMP2B-CJIC8-XU0X7-IGN45,None
LOPMV-MOCNL-UMOSH-UA6Y1,None
J1NCI-OXFIT-MVOCN-EJOER,None
VMZTH-KYP9R-LLWZE-UMYUY,None
9DDF6-NGOGM-62P5B-YNJGD,None
NNIIB-QFMSL-YFSCK-MYKA2,None
2IVB5-7FGOX-5ZNLA-YMBQP,None
NSVTA-OKTAX-0AKFF-UT1S6,None
XIP92-MNEGQ-ITKHO-Z04VN,None
ZW1UR-J4D1V-JBHUI-LY0XR,None
QQXRG-CCILW-GCDJD-COPFN,None
Z0UCE-MIYAY-IM5UX-SQYKR,None
KLB6E-PFFMW-FFMN0-XYQCW,None
EQ1RS-I6JRR-8RMMF-KLJU9,None
MLLIY-WGWAQ-EGYB7-HN4H6,None
ZLNVG-C0MWL-MG1VY-NJ4N8,None
U37DJ-9E8O8-9ZSR8-G5WDH,None
XX3VB-5FIFB-IBVZ6-WNJC3,None
GI0XH-WWPQ8-GU01A-N6K29,None
XX2L9-ELBIK-ACKUO-WWMZC,None
YQ9H3-DDDUE-CMYZT-A6TOG,None
RINUY-TZANS-V2WBA-POGVY,None
V1TSJ-BEQBO-5ZH5N-WJOSX,None
DUUSA-SURGZ-AEXZM-GFOWR,None
N5MNM-EKEBF-5XSUC-FFOEA,None
5MYR1-TAS6T-EKHTZ-GVUNP,None
A3BZQ-OTIXF-XGKVY-ZDJJV,None
QE7WZ-FIGE6-6IKSJ-KH5XF,None
CVU46-KSDXF-TBZC0-VHJOU,None
5STMN-25SO9-TGXMH-5QSQZ,None
HQBCN-2LMDP-41BM5-6JTF5,None
VKS5Q-VQXHZ-VROHY-XYU3L,None
4S8QO-PZXYZ-JZ590-0OHMG,None
Z5C4D-IG1NQ-PKBEM-BW5JV,None
QQSXT-S615R-FRHKR-YN5UE,None
OMRVN-BTUCU-EWQZL-WWLNC,None
MLAJU-GSLLL-XDAQS-MXKKX,None
R0X9Z-HBSBA-QUXDL-GRNMO,None
V1O4P-6ZCJX-HA96W-00MOF,None
UFJOT-EEVMH-4MZZZ-ILPSH,None
KNOTW-QY1MH-QSNII-BAZLP,None
0BUHJ-LIXNN-NBZIV-DWPXW,None
1JRF8-C90UD-ZY8PV-6JJVZ,None
KUGBM-R3I1E-F4FUW-IP5VA,None
YLOQW-WW0YV-YXXPB-1FPBG,None
R1RYH-QV1AM-XZBLX-JLHQP,None
SBXKS-22AP2-DYP8P-P5FTM,None
HZHL5-4S8BV-FNCTS-PW9BF,None
6VSP7-LAGGX-CYQKT-MAHZC,None
P5TBO-BXO1S-T52YQ-FWMUM,None
IALZL-CJGK8-WUBIZ-L6FJI,None
PZHPY-ZRLSI-XOAFD-CB89X,None
EB1OM-XDBT3-Y1P4J-0SEW8,None
P6L8L-QALPJ-4UWD5-IJ4YN,None
UB8W6-MQZOA-UCLJF-GOR7M,None
IDNL3-FV9FV-FO9YF-L9IKS,None
SUFIU-AEFC2-VWTGW-SCZJ2,None
3LIZW-NSDGV-QFIG4-9WN4M,None
P2TEI-CANEC-NOMPB-UVCSK,None
GLWSL-MKE66-EGOV5-6KRUO,None
UNSIS-6ULIU-GEAXZ-9PUI2,None
TGZDF-QTL75-VNO6K-X4GG1,None
M3PXA-PMBGJ-EFCBI-BTAOC,None
TIWUT-CZW7F-ZMWBN-WOSFB,None
YD3VS-IQYBJ-WX0NS-K10VX,None
4VY9Z-RWF8E-PX3KP-ANMYQ,None
XYNDM-XHY9Y-TWHRR-FR7VC,None
PXIOP-XRAKG-GRSJP-T1KSV,None
WPTWP-YDKWD-YZUFF-9M8TP,None
1A2VH-XNJCD-CHVYC-R74MQ,None
1RDAN-NFFUK-DYNCY-IDIFV,None
LUZGP-7AW7N-OR9XX-ZDIKU,None
7L8R0-5ILX5-CQJ0C-SWHRW,None
I7IJD-LXIIQ-LI4C0-WTOUR,None
PP6ZU-TYL2T-IX0HT-CVSPJ,None
CLD5E-ZLKYQ-NI540-KTPUT,None
SEOZW-3V7UK-0BNSG-WJBNJ,None
FIHIJ-MZSWQ-NEFH9-PHDFQ,None
OCJOI-JEPVD-ZDU7A-6U9GQ,None
RT3WD-KFTO3-4XHZH-KH3N2,None
SIMRE-OIZ8W-C0UPM-JVVYJ,None
1FMGH-UJFV0-J2RK8-G1Z8D,None
QQL7I-IZJDY-FI04T-5SGGL,None
0X6AX-QKJMC-1CG8Z-0FU2W,None
QUF8H-NXKK9-NBKO4-EP6WU,None
UG5LI-VCJCE-BFLUL-9YG3S,None
QHCYE-SEFGC-7JWBK-TYI5V,None
WVVBE-7Z2FU-GSDQC-ZZSEN,None
FCGCE-TJKRT-WSJAV-SXCW3,None
Q6PUQ-DRXGL-TKKML-OQTPA,None
OAGUA-P6VEZ-GDNAY-4EIIS,None
GBNNT-AYLHN-9IMRC-TNTX4,None
GIXNR-HHZDM-7PJIT-POZMT,None
9HRBY-PHERH-2QFCK-V9A6H,None
77FC2-W7ZUM-J0GLS-YEDSZ,None
UZGMV-GSX9K-GXBEF-CVFHF,None
HTSVQ-IYMRN-CN7TF-TZPHC,None
WBWY5-MKXTM-62TNH-B23FX,None
XMS6O-RJZII-8HARD-O7XZO,None
CPEFC-DRBVU-5HV0H-AHULH,None
9ZREO-KA2DF-KGOXL-1GHED,None
PO3CW-HDFES-ZDXWW-VLQRR,None
TXSMW-ECA48-H2PMJ-CBBSQ,None
AGZLO-VYZB7-SZ02N-WYHKL,None
HEA1S-ZRVRB-X2BZE-BJ02F,None
UMXSH-LN94I-BQ4GJ-XATSN,None
8M15F-321AV-TC6SN-EGKIK,None
SSSOW-9X7GC-YGRNK-H2DBV,None
DJNHP-YILZY-0F2IV-AUOEA,None
0QNXM-Z4TXY-MMBYJ-KGNCR,None
RSGHK-KFWDT-4G5X4-OIYKG,None
O5SHM-A8NYF-8VEW9-CCW43,None
RZL8G-L5TH5-CQX9R-RL3BW,None
JVCUZ-BHA6J-USY1K-UPDZB,None
BEOEB-32901-B3FSP-B0B8G,None
VKHRH-XXUHI-DNSWF-BQ8JY,None
MTJEL-93KJN-HQ35V-SU9CZ,None
YADON-V5EQC-XPRLP-AYQMH,None
QA7DV-LVQNF-PSWKR-R62KL,None
KM6A5-OT7TQ-VVFDA-PXILY,None
ZVLE9-WWOW7-LBQF3-HTHDC,None
OLLHS-CKA47-ZJNDS-JW5VA,None
AO9E7-XGPCY-Q8I87-QFUW5,None
I2YVU-TZW62-2VG6O-GWOOL,None
UCE3Q-FLXS6-JGABN-NESFB,None
HBSN8-ZCZCO-U2MP5-9JKC7,None
WD9YB-PALON-JOV5X-N8SHB,None
GDJMB-2OADY-DFVSQ-BMNP1,None
9W5E8-TWSEF-QA7T0-ZB3MW,None
M8DGQ-TELQT-ZCXSH-TSKMR,None
DORGN-GHRUZ-9CN1V-N2I07,None
HPOJN-WCX7L-X0SP3-D9KAQ,None
0RYME-YOOT7-QQ0GD-BX5ZC,None
XMMFU-QWERN-Z4200-D3GWT,None
DTUAV-5UGWG-VUKWC-MYXRK,None
RZNYT-I9MM1-OVJ33-CAPEI,None
H3MCQ-2E4O3-G3SRP-IBKFD,None
BADT5-W8P2G-1VNBF-O3X6W,None
IUVEP-AJWGZ-GLOCU-YCK1C,None
Q3LGK-HLQMJ-RPRZR-RCQPI,None
GQ4Q6-4UTNC-TSLAM-PXPSI,None
CD3DZ-2IKA7-O0LSD-KEDIF,None
FE8UQ-HA7PN-1S9PM-JLS7D,None
7ZO6J-MBQJ6-CPU8D-LW445,None
TOEIF-FVKYT-2CR6R-6PG76,None
XPQYX-9QGYP-7XRKW-F2QPE,None
CDHTR-OH9ZL-AUSQM-SCFSH,None
IWK0F-LQUPO-LLAIB-D74KR,None
MF85H-JBLR3-7FZAT-OSRLW,None
SYRP9-VGZ2Q-KDVEC-GAEGG,None
MWXWD-PHLOS-CGPAQ-VPJX2,None
YVDO2-BPWCA-U1RRC-JA1C4,None
8TTGL-PXLZO-SHBVX-JJMVX,None
WABGC-IJY4M-DSVZ0-QUTY5,None
CRXG9-OSPYY-ADAZ0-28X8I,None
0DPKD-INSQA-ZG85C-SAMVG,None
QDP34-FSEVG-ZZMKR-AEEFE,None
YZMGO-OM1EE-MXT6S-CCQKW,None
OLTUV-F16ST-AHFHR-NRTRI,None
VOXJ6-QG75U-D8QFO-BABN0,None
5X9EQ-KE7US-F0JI4-6TJFK,None
CVT2O-8J57Z-P8QO1-KVR3M,None
5JDCW-9SZGN-EA8AS-KT4AY,None
EIDQD-NFMV1-MXN0R-L6XOT,None
OR2W2-FRD60-KQWEO-LQASZ,None
ZXWON-Q2EMG-LGDJD-NAB3L,None
SEZHO-OQGDD-CIDSM-NHAFL,None
KHGGM-NNFMT-F9OZU-VR8AK,None
Z7ZWL-U818F-EUVKP-YLODU,None
XPUSX-62NGQ-GTYNY-X395C,None
8DYKE-6ZCHX-43OOI-ZZC6P,None
GD5UK-R9KRZ-M2USW-TEITC,None
Z00FE-OZKG0-UQRG7-YLH9E,None
JKJWP-MVBYI-S3JVJ-FRXW6,None
ENKLR-UIJ0U-DUVZD-LPNZT,None
SJ1YP-CMSG7-BVI1I-V4ZJT,None
AWNKF-3ML7N-ZVUIO-HSUCP,None
RONRQ-CTCXE-G5P4U-BNRZG,None
XABBT-CWXD8-H6DO8-O9G4G,None
NKRFA-PXQ2H-2TFPM-G3FES,None
DPAJ4-MZXPQ-R8ZDZ-DAJKP,None
YIDSC-FAAAK-ZLFLT-N5UCQ,None
KUFFM-VOZMZ-RMFX6-0ABLY,None
YQIEY-DQ1JQ-QTPVO-XBDUB,None
6GOSL-4IL8F-SWVNG-GPFSA,None
5OK10-6D1KB-QFUMS-IG7W0,None
HP4S6-AGBIK-S97RN-SHZCY,None
QPVBE-KD48V-9YESV-OA1F7,None
J8HKM-14ZCI-EAJKS-FMG5M,None
A9BLT-GQYT4-Q13QB-4MV3M,None
VVBS1-NFMBD-PPAUP-DMCE9,None
BEZUY-KX2SJ-TJD3B-OVQR5,None
FOIGP-KULMT-DHWV1-JBAOI,None
7U0GR-TOOQP-JWFCP-DCT1T,None
QXUVK-X7QQB-ZZUQC-WYHEG,None
M3IWQ-CJXZL-0FFUB-UCE9F,None
XMJI3-R0KPT-RNAQT-XRHES,None
LZK9M-UI3L7-RLDXX-VFDMN,None
JVNOE-G1MFP-HTFHC-NEL8A,None
VBLUA-VEPUA-Z6ZM2-BXONW,None
ZE6A7-O6EXV-OBQZA-OETXS,None
VYFBI-WNARF-LYOLD-PUPXT,None
NGZW2-KUWS5-HTAYM-GWUSJ,None
YBWRX-G8OSX-DXJZA-JY5NZ,None
KIGJL-STOQQ-J0CXV-JXC5Y,None
6UIK6-KHH3B-SU8BK-T2XFA,None
F77CY-HRB41-PQUZJ-U3XZI,None
B9O0W-7NOQH-C27MB-J127O,None
XBOAB-LWNGK-WWR0T-ENOJN,None
ME4HE-A7CGA-7ADCP-OEI4W,None
AKYGW-DDZXZ-U90VZ-88FTD,None
TXVK9-LWT1P-IR4D1-Q0XN2,None
VYCQW-H0TF4-NP7ID-YXMAM,None
S8HFL-GS3KO-IWFFX-UJMV0,None
Q26AK-UDINV-SLWXM-3ISRB,None
VOZK4-OHNNR-GCKWN-I069I,None
BOLNX-NXAZI-8ELLD-YR24R,None
Q6G5K-YY40L-C3GRK-IHNHL,None
8BFFQ-E1OCH-GY7RM-FXHXP,None
BD74F-YQVBP-QVU5E-TPQDK,None
DHX7H-VP3PE-OA8CX-F0NLQ,None
SR7CT-NSZLY-GZOCA-AVPM8,None
V4R3H-ZDWXM-UXEI6-ODKLL,None
BZE9Z-AOIOL-OBYYI-9K3V0,None
FKY8B-KDKFF-MOEP7-UD5OM,None
RJVSX-REOVW-NFSLZ-YVZ2L,None
XVQHB-W1QWG-N8IHV-OMDFU,None
1F2G8-EMQFA-N1NO2-PPSDN,None
GM6OZ-PEF8Z-TGCNK-XZSFR,None
FRMR3-3S6AI-WL4UO-UWRAH,None
SG9CZ-TCFTX-LUCIJ-8XBXS,None
RFFQM-JMQPX-YM2KM-BWS17,None
YZCKR-ICNBA-UCVMR-QGTIT,None
VTVCS-GHKGJ-E0PKG-CZUAA,None
CXD6Y-I7OS4-V0XZW-WIZXU,None
ZM6B2-BGKKK-KI2C8-K102U,None
TJ8IJ-UU8OD-8T4UB-S9B5Y,None
PM1Y3-ZOBGZ-QRGBP-UOQQH,None
RPIYR-IPKKJ-SCAOV-PM1AU,None
LSQQD-CLBPJ-TSL9L-YAXDF,None
DH0OC-AFDMD-IURDJ-K8GUG,None
JHPEP-IXTV0-9IO2U-TUV9V,None
BIKO3-TJ2J6-Z6FKE-3HRBD,None
09KEV-WWUTG-SWRBU-GJZ5V,None
VCR0T-OPJHY-D8HEU-BXF0H,None
OHXZU-TFHBP-BGXEL-DULUS,None
XHF0R-FB54X-WPGUI-OVVGE,None
OS6RM-IX5RY-TCIVI-ECYC8,None
BAE0V-NOBQ5-OAXRA-LY5OM,None
COIJZ-4RTSX-OP41U-IZDG0,None
GNCZS-YWMGT-UF774-NLVEU,None
C8MWT-AWYWI-LNB6M-TEVCB,None
ARZOE-ATLKN-Q110S-TM367,None
DTPHH-MXO2J-LPQG1-TLGX8,None
PVAAR-8FBDY-8FOIF-JGLBC,None
NMKXR-FOQ0Q-XGQGT-IQICG,None
5CGAV-G23DI-YJA2T-R91XH,None
WBX51-J08TW-HQP9I-HQNJB,None
CYGCD-U9ELU-VZOVP-XR7U8,None
CS6RA-EVCWO-DEPF2-155OW,None
GSYQR-39NJH-JCCME-9AMMG,None
VVLKP-19H5Z-RUWU8-GDENC,None
DF1CM-3U5HK-HKUJN-FLON0,None
MVE9V-X6S35-GQAS7-SHF4Z,None
DOITA-S7OKE-EWLWP-C5PVB,None
7PFJ6-GRCFR-DPHEF-8P1FA,None
DVFPT-PB08R-7NAE9-LTEDU,None
TBLSI-JGN70-BYX9S-K6E1M,None
VWH7B-IOZEZ-QIEUH-PS3JH,None
R1XTL-YNKGH-RNTWT-F5MZ3,None
RELUM-CXSFZ-SJF8I-HLKXQ,None
MLSPW-1REA7-VJRMC-U8MUN,None
CUCH1-DG3IA-ONKI4-CMHDL,None
8ULDE-0LYCP-OVSHM-OMLK2,None
9BE4K-W3E01-1YOSI-EUQUD,None
OVEHE-HDBKL-RWJ33-SRJJJ,None
JNLRT-NRMHM-FWT0Q-6I5KF,None
TEYTN-NCJHH-ZDQCY-WKNKD,None
K6AQ2-UQGTO-LFO3E-7OJJB,None
NGOMM-5X2SF-A5L2C-POK3H,None
9EMDC-WNHPR-0FAYG-NH6RH,None
WDGZ4-IGBHH-ERBOY-HBTA8,None
96SMF-IFSIH-YN8QJ-WWHJI,None
942JO-9MJPK-WKWES-YOFX3,None
ZQVPL-YGFJH-RAWMY-MGSKF,None
RES1W-VFEWE-49Q0R-DVT2J,None
5VR4K-0M1DN-HDJQC-KOFO2,None
FYHUV-B6QEK-QJN2X-OTEML,None
IIEEO-FHXH1-FOP0F-QEUOC,None
4O8O3-DBL6A-C0155-TSXNS,None
KIGQD-ZGWNQ-KAFVH-NBCTJ,None
MDMEI-AJJ1A-Q4MLI-KIQMO,None
WKW8W-41S58-MZFEP-FAQGV,None
WVYGY-TQZCF-FCMEU-MAALK,None
HDC5A-YFVZT-KXMFX-RQUVV,None
IZWTR-HESP1-V4H6C-67XAS,None
WEKAS-PMAKX-8ZIZB-CBLX0,None
WJNZN-Y3QL4-HRPUL-AZMLB,None
CLOSN-1GFG7-B3C7B-ADQV0,None
XYD1W-G28EK-EFTEB-BTUJ7,None
USOQI-CI6DG-5SYBS-OQFNE,None
0AAGX-H0PCB-UZGE7-HOBWK,None
XF5FJ-EOGOP-9GIHC-DRCTA,None
FN87W-JCLGQ-EQB7K-C0ZSX,None
M48BR-XJYB1-EUKTZ-UFHCN,None
SQSYB-XJOSC-60LMD-QJBS1,None
1X8MD-79JHA-RJX4N-TAKJT,None
9XCRY-HVQK2-1WJJ8-MUREG,None
YIP0I-ZU1VD-IDKDY-RQZUT,None
GI5MS-JZC1F-KN2FC-E1ESD,None
01R7N-ITUY4-PHNHD-BPIL2,None
TOOVU-ZQT4I-KWA4M-P9800,None
ZQNS7-FRFMC-HLTWH-KKKTB,None
SKGF2-LYITU-V2QRF-XRQOA,None
G6TGZ-PJWSO-VPVRW-5ICQL,None
L9TCL-GWSPV-FEJCD-MQZDM,None
3DDFT-FKLBS-KVCBB-90FWW,None
RSKZM-YZ81Q-ZK78Z-3HWMD,None
ZWJ0O-LAPCJ-WVMS6-YTPNU,None
F7QXA-MKZ9R-562GA-BTROD,None
JDRQ2-NKZPR-I6SGW-JCVQN,None
IHPIJ-GN6GV-5SCVS-QZ6LC,None
ZKXZK-4CW2E-ICXNE-ZN4VS,None
ITEEV-PEDMP-KBKWK-LQ0BJ,None
6TZQB-LHRRY-EDV2J-EDFAF,None
NXMDQ-WLZ2V-QH2DY-OQM0A,None
EA7EY-QISI5-AED44-KHOVG,None
FF0GD-BN7NU-GCAZK-5FUTZ,None
JL6WN-HSZJD-XN0TN-O0UYQ,None
ZBBDC-TWENL-OWMTB-UYCQH,None
D9KKK-2USOC-UTONF-OJNFJ,None
8NR1M-FHKXD-JF84A-9EYJN,None
MPRWW-FFYQP-VOCVG-VZELI,None
35VNF-E486V-FWUIC-YNVLG,None
6GSP7-LGQVZ-QBGJM-ENQSQ,None
KWL6X-W2YLM-R6JPP-61QPV,None
S4PZY-UGOC4-PJ9W3-4AIIZ,None
P9B3P-YXVVE-QE9NI-K0U14,None
L238U-YTHM7-MS6JT-KDGND,None
JFX1O-LT3BM-ZMX0E-4RYRO,None
PYXKQ-ZRPSS-IIO6W-AP7PK,None
VOC0T-JI295-5TQ4O-98P8C,None
TDWDN-FPJZU-YETMQ-9LL3M,None
RSWJJ-ZCB9Q-AKAFG-IQTLV,None
LPYM0-KMVEV-PNNYS-YCKLN,None
2MQXA-OGUNK-BPVQ9-UPOSJ,None
QSD0O-PWXMS-3WIFV-DLJCY,None
X5BO8-YPXRR-3MSZ8-GUUVC,None
C0XIN-6WW23-DMXBQ-M9W27,None
KJHZS-HD7MW-W7LPQ-UM5L9,None
E93SV-0TTWC-TMMKE-LXWSY,None
ZJTAN-EW3RG-TAEQB-NZ0BK,None
JMNKB-HFOZT-8X2HL-MSNHE,None
DWH6J-PCWTN-AMWER-VNOPM,None
ZRN9S-7QENQ-LFGFN-4WTIK,None
JNBGO-RJVMD-VFUKO-XBQZQ,None
9SPZL-LICFG-Q4PTX-FTWRT,None
XCHVI-NJRGY-WSJ4P-NZ4BR,None
MEZD6-8GA8B-AUIVY-D8T05,None
ALLPC-JYNJL-OT35V-EYY3I,None
UL3HA-MPI2I-FHM8K-8HG6U,None
ZXN50-RQBLE-INDY9-GAC6B,None
UGDUN-N0KMI-PWCGY-OHDWB,None
XXHJ9-Z2NUK-GOIJM-BXS1C,None
NGKWY-OVV1V-TDTTP-K73DV,None
RAIZA-BJDXI-PHCLK-95K7N,None
ZJVM3-LQUXU-J4CNQ-DG6XZ,None
ALXRQ-SGRL0-UMZFV-YIMOD,None
GUFI7-KDQAR-MCZAK-CTYSU,None
B2CHL-ATY5D-GHUOB-LDRWD,None
Z2OXQ-SLWJD-M2UPW-NCMIZ,None
6RHGQ-DVKAV-LBTPG-ONGNS,None
SS2PM-0JUJD-YIELN-HJPCB,None
AHEFF-HDE2T-9OOUN-2DIZD,None
03PS4-UYWSZ-V2H0K-H6QPI,None
FRWQD-5KEG0-R8JGG-XTDT1,None
NINNW-ZZ8UK-MH9UI-PO5P4,None
GJ9RU-VP2ZR-A0PL3-GRCQ9,None
CHGWD-HBMJB-IDJ5G-JC5Z7,None
SLR7B-MIU6Q-A1KCU-0PQAX,None
XIVAF-FPICS-BG3PG-ECJ4X,None
R5YMI-CBVDZ-T9RCX-WMSUV,None
FKG4D-F1XPC-SJG9C-UWUOF,None
ARWXN-8VEZL-BHRZZ-VBIVD,None
OIXUH-W0HUY-ZTJUM-FLQZM,None
NFB67-Q08JZ-8RJVF-T0VLB,None
MA3EH-OHHQK-BT1MN-VWBL9,None
GRGHU-PULXE-44RBK-CTTZJ,None
7EVJ1-HKA8E-W4DIT-CIU1B,None
BATW9-EC0MX-ENSAT-QAC72,None
ADXOY-SMQSP-UOTTA-GF2L0,None
L7I2V-LB0H9-EJTPV-PIHMD,None
9BYK8-VBDGR-45GGN-HIB9I,None
OKYB5-ZMSRF-XTIRG-7WEPR,None
MGHTP-17BET-QWXSX-ZD6OM,None
CYCJ8-EXM30-KXXTV-UKPD0,None
K64X9-ASDTJ-CAVYV-EECLV,None
5CIEY-HD2VU-1637Q-O2CGK,None
M5U6O-AOGXK-H77Z2-QZDSW,None
F1TLS-WI8OS-3L6PK-BMKRK,None
0JGJG-3GAMH-OPTQZ-AIEHA,None
LTXBG-ZJ8IV-M01B1-N7ERD,None
SGNGP-TT4CX-CZ0DJ-1HKJD,None
NDGRP-USHFJ-KNEKH-NM3VR,None
KWE4F-HEIPH-T305V-BTOMM,None
HUYUL-LTEB9-YOZTM-F1PDQ,None
QBGNS-GSYKH-6DVPA-B7FOK,None
QL7OA-CFSFD-YJCGY-NGL7M,None
JKLCR-YSI6E-H9V5P-TLDUB,None
AXCFD-1NHHL-FXQLZ-SWPWC,None
M0CJI-RHAWN-7MQRH-SEIZQ,None
MIU1X-8NSSM-LTCTF-1NSY7,None
28KIY-FVDJL-4JNIT-KXEX4,None
RCKKE-2HQJF-JOT7U-U0NFD,None
JOFYW-SQ1DZ-ZDW3E-EGAIV,None
CJGML-ZSK35-5IRLE-WHUK1,None
LTWOW-BDGUP-VCWI3-BIIGQ,None
FTV1Y-WVS5M-WVMZU-3PSTD,None
IURY6-K7ZVA-3IZ3D-YK39T,None
M6UP3-LJ0XR-NF0GR-NUGIF,None
ROAGT-1JBKJ-DUZBT-KU2XM,None
BHHVC-MFRLA-N4EXA-DVD8R,None
E6ZRU-CVWIQ-5HTSB-MFOY3,None
OMYLJ-66CUG-BZEAY-UFII4,None
UZYYH-PFYGV-FAXRN-D8IP9,None
EAH4J-P9MGU-KVSCZ-FVYJQ,None
OI9M0-BROIK-GLWGJ-MBX6A,None
DIR32-EZNLJ-BIGJE-PLSQK,None
I2NAS-JIB8Y-7KVVK-UVI0L,None
46YZU-VQVWL-GSI1M-CGIMB,None
BERCQ-GBJYX-OWFIR-JRVTW,None
VKQK2-Y6FEA-ERHZ5-YJR6W,None
STVCX-A7W7O-AD5MI-TFLHK,None
RPUHE-ILUYX-S5TBW-DWXHX,None
CETM0-8LGYJ-N1C6D-ESNHW,None
AHUPO-ZI9QB-UJZMF-9OZAI,None
E5YSN-ECLKD-402FM-VCZA6,None
XTCWY-JAF4O-0LWPX-LHSEX,None
BGIW5-RM91A-J6TEH-6PT9K,None
LOQ0S-P67YK-OC683-EIHJZ,None
YKFKU-GAIAU-YWUJO-C8RFT,None
LOBTP-CENZZ-KP4AC-BVEGA,None
VKPLP-X2I8S-B4VRY-QAETW,None
WADYB-BPMBT-JJI7P-TWA56,None
RMIOM-VLFX8-IVUCF-GZS1U,None
AVYTF-DSHEP-Y0LBE-UG3DB,None
YAZBW-PGZXI-G9PQL-FNPV9,None
ZU2Q6-B3BUU-OES7N-D3MFO,None
3AN1R-AOBYR-OFD8T-WXSYA,None
CMFNZ-UWKCG-HEPIL-8JRRD,None
BYDDP-DFQJM-ASG6M-WTU70,None
ZVLQA-3OLMY-UYLBK-AFN3U,None
CNNDR-9ZUFO-UURVL-9ZDB6,None
OXKJL-U8BQR-CXB2M-3JHOC,None
LHY6A-LVYDD-XHCVS-WO19S,None
TGDNN-CMNVT-XTCOF-XXSKE,None
NTZYV-ILPIB-RUGDO-5ZF8M,None
BCJEY-IPCC0-F6HDJ-NFKSF,None
RLNY1-FRVOS-APAIY-M9P4F,None
ZVMOW-5BO1A-6CWQ8-SEOTO,None
R4UFQ-CQFU1-OJ0ZO-UD0HA,None
MBCFT-KYA42-KGSLH-LF7ON,None
SON0Z-F7ODX-DYYX1-WPJEO,None
ECHOO-6LHSE-HAV8Q-GXUCQ,None
62WM1-PEGAZ-HK1LH-DR0HZ,None
ZVB7F-YPGZF-9QGHQ-WA3T0,None
9WAHS-NOVQ1-TBDUI-YYA0I,None
SYYLA-EK6GN-HDGS8-REVUR,None
JXEZY-TZ86G-3RG3Z-ZMZD3,None
4J2XS-RNRC2-BGUZ4-ITGV9,None
3G2YI-EXRCI-1BF9H-LTFO6,None
6RTIC-NVDIT-15HOY-FIK0Y,None
3CRBZ-GSQTI-N9MKA-HPQIC,None
WCZMP-IOCVQ-GDM8B-CPGKB,None
D1WSJ-C6EOM-KUDEU-NPF5G,None
EFKCD-ZA525-VWUYB-RB1RN,None
QVXUR-RTJDI-OTO3S-0ICGU,None
XEKZJ-QBTYX-CYCX4-NPLCG,None
LFQBU-CB8QA-AI6VZ-ZHH0O,None
KGDRJ-LMC44-9DPQI-RDWJB,None
IFOQV-ZTN36-ZSDZL-APUWR,None
HP9NI-ZRBKV-2XLPJ-SYHLK,None
DQDCF-QB8QN-OS323-GFKLQ,None
SIOIO-NKQDP-ZRHQW-XUEDE,None
AGN9V-KBUBD-101ML-U7UO6,None
RBWRN-UUCGN-QVRAS-HXP19,None
YQKIU-0YKAL-X7N87-BR3JD,None
UP7GI-QWW34-G82EB-4R0EW,None
SNU5F-8XBSZ-T17GU-KBDXR,None
VHCOD-DHR25-9SU7B-IHNQG,None
UEIBK-UGRLM-1UKN7-ICB5I,None
R2IUP-TWC6B-LHH9T-WUWUL,None
MOXGU-40W2U-OWACZ-QZQZW,None
3FXVS-OEFXV-A2HE1-PSSXB,None
Y5AJH-QU14J-VPWAP-SXZSH,None
UOKNZ-9DOJK-XIQDB-WQHJD,None
9SDLC-6CAFZ-YCDQE-BG2LS,None
TGWCX-MQJGL-DCT06-KE6WO,None
ZFWEZ-R8VX1-S9IM8-N9UIP,None
DTTKZ-W7DG7-P73B7-ZGMZS,None
FPVY0-O47OX-H1EUU-RZPPX,None
RJVIU-OO6FZ-34SYW-SHDFR,None
C4E34-COEYD-KXGIA-REVNF,None
3BUTT-YWF78-JK8Q1-P1XRG,None
U8XKL-8JRCI-7WQE3-M0EQK,None
UYPPO-SJGUQ-8C2AG-KJU6Z,None
3IS0S-ZRS8N-HZNMP-8EDVI,None
Z0PJ2-MTHLR-J5JAX-TQ2TE,None
RWNON-NDTIK-KBBTQ-Q6JKU,None
KEFR8-JWGFY-LQJUH-UMSXR,None
2ZHWW-TSJTM-XBMN7-W4LTG,None
OAQBY-3PC0M-VMGCV-NDFK3,None
LU8NO-IAQUI-QT0TP-AGUBR,None
CKFNT-5S91I-CB66K-0Y60U,None
WW6JX-BDGBG-TT3KU-KQGZN,None
EQEU8-G94QB-7X8W9-OPXWM,None
BRIEB-MVRCW-MOUVW-DSH3Z,None
VPFL4-72RAM-WNH51-1CNZG,None
LSNMP-SKD6Y-TG2YW-PH6QX,None
G9JK3-RBKTL-CKGKY-EHPIW,None
OKMHN-070QH-VG2KQ-5NDSS,None
XYNY3-HAO9K-SFGEH-QTELM,None
T1EUO-OLVR0-OTU7I-F8VVM,None
MRAPJ-7TE6T-YEIZN-MC7QQ,None
GNKQA-HEAKA-EINYP-E3HPY,None
9QIEK-PSZ5B-IGGFO-4Q3GZ,None
OCAHE-K4WJK-GTM0S-SWC2N,None
FLNQY-UZ5P6-MKADR-XUOUB,None
CTVJH-CPQMO-HYPKQ-F6LRB,None
VX4WA-3UX7S-FALQM-XMK71,None
J5PYK-JHAMQ-OCBA9-QAVB9,None
2IQ9G-PCHU6-MIIWO-E3TOS,None
U9CYO-HYAOQ-CCMYT-RNEYI,None
CL6GM-5ZTT5-B4NCR-BIKNB,None
VR4UD-RXQT5-HOHF5-BOYVQ,None
DKYZW-BH9JY-RFRZW-Y5PHO,None
4KMKF-FPIM9-HEGIL-S0GYC,None
QQ3MR-7GIWA-6JGIO-DS2I7,None
WMFC1-JJQ4I-GT5EO-RJPBR,None
8JS0R-XZ5RI-RNMAR-YCBF2,None
QK1TQ-YYZUN-BAGMC-VZXHZ,None
N2GYP-M0ZTV-KDBRH-JBJIO,None
BCSAX-JX4GT-GFTB2-X0REI,None
KUYDA-I33XW-OLTCY-KYVWL,None
V1XU8-B6WYX-T0XPX-L6MDY,None
ANJ15-U09G7-RCRBA-DD8TV,None
INZCZ-THXZM-XLXZC-UITEY,None
OSXUB-Y2F6J-HZ6IG-SGFCK,None
9XAK4-GXI8W-KYSZV-F4XNY,None
CVFHL-QIYGE-U2MQO-N8BV6,None
X4IYK-MCSPD-VUGMD-MQLFU,None
O6J0X-8GHSL-PKDE2-CBKN8,None
LHBHT-KFGSS-0EIQ2-6FVVX,None
5ABUL-FCIRH-MOIH3-5W8N2,None
RKDSP-GH0GE-3T6NZ-ZL8KT,None
COA6W-SY5HK-HFHPQ-BLHZ9,None
EKLVA-BS7JK-V9BJW-L6UNI,None
DXFLC-LJQXI-XFXCS-IZWGB,None
VPLDO-GDK5J-LYDZJ-RQS6A,None
TTC1D-PMPSO-FGGBS-ZPL5Y,None
MASVM-USE6E-PAML5-TVVH4,None
L8YDT-NBOOS-UG6KB-U1D1B,None
9DMXF-ZH14Z-OL1GT-UYJEW,None
8VBOU-M47QP-NTLVF-T6ZLR,None
IIUW1-XHCSE-3WLVV-L5EEN,None
CL7JJ-TPI0C-PQFHU-YVY0L,None
T6EZI-RVEF8-HVWJS-GDUSM,None
XLYJH-OMWIT-AVNCL-89QGC,None
BHRJ2-1WKWA-NZVKM-HQT9N,None
0EFHE-OIXPL-VDVQI-FFHAY,None
AK3CK-AHYAH-3MKQO-DDZMK,None
HONKS-KG7EF-NJZ1X-H9FGQ,None
W8NHV-DQRQV-KYLSA-DBQ0A,None
R8VU8-CKYKO-O4FAK-FJTNZ,None
GRPDJ-URCCS-DXF5Z-PANYN,None
QNC3J-P0QXX-T2PUG-LBNK2,None
MMICG-J8M1Y-MRERS-ITKHF,None
PDTYS-YWPV3-XNNRD-0W6LU,None
S233V-SAOXI-46LSQ-OHXES,None
ZSQW9-E9OWZ-UFRD8-XVPP0,None
WWRSF-6Z61M-IKKYN-NRSWD,None
VB7ZS-051JD-2ABHH-PWO3S,None
KMFWK-XXVY7-GGJLL-FEITG,None
V0LJF-KFO47-BOQWX-BLYZP,None
PZWBA-JLK5C-5VAPH-OT46A,None
DIBRP-OQJFQ-ASZNX-CQL7I,None
A9UXN-IVFWA-VRFO9-M0L5G,None
MCCBA-IAMIK-IHHLD-QUX1K,None
TLTKX-FA3IT-DI8XG-FSVY2,None
DEOLE-WBZCZ-HKZTC-YPYY4,None
MA2PN-HCHRF-09IMV-4TAMV,None
4SEYK-XMYXX-CLCQE-FQFFN,None
BWFLF-EF5E3-G0ZCJ-MC60B,None
53Q7A-HX0RR-VC7CH-1CPL7,None
8QBQC-NKEY1-09RJK-S1ISK,None
Y1BWM-B0LGB-IKVQM-675GJ,None
H4NPA-ZWTCW-NUSR4-ZO7HZ,None
WQ4UU-OFDCO-U379J-RBTZV,None
KSGM0-BPXJQ-X18KO-KGHZC,None
UNYJQ-HHRX1-WULV5-AL2WR,None
EKY7Q-OESQY-NP7AV-Q6FSE,None
CTU0S-PHW2I-VKYLR-AXZKW,None
X68N0-ZJWL2-ID7AA-RKUMN,None
PKWTT-GWRSN-ZEZ3L-NU2OR,None
VTTAL-0LMY7-PTYMJ-EMLXR,None
SRE39-FTAHO-MEVKQ-4P90G,None
ADX1B-34L9I-4AUL6-R8QOL,None
KNVBW-BQPMY-00SOD-F6DQT,None
Z4ISX-JP1ML-GRCJF-GARLV,None
ODFYF-EXT7N-MSJOF-9MJE0,None
HQ6B2-VQY2C-5DPCN-AHEJ5,None
PRQT5-BRYTG-V36QM-CFMXC,None
8KUQJ-XSPVH-VEVEG-WJYE7,None
E6P2Z-38NUG-B8MTN-WZG7T,None
WVERC-4JFCM-S8ITH-ET94F,None
D7HYB-MQWRH-YYKWO-LVAQ7,None
ENHIF-TUIQY-LRLZL-OZ2WP,None
SRJTL-ICRVD-SVZ69-OP2DW,None
LETE6-ZSU7E-G3SIC-BKJP9,None
ZCJ3Q-OPMZM-PO0H0-ZHQJU,None
QNAO6-AEGXV-AKEOL-09VIC,None
HCCUI-CTFXO-CYOXU-FTVGX,None
XWVTK-19O33-UB2OZ-CKUFP,None
KM7O6-HULT9-QNTS2-RLBMC,None
HIULC-LZPXB-WNWVU-UPMCC,None
L8XO8-G781O-VDMA7-U8KCZ,None
FYR3L-ONSFP-PEG4M-DYDJK,None
PXWDZ-T1XZM-OSQQY-8K0K4,None
TIVLK-IMJJG-CX7ZI-NFCWP,None
W7IZM-DUQ0P-RJRUN-YWTAO,None
CG8KA-DETQW-F7QB8-ZVVU4,None
QEIKD-RXMUT-YYEBT-VUIJC,None
SM96A-8I1KM-SVDOV-CXBQY,None
SUZNU-GP8V0-SNVE4-PF1GO,None
TUO8C-XGA5S-ZA39S-ISQBF,None
LH5MK-Q6W6Q-2YRAT-U2K5Q,None
0RWIU-AD9JK-SMMAX-HILIE,None
O2NAJ-FZYUS-SPHL6-0JLFE,None
6S9AG-ZVJYT-QJCXE-L3HUV,None
UJJIV-P5D3H-IBW3K-5UPAK,None
TZN77-NLTLI-KQ9C1-MELMD,None
RVWYX-VWYU1-9AMDQ-UCFQU,None
NYFWN-S83SA-RFOMS-QQJLA,None
79WXU-0DGHU-KYSP4-R7XBO,None
DUK7S-YIE4S-S1ZMT-IYC4M,None
IWKFU-GHXM8-GY1TL-FHERN,None
TZFN4-AVW9S-TRMLG-2MAOC,None
JNHPF-YFDDO-C6EXE-UGTGL,None
9T0VT-0TVOS-E4DLQ-ER3AY,None
CFXGL-9A05H-XHRJ1-RUD9N,None
ETQHR-RUQ8X-JP1UR-KFNI8,None
GS8TE-PBHC0-KD8FB-FLFYZ,None
Q9HER-0630Y-P6PRN-8F83P,None
OZOBT-X1KI8-T6A6P-JJ80Y,None
KBHVU-RRBKX-O5RIA-WDOXW,None
DZKST-7RDDJ-IVT62-GYX1V,None
IQZQ4-H58KN-SLXAT-OLVBM,None
MGO0B-JJCK0-ELZ33-GMEKL,None
LTAZA-ZY8TN-9EXXL-IFPEX,None
NMLET-ATV8D-NSLE5-CLHSL,None
CRHUO-D3RFV-MRPTK-RPDQL,None
5LLS9-XELVL-DTJ4M-ACAJK,None
ENLSO-TB01Q-IMUZ7-I3HQQ,None
FDQUW-ZM3QM-LKBC1-FCIA9,None
XV77D-3X6HT-VIBNQ-OLNL8,None
FHXF3-L4GSK-43B27-LAO8L,None
NCFFL-QQ4GG-TOBTT-OXHVE,None
VWURO-NGUVF-IBKLI-GXCC4,None
MOGWQ-CTKFC-7FRWP-HBSN1,None
NFABI-PDTAU-GCLSX-S0AGV,None
FJGPY-AGLWX-H1OH4-COPT3,None
M0BGP-7ZJFP-IJCIL-PQ7LU,None
5PAIP-1YEXG-QVQL5-7AI5C,None
XGLVE-B85NC-RXHLH-DMAJC,None
OBTX7-6NWGZ-M1WFN-QEOV7,None
2CST2-CKI0Y-CENT7-AQFAE,None
T5DYR-XNKQQ-ENXHQ-ZFZM4,None
XO1EJ-F79ZX-26ANJ-85YUY,None
R7KIQ-FGDPP-RIOEH-DQ4PM,None
7TFK8-KLMS6-SPJTK-IOZW2,None
TRND5-SGFXS-UFX0B-GCEGZ,None
MRTSF-J2SRM-SBIVF-LX8JD,None
SMVTV-XP033-JU5LB-D2B3N,None
FWNL9-QCFHI-DQW0T-9O2UZ,None
U2K5K-LLEMR-SOXET-UUNT7,None
APUZ4-DZRQF-KGDG4-6394J,None
JFAQC-NXCXV-N3ZTP-JRDTS,None
XWPRB-WIIR3-6CTNE-AV23X,None
22BV3-AO4VP-NSBBX-G3TTM,None
HQIZ5-RMYDU-MW1W7-X9DH5,None
HHGNI-ADPPO-9FKWE-E2TM4,None
OLDIY-NZEJM-1G715-BIEOC,None
Z7LNU-AXL75-IVKFU-OWV6D,None
RL9FL-IBOXS-2EL5M-TMH5U,None
RRWFZ-BZJQ3-1QAYO-AVC13,None
PJAY1-HMM32-UFAZA-TSZJO,None
54GSV-A9BNI-NG7OF-BI180,None
3LNPH-UW1WO-NHIZX-8IEG5,None
WEHBD-V89X4-YDERT-NRDGQ,None
QEOT0-MAOXV-8UJKF-VRGRG,None
RJDGA-IKCRO-ENUKB-U2AMC,None
RAGGT-1FHHE-WQWD7-GWHYA,None
5HT2B-HOBSG-AHU8P-L64TH,None
ZW8NJ-XVNZ6-ELMUI-BDKFG,None
WJYXT-FQAPA-ZCPYD-TWSMR,None
YNU9S-MRLWI-EZ5RF-UKAB9,None
ZA8GM-3WPHJ-KWNQW-06EPC,None
PR6WG-FZVUI-CMR9E-5AHCE,None
J9FDV-AYIDE-OST8I-ERY0W,None
OTFGI-IDOBT-95JTZ-YOBZG,None
L0THV-ZWZX7-4R3QM-IVJB6,None
XGICJ-E55J7-TGGZT-OSMME,None
KXU58-LCE6U-HRZFY-ID5O3,None
KKCGL-FKP2N-YM78F-UYR4B,None
ES1I5-D5OKE-VSTQF-3HOQR,None
TG3LG-SW3D9-LUM5N-CXNJQ,None
OTPPZ-UHGTV-MEMDK-DCEKJ,None
IWQH1-D6YIS-Z4QMX-WKWEG,None
XSOR2-YQONT-FEA2G-QL9LG,None
KNZFL-WLW1Z-ZF6F7-8VG4J,None
IC0YR-BLURP-QBJCL-TR1UL,None
FQTTG-GWV6R-4JJPC-HSUTD,None
M4QV6-E35YZ-NTW3L-HPZAA,None
VXNJX-MVUNM-CUU7K-ASPSV,None
CLKKA-AS98O-1RGS5-YDWCJ,None
HPJBF-CZ5AK-RNNZW-DBQPR,None
UQDXU-PZUQM-UQK0D-A6TTC,None
CRZMO-LLCAQ-EXL39-FUB8Z,None
OGUC9-5KDRS-B73T6-G0SPB,None
LFF1V-PWFSM-UUWKX-CFNYD,None
MYGMJ-9CPZ6-TXLOZ-IUBTL,None
FBQEY-REPBP-YCTWL-ED329,None
PUPJL-WFO17-5RHDW-7Z86H,None
JRTK9-X6AL0-PZ9QI-GWG35,None
LOK2V-EH7AK-XOZFL-H3QK4,None
AYW6U-JTGX8-RWQJH-CQW2I,None
TMHJF-ZACVJ-BG7HE-7T5YB,None
OPZ2I-0CDO5-BV3FL-CRZ80,None
ELSO7-WMVP1-QFMOM-MUTHE,None
QFPEW-ARRO2-LPQUW-OXSRE,None
3BNYX-WFFOA-EDLKJ-HQV9A,None
QKQNW-W1CK8-KNLUW-PBP1G,None
JIHAX-2KJRM-LT6L2-LTKJS,None
6OBXI-L4MM3-SC9VA-0FXDI,None
UZJSK-2W6QK-SEPVO-8VLKP,None
SG6AR-VJ1NP-9AHFD-XUAH6,None
BTANQ-BZYVV-2IWOW-QTTJK,None
BM00O-DPZAP-GJFUO-JIYBT,None
2F7O6-EXEMD-WKLIH-9XNEV,None
TKWNG-USPV4-MAZZY-YFIQI,None
B9UHG-UA4AO-6MV69-AT6T4,None
WSBMX-LHLYI-OQCGT-DCSWY,None
6MZPO-DEL66-R03BZ-P07GS,None
ID9V9-7F0XQ-OFMVK-XBEJT,None
9QJQQ-OXCZK-SOFBF-47DFA,None
3AKUM-U7WJY-XWQNM-EBMZS,None
FTDQS-KEPWE-XJRB7-HHHPJ,None
TWBCY-ATKUW-Z4JXG-RTORA,None
258TW-TJKGV-H7GAA-WMGFO,None
R0FTG-AVQOB-K0GAU-4ZBKL,None
AC0TN-LPYET-KJ3MY-0SKVQ,None
LYQZ0-HPBLO-YXJE7-KTEQH,None
PXAAD-WD1IR-41JGR-O8UCI,None
L8TSP-0ZXFM-XDM3T-1MENH,None
EHSDJ-R3DOP-9SHQD-FWCNW,None
OCLUC-NABDL-GBZRA-BY6WD,None
IN6N3-IWARX-0ATNP-1RNRH,None
G4YHL-P9NHZ-ZG45G-J6TH8,None
ECWWF-COMHK-P4KFP-RLXI9,None
EN9XJ-O0S1H-PKZTF-U3XWU,None
Z0NO2-MFOF1-K9YZH-VPJCE,None
GVVZH-U8FTE-NA48V-2CZKM,None
CCRO6-VGWPH-VYHEO-MY3VY,None
BZIPV-S8PQU-FNPVG-PMAON,None
XDECP-B2R05-2JEA4-UGHT2,None
O1FWZ-EWCF8-PV5U1-6JOHQ,None
0JVUD-HCJVX-GZ1Z0-EWR08,None
KUQ9M-QW0GU-ZRK6P-NMUZH,None
VDV69-ZZQWT-KXIJS-GMEPF,None
V5UHU-CLFHB-IEGYX-VIJCP,None
HOWTB-11HIK-QA1WV-H6T4D,None
G5URS-YHMUW-DUOW3-NVLKY,None
EKWRE-VAIW2-BRTXI-F6RXK,None
E3UAR-HVKXZ-R9US3-IQABL,None
C76LS-WOX5P-R5U7H-POOIZ,None
UROTF-CYE43-52JKW-WCQHX,None
CDE0W-TA0BZ-IOS3Y-DEGII,None
YTJOO-53EHO-MFX40-QZIID,None
PNWKI-QE529-GCVZG-7DAN1,None
4BYC4-MYAYN-MFHZH-F21I1,None
HZGDO-K41NL-VKWM5-DO06K,None
QON4Z-MSBKS-GBEKM-6TLF4,None
L4MCI-DMF4S-CDU3Y-CQXTM,None
OYOOY-QOLTA-PQBRC-51J93,None
HBIFT-BI1DJ-4MXND-NJR2S,None
INRJ4-U7QFA-YASPM-NTI0P,None
MRLT0-OWSW8-O4IAK-EICL5,None
DFRIX-ECRVN-K9O7E-YEERB,None
HFKM8-ZSZV8-NIPGW-IIV6C,None
OWAMC-8ZNHY-NUSHN-BDWMK,None
ATZ5O-P5ACI-0EOQU-04UUC,None
3DY6H-DJRGE-AYUNM-HSXYZ,None
ABG34-WHHRJ-F7WMG-OUGAA,None
C3RV4-F2A6P-HDA8B-JBP73,None
1SRU9-YNUTN-N8TPA-MFZB7,None
TKGX7-72C4W-MCP6C-FHMXQ,None
J3P0Y-RQRHZ-QZ1IW-MMJXY,None
NUPGV-2CEZ8-0HNZR-AKE8J,None
NXXKY-7JCW0-YYORK-JQDLC,None
WOSXT-RCAKP-SEH0D-DRNOL,None
6LSYQ-ZTUC4-AV9SA-QNMKW,None
GECJ3-UBROY-J4KS8-XEYHA,None
KRLB7-KKCDK-XAG45-XJNSW,None
FWXLY-KHM6X-03P1W-5Z353,None
WNEPH-DPGKY-KNLX4-1V59O,None
QACXL-FGADL-HGOEK-XHBDR,None
HEUY0-ML8CC-LUGST-T581K,None
IY4W7-SXMFS-SPLMO-BZAXN,None
UIIOB-TIUDQ-KJQZA-NCDCG,None
6BRAQ-CLBHJ-V6KUZ-5UTI9,None
0981B-WRG6G-H25B4-2E3IO,None
RJ4UY-ISIHS-BKOIM-P2ZLI,None
N0FDG-E9KQG-PCQYL-XLPXZ,None
PERND-J0DND-TW7W6-OIW2Z,None
WYEFJ-RHDEG-CSRJE-N8TRD,None
BDFGA-0WS3V-9KN3N-RSV5K,None
PQQZH-I5UMC-KE5MR-TL3IJ,None
BPZPF-T2OIY-IMDGE-54HBD,None
PCWLQ-EHMRU-2THSC-IPJX5,None
4NX7I-105RP-TXRT9-M2A4Y,None
VBSNQ-EKQLL-VKHDP-YAUQO,None
OLGRJ-9UGUL-2M5IV-7UCNZ,None
WHW2Y-1MMDQ-YMXIO-VZL5I,None
SP8AW-3XW0J-YBR4T-VXYMA,None
KLYQ6-ZVHC8-NE9FU-JVHED,None
OEPMO-MATTB-EMGQF-BNN1G,None
R99N0-S1BD5-QAWUV-YL0J4,None
JCIFS-QIXQE-R9NLR-CTG9C,None
WXWDL-QKW5N-OMTIW-MBLQX,None
NAOQK-CHGS8-SRZDC-8NTTT,None
C4FIT-KJGRE-IETOF-EOL91,None
GFU48-I5BCS-KBMRV-QQ2RB,None
VAORA-T1VOJ-5RVAI-JEKLC,None
WJBCK-WFWPJ-NNLP3-MA7HS,None
0WC4G-6KTSB-8WICN-ALBYW,None
G83GC-ELAQJ-QQK57-IRD1K,None
3RQ08-ESC9S-OKHZU-BS3I0,None
WUJAG-7PTAH-Z6Z7A-9O2QZ,None
TB860-TNE1W-U0IMA-OPHQZ,None
GBSHA-HQA0H-W0IGL-P3RKH,None
VBZ1B-RXU4K-AWDLT-02N9K,None
STJOF-YEZK3-XBZQR-AIHHA,None
IXW7O-BBBCK-0GKUV-72Z8Y,None
ZQJEA-9YGLL-DIHJM-RIEV0,None
OVBML-LCLDE-ZBJSX-E2OJH,None
YRQRE-9ELOV-SEWYJ-OU26K,None
1FTYY-QTI9D-OLYIJ-AE63A,None
YWAX4-SYBB2-IWNWJ-HYSCR,None
LB9AX-HTUMC-4WE5B-FMOPA,None
KWZUK-VGVB1-JG0N0-9XL4M,None
P0QWF-VHMTO-XL3DW-52SHC,None
SUMMT-MKUX2-JHK6G-OQCOQ,None
3BKA7-0VALN-3XOGP-OJ895,None
RZHC7-ZOFXS-DQUFF-JRFI3,None
RCN9L-FHTQL-25MXR-ED0YW,None
FY5GC-B7H6O-A7FH3-LV7MQ,None
UX3D8-0SMNQ-KUKLI-0XBEG,None
RSIQJ-M5APS-HCGM0-WYZID,None
EDFDZ-MYF7C-E6F8M-TA0HO,None
N1DTA-1KVGR-JATUS-NT3GM,None
1OO9C-F5HVS-ZATIE-PAPBY,None
UP8HU-BCMEP-TKAP3-YEUHU,None
N8GHI-FR4SH-EJRQE-PAIPL,None
T05ZT-E4D1C-XNXHY-AP1KR,None
ACM5Z-QMSQ8-0XALA-HQCBL,None
UJ52S-OYSTH-DJ8TZ-QSUAE,None
UR9VW-RY78K-SQR2U-MYLRN,None
5STWP-HD8WE-I5NTK-LN6YD,None
L3HNO-J4EXO-M1ITH-1JAQI,None
SRHMN-XQWUB-I8I7P-NI1ND,None
UVFOF-87T79-GUFBB-QMUUO,None
SA8RS-WLYCX-JX1JL-IZRBY,None
AREDQ-1PZSE-MZOUP-QDNI5,None
LHRTD-UAYUN-QKBWF-PKDJZ,None
Q50M9-85CFL-L97JA-BJZXF,None
N64EK-OCG3H-DYW6K-ML5FA,None
BVYVQ-VUMJI-HQKTO-TKFYP,None
YSXSJ-V8B9U-BZSHB-2MAIU,None
RCPKO-2QUR6-004IE-G2JZO,None
ECHVB-FMN7T-XVUKH-XOS6B,None
FC3YL-VOUDR-UMFX0-PZISJ,None
UKIZ7-YMJSG-GVLKS-5MKNV,None
FWRGJ-Q1ZGZ-TWO3G-RQDND,None
KXW3P-ANT7P-M8UD0-XINEK,None
GO3I8-6V06S-2KQNI-LJ2A8,None
WJ3BG-IYG2A-8XWUC-VUSEN,None
T2GBK-IKRFQ-QZQHR-DBNGK,None
GG3KN-7AWW2-3EWJQ-9MWQ9,None
SBPWK-OBBIA-WDKTN-YMSVH,None
BPPKL-S3AM9-YIWXJ-MNTUO,None
CBZPS-A4XN4-PNQ2T-NGY7E,None
GZAXQ-WFJ0P-0LM1H-PSGHD,None
BYD0I-IM9SY-ENBLX-N8NF0,None
XIA8R-UAHSH-2FCI4-3KFUE,None
A3TV7-JD6TO-DCYTU-USKED,None
NSLLE-LO09O-KGFTG-TNSHW,None
L2JHB-YY9VR-J6GE5-OAZM5,None
MPJTI-1JLLY-O0DLX-JR2XS,None
NCMJW-6IJ1D-HSHDC-D9EPZ,None
GIL8F-OG9KI-SZNJW-WVJZL,None
P1R8D-O4HUE-O56KL-23PNJ,None
8TC8X-TQ9IU-AQOYJ-WWDOP,None
V3IPN-N8TFQ-0PWQX-4OO1V,None
LIIIS-GCJFS-ZGRK3-TGC0L,None
PFCKQ-MZKZP-NZCOT-HXKS7,None
MVNHQ-HFXFI-FBRM7-BEB6G,None
TGMDZ-NSYKT-9A610-ERV1J,None
SBADU-KSQUX-D79RP-XP16D,None
3LQ8W-WIXMM-XU9AS-DW9KU,None
QCGTJ-UDCP9-IHRWZ-NTHKK,None
P88J9-W6DGM-WVA5N-EEDKD,None
CSULT-T3JV7-KZQRI-XR0QW,None
Z8HX5-XGXA7-CFYMJ-OUIVI,None
GREK4-SX0QL-EWRJB-LPZX9,None
JFKHE-IGWZY-JHC1O-TWL8B,None
K4Z1Z-GLICR-WINQX-D2BCQ,None
FFK1M-DSUO6-J3J0K-K3QWY,None
ZCQFH-WKZ2R-I3CRD-PNUAU,None
8BTIP-6C8LI-2NO6L-ID2NH,None
OGMO3-Y3GW6-DDZ3J-INALD,None
LHCML-IKBZQ-9VPOF-KYNPT,None
YIAEQ-JW5EM-GPW87-FRVHS,None
1RRLM-YTI2C-2NJN1-CJGM0,None
UCLJV-QICYJ-APHSG-H40J2,None
5USUG-IIVEF-IGKW2-PQAPF,None
CZXSV-SFPCO-DMPHN-GEKU3,None
BGOUG-ZO1PB-TPCIE-FEOLM,None
XURO0-GEQQJ-4H9P9-CTGAI,None
W5LSW-574LC-WUOMJ-66Z4V,None
VDSPS-PANMO-J9XF0-YRWVU,None
4W4NQ-MTQTL-JWJTQ-CDGP1,None
RVC1P-YOLEE-OKGXQ-OA1CH,None
9QQKP-GXRVS-MB17K-QZFBB,None
SGHZL-D74NE-QSPKG-HORDE,None
VFN5D-XB3KI-OYVM8-JHIAW,None
Q11E1-71SLI-16ELM-W0T7E,None
YPARS-IHFWM-XHYDI-YOULE,None
KYA8S-ZAU5F-6QMBC-TCWWE,None
LVMY1-TWWHU-B8SHM-CKEIG,None
YF9QI-NVGR0-JG9IO-NF1DG,None
TDQ6K-LQNSM-Y7YT8-FRTFA,None
DQSLT-EFH32-TJ9RW-AY8ZF,None
9IHR3-W5MEN-WNQVQ-G9CNX,None
VCLMZ-CCSGC-EZMTX-NWJIV,None
VSTJM-XW6NP-RA1Q4-KACGI,None
PRP4D-F2L8N-OUAU4-7A3SJ,None
62MTH-DDXGM-SKI5E-MAHP1,None
SW16N-K4J0L-O4GO7-7CUAF,None
9NPML-AFMIK-FABYF-HWLT5,None
RVZWR-3RDGB-QIA1G-3KGFI,None
6DXIG-7ES5V-UQJYU-IILUJ,None
ZJ8SY-EKU85-NZACM-UOYGD,None
U1E8V-RE4PF-QFJQB-NPPXW,None
NMIO1-MBG2Z-FA6JT-MIJC8,None
NOENA-MYIFV-UOOZY-IMPSY,None
V1PJT-NR2QX-AHFYN-BK6KA,None
STBHS-UK2YI-BT9MM-81QUT,None
XLDLX-FIDIP-ZY8I3-ZKD3Q,None
VXPHH-NIQYJ-RODVT-HNW8J,None
CMONA-H23PC-FFM6Y-SLEKW,None
PFGGL-J5OGP-IJVT4-3ARJE,None
STWTP-TLGJ6-A8FUO-WC8OS,None
6JIXQ-D6QEM-9JDTW-GEX2C,None
VLCMY-RH5JR-GRSN0-PX2VV,None
2YJAE-ZEESE-6CAMB-KHUGR,None
RHPY6-0GN5T-CY0H0-VO49I,None
NVINU-1CTUO-NU9TG-SJTTY,None
YULDL-YKT2P-EC94B-Q4ASO,None
SV930-DFLBL-GKF5X-JG2D9,None
C8A6G-LV7HQ-BVQP9-KFOLY,None
MDFDO-F9NXY-66Z6O-O7O7L,None
UE8U3-GMUP6-QGJUG-UDK0J,None
TXMV5-MS4JB-VWFK6-XVW8N,None
U6MJK-NCGHK-F8IHM-RZV1I,None
RMKIT-NN2XC-RJTVL-EP6ZO,None
Y8RCG-2TFWK-3QIBP-VOHHG,None
HWGND-NHZ0S-ZLUEK-MHKQQ,None
LDFNJ-ANQSX-9YFHT-E7XGH,None
LSHNV-X0GQ8-F8HYA-TOONC,None
OS713-BZ5DT-MARYS-VGNBA,None
N7FAI-D44WM-BMEC7-ROZN4,None
OZFFF-8BDO4-AAA6Y-0N02Y,None
WZPP9-QZQ4C-RXJOY-NQNS7,None
W8QWS-QAUES-1Q5XX-5G18Y,None
KJHZI-PZMRM-OE5QJ-QTA7I,None
GP46Y-FK5OV-XZILX-P3KFW,None
SD0XV-JLEV3-PGCAA-AZSVW,None
9QDOX-OJ4BD-DFNIW-KZ5AE,None
FSV1F-XRHZG-K9NTP-V7UKX,None
O8C9A-DK3IU-4JRI3-1GDDV,None
YNBHV-KWN5K-3WHXS-GHKBH,None
BJPLI-ZMJTP-PDOLH-6TYOT,None
SYBD0-9EVVN-UZBAS-ZCCWV,None
AW7ZX-W2DKC-PJUSG-U5UPF,None
XPAMV-HQTIM-RAVUU-NE7VR,None
CWRXT-N1AIH-AIJIO-QQQDX,None
BRIAE-TSCZQ-TEGCV-AB6BT,None
ACN0P-PG8IU-IF09O-T4JMV,None
Z8H1C-WF6LB-WIVF4-NHFWZ,None
5Y4GC-JLKPL-DYVP2-1MSRH,None
LMXSQ-C3GMW-LUGZY-W3U9Q,None
WQTTW-VXON4-HJRZ2-WOZMF,None
R9SZR-VACQT-0YLBF-ZZFKI,None
4Y9K5-CFCJQ-S8MVA-NWIBU,None
BNWSH-G3BQI-OU11Q-BLZA8,None
RDQNF-FI4GH-VE1F1-RCIIN,None
E0JYK-M1VZZ-5Z1M4-SRXJJ,None
TDR7Z-GPQZC-OXRIR-XWKLP,None
ZBAF1-ORWPZ-SENTF-51LKK,None
8ANFH-FQ8SJ-DKLIU-I1CDJ,None
HQW6I-YO7CT-A51OX-SHEJ9,None
EGKG0-U8GDK-4PW7J-EOVJT,None
QQDCB-JYBKF-YW5PQ-WP2HH,None
XSUDD-WUTO1-ICP0J-YEH56,None
5DA8N-KF7CF-JIHGH-GZSST,None
RJ4AS-P23EL-L0GFD-VCVDC,None
ONTC5-4O7B1-I2JUE-NI8WR,None
WDINC-YXQ06-QNPYU-L8DMQ,None
UQKJG-V2JYF-W1JZ3-2W0BU,None
213XY-YOZPN-KPF2Y-3ETO0,None
79N20-Z55G8-HIOCG-KZVCL,None
IH8Z8-C6H9O-0CD5Z-DNPTP,None
8U8QL-UTETQ-CCF1J-T98WQ,None
ZDKZU-HCX9O-YPYJF-LR38B,None
T4MJG-DCSCF-VS4T3-YNXIM,None
ALPU5-IBTDG-OMISN-1IQJK,None
1Q7ER-NAQON-TFWSI-MR7KD,None
35BR1-TQXKN-CTCBX-MGFJY,None
FHTGW-DIOWL-YIGXD-12KQR,None
JYVRX-DTXNI-Z0TOU-8EQEK,None
8M8ND-W8HIZ-5CQEE-IDRDC,None
CIWCK-LCRDU-B8JD1-ZOMW8,None
CJP2F-CD2YP-DQMAK-1UOGF,None
Z3PJ6-9YL0Y-IVTBH-NEFGK,None
ZPH5V-5DRKK-C77OB-GKWYX,None
4RTRZ-XB0M9-H1N3O-A2SB1,None
B0TYC-GFNEG-7EPUR-XWBLX,None
ZAMKJ-RNOIS-RZIIE-E5CK9,None
PB8QY-LPPOV-MH7HP-HLBH1,None
GPY8Q-HGXTB-XXC2O-U6ZS1,None
LJ7UC-EXADK-JTI9F-WZRSU,None
K0R8X-2BIWP-PLI0Z-UYT2O,None
EFV9A-5YT3O-5YZTG-LF35R,None
MGYSZ-HDBFX-4WKCL-VK4ID,None
XZHNJ-YMITL-PO62X-AGYQO,None
KWVTC-APWJ4-WLUFM-H0YRY,None
IUHTB-KU5BD-RTPF0-I9MEP,None
VLZKD-LVJLY-Q4PHY-CUSYG,None
6F4P1-PFPDU-P6O5V-PWODT,None
MO8AC-ZS2LB-VIBTO-HMX2P,None
T8FUS-PWSTZ-K4VDG-WQ6VX,None
X2R91-TO7ZR-FSET1-K9DYN,None
OUTZ1-XIAC3-PYJNE-I11VK,None
BMWHK-S1YGU-J79T1-PRH4S,None
7ZSDZ-MEGQV-DCZK9-DN549,None
WECQU-NFDJC-4DTRZ-ULZZ0,None
LSEFC-TPFR8-B902E-ZV97S,None
F2LAD-EAKSQ-0HB7I-XW2RF,None
M5CO0-JZNMU-JNXP9-V9VJA,None
IZWE9-SRJIW-MY47R-ICPKE,None
0WUBY-SFNMW-P5BXT-JHDY2,None
RA014-FGJXA-DEBDO-VHL0U,None
UMOHS-GXFIW-FDALZ-FHJH0,None
TMLFB-IAQ1X-X37CE-HLH9C,None
FDTIR-BYROC-YPFKD-HRG4S,None
GAIWD-LDL1C-33KGS-QD5S8,None
EQZFY-EZLCI-X2SG7-JI9HQ,None
TNYMC-OZ6KD-FUUOT-ZQJOL,None
DZMVO-PK7TG-FOCD0-FMBCE,None
XGUZF-SB7PE-FQWFS-5OTQ4,None
OYIQZ-RPZSI-QN21E-MWHZA,None
TEWTM-I6JJB-DDV4X-V6FFT,None
IZAJK-CWJIS-VE7EJ-NKC3G,None
X5W0U-KC25C-39ZQY-7IWDB,None
Y6W3A-X2SV6-BIX4L-YI7JP,None
PAHCH-ELNXC-KUQP6-WWQEH,None
6ZPHP-DLBKZ-ECWOT-SLV8H,None
TV22U-JLUUN-QBXKN-DHF5K,None
AFEIS-BIEUS-DKOLR-ZZVIZ,None
85PWC-B4YWO-M9JW5-D66RC,None
Y0PLD-NIQ1X-YY6MQ-XRUXP,None
3LHJB-SAMO6-V85OU-61SFH,None
FS1GM-WHQ7C-YWO0Q-HCFXS,None
TVBVS-4NIGJ-MD48E-HZNYG,None
QVL1R-GVZJL-RQSLZ-APTAS,None
MQ3PG-Q0EZ9-08YVP-2Z2AW,None
XJMAQ-MIX3D-EXF3V-PT1DQ,None
Y3TZV-HHGTR-MAAJU-GOXEF,None
DSIF3-KQKKT-0STGI-MFDTO,None
M5MZC-42T6A-BSDYL-LDZFA,None
OJ2KR-IV9ES-PTWEQ-GPSFM,None
TWNG6-ZF4QR-KXNM4-8XLPR,None
L3NXC-KUQXI-HMMR2-53IYK,None
BSFS1-CZ40C-EUJ8G-560NA,None
UJPX3-JR2OS-RCWZS-9GLQE,None
QFAGM-APHDW-OFJYD-DT2QH,None
PDVJK-3JH4Z-HZBED-QFT9G,None
YF5BH-XO3LQ-H1H6W-MO0IJ,None
EYAUP-Z2LRY-E6ONZ-97WOW,None
R7PSV-T0PGS-IJHNZ-WRFCK,None
MRFSR-XYRKV-UQQNR-AZQHI,None
MIODO-NSYHR-XK74L-C3A7K,None
JGUPK-D5OX9-AZKQC-DH9YR,None
MMD5I-MDUH8-346F8-TKMK1,None
ZK41V-BN3HL-ZYVPB-HA213,None
YVOMH-KXCMI-HTGY8-UMX8Y,None
SYBUI-XXZX6-4P9DD-OZSYN,None
ZQATV-AQZTG-U4O7L-OOK8M,None
RNAPM-KJNWU-37CEZ-QWX57,None
XH3KG-PWLBI-YZV62-LI8ME,None
EL6TT-1AVT9-ZQ4QA-VHXPT,None
7CWKR-H00VS-BEMXN-PXSE4,None
2BUSU-5UBYN-50XEX-E2GEK,None
WVVED-CXRMC-MVAZX-S6VQV,None
XFKSP-N66WZ-AWMBP-FL35Z,None
XNYBG-0KTXM-ZTA3I-VICGF,None
B5YH2-IIZ6N-Y31GY-SMWQC,None
3OQFJ-DLUYW-YYKNM-HISCH,None
9QI16-ZONG0-RBTZW-BG1YH,None
REX8Y-MWCGX-1VYU0-J2S9O,None
LSBQZ-VI2PK-OBONQ-YUBK9,None
MKKTO-1UHYH-WOZON-BS6WJ,None
1E6EL-9TORP-RWULH-G4FRJ,None
PKNUA-9CBFS-QDF9H-8XIU1,None
9HMML-AKFHZ-QLGAK-TYBSZ,None
OMCTD-ZH7AQ-ICAYZ-5TTXX,None
H323F-G6FDA-C0PT7-NNQ4O,None
BBC67-7RNAC-AZ7A4-EJU34,None
2AUVW-ROGOV-0GVC4-IYGZJ,None
X95XU-J7PJE-O9LIY-UE81O,None
VRE4W-GUSGH-R4L16-TISSR,None
Z6AGX-F1BQD-DRLXH-N72KX,None
LCYCE-UGQ0M-H4I7A-D5YPD,None
OAKZK-XCIRD-OI0CE-M2A0K,None
Q8OLE-LQXI7-DSKGD-JQFTU,None
EOWQH-YUGM8-X02FG-YVNFG,None
3TPPO-UJUGZ-W7FAJ-XPXGC,None
V9VSN-P9YJB-WOHQS-ZGBPZ,None
SGSXH-GDVQQ-UJFJP-W2NYK,None
VDWSA-OC6UZ-9PDJ4-RYBDZ,None
GDAFJ-OWGXH-X2I1I-7TEVK,None
4PDVD-QNHUO-E4UJV-G9GLZ,None
MVPR9-PQ9MN-SXOUD-BZMCU,None
BFEQC-FGBLM-MBK1F-USFWW,None
HPCG9-ALWER-KYKSS-4B9RQ,None
M0AOY-GKAGV-0IZX8-FLSJB,None
2WTO8-HYFE5-EP166-LMNB0,None
ZBLR6-WEZ5X-THG7C-VOY1Y,None
T1D3M-IRGAY-42IFO-VIHY3,None
QOJBE-UHBR8-W0EOF-IOJAZ,None
AAPN8-XI0AX-D06H6-IA3E1,None
U2NMT-H9OU4-JBX77-YJ8DD,None
KLZ7S-NVWIL-9CERY-VM8DI,None
AGAYA-KLON7-GHVLV-FLVYL,None
V2MTJ-SINQL-CYGWU-ZYQRP,None
LSYTA-CTGQD-XSIUY-YWFGW,None
I2PQU-MKIQT-V3KQU-KHJN9,None
R5RSX-JPAOX-E4ZJ8-0EQQN,None
TSXFR-T7ZKV-AG72U-CHNXY,None
ELUQC-DEY5R-N1HCY-LS5PQ,None
E84DC-FR9WE-ZVA6Q-WQLQB,None
8U3UA-ZYND8-E4AQ9-I1I5C,None
XXISG-BWFHN-GXIV2-IPT6U,None
QPRAN-PKG6K-NNDQJ-SDCTS,None
AW2YV-Q3NV0-EPBEB-B3X8L,None
MJD3T-QBJB7-WBI00-9ZBHN,None
HJKB7-RKE7O-ZZRI5-TK7PF,None
M0BTC-UKQMO-QUVRJ-TUEDC,None
XVMQG-XUAF5-1UHAE-VSCRG,None
6ZTWW-1IMOJ-TSZ1H-WLMTI,None
MSAN3-IU4F3-AWJO6-XNJXN,None
ISIHQ-HPFTN-PPELD-WEXWU,None
5MCKA-OVGNI-1VMUY-ORVCN,None
9KYQE-KTD3P-X3XTX-VKIQD,None
OZGFM-OOZ1B-DZSEC-ZXA27,None
TOYCK-UZUOP-NCFFO-OABC9,None
V7M5E-IAHQO-J1OYJ-D13MB,None
1CPRD-YDZPV-0Z4D9-KIZK7,None
VRNWU-NKZSF-MBYLA-RRD0R,None
F13YG-YCOLG-A8FAY-5GTMC,None
JFAX7-7VJ1P-VI0RH-3OYAV,None
0B2ZO-OKSGG-UBMIL-STFKF,None
9J0T0-IO30L-O0QP3-HGIIO,None
T3TFY-DOIKK-QHGYF-EKHOP,None
9NL6Q-X5B7M-JKWHA-SQQQY,None
ZNIEZ-HKTAR-9Z4KS-ATHHY,None
NPBVF-VHGO9-CY9WG-NSE9I,None
0QE1P-W5X5N-NNXSE-QMKAQ,None
MP4DD-OTTS4-V3WDJ-ZKZRT,None
MNA4N-EIPOZ-SYDYK-IL6AR,None
PRCP3-8DIFP-7YN9O-BXSWM,None
I3R2W-ZLCZA-8DDIM-D3FFO,None
MXYIV-AQ83U-IQACD-4KFI9,None
CHO4F-PX4AL-HW8SB-OE4OE,None
ZWETG-NNWAO-YJVMA-NKVAR,None
FAYZ4-7TVGE-XR0PE-DCKZK,None
YQHQU-493NP-BUCVK-NQ2SQ,None
SHGAP-UNCXR-ASGUP-MCRSK,None
TRPPZ-1Y1EO-0HSN2-C0BNX,None
YHTPO-1XTKW-YVTQS-VEDAX,None
CNSN5-2WNBZ-ZZFBH-EEBPU,None
PAT9O-1QT4C-MAJUY-LTZI2,None
KXPUI-RF7YT-4CXDP-6AUDO,None
BJFLU-8GS4J-AL0MZ-MGX8Q,None
PFKCH-L59CC-TZHOC-DCKQJ,None
UPHKH-WD0BF-239UL-SFJJT,None
UAR1X-OKDO7-3FFT4-XXINJ,None
ZBRD2-BQKPC-MLGHX-RDVSW,None
5GXUS-YJ9OM-Q7MQQ-EC4ZV,None
FRMOG-BYTB6-ULXCH-UHYPZ,None
XQO3C-LQKZW-X0KUY-KYQCG,None
ESDNE-2OA4T-FNZLE-OVHWJ,None
M75A1-BVLRJ-FNLMC-AFH3R,None
LTIET-QYCYB-SSJUG-VDMXA,None
YJ4YF-Y4CHH-W43H7-E85S5,None
ZMEYI-YCI7B-THOKV-DW23C,None
NIHQ6-W4A6Q-Z90TR-XGGXH,None
VY2IU-0AALS-QKSAH-LKTET,None
4GUYX-LWZ7T-DHLZJ-JOB4N,None
585X2-XBY8Z-2CQQY-E3ZRP,None
QWOYU-RJB0R-ZSC2P-EK7MM,None
UQLXL-IRVVI-70XLF-XBEHE,None
PXEYE-ZJHUQ-T1S5Q-GMJCZ,None
QREXC-QDLWU-KMNUL-IVLXB,None
MJR2W-OOQ5R-XRW5V-RITWH,None
WOIL8-IIHLT-ZYUZP-F3XN4,None
EFOL7-Z2QSG-LDHGU-J4TUZ,None
65SQG-2OXSI-KW8J8-LTGDV,None
GEPXC-0NQ8V-T65OJ-9ZJPF,None
PB8TX-WUQDC-HTIEQ-TW3YP,None
WECYP-DVXHX-NQCIR-AV337,None
WAXT7-ROXLQ-3VWJC-CRCUZ,None
680HC-HDWBV-28DPZ-YKGXE,None
IMWS1-AONSA-QFKPD-QNC97,None
I7FZK-2LPGF-FSUEE-EE1RP,None
TC7XC-3TNY8-2HVCD-7LQJS,None
KWYA2-ONLGP-N04X8-8MYFZ,None
MQPJI-Y1JKQ-KLVKG-CS4JG,None
FDN48-E1OVB-I2IWA-1XSVT,None
DXQBP-20ACJ-3MH0T-KN1Q1,None
5VN4K-KQQYW-22BUZ-LBUWF,None
UZPNZ-FZWMM-GPE92-LBFR9,None
WIW6K-XS8ER-7BUUM-39UBU,None
DKBI8-MYLE0-OEOVR-GJONN,None
TRSYE-GYZJN-CIYHW-880OH,None
ZZLAJ-TOOZA-WWSSU-OKDX3,None
HGAMK-3SBKR-6QVKE-NQN52,None
I3CSI-GGQMO-KCIZU-CQKSO,None
W4PPG-DRF7M-1ZGXE-PMNQ1,None
PJH5D-TVBVN-7HAWL-LRWN8,None
G5WNM-HLMXN-VBVKY-EGEBI,None
LRZKW-LRWUR-UQXVU-QM7JV,None
RHQRE-WFVBT-P4ZI1-ULRY4,None
QKYVB-H2HYO-S5AEB-2YFSQ,None
ZVXQK-XEKFI-K8PZN-6EVHB,None
SVQEE-FFERM-UTGWG-ODUM5,None
ZIT3J-5834J-L8MLJ-EYGAA,None
LJWSG-8TBQS-2XPKF-KSB9I,None
CBDJM-KA7U6-LOKTL-HJOH8,None
XRO8Z-DH7O1-WHKNV-UQ8UA,None
WWYGQ-VU6JD-2P0XZ-OXZA4,None
89V0Q-JYQGE-ZZWGB-2OCLU,None
CLTLG-RYYDJ-FBYTW-1MJMR,None
0M3ML-5D6OV-FXNEL-LOQYB,None
WDDVG-4UOLA-RZJAQ-OG7BO,None
P0AZZ-RQUJA-G7EL4-QEFQP,None
CFUBD-BZ3X4-RJJGP-XKHJH,None
E9DBT-URFVL-W8LKQ-UUOND,None
JX0TN-YOKZ1-DRNXZ-YPSEH,None
XTX4L-CPFZR-WHHHM-7Q8JE,None
JDWUE-XETUT-GWPUD-OTBBL,None
FT7CM-JCXDI-SFJCA-PR2GB,None
LQ7JE-KLD4R-RWYDE-JOMYQ,None
4FAVP-AHL5T-VCFXX-XQSUU,None
FWSBL-L5NO8-HD3F0-J4VDQ,None
SI6N1-IIDSY-HK7AB-8SOY1,None
GLIKS-7YKR7-1HU2U-YEGFZ,None
KTKYE-LDRGO-7QDAC-OXER4,None
NH2ZD-RKN0G-XUUX8-ZIV90,None
FDZ4O-ZYNYR-EMIJ2-D1QVE,None
GJSDE-7JVSN-TY516-KDPCA,None
UDUIF-QWITF-YXFUB-9OSBL,None
2BZBE-SKPLM-PUN54-PYMSX,None
IJQMT-QJTEF-53WIJ-FXNAX,None
LJQ79-PJVKL-NJYP0-EHMGK,None
2B6RS-M5IHF-73BJ0-1JT1X,None
Q5WIH-HWLFB-0IDQT-TBWXQ,None
OMDDA-4KKOW-BEMKA-RNNEH,None
GAONX-UH07Q-3PPHZ-M5AUU,None
TQGRJ-9WGDQ-WSEWU-MTFIS,None
SPSWG-AHNSX-LABDY-OE9RA,None
TQTTP-WEOMY-MIPW0-LCQ18,None
G2I93-QZ4WG-EZ9JP-63LL6,None
YIVCN-KK3SP-BDOA1-MRXRO,None
YSFIZ-WRO07-IVCPZ-WILC2,None
YCMBD-KKG6H-O5F6L-IWMUQ,None
Q1R9H-9PF5H-SGNZX-DPHUM,None
PFSSM-NURCN-MDC7U-ULONZ,None
WUGQR-MQXTH-JP3I5-C3P9I,None
AH60F-JMUXY-YG7RT-P4KR1,None
J7SUI-QBGW7-UTAE6-IFJA6,None
RDVEM-W9FGZ-QX7PI-LCVTY,None
LQNEB-JVKCS-YRPEW-HYGK5,None
PYZ3U-QGPDN-FWKCN-ZWRK1,None
UBMI4-FS9FM-NJG8W-Y1NEV,None
SF9DG-4IFD7-1F1GD-MKBJ3,None
XDJHE-RQMG2-EOZWD-ORT8H,None
MRLM8-HK5FS-BXUDC-I4OAO,None
W2TYI-DTQCE-0PRZL-EGUVA,None
8LTK7-EACJQ-SU3JR-X9LUF,None
FQ7ON-QEQTI-8NCDI-I0PJI,None
9EMCS-IEGB0-PQKZU-EVPDI,None
WPHLG-NLVH9-ICWF1-GYJVY,None
TIZPC-ED6CM-E7EQ8-QPBKW,None
VD2KQ-H530P-QG0G0-KZE9P,None
YOHIZ-TBWGW-TIQUF-6YCDO,None
LTKBF-ZGHY8-JJJKL-AVYDU,None
IELAP-PPAGY-C8B1Q-CNJD9,None
Q7CPC-HNYMP-T23CL-BSPNH,None
SL0VX-BIINN-BA4A1-QFIMP,None
JJGUB-VP3YL-Q2TGK-RKQWU,None
RM5OC-GEBD1-GO7JL-GUW8T,None
KYFUO-IMP9J-2HFTC-KKNS0,None
BQZRU-HBQMA-YXE4E-VKDSK,None
DIJMZ-TITLD-SWXSY-U5ZUB,None
IAN6A-JF1O8-JLIV3-FO5SU,None
YEI14-MKLXF-DERCL-Z45NB,None
I9YDJ-LPV8V-RU2SG-THUKA,None
KCVDW-Z4LM0-ZJDVN-VWCMA,None
MY2AK-7O4KB-BRRJF-GIZIM,None
JQKNO-OOUAX-WXKNW-FOW6L,None
R2DFJ-UENV7-CECTU-7TRLO,None
Z2RC3-2HRMN-MQXWZ-CCOMG,None
YUM4H-LTF9D-QAAFE-RKHHK,None
T339V-PFV9R-X1G0Z-HN070,None
SNDNU-8VGYZ-FGFSM-YPYOS,None
RIRN6-RHUHC-ZMOWH-UXO7W,None
LKK1K-YWJEV-YMOIM-LOFZC,None
CRT6B-SYMYE-OD6XJ-83V3H,None
FMUIG-TJNXW-JGNI5-QZQPH,None
ALUGO-KLREN-QA58I-RBG5F,None
SHUDM-9MV0C-LUQVN-ULPYN,None
KUTFT-EDQIH-8KKQY-DUHOJ,None
Q1SWT-RF3VE-QENWP-86LVO,None
ECHT4-4JWMR-XVGCD-MWOQA,None
NVPFC-D7MMF-MN74H-NCJWO,None
QR214-ALBFB-B7ONM-U8MCV,None
7AYTD-ZNZUT-R5B8A-YCFUC,None
HJNAC-LDPRE-UH5AQ-68OHQ,None
CIBUY-7EMTI-7D1Q0-6RACK,None
XXLPW-MPVF4-7OMBS-BHYNI,None
8Q8KU-UXVRO-XJPW4-MG88P,None
BDGEC-KJ7BR-B2VWH-KOC06,None
BYPEB-ZW38T-YBFMO-SF9CS,None
HTTAV-GNKUC-NCX6M-PGNDT,None
LLE6L-1HNYM-EDX6G-WRX4N,None
GCCQK-PR096-RN0CF-CPMYI,None
OTC2A-342IT-BKA4E-DCVHS,None
RVDTR-XV6NA-BGMNI-BK869,None
KJGN1-8DA2A-DC04E-NFBWE,None
ZUEKB-BI7A9-Q4FQI-LY05G,None
R7ZAH-FDGJ7-IA3QW-ANHED,None
LWZ29-IXMSW-MKL83-NIKK1,None
N6BFJ-VA1C9-DSZTM-FRAJU,None
D2L83-LR5JR-0TG9Z-YHAY1,None
KPGSD-73O18-AJMIX-6RLGS,None
ANL6T-BBMMU-BXT36-CJDWV,None
NRVWI-6JRJJ-BXN64-XKB9R,None
AZABR-PHVCW-U9XZ5-LAM1Q,None
CCIKZ-GRTKZ-KXCTT-GQIG9,None
FK1OI-ZTWLH-XN13D-7TQHF,None
WEK3I-49YOU-JEIKS-RKWAD,None
V2ARS-Z2USE-BBDRA-AZ0J0,None
VW1UJ-KXGSL-JZ6AM-DIO2Z,None
TDTEK-OFZQP-XOU2B-0YYGS,None
60DAC-RMNI3-RB3CV-CF6RZ,None
GELHI-VEASP-I6OFI-YYBNN,None
ZLA1O-FNXD4-MZN9I-2A22J,None
SJV7X-MRHYZ-F0OXH-1WOZB,None
5EUPA-ZK1WD-KAUEB-F3ETY,None
WX3Q6-KWDMS-OUCLS-HTV4Q,None
V9TVD-ZO9EA-S7AV7-TL9EN,None
LBV0D-VVD9O-5LTCV-G3XRA,None
23ANU-TIEJ7-YM4MX-SZLMI,None
CAQHY-XE1VW-KPJSQ-E376K,None
ZHWY0-OAREP-G1C8J-UWEJZ,None
2TXOB-KUXBS-WNDD5-OPQNL,None
Z5SSX-PLDEX-CDDRY-UKOCD,None
O4MXP-TEIOR-BXA0F-QSIN6,None
SJYWO-VDXVD-NOGDG-EQAJE,None
7T9IY-IEUAO-AD0OD-DNCDZ,None
UZHZD-ZBZ5N-JNGUU-LU7QW,None
4LLJK-QRM8K-VIKDP-TFAEX,None
YBPCV-JUMAB-JUKLU-DUSWS,None
KKMGS-APAVE-MOKZI-W2ZVD,None
OTQEU-WVNDE-BPYHR-HQK8W,None
BW0XV-NUPKO-UUID0-OGLOV,None
T97OE-CTDF8-CLNFL-96G4I,None
O2FQT-FLOPP-QQG9X-YBS6O,None
8N586-VJTTD-5ERYQ-XNCD7,None
7MLOP-REJ5X-MKYQA-IGYQA,None
BPZBP-XB3ZR-BJY5W-ONCEZ,None
TU7IY-5QP0W-F25UY-XDHTO,None
FKEP9-YPMTW-M6NQE-5XIGS,None
RDFDV-UNZPG-0JICE-AI1DX,None
8NY35-E7MT2-5D9JC-ODOTI,None
TNF8P-A2TCG-S9FQP-LH7LX,None
WXALI-YOFYM-NU2KO-MVVC4,None
58EQG-ULYK5-LHJDC-IQAJV,None
AIZUW-RK7OA-QJ3LI-7WW6L,None
SDPGM-ZCH0T-ZZXIE-PKIMT,None
MM9UE-IIMYQ-BSEVF-LQLXL,None
MD9NG-VUZXC-7LQWM-66UN1,None
U9YIH-UQ5OV-TLQZD-CXF4B,None
NJXP8-IBGVH-ZZMBM-KYUTX,None
1VQ2M-HE1FC-KUZXU-FLNY3,None
EKR4E-ZMOHL-FC0I4-MN8PO,None
BFVFD-KMMI9-FQMYR-MZTOZ,None
W6SVK-G9WE1-8D49W-S1LZB,None
H7REE-RFDAB-VMJZ5-4UAEZ,None
2HTVR-5JVYV-DAHXA-WEZGM,None
MMI4U-HDIUJ-HQ5TS-PIAPT,None
ZDKG7-GHWFX-WK05N-1WFII,None
G4AUN-HRV9M-JP57W-VX1WE,None
PA6X9-ZF1KW-OMWP8-6IABI,None
UDIOJ-PR6AM-BPOXS-IDJEA,None
EPLYE-01XEV-TZO20-ADCNG,None
OP2LH-94ZNA-GOWNE-V97N7,None
AK1BF-R3KJ0-QU05E-2GORG,None
7YFQQ-STMNN-NAE2M-MDH72,None
FCDD2-QLKMB-EYWGC-EOBVH,None
FVMZY-N8POW-IYMOV-1T6GJ,None
Z7HYQ-8OTKX-9XLV9-XSQU5,None
PVYLE-LRABG-Q96RH-NPTNK,None
2QNQM-UOJS1-LZHOX-1YMBC,None
BYBYA-FBHN5-N2YP0-DKQ1Z,None
DW7CH-6TXX2-2KTUM-OH9VH,None
NMODG-YSXYC-AVFET-OW9JG,None
BAM0X-ID6EM-GNTZJ-XIOMN,None
YXYR1-7VREB-G8PD3-AXJUR,None
EH35V-FNPXO-F1UMP-MMYIW,None
B1P58-R6FQO-KRHTI-LBCUA,None
SKXIO-LME1O-6NIT3-1IUS8,None
BOWGJ-ACTEV-JAPNV-FLRXS,None
XMCWQ-7XVIY-8L0JL-YOITY,None
UDAZG-BXOJ5-UV66G-UFVBO,None
J4AUJ-LHERK-WIURZ-AMVTW,None
PBKOD-KLGL5-OAXLP-AZHQU,None
HAN2R-988IV-PDWNR-YXBVH,None
4VD0Y-XSUHW-V52EF-VIHHG,None
2NMCY-0XT5P-AWNEE-O9WHM,None
KUMWH-AGUKF-ZIYHX-6ZOI6,None
ZSBZB-VEGTR-HFAAV-KRWYA,None
GQMLV-XLERX-CSXYD-E4ATY,None
SX7NG-LMM21-AYSKL-QMGGK,None
WVESL-IYRFT-FPUBQ-TMABF,None
GPZBI-I258L-KMC7V-AAK8J,None
OJ2MS-CZHT0-RWENJ-4RTIR,None
D1M7Y-DQTSL-FKWTS-GXMGZ,None
MQRIN-4PBCZ-JN7XF-DSRBN,None
9MEVU-AAXVM-AWGUD-RIBQ0,None
QW6CW-3FA6P-AQBSN-JHAYE,None
DPIHW-8AN2U-Z7URK-5IP1Y,None
E85GR-CG6PD-RXQLE-JXYDL,None
RFLOJ-FQRWH-EDMYI-MP3TV,None
PZUE2-KVEH8-QTGYT-875CM,None
AGS4F-DL9US-VYSVN-Y9C8S,None
KL1ZN-NV36D-HQDXL-QUCSK,None
DYBYZ-B7TYQ-ZNKMR-T47CN,None
BW30D-KWWV6-HWIIO-YQOWM,None
PQA8N-YQOYF-3Y6IC-QGSKT,None
FLHIS-WBLV9-ADUNQ-CMKCO,None
WO7FA-BESRJ-JVM0L-2U4WO,None
E1WEF-Z1AZR-5KP9S-QTZ06,None
OGMKT-BD4PI-KAB9M-GFBXP,None
INFDB-BSGUD-CX70A-90TOK,None
FP4QF-3EJTM-2ZUPF-5XISI,None
ATACV-7QM8D-QVVZ6-SHT3M,None
PC0CF-D7UHR-OHXBQ-H0NJI,None
7JOTB-GGCUP-PZW8M-PS6TZ,None
BKG8M-IJFXT-JCIPX-H5TT2,None
2SXFC-V1RUR-IR8OF-HUJVS,None
D0TGQ-HEX5G-W7HSB-LHXZM,None
9PASI-1HCRZ-MYTPG-L6CGO,None
PDYLK-PABT9-6YB9U-O0TYG,None
CTLXL-IY1MQ-ZPB31-EBGGM,None
VCOVN-SKW9M-KUQ1T-KVFCV,None
0LLJF-0S7DB-POZSR-6YAH1,None
SEPBA-XHF08-U5J10-XUS7Y,None
BTMPC-PFMK9-I7VZU-KLWMQ,None
4YLXR-BRJVS-9T81N-696PU,None
QNXIL-R0QZ3-HFOAG-IYHLY,None
0HUGT-QXA7B-0UGQ9-MV0TY,None
ILMTU-N7UDQ-HET8X-NLK4B,None
O3C2T-DOQXQ-NZSRR-KB4FH,None
DMKMY-INABC-G12UH-YKXYW,None
E14LY-7SRZY-KEWDG-RFJDH,None
V40A2-OM9PY-R5IEF-K9XTA,None
LSBOG-UQGCB-CTYFM-IZVET,None
JUFGL-8EF9H-FISQ5-XNVTY,None
KIXYK-2ZUJ1-EWAES-W4TDY,None
9Z4GL-5ZEL0-WVHMC-F7JHA,None
B7MKD-93OCM-ZAYIR-XTAFB,None
TMCOC-7PLUA-FIG22-7NABH,None
OPBES-BMYMK-IECYY-KQTV5,None
BUWVW-3G9GB-3BYP7-7BEGL,None
PGESB-E9B0X-VSL61-HT8CS,None
BMKHC-W0DMY-EHZ08-BT0F5,None
EZXEG-F2NS5-4ZVDM-4VMTX,None
U9HZN-FKZE2-IHYGD-LJLAR,None
HGRRQ-APBND-OXZDS-KULTU,None
JJSIP-0FKJ0-1ATUR-AQAI4,None
FEAGN-RNOTG-ZCKDM-SLCG2,None
8Y4KD-ZCDMP-YURWO-KLPQP,None
OHS6Y-U4APR-YJ8D0-GM6OC,None
0HARO-IUFXL-8KMUQ-QJAHC,None
RLJZE-1P2US-NJOPC-BNGZY,None
L69ZT-YRDBJ-5RAGF-IX4SH,None
EPJKR-YY7X0-6KMVQ-WKIQI,None
HIZFW-BBNS8-5O6L7-NGAAG,None
9EH1V-PTD8C-IJCRH-YFP2J,None
LFIXO-8UUZB-4RRPD-RKPMI,None
NOD7X-09XRH-4QLXQ-DGOZI,None
M1MP3-RJJPX-ITZ1Y-YCFHU,None
T5Q06-4X4X1-05WYB-0IY22,None
OUWIT-UB4RE-DTCCT-HIPHT,None
YSSRM-MBGSX-AHOOK-M8LVF,None
SR36Q-9IMOB-76E1L-84OEP,None
2WQKV-5TSBH-IZQ7F-ZQXCH,None
CVRHV-CJAW2-UMCOW-XQGLL,None
8DCE7-HHG1L-XRQHQ-NARDX,None
XL9V7-GBDXK-EB5J8-TNSZK,None
HDMGV-XG515-MUXRG-BIUNY,None
LI1TR-EUAIB-SQN4I-K3FX0,None
7FCJL-RXGKE-VX8QJ-UZMXJ,None
X1YGX-ODVMU-CO8CG-D8YHG,None
PPQQH-QYBNW-FLHQG-J0SMX,None
FXGLU-QJIZI-UB7KI-FH8VR,None
8A8T0-YCBJN-6DI1L-ZET2O,None
PIRVT-PCO02-ZDMAG-I8VQH,None
VSVO7-ZVKZN-EUA4K-NOHKD,None
5PH9V-DNVCL-WADVR-7JCGF,None
4XGJP-BCP3F-NOZOM-VE40N,None
RGWIC-JO8GD-5BD5B-KPNH8,None
D9GOA-KCBOG-89CJH-XAE0O,None
HCBY1-ROQQB-71OAG-VTM20,None
XURMH-AHK6J-SZUGX-XNFMI,None
QW8IA-EAQ7D-YH6KH-Q0HWK,None
XRIQB-D3OE2-H2AYE-JQDMQ,None
8SZOM-942GR-BQ8EX-ECYGV,None
A23YD-QWBML-7HBH3-HQHGJ,None
A7JPI-URUQJ-GCN8G-DLMNU,None
MGJML-FNM5T-6CKCW-W2ZSD,None
GNXIW-AO5ZW-B3CJS-QPZQG,None
MJE2D-IW3CM-BUZYF-PQYP6,None
UK5S7-YSHMI-5FCK2-GZRHV,None
NVYKX-T2Z7F-UI8IG-CNETM,None
FMQN5-0TPBA-NDLVM-ZSUFH,None
0HMJ1-XFQUT-SAGUF-ES5MS,None
5NNOV-JBDGG-NPZ1R-QBUPK,None
DAKMY-EQ8PF-N0CND-BGSZP,None
Z8GZ3-1NNPN-UXAVW-PTOCS,None
AZABG-Y6AIY-TSIAV-W7O4O,None
EAWJO-EZYIO-W5G7S-AYII6,None
IZUJH-TCHJS-AFFBW-IERAJ,None
T2US4-FCNUN-Z0GHV-TPXRS,None
YLIXM-1W9WG-NNPIB-X63RA,None
1MDDA-PQUXZ-Z8FEA-78PL3,None
VGQAV-WUN9J-0WA23-RHLJW,None
VV6JK-TIFDP-HJ5WC-NC3GB,None
81CHJ-8O2YZ-9OLYB-2C4Q2,None
RJ4H0-0DFOS-BC8SG-PWKNT,None
QQEVN-LCBEL-5VQXN-B8OSE,None
BFZ0C-52SM4-1EGXD-BUDFH,None
BML67-PHLIJ-TDBHJ-STZXA,None
VANON-J3WYN-TMEV3-NPSZQ,None
ATQW5-HRWBA-5HBID-D6OX3,None
VXJ2C-DQHE3-FGFHT-BROSA,None
XLKLC-RMBAR-AKGUB-50BHQ,None
CGXFH-SX0NQ-PEGDW-B1LSB,None
E7TGH-UZBIR-EMJHB-YP29J,None
PS1MW-YT2EB-QU8Z1-CBJOI,None
JUZ0M-SWI9Y-PFEDO-RDLPP,None
SAPNR-3MNOO-GR87F-UEXAC,None
XG0CJ-E7BXN-Y6Y5X-5W2G1,None
YBHSZ-EAUHH-D1GMH-WQMSD,None
EMZ00-ZD1EW-N3UXY-PNXXW,None
C7MCD-HVZL4-FMDLY-9BIKL,None
R0XOT-8AYR4-T82CP-FLXDN,None
E1NYA-P64RE-S4OXN-2TKVQ,None
WLAGN-IYNMR-2ICKE-S9PCV,None
QL94F-QHUQ9-YDTQ8-TEFSJ,None
ZZYZJ-UUTBQ-CIHYM-ZFFQQ,None
XIHA8-ERXGQ-PL22Z-H9CT3,None
QI7GQ-HLGPL-XHONE-RAIQE,None
QSBAP-JDDZB-67YEC-UJKGN,None
OCRND-4EHFN-URALC-F2NR0,None
M0UUW-EZM4K-MOCZ9-LW3PS,None
GTYVF-CZCC2-PBR5S-EO3R5,None
PK81H-I0A9W-RTAWN-AGUZM,None
W9U2V-KGCBW-A6SGK-Z0YXU,None
NPTAW-EYE7V-XAKUS-VO8OT,None
GTN4O-8QHCR-TQUO9-LOTAG,None
ENZNH-LPS4H-FENVG-MZWW7,None
VLR4Y-UDCPG-FA8DA-QQXLK,None
LN0RD-6TV5S-CKUBE-JMH8C,None
FNPQF-JYYOG-Z3SLT-KLTKD,None
AVUK6-NOA2T-VMBEK-Y7YHD,None
PRXP1-KYTM5-LGPQZ-CSVPV,None
OTUHW-L6Q2P-SKZNC-4Q6D7,None
V1ZYK-BVPD1-NEO4O-0NY98,None
L72JV-4IAZY-FWWVT-HKKMX,None
QJD6X-G9TTT-SEMDH-RGR19,None
GM3A3-E80WM-GALBZ-BZ9DY,None
WSJPM-7W6B1-XZWWO-S6VSE,None
RAWNX-MXNIN-V4YET-KASLM,None
VEQEJ-4HFHD-S2EMZ-UPYI5,None
REWI1-TUVSF-I73IE-4XSXL,None
VWOWJ-Y81PA-DREXF-HN5MB,None
OYGLH-ZKD1Z-JOVOS-VIXXF,None
NIBHD-WXI7E-86O31-BZE35,None
TBYWD-IYT4R-MM4AK-DY1AZ,None
SOBS1-MCYXW-QXOMY-KF5K4,None
1TDXN-2O4ZL-70EIP-34AGW,None
LMADA-QJAG7-EZVWT-7NFKM,None
ADOKY-2GWNF-XUHX5-2GI4Z,None
R9OK9-CMEFF-L8SV6-RELAB,None
WCOSJ-S9FLN-JUBEV-W6YMI,None
EO4SB-ADWHO-CFX0X-RR35I,None
4WMD8-0IC8H-IUEIY-WOQW5,None
JAEOG-Q5JQH-QKAOX-UGQUR,None
MALDP-RBK2K-OCIGB-ZK4QP,None
UGSNR-MGBDT-EU05O-RRJH4,None
SEB64-LBLTK-PVCEK-7V7HN,None
WRD0F-15WC2-DECHG-SCC6L,None
UYA7Q-THI3W-QZUQV-LINOS,None
BAJJ3-GKSDK-TR0CS-O0K1M,None
3VFL5-R7VOB-PRVZL-JZGWP,None
0YTPU-FNWUA-UR5YD-FPKDE,None
U83QW-LDIXR-7AECK-VUEUB,None
AADUR-DS33L-ZQ63L-7C3E6,None
RVJVP-R9LA2-C0DDE-NMKVY,None
WF8QC-KFYUL-6DWX9-2OOOP,None
T4EWE-JRYQW-8TCZ0-GUGQV,None
0INHA-6CVOX-1IJDR-P6I7F,None
AVSWO-X8WXP-SMBD0-R6GMK,None
F0NUI-NRY4K-TYFLY-ITUCZ,None
HRLW8-44C4P-GEJVG-C25K5,None
AICTR-ARQ3P-YHDVZ-UU5JG,None
UE28O-1QEFD-XTSJM-HRRI1,None
RCIJ2-PUQSE-Y17OW-6LPBZ,None
GREGX-OCOOK-38UPP-S23KY,None
MTCXU-BFXCK-N6D7H-MTXBR,None
HUX11-GN0DP-HE2HL-1LNLZ,None
VGGDY-ITX2F-GOVNU-HENTQ,None
2RZSL-TJ7IR-JTQVG-CELSG,None
I5RMU-CCSW6-BRCOT-6TP2E,None
P8ZTB-QJHCZ-5SP1I-0RFOR,None
WQMYA-JCLGF-VQJOZ-7HWMV,None
SHQPQ-DWG6A-EB5ZR-RELXS,None
UZZJC-XVWYH-IUNH3-LSOTH,None
E3Y9I-RZGII-TIFNY-SSSC6,None
HFY90-6ZIPE-G6GIQ-XUU4R,None
JKNE9-IXLMW-6F2BV-BJEQR,None
ZVNBT-ZXE46-NCLQL-PA96E,None
G5BFJ-R8ROE-BRZTO-JK9SB,None
W6DYC-RZSHX-EFENJ-OZAQI,None
FTPXE-IDEW3-MT1V7-PDUAZ,None
Z1K28-VTMZU-MRU5C-HTAMF,None
PIXMK-IXHYD-HWWUD-OEO25,None
YETEY-8EQWX-FWPVO-VVGIP,None
9TH8D-2QUOY-KCS3S-8PVG7,None
E6BQT-EAWAN-HGDGV-GNIAV,None
A59TG-IWK7J-E6ZG9-TNU99,None
9CZIE-54S1X-BYWE9-5WNBW,None
LQVDW-W43OV-4668N-QYCZK,None
YBA1S-ONL7I-YUCPY-CE7XX,None
TPRTI-ZGXLA-AYDJH-PS8YX,None
CTET8-PN3DK-OHNUZ-2TWVW,None
FHRNH-IXR8W-OIXVC-DAQEC,None
FJJ4Q-XHOXV-Z4RY9-UVQ1H,None
BPRLQ-ZHJGN-GGYXS-FC1TE,None
JU0CN-4YEKN-NNHKZ-8VRJE,None
JQDOQ-SCSS3-R5SNA-LCCTD,None
86DDY-H04ZS-Q0LIC-N2AFI,None
KWAKL-XMEAT-BU3SU-XCNUV,None
TIJLD-UIVAM-34MRV-XVYL1,None
ENTMI-UEMU6-BNBIY-LUTRD,None
UNLZW-SQHMX-GT7EE-OQ4E6,None
FEBQ8-AN2PK-YCLML-UM1O1,None
DQACZ-RZ9B2-U6ZTE-EQKVA,None
RBXS0-JIBAR-X2PVE-OOTGC,None
VP9CQ-0RCCW-HWSSL-MY77N,None
UTZYA-TDOPU-K3S4P-CPZHZ,None
MX3P8-MVMDO-FCQGB-I2H3A,None
CB3HD-EHHHU-SUC5B-USQEA,None
IUTNS-5QIYH-LBADE-E415J,None
LOEAV-23YCL-1H9NK-RTUSI,None
JDKR4-6IMDA-BSTWP-X1EUD,None
VWTFY-8GVUZ-7A9DL-VHSAA,None
VAZUX-VRRBQ-KVII5-AQWJD,None
JAEFS-TTRQQ-YDCHH-XUCAE,None
7OYS5-CD1AE-TTK7C-QXGIN,None
0CRUU-GJ5LI-SK1LL-NQTFP,None
SFQ4K-XVQBI-4CDBL-S4NOC,None
FX03F-GSFCJ-V1NR7-0LPVK,None
BEPL5-CF5ZU-TWIWF-6UIFO,None
G6DNV-NNHQ5-1SI86-ZXKRS,None
R7XFI-M1AWL-FWO6I-NCTC8,None
4ASG6-IOKRS-KGUZA-GMNZE,None
M58E4-EIFTI-DPGBG-4UHN1,None
5Q5EA-OU0NL-GJXCJ-IMUDJ,None
PD3SJ-SB9FZ-XFSTU-61BHS,None
2VACG-OMZ03-KMNOT-ZSAKG,None
7VQHI-KGOKI-1NGMN-JOSD0,None
FTV0E-8T1TZ-JJNWG-PYZLP,None
0AT00-41K4R-E41MU-5HVUH,None
5JWFA-FSBOH-DDGMK-TIJDA,None
Z4DGY-8LWOL-DDAPO-444SF,None
LPJVP-SVYIO-ACLJS-QL5AX,None
AI44F-SOZTE-JOJ2Y-TY8AB,None
9UOUK-WJZRS-U3SMB-UM0KT,None
6FAAF-JVN1E-LPBBI-LEJHV,None
OVBCV-UAJRV-ZMAMT-TRDZA,None
CIF84-1S6MQ-HHMMN-O4UQJ,None
HNZLJ-UGRDF-XFYRH-GTVN9,None
PLD5G-GBPUJ-7TRSC-TPE7Z,None
GOYTE-JJIUG-UPNIJ-L9G3W,None
XNPXK-COIXI-A6DD3-LHLWB,None
IR3XW-8WOR4-UCBFS-DFKUD,None
124VL-M6AA4-KGG4P-ONKDF,None
G3BUS-NYR0G-XYILX-NNFYZ,None
0MN8A-Y2XGU-L4BGC-G8MOG,None
BBVMO-YFNQC-ECG5O-CKVVV,None
5TNJA-WZVPW-TJQ4D-39UJE,None
OJ7AE-MWSYN-F2TAM-T9BTE,None
QSKGD-IXCRB-2O2ZB-BREPZ,None
BJZKJ-SEDLA-DBDVV-LCFSN,None
NMIOI-VWSZ0-NFMTR-WRLMM,None
GGRQW-0ZMS1-ITVKR-VBLRF,None
FEFCR-2K2TZ-VYQHI-8CWM6,None
ITW8K-GZ7T2-M5IBN-8AX8W,None
Q3UE9-IPSI9-VVVGV-RKZJO,None
9GCDV-RIEUS-YYFED-PNVQY,None
NAYFD-C9X9E-JMLD0-58ZEL,None
LAELT-VY9UY-R7N6Q-PSEE1,None
JACIK-XA5YR-T7AWQ-9SJDJ,None
6XYXH-C4F55-UVZGG-5B9AH,None
MHSNQ-MNCZY-TIFY0-IAHPR,None
EQSNN-AUVEI-TOJJG-1RWUY,None
UACCN-SF2VO-XHYQI-ETECI,None
RLU9P-5ME6P-AAAU8-YVAVD,None
D9UME-MVZRP-GEN15-C2ZFJ,None
1MTLV-HFP8X-UPS6F-IKOL9,None
F4BMO-1CQC4-8DGM5-G4EWM,None
EBWSI-J2F6B-XCHQW-XBJ70,None
J91JK-XMVEV-YQVRK-KVQRE,None
FKXUZ-U2IEX-RVULF-JVQMP,None
IH3YX-6CMPC-GKKMJ-7PWLH,None
FWYQS-QBMUO-DLAWF-QRZEU,None
ADVIC-8OUMD-BVXBJ-SE5EK,None
GTVPZ-JDZAD-YOADV-RSOMA,None
UB6EG-VNP3J-HKTOU-MNYC2,None
CZKCE-AURDX-ZNPHN-SLORY,None
SECO8-FFJWS-YOFHL-ODB4I,None
1DQEU-TIZXT-ERNBE-ZLUSS,None
5QDC9-VREWN-IYYCH-11DFG,None
TQDWW-SZI5N-GKNTN-DNF6H,None
9GOYM-DIDRO-6ZILH-XTBWL,None
PADO1-S8N3I-BIBQQ-XZD55,None
4RCJ8-K3K1W-BBDMW-HU8LN,None
ZWW41-EBF0G-UVSID-BOJLF,None
0RN2R-DXPLO-9PHZY-SICJX,None
XJBMI-OL4OO-DDD7U-NRYVV,None
BREC7-Q4SH5-UXALW-WNZFD,None
JDKXO-IVCJF-APOUG-WS1OB,None
24VJY-WIG4X-PR9WI-VPL9K,None
UIAMM-PP7RV-XJPKE-ZF2MY,None
ACXJO-YNXBC-ENWWP-X9SYH,None
MCSN9-BRMPR-KTYHK-K7GVD,None
QSPBS-QFRJN-R6ROG-ACGUL,None
75ZZG-83WBR-98NR5-0VDAB,None
QHWYP-HI6PN-UB74B-5FLBO,None
DORHY-YSQRX-U13LQ-VRKVI,None
RMKCE-TCVIH-HJEM7-2HQQ2,None
TSOOQ-HEIQO-UXMM8-4HR58,None
SMBWM-TUG6P-BE4SO-WIJJN,None
OEMTP-W2VOJ-C5DU9-KKAGK,None
NR1MV-AIZ3X-LLMW5-KFVJE,None
S4P9I-Y1MQA-MLMHP-S4ZZ4,None
DUCRO-4FNY6-M8DH6-ERQID,None
GIRYB-02NSJ-J4OCO-DSAL7,None
D5NGN-ERILZ-9F9S3-NNYKI,None
BIHSY-C8CCY-LYLTM-WNL87,None
WDCUU-ERZUF-VFCRF-H1PP2,None
PHV3G-D5NIC-TY3JF-WSQJA,None
SRYGK-7HEPX-W7SBJ-FH6XI,None
BQMRD-WA51B-8NRT8-II55H,None
5RCTQ-WIEYK-B9R2D-BNHV5,None
UN7A9-LCKC7-HCSRR-PMEN5,None
SS0YL-7HGRT-006PQ-QCXUS,None
TQSWD-BDOE4-9HCYJ-XYPV6,None
C6X1N-GHPXO-CWVPV-MS65E,None
UONJG-PUFIN-6RQDB-NI9LA,None
WIQOR-YMSRD-NGQZ2-UFIYQ,None
XMWWX-ZBVWT-XR41G-LJ3AS,None
ZHYTU-ABDRK-WWSUU-WCWGL,None
TUEZE-YGVJV-5VGVD-THMWK,None
UZPNN-U1CTL-TWAFQ-L8IYL,None
IJATL-1WNFX-XFF9J-3DMOP,None
KHE3F-RXIL3-6UFZ8-KKFVC,None
WEIJ9-YBU8X-ZORU9-63UOC,None
WS2LJ-DDV7A-Q6XJT-KTU2M,None
JEN5H-KDB0T-UF7YX-GFMCN,None
QTGM4-W345V-SVCJR-NKUIM,None
OJHRJ-WMLML-VDLOY-SMHQC,None
TBWWA-14ME4-R3E2L-MFCQE,None
YWJJS-YJD7K-5NQPB-MNITC,None
TNDSB-HWQGB-WYLZD-KM0YS,None
QLIU3-EY6JA-GP8RY-8ACAM,None
A9OY2-IU5Y0-07EOF-YR9JS,None
GGX37-9IBVU-RH5Q1-O4CRI,None
SIUEX-TARQP-GDYX6-S4ARY,None
HQUNN-K53SC-5L2IY-ZTS92,None
KQNCR-LEV9J-KMIPX-O0U65,None
RXMMS-PUPYY-VS2HB-ZWPX9,None
P3BDF-7RRPH-ZMOGN-0YH6K,None
ZWTLC-SVCSE-IZJ66-W0JSW,None
76MZX-IHMP2-7KYCQ-KN8F7,None
TE7KX-GIHX2-56HNP-POVAU,None
BLYX6-EUDD7-7XX8E-3SBGF,None
Q9CFN-4DZUD-MNUAN-ERRY4,None
Y4RWG-EQKN0-KWHDU-X1W6U,None
1MRZY-OUV95-JM6EY-FRPGP,None
KKFED-IORZH-6M5N6-QVDPJ,None
WIDKT-VRSKC-OLUX3-QGKMR,None
VMGUZ-0IAB4-LT4RG-APYJU,None
Y2PVW-WE8ON-FPE9H-J3GOX,None
TDJFC-KYDNM-7LHRI-TASKK,None
COFVT-QJSHG-N9U5K-15BL9,None
J9CIZ-XH6TV-GRVCU-ARJRE,None
8CAUX-JLXRJ-SMXF1-DUQIY,None
GDPVZ-IPEUW-MEAEL-2TJAC,None
IDWML-DTUAI-SGP0C-DZLDJ,None
1DTMV-WGLYD-OGYL1-WRPYY,None
XTSX8-FFAF6-PEKHM-ZJKAG,None
FKOPT-BWPDL-P35EB-CFRXB,None
VG9LZ-MXJJB-ERWEO-UXRCH,None
7SYLK-DGEJ5-RJYI0-N6YNK,None
KCQO8-PPXG6-TMPK7-GVWTK,None
WWZNK-N0HRZ-TTEEB-Q058I,None
LDZIH-L3P3R-DOF3C-RLTWV,None
Y1IPZ-9X4WS-YGPIC-56P1X,None
D7GID-4SOEO-EGKLR-NXPNF,None
LY3CU-SXLEJ-7LXPJ-TPXZI,None
0CW9C-0LQMK-BUANC-K8ZSP,None
CKC29-BSMFJ-CWNUL-SDLLS,None
7KAKC-QRCZM-LJNP8-NVL65,None
YJ6NA-WYFUT-IBZZX-4ZUV1,None
ZAMDP-BUNJH-OXIXH-OVZYZ,None
XY0MJ-AVEMK-DL6YC-DDRMZ,None
C4OQG-BSHDS-QJHMQ-VDIHQ,None
EL6Y2-XH4DH-WF9BT-ZAKV3,None
VCUKS-POTV2-OHNCX-AZCU8,None
8HBBO-D6CHW-JCF67-LD0VD,None
DYF3H-9LCTO-5ZFNC-HH5JG,None
SBLYD-YEIW2-NXL8L-TKDEJ,None
8WSF4-LXAAT-YTBM9-GWJAI,None
JIADC-UX0ET-PJHIR-WWV96,None
H9OPS-U8ASO-EYI9J-DX2UX,None
QNWIH-WBE5R-OFCPD-SCUTV,None
3I01Z-3JA2E-TE7UP-B9NJ7,None
OSCAV-URDHE-KOZYV-OQ91S,None
6RO2F-AZEWR-5YKQE-3HYDX,None
YJ4EH-REAUZ-5QBWT-IW636,None
TQATO-LDHHR-RZSBE-E6MJB,None
HLAI0-FB070-SWBNT-WVMIQ,None
YM6TW-X1EYF-2JGHD-TKBCA,None
TFEPY-2467T-BHNS3-KCZLT,None
LRSRM-CUW2V-BXFJB-58O59,None
1J6MU-OMGX0-O79PL-IDGB0,None
GIKQY-TNNAU-XXOCD-RWIBI,None
OFTOV-LYSHL-YXHEA-NGWTQ,None
XNLO0-BNEJF-ANCLM-W7EME,None
LMVEZ-LN7XV-TDVPM-ZBF3K,None
KVNS5-TAG97-GMXDC-FE8PF,None
17WNV-PPI02-JD29G-CGBTB,None
9ESB5-XRQOK-AZPZL-VUAIN,None
EXELI-RKWA9-DMHWT-ECQ0E,None
DNH2G-VZ1Y4-VTB7J-RFE6C,None
8TC2K-J9CYV-J26KV-7TFO6,None
KJ15S-GRVON-B2WRV-PNSBJ,None
QKJKI-U0VTA-9CNE7-9FYOK,None
PKBWL-RZPNP-QYFIX-2836Z,None
YDR3Q-7VUY2-DO5GX-FZXEK,None
P4R7Z-EJOXC-POGCX-H8XVW,None
ZMO9K-2F7AE-GXHXA-IV7B8,None
NYAPD-CAYLY-34LWV-2U0NW,None
KUGZH-ZTIDI-US3G5-Z7H9E,None
9DMQT-4GFFJ-ZAKZN-RXCTW,None
FHDF2-HEGBD-0OKG3-ORJOL,None
HE9WJ-DKVPT-H7DSA-MX4T2,None
J0UEN-DFF90-W96P5-MBHVU,None
KZISD-UYL2Y-MYOQ3-9UDSQ,None
PFIFW-XBJLF-IBMR7-BJKIR,None
MFDDI-XSVJR-MRUL4-CVZ5U,None
27C8M-DQC2D-ASBCE-Y258V,None
WONDV-1UPQJ-POTSK-12Z7L,None
0LWZC-T72EQ-GMX8T-HY49J,None
ZDDQP-N3808-HDRN7-MQMJB,None
LC1H3-JHLML-FMZZ6-VCITO,None
EEVWO-AYQZH-IQIPE-1ULQV,None
3AREC-AWHLU-IZFCA-BXMSR,None
XRJMH-EUX6G-BTQH8-5ENLI,None
M4CRR-JGOGO-4AZXW-CYO0H,None
OLRMQ-HRLJZ-AG8BC-RTXKD,None
42C4E-TOMRT-Z3DEL-IY8M4,None
6VODX-OOHIZ-GPYXQ-GXUOT,None
TPTS9-JWKDX-A6THV-SAHF4,None
MXG2W-1TCB3-IITK2-CLYXZ,None
LCVYP-Y6IHB-NB5UU-SNQMQ,None
PPQDT-SFEAW-TQ6TR-PZEOV,None
IOZWO-AZ4N8-IJLIB-DERXV,None
WE2RE-7DXIO-52DCI-OJUBZ,None
NGTZ6-3MC4U-BLPEH-BXHJ9,None
LV6JW-UU070-HELNI-CUUQD,None
QPDVM-X2YWI-VHGYD-D41UV,None
Y1ZHE-S4C4S-TYME3-VPR33,None
2HFYD-CEZLE-N28BQ-Q9NDK,None
FZPKE-8EWUY-PMEE4-MYL9L,None
KYL3X-C1R86-TSPOF-B08G1,None
CRFD3-OEOZ0-IUGLX-DMMLV,None
ZMQAZ-ZG6E3-D3FUQ-CZ9TE,None
KFOLX-BFOCQ-Y1GO7-LER6P,None
4RV8C-IPAQP-7QZCC-XTRZT,None
LPF4D-WBRJ4-GL3ZU-H48OF,None
JEOFV-6CHUP-CID51-DTUUL,None
DK1CV-ZULCO-7JNVG-WE6RL,None
LGHVX-9J3UQ-2UKKO-OKJAZ,None
YZUBE-LDD11-WEHAF-8OYSZ,None
I3KDR-COOTU-THDIZ-9FQUO,None
QBD1K-WTGZL-UYJTX-KADLK,None
UDTIK-QZCBY-IECHO-PMUES,None
ZTKT3-STEJE-XU9D4-APR65,None
TFOTC-08LXQ-DZGNZ-RUHH3,None
TQSV1-MMQPM-ZOPTH-B5X8H,None
PZZ8Z-T3R6W-FDXUU-41GJ3,None
7WBYP-LIZPW-PS07M-4WQJN,None
IVZQC-TISRQ-3NDTJ-YNSUX,None
50WHP-LCYRQ-SLAEQ-WPZUD,None
ZQSJK-7XELK-6SNQQ-XOCNQ,None
IVNZ0-SPCIW-GJIDV-JVQI3,None
GC31X-Y5585-7NDNL-N14JM,None
482WF-0MHPA-0ZJNV-LEEWI,None
RCDAI-B86MC-7TA2Z-6RXX8,None
SBPQR-KSAUP-1QWL6-JW5X0,None
EUL32-QQRNE-FJTLU-QAA2J,None
XCCMK-DJAHI-TSNJI-IXJ7F,None
SYCQ9-0RKY0-GZPRO-1GED7,None
0NAEV-OVEN3-9MKSD-SZU6X,None
YDG0Z-DQVAS-OIUEY-XX30W,None
GCTOO-Y2PVO-H1I4C-Y3KBI,None
LEAJG-WEGKL-9Y0VA-3EVGT,None
CWAZ2-7YFIN-OZL27-QVGAY,None
ITE6X-AQDTA-DHXCW-WRBPY,None
XJVVW-MVYBS-UMZYW-99QBY,None
ZTAHQ-DETQG-WWRXW-U7JHK,None
IDHWH-3V3WH-MXVAV-P63V9,None
8FBQG-AX4UF-ZRGQY-LPQYG,None
4JHIO-RA1LU-RM4WK-20ZXM,None
9KJEG-J947S-6XIR5-9G9XT,None
2TBYU-RZRTY-BDGJ6-M4C8N,None
IDU7P-GUDQJ-N8PYO-SW9TU,None
ETDKG-UD12R-M6CD1-VCA9Q,None
QXV7K-EFM77-9AQAU-HBUSJ,None
ABKSC-AO5SR-ZMBDU-FDWAG,None
NSEUO-XATCQ-TN9QQ-0MU3A,None
D89VT-0HQOB-BQS2R-BRD2F,None
LA1LG-QKEEU-W9CDU-0LAJL,None
ICTRU-QIZCO-V3LOI-QRFHN,None
UPRJD-NBO8K-YBKCX-HIJDL,None
DGOFL-DZ10H-TKQS3-IDBY7,None
4DDIL-ODHUP-DTHMS-A2M1U,None
64VHK-MR15S-HPCB1-ZNWOT,None
YLY1P-MXZEI-ZVGNK-SFYQM,None
IU8EY-APTWL-QOEOG-TTXSI,None
SURHV-XERJK-OVRFU-RCF7K,None
V74LB-ERIUU-DUMSQ-Z4CHV,None
VIOEO-A1T64-3XUEU-BCBBH,None
MXLWV-HFY5A-KRAI5-UZXKM,None
DHSEY-PCVGP-GIDAL-YKNY1,None
APQAK-RLANC-FQCWX-OJIVI,None
3JEQV-3SWJT-EBDWK-MYVRD,None
869WA-PC2TW-HQK9C-TAINR,None
UR7JP-9HCGV-DP1SD-YUPMG,None
1UMNM-UXOO2-Q2NIS-XXRXF,None
KBLKE-5RQDH-A9SUA-QS4RV,None
KDYPB-ZF4MM-6ZFT4-LNORX,None
9FO5C-O5BVU-6DKIA-ENIKL,None
80ECI-CKGHP-TIP82-IWVUP,None
R5DAS-CMBKZ-LESED-G3UWM,None
MLWGB-V3OV7-TSSOI-LBQE8,None
VL952-UUTGQ-BAQZP-RUE5H,None
MWVMU-HYN1S-9ABWS-P7YWN,None
1PZZM-SAIZD-AES8H-P59YQ,None
VSTRU-XRENC-PLY5H-0WNBZ,None
GNW64-YMYHH-VELS5-DY1VB,None
Q992V-RJCLQ-RIKLU-PMWZN,None
X90JU-2LGVF-WJPBJ-OGAMM,None
4KER9-BWOVZ-BYGOD-0XDPE,None
F6AU9-RRDNQ-U55NL-YJTFK,None
TX71T-87VVU-MZ9DP-PWARS,None
PLMAN-6OV2K-EBBIH-IRPOR,None
JVOMM-WGO46-62CUV-4AOLY,None
WOJRY-GBVRX-EDSLQ-TCVYB,None
OTG1E-4TRPI-D7BAT-TZWWD,None
1DHC1-A69C6-ONM2N-2ZBA9,None
MA4EW-FV3FC-MT1LS-GJ5FF,None
2CF5C-6DSC2-AG8KE-UZAWN,None
5UI3X-KJRIL-GGQQY-HDAKR,None
RWOBB-68E4L-B0PJ7-O0WPU,None
9SRYH-CY19J-XAJIS-MBX8U,None
LCYCU-ENDCT-G7INC-1HIGU,None
E2OA0-LIAEP-6ARSZ-TV1ZX,None
9VLDX-KCPGO-TD8NP-M1LB6,None
U0PPN-ZPNQB-LGTPJ-U1WFD,None
FB1DA-GPQYS-AQMKG-QC1VV,None
DIJQP-LR1JL-QROLE-C3DBP,None
AA2QJ-BKN95-PBRJY-DQFA1,None
UB3KC-TGEUR-23GKH-KLLDB,None
7SHKE-PU0LV-LOVKV-682QL,None
SAXBP-GTRIC-YCQP2-RXJ4A,None
9A03J-PFQ2O-QOXKI-J6NVY,None
KIARE-DNODA-J8L0C-IFGLX,None
ZQP5L-FRQP1-TEAI6-KPAHR,None
XTTLQ-D3ZZ4-ZM9UI-ZRR4L,None
RSY3C-G6G2P-4F7QW-IDHOS,None
NMDBC-QB0FA-KUE7U-BL9LJ,None
IEWPD-YYUP0-UD1FM-1TG40,None
D05XT-WNJYI-E8Z4V-QFSJI,None
U1TUK-FFDZX-QOKAS-IOCEU,None
FCFCL-EKY55-N3AUE-T0FMC,None
T3VYY-TH1K3-R7YLO-G2OZX,None
QD9TA-CIAHU-9ZDWL-TOS4M,None
VZP1E-MQPE3-TGTBI-0NAOJ,None
2T54S-WMBOD-FBXHH-2L0PL,None
CCVRC-DLHAJ-Y2X0N-XQWVM,None
DSMJD-0FXTK-KEGR8-VPVR7,None
RA04N-GFVHJ-6NS1O-FWUEU,None
BENDY-JRME0-LQTRC-GIFED,None
2KQTI-JZZWX-YKGP2-VPEOJ,None
VDAIJ-NSPC0-XGXAO-JDFPK,None
BLP10-IRHYH-UCRHK-C8TYP,None
GDOFY-MXSTY-DA8NK-WHNE5,None
RCNXN-VYUZF-BJS6T-BFHMI,NDE56-sdh56-45JM6-K56K4-Kre16
3I6TJ-NGNTL-P63GA-PRJ4M,None
UDBIL-L8QML-VWPBT-3O0UD,None
S8VHF-9F7GC-EFUYB-XLD2Z,None
Q9KMH-11QWM-SHRQM-BTJQ7,None
DEAQ4-NSM24-TOSAO-YNWIA,None
S5LDF-JMGWQ-VOBWI-TN65L,None
2NIXI-AJRRF-A1FDG-TJJDW,None
PRZ3P-7EOHD-CADR6-XHANM,None
Y3GDS-YUCUU-K1FF1-EVYHU,None
SE2AN-KLDOZ-ZGY57-AF4YW,None
8XKAU-SO3HX-OTFFH-UX7SI,None
0L2LS-7GGFZ-NZH1G-UMZ57,None
BYZCI-ZWMZG-AO2JN-K3JIJ,None
HNTSL-LRQGT-INY5W-BO0U9,None
M01GD-MWXJN-BQC2Y-BYBKM,None
ETHXK-XSXFZ-YK9KJ-IKUWU,None
A8YVD-LO0LU-6JKQA-ANJAP,None
C5EDT-4OJSR-BMHLI-ZA9J0,None
C7SH0-MDRC7-PDPXI-8ZC1B,None
TKNDB-8WQNQ-HRVN0-BEOJD,None
W2DVP-GCZUO-PLNQP-QOFYI,None
RI7A0-LZ8YM-AOM9P-GILRO,None
D7TYT-KD6SV-3MXD7-W5C8S,None
TWB5D-1WMXX-EHXT9-IBHVQ,None
BZEMN-Q6OIO-LF1PQ-JDDRN,None
JZCIZ-CFTMD-0KSPV-JSTLD,None
77HVB-DIFC4-HEGYL-B6TWV,None
IBNL7-1E1BP-P888D-NTYHE,None
UDOXV-OOIIN-C72MG-NXFPZ,None
K6EGE-DCYGG-J1MLL-XIQCU,None
JOQ6F-PUHSM-KS11Z-9AQU0,None
YJOYA-BMSHW-WJGFK-F3SRN,None
KTVI8-CSDH0-9UWDQ-VJXEB,None
IEOSP-TUQLD-VWSD0-9SEAL,None
TU2RP-VHAQP-VMG42-WOT0N,None
9CTD2-YXY1D-KHTY8-D59XP,None
GQ7EM-QRSIS-0YCEJ-1EWK3,None
IECHT-WRHND-GMGCK-Z2HGV,None
QJZON-0G4MM-ED5HF-Q7FP5,None
KD8UR-TXXJY-CL5B5-XGYG2,None
AFRIS-SVE4Y-ZQQ9E-RO57F,None
HLEJ5-CXNHC-TLGLT-P7BLB,None
GWAND-WOOPE-PWCCY-TO6UK,None
EIT4E-MEWVV-DL2YN-S2S65,None
MUPAV-LQF3G-E1ZCJ-1XKVP,None
MHJ95-ZBJJ0-EFU4K-BVCZY,None
ZRVCX-Q0DDF-4MCHA-PDMHN,None
U96EH-TXGFH-4S6RY-JXUEJ,None
HJ81M-DXPDJ-IQC2B-WADVM,None
FQFSH-AZEI7-THUPZ-KQZYA,None
EPXJ1-KSX2U-DNTGV-GSLGO,None
H6SWM-ZXNZU-QWK5X-98XXP,None
QSQTB-KSWAN-S4EG4-YGGND,None
UWUXT-E98DK-UZHJ1-ALC9H,None
0PDJA-NZ9SC-TBSW9-BZTZX,None
3635W-X6NRL-J0OSP-UU5PV,None
8809R-WAVGJ-DV9GK-KL46Y,None
WKXKX-1TCY6-9KNFT-8AGIM,None
SWKBN-GQ2H7-PLGUZ-S41AT,None
YX6X0-36KZT-SNZHS-3BQ5E,None
Q0IWF-HICRT-YWC27-O1ETH,None
VA9AA-X4F1E-IQXOI-CBMUE,None
RYCW9-CZQKM-DYJFM-OX3YD,None
9XU74-WLPQL-THPI2-TKCDD,None
LFNSW-AWHX9-SLE0I-UYLEQ,None
RL2NO-L7SRL-UQAYB-CY3KU,None
IQJMZ-XVTNM-MH252-CEEF1,None
NCBXT-Q4SNM-D4FUD-OHB6D,None
J8H2Z-S4OP4-SUGS4-HMY2T,None
ZAMVT-3SU5A-5JLDM-MJLIL,None
MWN7O-NYT3Y-XPKCJ-RTWOD,None
N3WY2-YOVR3-7WKLR-PVR9L,None
5T7QP-SHYTY-JYZTH-RC1ZX,None
IPX7W-KL6RZ-GP3JO-D9Z0I,None
HTVEP-ATTUD-SQF6A-PNYVB,None
IDE7M-DOXEL-ZYMZM-YJKCR,None
QFSMV-NO5NM-YSH1P-FXTT9,None
7HDN8-3OT9S-QKQKS-RDIXM,None
LJHJI-ODEHX-CJBXK-SERMG,None
X4DWM-BB9NB-ZPZT5-7MDXS,None
3PPNO-WUGBK-TNQWK-ACVMV,None
LPWXB-AMF7J-HWTRE-7YRQB,None
KWETB-QYR72-86DUZ-QBZB8,None
JJRNM-IODOR-D4M9C-IJBNX,None
0IPL1-CTACR-97QSM-XBUOG,None
4RXQ9-2NHE5-ECJCY-ZZ2CW,None
MHC4G-LINZ7-8YB5R-VHFU4,None
ZR7HH-BSILK-WHB80-UIFTW,None
UUDO9-GPABD-09H9V-E0ZJD,None
UVL2D-DHKEH-WGOVS-Q05U9,None
73FX9-UFNJW-QMOZO-BRUYT,None
VISZD-LWWXI-BPEXQ-MWHAE,None
IVAA3-D92LO-ZQB9B-X7VTI,None
YJ6VS-2UUYI-HW0PS-OUXAZ,None
KFU2E-L2YYD-MIMSK-XL8YT,None
FCONW-PAAPD-YA8V9-ZOWHG,None
Z3PL7-HTGEQ-MQVS4-CXKK0,None
MAYRO-SRY1H-RMOCG-N8U2U,None
BVC4Y-YUWP2-CUREY-XX0LF,None
AFOYZ-RDIUY-Y8ZFI-OFFGW,None
DTQ4F-Z3O1Z-TOGJJ-QWXWG,None
FLQKZ-6N0BZ-M7IVF-LXS8N,None
WZMXF-BD3GZ-E94LB-MGXOF,None
5ULYZ-GEUCK-MOYYZ-UVJVH,None
UF4GN-Y3QBK-GA9IM-EVKB8,None
JI2CS-IJ1FH-1X4CJ-ASVFR,None
92NNH-1SXJR-4R1S0-U4EPD,None
5TNR1-W4SLX-BRDID-B9YJA,None
NFYVL-N8SWP-0FS50-DAHDQ,None
YDJ9Q-WMAYL-UYLYJ-KHUW7,None
JZLOJ-AVQDX-JLK7R-HBYRC,None
FYNG0-U0RLN-TCQJA-LZKH1,None
VFR8N-1OHRB-ZEEUB-IXVHI,None
QNHGM-LIAGL-8INFW-3YM26,None
J2UWP-1OVPY-KBZRS-ZVKFF,None
XOREL-9OKXU-DK5CJ-DTGDU,None
MYIGV-WRJXE-AEKIZ-H5HKY,None
C1BAA-GNQLK-H5UFW-D8JN5,None
BNXHP-AIRKX-ROC7U-QKD9S,None
SMAYL-AELUT-IV4YG-HEL7X,None
SGGYW-JCT9Y-Z1F6F-BYJRX,None
GO3W8-2G7VN-MQHMX-LHOO2,None
VK9KD-GOHBG-H0Z6K-KHPCI,None
JWARA-3ILK6-SRFXN-ZQNSZ,None
PVPVA-JPZRI-F4RET-H7SF9,None
KQDP2-VHOMT-A2RID-DU7XP,None
ZX4MK-CIHIX-IVENU-W0PCI,None
IGWH8-U9O85-TJCXH-RLKXZ,None
PTP66-K9YYQ-GY5AT-3Z7GA,None
V58YZ-HOXEM-YFXFG-BUHEY,None
PDK3T-LVEF0-AHQ0B-DKRFE,None
MCV0X-GIF0A-J0N8C-G5LW8,None
LS5ID-CIAU1-GCBG4-SKMWL,None
TWSM8-AHART-QYROG-VV1RZ,None
OV1HH-POEOK-LZNTB-F1EEP,None
UQQCK-RDVVQ-2IXCH-LQM5J,None
FZGKA-C2AL0-EYBI9-CRZZS,None
ASEAZ-TTTNY-L0L5G-0OLJS,None
DWTHP-WFIHN-ULGIL-24VPJ,None
7LR1C-LCTUJ-OFIWN-37KPZ,None
GV2VA-H7ZYA-ZDQRS-TFZI6,None
EMP33-DWYQR-GVS49-FHXBQ,None
CQNKM-XDLRF-X4Y5X-BOWOL,None
HAQBX-6HQML-MHLUI-VV0C4,None
ORLKD-QFQRP-TPNJT-KSYZB,None
VJZSO-BQKLL-S4MMX-GP0FB,None
TLSZD-LTDJL-HNPAC-US5BY,None
VBIST-ZW4O4-12NUJ-L5CRL,None
AYSEU-UXSFP-GWPGC-JNIUC,None
UBAU4-CGSJR-B3VUF-V8HJX,None
NPLTK-8X1SG-EM7WM-DJOGS,None
DC4VG-SAFP7-PFVL6-6TMOS,None
JT1NF-IDZQM-NNFQV-FLUOC,None
S2VIT-PUG3T-FPZBJ-F3J7S,None
EVIXX-75BGL-TFQO1-NXEGJ,None
WVQWR-LFCZC-1RCUM-CUO8G,None
C8XDL-VBFWP-6R0ED-HVTGZ,None
4XXXH-HAWDN-G1QL1-1H3C6,None
88EPG-PMT7F-QXFIS-D0HCE,None
6KVZT-JPCHD-YP8ZR-KJTQY,None
1LDB0-ZCSBX-DOACC-JNYVA,None
M6ZSG-MONFZ-C7EGU-VXW1J,None
MDBNO-SPHCQ-8LZV0-7QGX8,None
S4YTU-HITNK-LMXVS-VZ9LL,None
ILPTK-MS6JH-1IP9K-SNAGV,None
AP6W1-JXYMT-7MAPU-THLYP,None
CL6AM-KPURY-8R9PZ-PYJII,None
ICC1K-6UCLY-IHPVM-WLJPU,None
CJLZW-4DQIQ-TUAWD-UYGE2,None
LKF6K-SUXZW-ET8T3-WT1HL,None
PTEVR-P497N-LGYDS-0CSUS,None
V3MMZ-GHQ5O-QDSNL-7YJCU,None
NDLKN-3AEUE-OIFHG-AFRXA,None
LL9TQ-PYUQY-REPDK-F3XZ0,None
X8HM0-JSPXR-AVNCC-CKQWQ,None
OCRKC-BSGU3-1ERR0-Q178P,None
TOWEN-WRHIA-W6AWH-N1YLH,None
K7B9K-L1LZE-2C6G4-W0NKE,None
GCEXS-UEQNA-VVBRF-J3JMV,None
UNI7F-JIWPF-GN1PS-YDSPB,None
1XG7H-CTWFF-E65UB-F6H7Z,None
WZHYG-AMQCH-TS8SP-JR7MI,None
OWVCB-ZJJ64-KOKOK-LSRVM,None
SWRIC-W9IUT-1MNOV-RWM2S,None
ZFTOP-QIZCD-NOMPW-MDNTF,None
PL49T-OX1V2-ELUEG-FLI5B,None
LUI5I-AZOHH-YSSKF-6KE7H,None
C3M7O-KHMYQ-KBQQX-2MKSW,None
OBTDK-FZB6Z-5ABIK-QGLQG,None
OWE94-IKHM4-T19OS-2JKMC,None
B69FK-FZJCD-YDASN-6HVZ7,None
MRVLS-X4BXW-TGZYW-SDVTZ,None
UOLIW-ZU8SV-KRBOV-CUI0X,None
WUGFR-NH1LT-YJIMG-RB4XT,None
HHVDG-UONCS-XE2NX-W84DX,None
EI9TI-WKRKL-3A7US-J53FV,None
AAMYW-SNNKZ-PLFQ6-OBKRK,None
PVCOC-LGHNC-T5KZL-D67MX,None
XN3ZE-APBWJ-VADII-VBDEB,None
HCMZH-APFGM-ISLHW-ALEFH,None
GESD3-RNOQS-26XXZ-PXWKS,None
OFWDL-HLYZI-PDUH4-7WUNN,None
TD2DP-BE9BA-9IXDF-JHUEC,None
6PIBU-ZSWAW-WRG7W-1KFRH,None
VU14J-FN1RT-1QZHX-MOII1,None
SUEGI-HAINF-HGHOR-BEJMS,None
YCY9I-519K9-YQNIJ-UV0VM,None
RU5F8-WRDGZ-1LRBZ-GSFHZ,None
ZIMON-JTHEW-TKPAV-SGHU1,None
TVJQG-YCSDL-WQIXY-OYMMS,None
MUPEC-RAFK2-TJDMJ-LV4VI,None
TGB1R-IRBHC-OQQNU-Z3QAW,None
1Z1PW-UDCLQ-IWROK-HGS2A,None
WICWA-KH2ND-HZQ0E-5DOQQ,None
UAQYQ-CCPQF-DW2Z8-YQPUT,None
LZNBG-EVTBK-FOID0-OFCWM,None
QMODJ-BV3QF-4XGQ6-Y95V9,None
7RJVK-TKC6L-LOSET-NNFSY,None
JIYTW-PZDS1-VORXA-OJN5K,None
O4ZEX-3KANZ-STEYM-S41YY,None
IEWPX-YEWKM-IWYWU-DSVS9,None
9HHH3-VUJXN-AGVYE-UJLWE,None
S2PWR-RE1FG-2WQEN-R7GMY,None
683PS-XEY8W-LFPWZ-KEIUE,None
AMEWB-BAWTP-V4B9P-O8G91,None
TTVCY-60RMC-QWOJP-OPD8C,None
CA7XB-V60T6-MWMVW-ZL4VG,None
7WYID-BSZ1U-LM3MY-TNXJ7,None
72D7Z-LLPV5-IJ8HT-2KBXM,None
YRWVR-RE1LG-RCKBV-6NS55,None
SXTQE-FGKPC-H6UUT-RTK4B,None
AYKJ3-CROJJ-BF2JC-OE4YA,None
5ECKQ-XKW1C-ROI9N-YGWO2,None
QRP3H-POXNV-C05K3-WF9BI,None
D1WDS-ICBRU-SKICN-W08KG,None
7PGLH-NWGHY-BGMSY-NLFN8,None
BDWK5-1IR4P-GACRL-QEBMR,None
YR1ZT-UCHIB-RRWF4-FEPXJ,None
Z5GLL-2JR7X-MCIYE-ZLFJ2,None
Y30XL-MMKTE-S3I3Q-Z1WGM,None
SZFXB-WOV9E-9CTTS-1UCDA,None
L2BXD-TAULY-PUXHX-TO4MX,None
DC933-MRO4V-9NGQF-ZHRYP,None
GQWZO-SOBPD-2HHQO-XOOYQ,None
EP9PP-CRIAQ-6C7XF-DTS9G,None
UWFCP-3DVEN-KGMZ9-BNXB7,None
HIMU0-LMMH2-NGPQT-NG7I8,None
UNT8X-N5NVU-GETH6-TQITO,None
7FDI6-UPIQ6-ANIHX-BMNRM,None
1NS2V-YPYYL-KLE99-WOHN1,None
FCBBG-PN04N-ZFRQZ-FGAN0,None
6URQW-TVFAG-BRHWF-CUYH8,None
WXZFC-TA04W-BRF0L-2M8JP,None
WQMEX-UJVHF-HJM5U-GUPS2,None
5BP4D-XTDZK-IOEYR-FREMS,None
KLS7L-Z8VTM-KPHYQ-ITGEM,None
KOBY7-FFM8M-4ZJFU-TORU4,None
GU07V-3A2T3-RD5SW-CDHAX,None
TLFNH-VYOGL-ZHQBJ-5QSVZ,None
TTHWP-HMKYV-WD51V-MTZUG,None
CNNE3-UUDOL-IDYV5-HIZPP,None
UGUCB-OVLDU-2DZXF-VCASB,None
GCXNE-HZ9DZ-WCRCE-DHHFQ,None
AEYHG-4QRSU-T5FLV-XLE7R,None
FX8CH-BB0ND-UBYDT-PT6W2,None
8ZNKC-C1KQC-YB3PD-XS8N3,None
XZ9SX-ITXRU-P1D1G-QM2FC,None
EFZBL-SOVDR-BVTE8-P1NZS,None
OSAES-GGVJE-OUN14-DSH6E,None
AZZMQ-KYNE2-WCZ9U-NBMB6,None
5MBCU-N3EBD-VSXQH-KSKWE,None
TZCYV-LM4YA-POI2P-OVP5F,None
B2AMY-EIJXV-FRM38-E1GQA,None
IBARV-OMHGQ-TMWTF-TFOMD,None
NDNWX-MJEAA-VTWMK-QT2FW,None
GXGHT-D2F84-4RDID-QCKGJ,None
HUDR7-LZQTF-LIQ2R-OMUNA,None
NWKMH-KATCQ-NFECE-V8WMG,None
D6FNA-X37KV-2YT6V-COJWF,None
7CO9A-DFVEN-BNWUM-O2VYN,None
8XVI4-CTPSO-THKD6-RHG7T,None
GVU5S-QN4B8-PJQXF-W03JF,None
E2UT8-ESB9W-M5TOK-KRDWO,None
SDKIO-RBBX7-0JIAZ-IHVOA,None
L5EXI-JKDQO-R3XBR-BNAGV,None
PTJVR-Q2N3P-7K4MV-AYYK2,None
ZFFMO-TYYW1-UPQQR-M458K,None
MRVS9-HUYOG-FKUNZ-XOOD9,None
GC6QJ-NJBLB-5OA3D-0MK07,None
DRGMV-6KVWO-FDJTQ-WZ1O5,None
53SWS-SZXIW-VJD6E-UYWGP,None
OLDQZ-QI4KC-UGMPN-Q9D0R,None
D3QCY-CPLIA-2LAFW-PPKP6,None
3GLWO-AYGES-IDNBI-AVCOM,None
RPMTJ-WT4HJ-PU78U-NY4BT,None
RZENY-V9GJ7-W8QGI-DN2TY,None
W9ASQ-RMJ92-JFCRJ-WOCB9,None
XRGV2-AOAEE-7UGLH-ZMWUP,None
8NKM8-U46ON-0O5XJ-TU2GN,None
3NBZC-WTH69-NJ0KN-UNCYE,None
ET6C7-IFHRO-WHPL2-L5YCL,None
53JSH-RA5DD-WPA3D-CHTY0,None
MDNWN-K0DET-BNC38-FDBFH,None
QLWO1-YVBRL-RQ9WO-3GZFV,None
AR0EP-QOUAP-YMMNP-LW6HN,None
2DZOD-6TJ3F-JJC2C-OW9BL,None
TPBCL-WWD78-DSOZG-DFHIB,None
LV5AR-FDAZS-XNVGN-G8LK4,None
TAWSM-YYMKE-SRIWJ-YHEXF,None
PWGPU-1EMXH-T8PZU-SCD4T,None
G8LIS-9OETL-Q6GJV-R1YD6,None
8VVUI-GRIEE-SVQ8B-IB4C9,None
3VK2B-ONOW9-FHG22-TZXUY,None
FFOTX-YCXM5-QPTFL-4KK0B,None
AHHBS-OXGOW-RUH4B-N9N0A,None
PEKOJ-JWWRL-TDFJS-FUB3Q,None
F1XY0-2EVLV-B5ESC-9SM8U,None
F1NVI-Z0JGK-XZ9YO-NBKQ9,None
STNDI-NMTGA-XIVC6-PJQIA,None
XPDXO-T2FG2-ZBOUU-YUIEH,None
SIGXF-6UEYR-H2J5I-WKNF1,None
0A3BZ-IXDMN-OJGIM-G3DFQ,None
Q4FNV-LZHOW-53TVR-TFY2O,None
2VFVK-MJJWK-JUDOG-JL6PD,None
TNTEQ-8CA4K-6RVCF-FPWIC,None
ESN2H-ICKFH-NPBOU-C0IF1,None
HA74W-CRWMF-CZLXS-LSHPE,None
AXGEV-JTPIX-BL8AB-UZFGY,None
JYXJJ-LV7SO-9FHCP-FPECR,None
SZ45J-WX4RS-LXKHV-TSWQJ,None
R3VWU-MAB4S-JE64B-1B7SA,None
OUEGW-SEKAR-XXPT7-EZZDS,None
1V9MR-LVVFP-SPTC3-0A1KE,None
7K67X-LJTI7-PJILP-DYCJP,None
Y1VRI-KRWTR-7OHDO-DDORU,None
VPMN1-P94LF-XB13J-FPXLG,None
7NFDJ-YIVOO-TPULJ-PDCCK,None
HUCSX-CQBFY-YPDZC-CQKAZ,None
YN4LX-6G6UL-XXY5C-7IFHT,None
SFOFG-XKGQM-MD9T7-DGUKC,None
FMPRS-CECMY-RWME3-SQLUQ,None
HVODM-UWBUH-SRONS-X3NBH,None
JQPHS-WE2F0-93T8A-SLJ2S,None
SWM1B-H2TF6-2KJHJ-TBSY9,None
LQP99-QPV0S-JL49U-MDVRN,None
PRFUQ-ZN34E-XUYBE-GSCSL,None
VB2VC-WBAFV-COU2H-OXXFZ,None
V0DLY-DKTCZ-FRKUD-XM4RJ,None
LBRSM-BBQ9P-APIAV-XBIFI,None
BCUCL-VHXQC-ARCDB-COTHB,None
5LJCK-IZHIF-PUBJV-YDCG9,None
4IP7B-AEXX7-CCX5P-7EFDK,None
52AAC-IFA9B-XOVXD-BEOST,None
YKB33-833CC-M3KLQ-NOEPJ,None
FRAZF-MCBIU-KR0AY-CNVEL,None
FNDOK-SV015-HPSX4-JSV2D,None
XP1C8-NG9TQ-CP0T1-QSBJW,None
L1XTI-SKFZP-CEG0J-BOPLW,None
LPLRF-WHMQR-JAKSZ-QFP10,None
WL7JO-OOHAH-XL9VN-BJO7G,None
GVLPR-PO6JH-PNEHX-VZ8IS,None
4STNZ-M8JD8-XVEX4-NACUX,None
IMKXA-RWP82-FGGIY-FQCTM,None
CSH5Q-NQGK6-MB4AD-PFMGN,None
WRDIE-VT8CU-QZPSF-NC4WV,None
E37KJ-AGM6E-1HUG4-B9JT8,None
ZVQFH-U2ZKY-TFFPR-G9TMG,None
JCA4D-8A4MR-6VSAB-AVYQ4,None
MDE9L-NDNP9-T9NHE-464ZH,None
E70GV-DH9TU-JO2PD-GS4PN,None
NDCVW-ANUZ2-DFS6E-DVHVH,None
GJOZU-XBBBE-M9Z62-VYVIP,None
KSYET-EKBXX-SQOEH-BAEAV,None
BYAFZ-H1KMI-5N3AF-HMQ93,None
CMWVO-YP1RR-DUPM8-8GHBH,None
OCDRO-0FUHS-G9INP-Y7MJQ,None
PJFRF-EBOWU-WZ1RP-Y41PM,None
YN7YH-MMDZB-LRX8M-XZPWU,None
F8ULG-DAYFB-SDJQR-JVTXH,None
X0R0E-DQEYP-2POZ2-VB0P4,None
BHTBA-TJ4PY-9IDTM-TYXCB,None
MLOZB-YOFWV-MYRLZ-NXO21,None
AQCUW-HMMQN-ZCQBT-VXRYW,None
QPR9I-4SFMC-AX141-CKOJD,None
HAQLR-PJUVK-XU064-RE6PR,None
0DSO8-VQWOU-INOO5-WOBMA,None
DJUQP-LEW3Q-GT6DB-HJOEF,None
LHHRR-MEX01-7RE9U-LCDKB,None
NRRMV-ERPEC-JP3SE-3JLNA,None
2KYHM-P109E-HC5IB-JWHZL,None
ATGKV-1JYKQ-UU0VS-1B7WF,None
R0FNK-N7VTC-JACYP-V7WNJ,None
JKKR7-TWZRG-HICYJ-IGDO9,None
IDVML-QMJUC-F3IW1-NZL2V,None
RDYIG-LINA0-T2VVG-3ZQ37,None
GTDPM-9PM87-ISMV3-XRWIZ,None
LBQP2-YLZAL-ICANG-JBA5A,None
4N4PO-AYIGL-LNKQH-TAWZL,None
5PO0I-FYJMK-BYUJA-S2VLN,None
JXGSG-4DCHK-ALQ77-5BNRK,None
NVZSH-CLX37-LIHRO-2OK6P,None
8Q0YG-QKPMM-APRDD-KJT5Z,None
EYD8F-9CJP1-YCTTF-TSIIC,None
HC5JK-5TCU2-TYTZ5-QSB6J,None
MC2EG-RTXCU-K4LDB-7VN9V,None
MUNIQ-ZXAXU-OMJHO-TV44J,None
OBDPV-3JM6W-YNRGU-ZNWOZ,None
Z9UU2-QFOPD-MMOQW-F3YKY,None
PCFJR-GSLIK-VSBGU-VJDUP,None
VJ6LY-RUVBW-JDNHH-YJ7ZZ,None
LNKDQ-MR4L8-8GLUN-I8HVY,None
G6ECL-GTK35-FQRB7-YHQKB,None
X5NZI-X5XQG-PZMTE-KIXUU,None
FHV2K-IZV6Y-FN0GS-FEGPS,None
L9ZPF-SVIMJ-AN8OR-IL6FT,None
R1U0Q-2JBBA-KPNUH-CBXHY,None
HLFS4-P5OMU-R7QYC-UUAIZ,None
ARPSI-T695K-ZZRNZ-Z5IZ3,None
BGJN6-4I5NG-07G3H-E3FW4,None
V97ED-QME26-EXFD6-AGX1D,None
TO4XM-NZQVB-MMLG6-VBNYA,None
ZKBTN-7LTHL-BCCB3-V1SF1,None
5TOB9-GKK1I-1N63O-0FFPF,None
Z6USG-WE2DS-SOC0X-RNYSA,None
6YIAA-ASHB4-UJHD9-GDO0B,None
HGK4G-GANMQ-JWGHF-Z6PBP,None
E82JA-FLMSN-CONU2-24Q6D,None
NKF3W-XY86H-PG5VN-R6QZQ,None
LC9H8-2B3OC-0UJ2I-7DCST,None
U2WPE-JHC9M-LZCGZ-AQXHW,None
FTALR-5KYWT-DWSV6-HB6EC,None
HGMMT-KXB8J-9H6TB-QWT5Z,None
BS9WJ-BCCEB-KKQYY-PGDRY,None
OHNQ3-GYBZE-NLMAE-Q5IQ8,None
BWE79-3SIDJ-PAGMK-DLZT9,None
BWDMI-AONE3-0SW1B-5IZZO,None
8KURX-N58VX-DNJH1-CJQYD,None
EKZMI-33WMX-ZB490-3XQTA,None
HXTUQ-JVYIM-ITDZR-OVMU3,None
X4IFU-3SWI7-BKGYS-TVZKI,None
UKMHL-HZTHI-THQOP-3BRSO,None
H5WVI-UUJRM-7IGQK-OGNHZ,None
RG7QS-SQB7A-THJP1-KH4OD,None
W4QAM-VRYRP-X3FS4-5G5HG,None
SMBKD-GZZMQ-B0EGA-YUGUP,None
GKRUI-BY55W-LRKLH-MJJV2,None
QX7IJ-T8ZVX-YT0OC-ULLJL,None
M09RG-CBVDQ-AVYDO-A6OOL,None
5CJFW-BEDLD-IXSB4-3UHJU,None
0L9HY-EYGOT-RCSU9-7I4KD,None
CU0FV-YEEO3-HJKV3-RUB1X,None
MJW2K-NPLOR-BJY1I-0U5VQ,None
DOMCT-FMFAK-8VF3G-CBETT,None
YAWEW-SZ0J3-QCB2N-H3RPF,None
KXVAE-E0BML-G8VAY-SVOVS,None
HSLHQ-JACO3-O7JKG-0GIZ2,None
PP29C-FQLK0-NX9B3-6PGME,None
CIN31-OVXRE-6ACCO-7QBED,None
6G7WU-OGHB8-THPVM-PZMJL,None
CJUVE-CU0GU-8AODK-4TXFL,None
AGCGM-BPGV9-HKCBK-BOESR,None
CPBJ0-NJVBR-IFMZ5-CWFQ2,None
3C2HZ-RHEOB-2HFKE-VPXP4,None
XB3XZ-JQKCK-GY0PK-GGHYU,None
NOLW6-3SFYG-JRNDV-BMIU8,None
BSCHM-CYYHO-6ATTZ-5XB2S,None
KTSSK-UIJTP-ZOWQD-EQFPO,None
NPCHU-K581K-NBCV1-TH4VA,None
TBQFJ-HZ7CD-DL9QU-YNINR,None
XWN8D-GZJ0C-TSVRY-IEIAT,None
J10VT-9AY89-5TNXP-WDB1I,None
CDH8Q-TMK3I-YMJUZ-FXICD,None
4WKTU-NYQUW-OJXB6-NMO8M,None
LOXPM-IEDD5-GZCYD-7AZZW,None
B5VS3-SPMGX-1PUKU-GWT9C,None
B2KVE-66SSY-0WHAX-ZH56F,None
9NC7O-QGC4O-YK5HR-YQQ4E,None
TLXGH-E0NJL-GQR4I-TQHCX,None
RMPBR-P9SHP-3WOJW-TWKXW,None
YS3LU-1ER5F-V1H1W-PU6JE,None
QCGUL-IB1VU-DAKCT-V6HSR,None
17OWD-D3D8X-IGX8F-RRBLG,None
MDKLQ-Y09QG-ECGUP-KU6ON,None
3HJGC-OIVBN-PBZDZ-7G5IN,None
MLTFC-NJ170-Z1LGE-8A9LY,None
ZASLS-5EHJS-3QUKB-N1V6P,None
HUABT-F2OCF-R8VRK-NIVXG,None
LWB0J-DMAUI-XZENZ-VPZBK,None
ED0O5-QRDZ4-ZWO6U-NSFBA,None
659M0-IGRIW-ACBFU-AR0RT,None
3M3BU-C29PP-YNFGO-KJQ3H,None
XUX0R-K13NT-6G8FD-UXIVK,None
A8BKG-FBOTV-NICKM-IDHMB,None
KALJH-NQI4P-GMPCD-AGJLG,None
NRHPX-DTRVZ-V0RVJ-OBPA4,None
NS2U4-KUWOE-ECRBX-QX6VU,None
SFBH3-01X9K-F4DSF-COVYZ,None
BS0T2-FHKTU-IQHN4-X4WZW,None
LBOCP-XAGSQ-SDEAT-8NOYN,None
E09ZK-HZVJL-HACLM-28LXB,None
GXK2F-R5URR-FCNCL-SGB7G,None
E791A-HZTHI-E3IRM-IGNHY,None
83YNE-L6TJK-R3RXY-HRHM5,None
JVBSJ-ET8SW-BMFQI-0EIUQ,None
XJSLE-Q6JCC-JL7I1-NB1RL,None
M70M0-B3HOI-GTSAI-ONJEK,None
XRQKK-XKHOV-EMHTP-HR2BR,None
PXOUC-KTBBQ-VNRRD-HFU7T,None
4SIVP-BILYH-1ASER-NXMXH,None
CH2CH-XZ05W-ECWEO-ZH1QB,None
CFCWI-7MFPZ-YE9TG-Q1TQS,None
KUY1P-CQFVV-MM6YZ-A8BEI,None
P2Y1H-9UFG8-ZYDBK-YT4P7,None
C0V4I-7B7JX-NV5HD-FGRXE,None
LQKOV-CU54B-KJKGC-OYLCK,None
1ZJ19-KHFSA-PKLA3-8UVP2,None
3UCTC-VX5XJ-KLJO0-VLZC4,None
K6U6H-V7GYZ-TVUYH-DVLUN,None
JDAHS-RQYXB-L58FI-ZZUEP,None
A4UGV-5LVKW-O43E1-CU74X,None
CSRK1-9BQJW-CRFLO-CPDFR,None
MGRYV-Q8UGK-DU0IX-JGNMK,None
XGM9U-8EXRP-NYF0D-BMOPY,None
3NBWU-Y3SNV-ZZBHK-8TNAI,None
KP1QC-ZV2GR-ZBHVB-WZLBL,None
V6MN8-CFQAM-E5J30-UBRF1,None
ODR6R-1QUQQ-VXUVW-AZQWF,None
BI8RR-QKKBD-2Q9GP-0TTJP,None
V1VVS-J8N1E-GYNUR-MZCPK,None
QQXCV-USOKM-RHPRU-4HUXC,None
QX1UN-AUITT-WYAEI-WKBWW,None
QJ7AW-TNPIM-0HBJ6-FUJXL,None
BM3FH-BGYEX-EAAMK-OBBGC,None
8LQVM-3NST9-KWRVM-KKXS5,None
6GQIG-IQLRG-YYXH8-XJUEE,None
CFD7F-YUTK8-ADRBR-5RKHY,None
30ZIL-XH7NP-QDKIY-0L7UB,None
VZ3YB-YLESM-NFRSG-HPEDK,None
ED0PN-ITDKR-YZP9H-JL8GG,None
9UGT3-WJQVU-POVHS-XBR7Q,None
WWGM7-UUCQ5-K6EHK-4XNB7,None
2D1WU-EVSO8-9GHX0-KPDN9,None
PXU0C-VMDOK-UGISD-GZJZU,None
8MKWN-OF7FQ-4BNS1-2S0AZ,None
UIZDZ-DPHS8-1CWE1-GQBXS,None
VELOE-CHZVA-QNLON-F4KWP,None
GXEGD-HW5EE-4XATU-TBWZF,None
N4QKM-S5YNK-HB0TG-OG3JV,None
MXM9G-IAC0H-VFVRS-IS9AI,None
3AGEN-G4YSC-S67H9-WZPKN,None
8PFBM-CTEKY-AGMCH-369EZ,None
PSIZK-JVZYE-HZLMM-PTBFN,None
2OBNV-4FQHR-EPPL2-6N6J4,None
TDMAL-VW10N-OHZAF-7BWTS,None
VP4HF-LHZXY-DCOV5-2RWKB,None
STRAO-2PEOO-4JAMU-J61SX,None
OY9CG-37Q79-QXYCJ-LLQWD,None
ZFPXZ-SGFY3-HQ1EJ-V0ACE,None
JRKCY-JBCLD-3YOG2-OGFUK,None
MTYNM-GBYVH-MRFBR-YTJSG,None
QARL2-AKDQO-2YMFF-NOEJT,None
OEEZQ-3AGNQ-NF5CM-APSK5,None
QQ2YH-5BMFY-KDMXY-UVEDM,None
J6MJT-1WG98-TBYOV-RAWSM,None
J9JAW-YYS4E-ANF7U-QDZNV,None
J6FLR-ECSLN-BOOTN-R76TF,None
H622T-JQIQ5-0YJXD-MAHZP,None
H5VSF-VXNIO-ZNBBD-IEYJ3,None
KFRIF-F4IYV-8C87T-CHQOF,None
REXMT-YZBET-997OA-DSMJ2,None
BLHYP-CTJSG-LHMOE-HWIUO,None
076AI-SPZCR-IAPKL-MMQYH,None
3HI8T-DPXVY-IBZRR-Z7QEU,None
EEKQ9-GMBFY-NV9DA-QFELN,None
ODQVI-URG5Q-4FPYP-A5UEW,None
QYXP2-EYZJH-2HI7M-ZZQEC,None
TRC2K-XJELU-TFHLO-S1B7V,None
VP8LF-EJCJY-A2W7A-WUUN4,None
KOEXJ-QYNY8-BHQDL-5NWLH,None
BKOZG-AKI2J-VVWHE-ZXXAK,None
Y9JDK-4DBZQ-JPX5Z-HSNIJ,None
HWW02-OIFZY-AUTPD-WZ0LT,None
AMPDK-4MTP1-JHQIP-8RE30,None
ISRWD-QLCIX-ADPS2-VLV8N,None
VRITE-0GSTX-Q409B-Z8WZM,None
MK1LO-8G8DE-F5L1X-DLRU3,None
MHMCY-P2QAU-UCYTM-HOTDG,None
2L4TI-UHXYM-USQ04-EGGVY,None
PN9UD-GICCU-ESZE4-4XKU2,None
KQ1DH-HKRYX-HWRMT-DWYME,None
R3OLG-KHDJJ-DQ8R3-HSWUK,None
EA9AT-X3AUA-FSZZH-6VXIS,None
YRXKD-NQWC1-UQAGN-EBCVZ,None
PUDOX-2ZS2G-SZUFM-CIK30,None
D2MNK-JXLFI-UCS9M-EJCY8,None
OPBJR-I1EVH-QJKFM-K7GNO,None
ZCHXE-IHUWW-XEJSM-GZHHL,None
HOAIU-LNCK5-4V8FH-OR1NS,None
EPMGY-FH1UR-3WVKW-MN27A,None
OKGCQ-GBDTB-AKT5S-8OKOS,None
CCA9E-BK86Z-NGVMJ-1GKM7,None
14QH2-P0NG4-APPGR-SMBYY,None
RT5SH-FJQF0-LWGLI-KU6OP,None
WJRBS-TAGLZ-WWOPQ-Y3JTR,None
EFAQD-SSBAE-ZDOXI-TPXQE,None
9BY8Y-5V8PS-1Y6UF-42JOQ,None
IUGZV-EZS0C-9ZCKO-XQ6CJ,None
C27T6-AQFZ1-3YPK4-EYWFF,None
N1RZD-UQQLI-ZORRR-AUGJF,None
RG3KL-OYQD8-WYTLK-P6MD9,None
JEPII-JXLCG-0K83U-GNYSM,None
EM6TE-MSOMD-FJGC5-QDKRL,None
IBP6N-RXJF8-6YICO-SYKFG,None
SEM3Q-AAMHL-HS0KE-SOX8A,None
5Z47Y-DVDZU-KPOTB-NJPNU,None
S5XSS-7LXMY-TWL8F-MDR5D,None
ZVJBP-SDSYY-YV1LJ-HBJZI,None
TXJAH-96SUB-DUSDM-BMQTP,None
3QZ5E-XWFYX-BCN9V-1EIMI,None
HCEBH-IEQDT-5QTZE-ADOQW,None
B63KJ-PTZTW-ZGRR9-AHZBH,None
1DYYW-CVML5-WDRR6-CBVFF,None
SLYQ0-HTSAQ-OQNHF-HWVAB,None
13P3S-PQN6Q-YXD0T-QWNOX,None
6CPGZ-7FCMP-8XMZT-L10QA,None
GY75W-NGS8C-MY2LJ-9NTN7,None
EAM52-WKOUS-E6O0V-LZUER,None
LYTEW-QKLZK-PEVOX-OFPT1,None
HX9M7-Z02W2-Y4IAE-NPKC8,None
CQNVI-XKRQL-13Y3P-A0KG8,None
JW5ZC-NQIMR-LIXZD-OYWHB,None
MKMAK-SHN7T-YMQHY-SXTXL,None
MOKIS-P3VMS-6BJNP-3F9AO,None
ICAK6-CAD2W-CCCPG-YND07,None
TY7QO-T5YXC-CRJEV-9AO4P,None
OMMHX-IF28V-DTFWA-U1HSV,None
NF5HU-PFXX1-ZFXVF-G0M3M,None
FNUFQ-9N6IV-SYCTN-LWVV2,None
LWMAU-E8TCB-VX8G0-32AJM,None
OZH2L-E9AI7-E0ICR-UYYD0,None
VUFJV-2YXF1-PKDZS-TM2SK,None
XDWMY-HVLPF-OFNLP-JYTKX,None
NCXTY-RWQ50-9ZPKH-UIR35,None
PPVWS-IQIQH-JQVZU-H7POQ,None
I8Z85-VA8QL-L0P15-G78PK,None
XRZWF-E2ZMD-TIPAC-LNTAS,None
GRYNE-IJYYP-9RKFK-AJMK8,None
ZI1SX-VPKGV-QVKLE-XCNLO,None
DQTRN-FHZYM-Y3FTV-PE4O7,None
HEUGK-8R7NI-2SDJ2-WRB1B,None
0ACQP-E61GX-VAYJM-TEECV,None
L076Z-6GOSU-A390R-CJ16U,None
W8HDU-GVITK-KSC59-O2AO9,None
QCFUB-UAOZN-ZZ5LL-IHBOX,None
NMO5B-WGBEO-PMEUI-LTZS5,None
ZKK21-CC2V5-V5XAV-KZFQG,None
GQNFD-RLSVI-FRRZP-YHP6T,None
PWWHJ-GAVT1-1XNKB-UCI5T,None
ACQFO-Z2Y1B-DMKPX-ZZSR8,None
TLJOH-FWWLS-SZIUH-PAOFF,None
UJSLA-E6HYF-CUDIA-RFZVI,None
IUS0W-47NXV-KCLMG-AGHVR,None
E229S-EXUCX-LXXJ4-DJCYY,None
ARZ16-DBBIE-KX87P-9RZM0,None
AQ0NM-INDNW-VWY3J-UKYXZ,None
SJOKX-33OUJ-VRNN0-QJAZO,None
DNWYA-HFGCF-EIHF9-GQUQC,None
KTNZI-AFKYB-HINWZ-RGHQF,None
QDEBW-2CBZS-D3XTR-NRZT0,None
TFLNS-PNU5P-OHZJI-60GQS,None
5OZPI-ZR2FM-1SMT9-CW1A0,None
ESZ9H-RSH9A-BNY99-VYKY0,None
BBIMF-MHDMZ-RCUNX-ARDHC,None
YJFM1-OOVKZ-ZWRZB-8PJIL,None
XSUY1-JOL5D-ZTGEE-TIIUU,None
EHYFB-HWTMP-498KT-1RJOO,None
Z0LCD-RIERJ-E1I0I-EUFZF,None
IUXD7-6XB2P-EGCKP-UTTG6,None
CRU7T-6DGVI-6SCOK-5HZYA,None
2GZCX-Y47RU-K4T9T-RDTOQ,None
G6OO8-IMHDB-CDPKQ-5MHYP,None
IRUYU-GHQ39-WOA4B-TNCAM,None
HIONM-J42DP-S9EDW-DVRIJ,None
BPWBP-5FPHT-664Z8-Q1S3O,None
MUER0-HT2KP-AY7UY-VAVVS,None
LUTFS-C0FIF-D9AJK-10BCN,None
YJUDX-FYPL7-WACXE-WHMGE,None
2ZCDA-WGNHY-9PLNB-0ZFCV,None
DUI46-TPYVI-HBWIU-CYKKY,None
SHKFU-G3MF7-6KIDH-UQMJQ,None
IWTB4-PFFUI-NBZYW-BTUDD,None
CZFFW-1VWCW-M7OQL-XFV48,None
W58TS-3JOP7-FXYSP-YLYIJ,None
J04P4-LVILX-4UEAG-OSVSC,None
PYVQY-DZAJK-JLG5P-ZYUBS,None
UUL3O-UBGPQ-ZW6D4-ZOM66,None
L2FTT-X6ZM3-VXQAE-F0YKQ,None
V5TNV-8LRAS-6XO49-XXQ2R,None
AAAQB-XRSQL-I8WEV-WPPZL,None
938IU-PXHF7-VLTZ0-5R8IS,None
SNFAM-PSCY3-MFM8R-VJDA3,None
YXNUD-JHY5B-8EKSB-U1RLK,None
Y2MMC-FICWJ-SFPPF-T3BRF,None
NPFL8-WYDMM-R9SVE-JCKKF,None
K9OFD-KRTAD-VK3SX-FIWNW,None
AXXRK-ZPPWF-LEN8M-HMVLW,None
QEMXC-QHONZ-2D9KR-WB74K,None
02AUU-QII7A-HSF9W-8UOHJ,None
PS76K-SLKOY-B4BEW-R74GQ,None
BK5U8-K5WMR-RZBCU-YW5PM,None
ETOBY-COMC4-UXJEI-VNXMT,None
PH9PW-QGBRI-AS6UH-7SDNO,None
HX9MG-DD9MK-IA04E-SDKAE,None
4I8FB-7AVW5-MGVBD-ZSFHU,None
VZZPD-FRI2H-Q3COO-HSRJW,None
KO5XR-IUJT9-U1UBW-FK9VA,None
8VSJ1-YKJAB-L9SMM-PEZNX,None
R9HHD-1TVOR-2Y3QM-FAFJT,None
QZKJJ-K3J1H-UL5JI-ENFAK,None
4W1M4-VKW87-LQDS7-UQT2V,None
AI40V-MF1OF-VRTVE-HVVRY,None
GTW1T-2ULQV-JL9GD-K6SQB,None
4RVQ6-WBSK7-MBJN5-DPSQ4,None
PJN7D-9351J-BUPUT-BPYGX,None
J87PL-N9DYO-HTXBE-NIGLC,None
TU0HJ-URWU9-NWTET-QHG26,None
AG1RG-8VZAP-A8D0F-CH6ZE,None
TPCDV-MXURY-8TQ6A-CHF4O,None
ELFAK-IHRVZ-LNYRD-UPHDV,None
3I5GC-QC9UR-8JNDQ-MLXTJ,None
RRAX3-9H9XJ-WOX9P-ONAQF,None
3M17S-ZPEMS-OUIDC-DQ9KG,None
ZAE0H-9V0SX-SZD9B-CFDQK,None
UKP2Q-S2BX3-3LCCS-GZG6S,None
5YIBO-FNGCP-GA4UF-JS8UN,None
9SUGO-1JX1V-BSAMS-XXZNP,None
JGQFT-TF5RK-5Y2CX-W9SI8,None
AO1XQ-ZD6DQ-9RBBY-NBLY4,None
C7AU5-GNVBA-QX1XD-9VNQU,None
ZVSBC-RV2GT-CLWI5-D3QKA,None
B7SWQ-AXC9B-JILNR-ROU2C,None
FMTZV-IYIED-GN81Y-JZ6ST,None
DRC9M-IPKPN-403ZS-XSIE6,None
XUXDY-GJI5Y-07UIU-QVFFI,None
28CH4-6DW2H-QDODI-LVMUC,None
PYHGB-D2FVZ-HX5HK-JQ52J,None
HFL74-MA3OF-DXMD1-NJPIL,None
5PET8-OUOKV-NERIA-DAELV,None
9AIMW-KKC9W-INMRB-BRSEW,None
5KLCG-6GAZL-BWVQN-Q8FTR,None
GR61L-FRVSH-RWAH7-JMZ5N,None
HLBMI-9Z1XH-PJWDA-LKYLV,None