serial_key,activation_key
GKFMT-IMFRA-JHM4T-C6UJ5,None
1BV5T-MWKPO-CZLOT-BS5WU,None
PRJSZ-ZK2OI-LUM2P-DBGO3,None
FUHVR-PUMTF-JY9Q9-MCGOS,None
AFMXU-MGPJJ-ZSX9H-NUTTO,None
ZIZWA-FIJAV-QWSSX-Q6XPN,None
KZ7JV-J9JR3-1PGHB-SMBY9,None
SZEWG-DUDYV-NTBHR-BQPWG,None
MKMRT-HRD1O-QPXU7-2OTZC,None
WWQ6Z-DUG03-UPRKG-BPV9V,None
MTLBH-EHGLV-SUDJM-FWOVC,None
UNXLF-HWQXS-4PVO8-CJAKV,None
QAJ6I-3XGUY-I5F4J-TSFM0,None
7ZVSI-WLDAE-RWJL3-SKGFJ,None
GEDY4-OYSTI-FC7GE-5KELB,None
CYT6C-WUABG-S6X8U-XWEO8,None
GXSOV-XZEIH-ARDVJ-8W7XZ,None
FZXA9-MGJTJ-VA7TL-ZVYVT,None
WIWNS-SJWMW-0ELB6-CGQDH,None
11CUJ-F5Q4W-PJTEY-NERX3,None
DPH28-1IHJJ-UJXDO-2TYJ4,None
CZOKN-B4QE5-G43E8-R4FKR,None
1FJRM-QWQQ6-GGBWY-ECNIT,None
37QNP-8ZYWJ-G6EXD-YF2WY,None
STIYO-R7J2H-LRHOC-BXY3T,None
SDPCI-9VRAT-ARJX2-SJNK3,None
WAXYK-8GGDR-WJ3BS-RCU7C,None
P0HLV-9ASZ6-ZUEVV-OPDGZ,None
QZXQ3-BQWD9-3HLCQ-MJXI2,None
ROIFV-CKBQD-DBJXO-VICJG,None
IXNKR-AV8AN-4Z1PM-O465M,None
W53AN-2M4CD-SE3HV-LXEBF,None
V8KO7-DYCBA-HTZ8H-TPIAK,None
PTYI7-1LD4G-OTT6A-NBBNS,None
M64OX-9V9QL-QYKVE-ENZLS,None
PJREW-MS8OP-609GZ-VIZWG,None
K8TJV-3EIRU-1GD1L-NLXB4,None
HIV8Z-B3RBT-RGT9J-KQLY6,None
QW0Y3-BC5CE-S6RZU-QDWKF,None
J5EY0-3LTMQ-ZAQH0-NONDV,None
R8MBC-2V7QO-QQMYI-QVMGR,None
BVV4Y-HBK9C-AGECW-DTI4V,None
ER4LO-W1WB1-AXHTU-OOFN4,None
10MEC-ELR3Q-A0MZC-WJCTB,None
1DOMP-PNXPX-BZT4O-G7LCT,None
UXLSI-IVZQP-FX77P-ZZCX8,None
4UZJW-ZXWGR-XHBU4-GYFTF,None
SIKYL-XXPJP-T2535-EQDBK,None
3X6TG-UYCNM-Q3YII-TVHBY,None
BYY7P-QQYFJ-MULYS-KIOS9,None
FRX78-PEDBK-DV5PZ-9LNEJ,None
YLFR2-SUJK3-PPXDQ-GIWU8,None
TGNPM-J43K8-Q3KFA-4NQ3B,None
K6P4H-VBNKT-LJVC7-JKP1Z,None
FER1Z-HQLEO-6ETWP-NOTLZ,None
CYBDA-FQSOJ-9WPHF-Y851E,None
C6T1Z-AAJCJ-JDMNW-JYJBC,None
QRZIB-17M2U-YDUK6-SXFPB,None
DC0RJ-NQC8F-GVD1X-BBJGG,None
5OSHD-QM1V7-YBGXG-ZNTBO,None
GTNMA-J5POC-LIPYY-2MNUC,None
63XS3-3FVGO-18BZP-5G4XU,None
D1AB5-ZW8SQ-SHC8V-R59CM,None
VDBEJ-EHTLD-QCTC0-TQZRW,None
LQKGD-QVDRT-6ZERQ-4UWRM,None
O4I8S-A6GMR-KOOTK-7IMM2,None
BPT3W-CCERA-04C2G-MWYPY,None
Q8S70-MFE0I-OYZJK-CRSHH,None
GKRQZ-LZW6W-TPSJQ-JXDIF,None
E1BDN-G42GG-HNLCM-ZNTII,None
GF8NX-SLE9I-555AQ-41OXM,None
LZALF-LRIQ4-XRRYB-QGZX5,None
LKVJU-XS6DM-J0DDI-YHJBD,None
PDBBQ-BBV6A-DK0H9-PD3EO,None
JX5QF-54AUH-LWGFM-PU6IT,None
0BDEK-WGH1M-XFWE7-MSKPV,None
LDJJZ-PLZFN-HPB28-4N8IJ,None
I7GXI-REWVH-59L7J-OLMZH,None
BCYHL-FOXDL-HAUV0-T5UB2,None
O2YOB-2DFUP-N6ZCX-DOWJO,None
DWPTW-F4PZA-SC6AW-D80PR,None
SC613-SUTW3-XBMSV-NZDIY,None
7FFS0-HPDAL-HG4AS-KCX7M,None
RCBX3-INXDY-AZXLX-JELJG,None
FTJSR-XHTCC-V6OS4-EAQCK,None
J9M0S-VUW3T-A8KNO-IWQHV,None
OOQZI-XOEHG-4FH3D-JVTWW,None
U1LIL-PDABU-OB2FL-AHQIX,None
MTBYJ-HVM6D-ANCIR-VOTJ4,None
SR6BD-K87WB-C9TFC-VFQP4,None
EUING-CCTLC-LP15J-Z22C1,None
PFKJP-ELBAM-2J8TN-ROTDT,None
IXGXJ-3AEDC-XMZXT-TICKL,None
EIXYQ-IDPUK-RKXFU-U50RW,None
63L61-R4ECL-KXAUJ-EWKSB,None
V2UKW-B9LPL-V4AQM-5IZR9,None
JTYCQ-1IBRN-48FTV-SJLEN,None
QWTJO-NKOVV-FQEPZ-YPC2J,None
AQCBR-9WWG3-1IV8B-HJ7IB,None
M5S6U-UEIBH-G4QAE-WNUHW,None