serial_key,activation_key
0G9HS-T6M8H-THMPC-CNMRP,None
1FQZE-M7PKI-SUTHD-8HI6L,None
YWHLV-DUEQV-OWQ1R-YARIA,None
V01OG-B8EUU-YNRBT-GUGK2,None
AQ5F3-IJGVW-PGCDV-KVLSM,None
M8RXL-XIQGY-WUX4X-SDPUE,None
WOXC6-0RPT2-VYIUE-QVAFB,None
M1BEH-DBPFP-Y3VDQ-ZRL7M,None
48IWV-A999Q-PSK1V-LLENS,None
B5ERJ-VEMP7-V0NQI-4HJSJ,None
HJQH1-REJHZ-SJMOW-YPU0P,None
AHS72-INW3R-MXCCE-RQP8U,None
K6VSN-P3CRL-D0ZY1-ENHMX,None
R8NMD-OC7ZA-TDHPS-HC76W,None
HO483-Q3UTZ-UKS2T-GCCLA,None
UKRHQ-RXMVO-XUCL1-GSMRN,None
H9PKJ-SEUCC-N8IC1-BPWBA,None
AZSM6-5DJCB-EOPUG-TGJBZ,None
ZSKEO-XGEYL-DB7I3-MU48C,None
K1HC6-UYZLB-VZQM9-AVLNE,None
E4SNA-3U5RO-XE1OS-OHF8W,None
OGPNY-8HECT-ZNGHE-BGQOW,None
MCQFA-FLZHY-JAPCF-HLLGW,None
TNNND-SPYAS-BEAEX-UHAOU,None
5SO95-T30X3-0A5UE-C4J3N,None
HEMMT-IUQDA-2ZJCP-5WXU3,None
HCRUK-2ER8I-S5OYU-15UY4,None
NYQU8-OYXZE-UHNE4-NFAKQ,None
ZLKON-3JZBG-L2EWM-IQ9BM,None
DRIEY-GQP8T-TDL4H-WD54T,None
NO3W2-PZAQR-EGBV0-JY4JX,None
MCWID-UQ3CH-OVD9F-RNGCU,None
FRGDQ-CQI2G-BNPSF-4FVR4,None
THC4M-BMAWQ-OTTDB-1VYY1,None
ZF4WR-KAS1B-YAFMW-WEQOQ,None
CCKAV-IKWUE-J7TGO-0FUJV,None
TFFZK-CPQ1F-ABQX8-4SZKA,None
BKEGR-AFKPP-B75JH-VCDXJ,None
AIRM9-UHIRA-VGFZN-WUABI,None
TGNGY-TXSP6-LHXQJ-CGUTZ,None
Q0A82-8ZEXX-C7UWO-GAIJH,None
OE1QN-AHYUT-PURCJ-OZBDA,None
JZQMS-IHDQL-RWC7D-SZNZV,None
2HREY-QVNTX-DD1MG-WGTLJ,None
WMKNP-ESOAX-ZPMCR-F5SPT,None
LNYM6-QFZD5-THTE6-NPFKG,None
99FMY-KSLRI-AXCSV-JAD0R,None
6HOXP-JJSGS-JBY2L-AMJSB,None
MFRLL-DDZ6N-SWFEG-LNSWN,None
XOGKR-E4REV-WUQBP-DLISD,None
S9YT0-9P32K-D0FHP-WQWGP,None
TT8M6-ARWY0-IHD0Z-ZAP2S,None
LID0X-ZYJS8-ECU93-RJHB1,None
ZTUG7-WHW1W-KDNHX-XTQO2,None
P4IDX-PFOIM-6YB3E-BY7SK,None
DOWA4-UZ3FZ-VZ7PW-5RNV9,None
Y9WWN-D0UTQ-ZWZAF-1ERIN,None
VBTVO-VCWHP-PSN6H-FNETZ,None
ZE6LH-LSFYX-JJWKY-B4QHY,None
TZKCJ-B5KI9-D6SM0-SKQB7,None
1WP7J-7193D-QFHKF-MPJHK,None
UFLMD-J8M2J-FW0SG-VJ64L,None
1DL1Z-SOCI2-1W0ZG-NUAPS,None
DXZ8F-89OXU-JSMM6-E6KYE,None
9K0JH-V41BP-M51GX-TTHOW,None
RXZXO-TWUUQ-5GOTY-SBSXD,None
WVGZ9-PXVYL-P6LRK-LBRNC,None
B88MD-NUOOF-3KLCD-4BK53,None
CPLQS-SMVFE-RMFQ9-EQ4MP,None
UHJMU-ZEEPG-V3NXG-LTC9Q,None
XXXNG-RHMKZ-7IFET-UNRM6,None
L8XAB-BJWO3-DMECD-4MI4B,None
J2ESM-CVAAC-VVE20-STJIY,None
HA43E-QDAYO-ZH6D8-IAWL8,None
TXRQS-YG2VP-X0ZTD-JRJRE,None
TRRQI-ER7VR-W2I5V-LJZD8,None
TBWNE-SE3JN-V1TOZ-0HDIS,None
LKFI2-RNE8M-UEKL8-P6J1O,None
QUXBV-LDD6N-0YCND-NRFHA,None
T48UK-ICWLV-6J2ZN-UV2NE,None
GXMJI-BY7RX-Z0ZXU-ADHYP,None
DZOR5-OA0XI-WDIAP-JOGXD,None
UNAWM-NQDGZ-HIRTM-IJ0HP,None
JVRG8-OHQUT-CCWZD-T2OFU,None
BKXXT-CMARP-QLZWJ-VUOFJ,None
FNYJL-GXA7H-EDA1B-XM4BU,None
5QL1S-WR8JR-W830N-SKJNQ,None
6NAFM-AHWSS-M5VCN-MUKIW,None
HLIKI-TNPWB-PTH0E-9ESEK,None
P4QXC-COWFE-27PWY-GZKSW,None
QVW9I-IEVSA-XXPAJ-BHJDP,None
O5B4J-AYVTL-VIAKP-Z8ZSX,None
KWWEF-VYME8-IDQZ1-C1AIW,None
GQVW0-5P9D7-RKNSU-DQ0VU,None
4Z1S5-5IEG8-LE5Z1-M3KAD,None
A5KRV-QG1JQ-7ZMCZ-KQZXO,None
RG0QJ-DEUOC-FELM7-HW6U0,None
R0ZDM-HWWGM-3M2ND-CUHTG,None
LHUCK-WB9LU-KB7VV-WXUBB,None
NIVIL-IFYGJ-ZEPRN-RDAU5,None