serial_key,activation_key
XK4XI-XRCQZ-9KSAM-DMH7N,None
9XP9F-NY5HH-CGBRM-HSUJT,None
R3JMI-ISFTH-R3DCC-8CJTL,None
XLXK9-XJOR0-RQXK2-PX4WE,None
QVD3B-VFSWO-LKRHK-YEQHA,None
BZEDR-DMDQH-B9MS2-KXDZX,None
DMPPX-HRZCV-IIDYO-AZWTO,None
XUUGB-K7AIM-NC2ZC-YSZNM,None
KZV2U-SANOW-K8FTA-GCWWY,None
JHEEO-0UUKE-LSEO3-0NO9L,None
AJDMN-FU03F-TZWNR-TE4B2,None
OR1LQ-YAUCS-SCTJG-MMIJ8,None
YN2NH-POYHG-8U25Q-FMBVZ,None
MRUFM-7FJKO-6MBHS-CGRTN,None
AR50T-JEQ0Z-A957M-349NM,None
LVNTP-XLVQL-E9KNS-V0BXR,None
NW3IO-GTQMB-CSK4D-UMDDP,None
SJCVU-X135R-9GTCP-UZKE7,None
8UVWF-N9BKC-ZSEG6-RAJ57,None
RGSCL-D72A3-P3HPP-N4Q3F,None
G1JBW-UNBAR-HGR2H-VAXSR,None
SJ9VK-TN7IO-PBLOJ-Z1SEF,None
VBN9D-SWVKD-9V7RZ-CRSQB,None
TNLAJ-RPCP0-0XSMG-DILJN,None
XPNAZ-TE8EK-TFFXN-U33NZ,None
ATSZV-KZ53J-ZT66R-3TTR1,None
XSZZI-CM4TM-WRLFT-81FBZ,None
GAR9N-CNNHJ-4M3NF-JJLQQ,None
PNB4W-JGWFO-V13JD-VCU0Q,None
UODVP-NAYGN-3WO9Y-CGNFO,None
40LRM-WWMDT-ECOZW-8JEJK,None
4XPWU-SPXBD-RNWJ2-LP2XP,None
ZMTWW-YDV4R-XZIZR-YMD0J,None
TGYZK-JY8W0-YV5VG-GII8J,None
KY6PO-DPHIY-PGYVM-YSGJD,None
1MRPW-BGIQG-QLXFN-MDEYG,None
STAMW-966PI-EPCCI-EU0EI,None
0TGWC-JH9ZN-GFJCG-TDJRR,None
XLXI9-YD2JJ-3KYZE-DYVPS,None
OA1FT-WDNLK-TK86H-8UI9C,None
H97XA-URBRW-UWQQR-ZMPX1,None
YHFIC-IA9J7-VIWHU-JKLNQ,None
JQQGF-4USDB-HUXU5-EJY97,None
49LVZ-A4AFN-KHBE4-QX4PM,None
NW2WZ-FLPJU-E5TK1-28648,None
NGOSM-AD1AI-0UGLQ-HRSHF,None
MQS7J-514AQ-IWHBV-GTGQM,None
ME3LU-CM5LP-SVVFV-2O8ER,None
JWGDK-2RX5X-XOUO6-OIFDI,None
YHMOE-YF1OS-KGPKZ-RAHVQ,None
MNI5X-A64OZ-RLXPR-SCUV0,None
P2XU9-RTKGX-354PK-QJTCK,None
EKTEI-5RISE-WX8TQ-4QQIN,None
YXRJ8-D1XUP-WDWC2-GIEJA,None
R37DA-DAJVI-KMLLM-IX92C,None
S2NUW-XFHTN-GHFTS-6W186,None
LQJDJ-BFW4R-LMBRF-OKL8A,None
H5AM6-KPEVL-RWPYY-I6KHW,None
AHFN4-IIB99-RYBQH-84AKL,None
QQAOZ-JFESO-6TB6K-6UD7X,None
JYW71-WLSBA-YWPT3-KEKIU,None
KFG4D-CPEYN-PZKNF-NQ9TU,None
NHFNM-ZKRTC-WFSVT-EGIIN,None
P0MNN-EWAOE-QSKQZ-HLMXX,None
RTFFV-ZOTVQ-REI3C-0FXNE,None
Z6S7Z-QFVM1-AN7EY-FA9TN,None
YHTFL-LJHSW-FO7TQ-ACH4U,None
XJPCO-JVZIJ-UX99K-KLD36,None
QSJ5Y-GWVGS-ATT9P-DSAFS,None
9OHJT-KV6IV-FJMME-U5VNT,None
03C0T-DODAB-QYSF0-60NMO,None
0EYEB-9PYA1-NLX9C-ZYORB,None
XJW9L-ZGPEH-FFL99-BMFAM,None
YOFPI-YDAKV-O4Y5M-WY8PQ,None
UGKFZ-TQF5A-BPVH2-O5U9T,None
J1JPS-YAOVW-5HHNV-XPYJY,None
789JP-NEP6T-45JDM-K9X38,None
28P7P-UAZR6-0VKIM-FRPN3,None
BEUGY-YSZQU-AMDZ7-QVLHL,None
PV3HC-XWCMR-9TYXB-MGSUX,None
4OBKL-FMCBG-BQQDO-0XWC5,None
JTC2W-R1YZQ-CIQXJ-6JTJ5,None
NX6R1-UMKXO-ROXL2-N1U0A,None
1SAON-WHIJW-JB9JQ-YHPAG,None
EGSIW-DVCSA-5Q3RB-BSBJE,None
NYIDB-R5Y9J-8OV23-XEOTK,None
PKA5N-CTJIR-DLZMC-IB6TT,None
QOXWF-YPYSX-2IMVO-A2FNN,None
IHP8G-4ZSNM-AD0IX-H8SMP,None
EDNR3-Q4NPL-ONKGJ-29Y1O,None
H9ISA-VI63K-JRKPN-BZEHI,None
RW5XX-RTL21-JRUNS-TFGMR,None
UYL28-PFLUJ-UOWJL-3FEPR,None
UKKK2-SYOTI-HKUQV-V7AWY,None
XTZUK-UYTQJ-JKPFS-66GDT,None
OJYLD-SUMTO-PEH1V-AERJF,None
FYJK3-ZK2TJ-A1LIS-W3IHQ,None
ZR6V4-XVTW6-XXZFM-XPPRO,None
RUP0X-738A9-BEF7O-PFZTG,None
YABNZ-HCA2Z-5CWWH-FTZLY,None