serial_key,activation_key
FPTAS-NZR6J-WNIBP-QFBGK,None
ABBJN-BSEQU-HO3WG-VZERW,None
ML7IW-0YW6V-DILWV-VJCUB,None
PZE4S-QDBQC-PLCRR-WEFDW,None
GWX9N-AMTNL-RYD6C-AMGPT,None
NXAZM-XPQCB-YDWCE-AK7MJ,None
UMC16-CUS7L-6UEJ0-AFLVZ,None
YVVHH-ZLWLI-FJIOS-LYUKA,None
2PLFC-NPH2Q-MSBDX-T1MZZ,None
JECUC-DMNM6-JDBGF-GMZAQ,None
VWY7L-AZQEC-IL8VX-JDMTE,None
K97GS-ESQDY-TOP8J-PRYCQ,None
G4ADC-I6XFY-TYMNI-GNORP,None
Q4UTA-HCWGL-OFVYW-FH3VL,None
VYZPA-5VS4N-QDACM-4VIIR,None
3F5UF-DULYD-BYWTA-LRZDO,None
HYWRF-VJQDP-5G8AX-ZRWP2,None
XC0CD-SZWAK-U00QU-IOGPQ,None
9PKAZ-NTTI8-OXD6V-ZMA34,None
TL4BY-ZHSRN-SFQMP-XTS6R,None
UY7NP-9I0I8-CTSK7-8LZND,None
YTQO2-AGX0Y-JVRPQ-0RHL9,None
CDJPF-UCBPS-GYFP2-DRVE6,None
G3WNP-L88G4-MQEXA-2KQS2,None
KRTAZ-UXWTL-50JOB-XON6P,None
OSW70-DAJNN-KQWJD-CSMFC,None
GAGC1-FAJVZ-LFF4Z-1V4H0,None
PHOV6-FB7OE-QRJFR-MXZHB,None
56FNL-K1N4N-VTMTA-NGZE0,None
3BKGZ-PJJYX-ZBLNS-YNZRF,None
CGGWN-KMWIG-7FUS8-C5Q2A,None
J9XWE-ML2BI-UXOAD-W7HU4,None
EKVBZ-GYQEE-IEGK6-QZYRK,None
5Z5BU-UOWQ3-VFEB1-7P5SI,None
ZZHUL-4RPAJ-5HEVD-DCCJ7,None
FKNZJ-BCUIJ-058FY-IJUKF,None
TMBBT-RLVME-KQLCL-OFMOM,None
FLC9E-3JEEJ-YVHO7-9TARQ,None
MCVGG-EQXPW-HXGVM-2V3TG,None
M2VZI-DRIFF-4HRDW-JUSVJ,None
VPGZO-LF0UK-JU0IJ-MNSJJ,None
JBZ4V-N8WBU-49LSF-H3NZO,None
KTMMA-M3LZX-UIE3N-SNSOY,None
PHJMV-GFS8Z-EJCY3-50OQU,None
CSDQT-2KYEJ-QW6LY-CJGHU,None
UMKNC-CZWO5-RYBXG-FYBFF,None
QH3HI-TSSNG-0ESS1-WZKY0,None
00TCM-FHDZL-A8UHP-SCKP1,None
XER7A-QT1CQ-BFEFD-LS5PG,None
YCIVZ-VHQKS-FSXLZ-EZCTU,None
9V8VK-WWVYZ-1EOSX-UQQTT,None
QEGIS-E6KJ7-MQA5B-KOQXY,None
I7OXD-0QIQL-WKZZP-BP3GI,None
2PYYF-TFE2X-LFV0T-KN0IX,None
62GPU-3PMH9-TZWFK-4PH5S,None
NQJ67-QETGL-VH8EJ-7PYY5,None
HJU6Y-WIQCQ-VB55W-TASIQ,None
IHAY3-0YOBA-URBJK-LE87Z,None
I4QUU-1QJB7-AUQAM-U87TR,None
QHWJA-RCOOY-DF8H7-EWSZJ,None
RWIWX-OX5EB-1UC8S-AHIEY,None
D1H6L-2QGEK-B3KBS-DEKII,None
WN2NM-ABZKJ-6ZSUQ-3QTLA,None
GNTR1-ZXNSM-UAXBM-7EKGC,None
MR7LU-EWQZL-GD7P2-YGXFW,None
U4NVO-BTTTR-C7YXL-Y41OE,None
NJ7FC-BIKUO-QTSNX-UAOVV,None
BNWB5-RAFTR-PEIAJ-58O6L,None
TFTR6-CJZEB-IVUHV-UQDTC,None
NDJ4I-MXH8J-3N57R-03R0X,None
CGPM5-VRZUD-J5PJQ-0LY7U,None
D2XTV-SO94S-KTEQ0-KPUHW,None
HEQUG-5KOCN-PIKJE-P9OF4,None
PPN4R-NVPM9-AMBQD-PPCIS,None
ZHZVT-H6MZU-REGE4-HPLJR,None
ND8VT-FGS7F-B810P-PQMGB,None
1GH82-FQ098-4NEOO-ZIT70,None
EVBWZ-OSP3K-CXCGB-TN0YH,None
A91QO-PIRKF-R8Q4Y-ELFCI,None
GI9UZ-JNHXI-Q8D5R-BNWIK,None
JYQMK-8ZDNG-4PDFU-EDRBF,None
BYCXQ-4ZQ8U-REKYP-MIZW5,None
JQ9U8-1AVVI-O8VXQ-TRVW9,None
SNWEA-PUPGD-DMCXG-MI1D9,None
YG3AY-ECUXZ-I1XAS-QJCWO,None
CM3EO-XYRAF-4DNKS-KU1FM,None
24UNB-1V2LF-SKH0C-IEFTY,None
B9MGW-SL7RI-W9EGJ-UMI69,None
PMJTN-JZJRG-VKY9U-59L37,None
TTPAF-AKP5L-UJVWU-L2ZJ0,None
R4IXA-HU1CB-A4QAI-X50YX,None
606VG-PE53Y-2CIB8-N4OZW,None
AMUM2-YS1DO-S6EPV-C10D1,None
EJJ2D-VCLQH-BOLMP-K6KS6,None
L1RVQ-OVGI8-UYKNL-47JLZ,None
S0Q3R-8LBEQ-KO0HF-GRN88,None
FFGZO-TXCOP-ZMOVB-EWXLG,None
HH805-RZCMD-6BAKQ-E2ZRW,None
FQUDZ-LXDLV-5QWSP-P2I2F,None
F36J2-WTUYZ-HP8SH-AN1NM,None