serial_key,activation_key
C1ZJ5-JDLKW-UFH01-TSMXZ,None
4A2MD-ADMRO-UH6JJ-MSLYW,None
QOFSO-3M4FQ-7DZP0-RMRDN,None
WWMS7-ZJKI5-QGNBT-AF9OI,None
JR7ER-5LCGS-RBJXQ-STHMN,None
FFMBP-JRIMW-HUZHQ-I9ERQ,None
4NP7S-NPLQR-IFSS3-JHEWN,None
OO1J5-NCXNF-REIJK-1G3AD,None
JE1UE-TD7GG-FCJQM-RMN97,None
14GHZ-WBEPY-JTH2Y-DPMEH,None
BXJXT-QZE7X-TSRDZ-ONKRD,None
61KY8-EOYY1-BY9CL-6ZCG1,None
Q1CYN-Y9U2P-BAWDR-XXALF,None
S0T4N-BXSUW-KYOS8-LKM8A,None
AFPCM-8JT7N-QLZUN-JOYP3,None
MJXVH-V7PPY-KNN4G-9GHG7,None
2GEDF-4ELMI-DXODA-FQ7HK,None
3JSYA-UMAAG-U658Z-OK8IV,None
E1IQ7-F6QKZ-XGZIF-3VUZG,None
TRHI1-JP5KB-VZADA-OA55N,None
SYDRM-Q9IO3-4Y0RL-JUEYK,None
LZMTW-6NHQN-QN95T-ULQR2,None
S4ABO-OJ9XW-TW5CV-IMKWT,None
NRJFF-4XEKZ-V5HYL-7GLVA,None
LPCXU-THYY4-UQLYI-YRLGR,None
XY8DD-8DHPY-6SWXO-R8FBC,None
QS1SE-YNYDM-NVLKZ-M1KKY,None
BLNEC-NDKQZ-MRFX2-G5OLH,None
JCPIM-RTVYZ-K0KSP-HGQP4,None
NJOWW-FAJCY-LBF8C-WNV5G,None
2ZJCG-AKFJI-O1CHW-VU7ZD,None
SYNTG-4OUK2-NJIDL-4HQEL,None
1N1MD-AQVSG-2GRLC-IEUXO,None
7DI7Y-DNEJL-TB4WM-NNSH0,None
UAA9A-AFLX7-I5I8M-YFRVL,None
AJDCJ-W3OCK-NCR5P-WPXDC,None
B7EGH-MWTJW-XPLEX-OFOQY,None
RD4WR-TG8QE-INFFG-EWHPD,None
LP21J-VQ7WW-7RLLS-NAWIL,None
RUL91-DU9I7-KNWPJ-G9C9H,None
6ASKI-ITLME-MDYUA-5BLO7,None
WUHGT-HEUON-EEMJQ-I2I5Y,None
LXOLJ-6AGCL-RLEYO-BUPHC,None
IS3I8-YONRN-RBVA6-L1F6U,None
XIKQJ-FN03U-JB0GF-VG3OU,None
BYNKN-Q2PIT-Z8EIB-YANQ7,None
DGUKG-95BU0-QRSDU-AKIQZ,None
Q9WUS-Z7NU4-IAUKB-GNXM3,None
D4Q6N-G3VP6-MX0CM-QRM0J,None
GHJWP-WBYWO-S0UFK-I06G5,None
NPCCH-S8TUV-RJAOR-KBQTJ,None
13HDB-EASW1-SM8D9-WNPJZ,None
RDDUA-KQQOK-ISX94-OGGMK,None
YUYV1-6ERAI-NXFMH-360AD,None
7VIIM-BAI48-TWEGC-EXHJY,None
CS43S-G2FXS-PMN8Q-BKS5S,None
URUET-BHOUN-CT4QE-GROGR,None
TCNIS-9MDH2-RKASO-IFBMV,None
KOWIK-JWWRD-E0QMH-7NTAY,None
EJ9FK-V6P0P-0VIQD-FZKOW,None
WJI3D-PUC1F-8THVL-SVNLG,None
Q5HSJ-SSTS1-56YCU-YYLU4,None
1QLFG-UZJCH-XH4QC-2F1OP,None
KEWTV-10BAD-IW3SG-LWCMQ,None
9LKIY-EJ5CB-QYZYE-BHZ9V,None
LG4SQ-R6TIT-77VOM-LPWRS,None
QF6TV-VH9K9-JAFH2-WWGIW,None
2VTRC-T2IJZ-D43ZG-PNAKI,None
IYQCP-FJKH5-DUGPA-BIU5V,None
OTYO9-6ACSK-XEFKM-V3EUS,None
J8VEJ-SB46W-FDR0C-FJZE3,None
ZF560-9MAJZ-VQSGL-M3LAY,None
USPXN-HYMLY-OLUMC-JEQFS,None
FVDLA-81KXB-I0IMA-BRMSZ,None
GUIJK-DK573-QIPHU-FW9Q8,None
QLNEO-ILJNN-SHYAU-4WZLU,None
ELOKT-UX2VZ-OPQ0T-I7GPB,None
LKP1H-LEM9W-5HQWB-IYVYW,None
MLHFY-R41YN-NDF5N-9IUUA,None
PINJA-LQO81-UWDSF-2RLI7,None
T7YB7-DTZJE-JUEVS-GTQMX,None
DJOQZ-EGDGW-DTIGC-WXQD8,None
BHHXE-T5T3S-6DGGZ-DV1KO,None
HCJOT-RWKAR-ODWEO-BNWMZ,None
SHWIO-MXK9G-IRKY1-A0C7U,None
VVCJ8-YIU9O-AJRW8-F1MZB,None
IKDX1-KP8XM-EQGNB-26YV4,None
1J6LX-62PEJ-I9OZR-TEN6W,None
ICQ8Q-LEASL-GMXG5-FYXRE,None
CDWVC-MXJR9-KTWFD-MTNZZ,None
QO4Z4-3YZXF-IXBGT-QXVVJ,None
MY1PX-VZWOU-G3LWA-OXUO6,None
GTQX2-HVR5A-DS87B-DCBA3,None
PTBNE-7RTSX-P9HNX-BQ8VE,None
XDQTM-U9PI7-XFDB1-QAYVX,None
0IRCR-KDO6Q-8ISFC-MJKT6,None
LUW5I-I2XK2-56FE2-U9YNL,None
GNA8R-092BT-43AWZ-Y2TJC,None
ZRJRZ-TDK8W-UBZWR-YN0GM,None
PJ7TK-DRPGH-X1SC1-PP5EX,None