serial_key,activation_key
WY2XE-FJ6LC-FFSM1-OKRHI,None
FNROU-X2VL0-X79CB-BKGLT,None
VDBEN-GFPUQ-PURM9-WHS8T,None
O6BLK-14ATZ-QLIDM-N91CK,None
0RYRX-DYBBD-CYBHS-3OSWK,None
JHBNU-2DLZ1-XBPQZ-UHGA0,None
P38YR-K6OIL-H0DDR-XEEQE,None
ALB9U-WFMKQ-TODVU-KFHWW,None
FB9UQ-3TNDJ-2D03J-XQK9V,None
KLHCY-KNXDJ-ZKYWV-S3I6C,None
KYEU5-18VMO-Y13HJ-UADZ0,None
8OWSR-S5FRN-A6Q7O-PYFU4,None
GPVRR-6OFPK-XZURL-INPRN,None
FAUAN-GLNMD-FJYTE-ZM0VM,None
KWZQ2-LHYXF-FWQ46-HJ9BS,None
D0XPS-44XBL-A6RKS-1ERXX,None
W3J62-0DNQS-L9HWL-VP4X3,None
IKWEH-ZKGMF-3ZVLW-8S5QB,None
BQJ97-HUIZX-UDDXB-JT5DS,None
O535R-6DX5K-GRPOG-Y4WDM,None
9ELPX-SOZBD-92NCL-1KR0Z,None
NCBMU-R5ZSG-WBVQF-8YLJM,None
QZMB1-LCROI-SHCSP-FFDYD,None
51GM8-ZW0JP-STC7B-AEA5D,None
AK7Z1-D3VSQ-SXAGK-GWAEP,None
BNSZY-QQ6RU-J32AO-5FIYI,None
KA7GQ-DEIQG-F5618-ECFRP,None
YBVPZ-3IWZ4-UOLKQ-F4UVV,None
SPWI1-DTWUJ-6HS7Z-ISL0X,None
LGK5D-GB2OE-6DSUV-2UE8D,None
SI9CB-N7FCX-MU5HA-IKBOU,None
MU4DV-HV5UQ-W9WLJ-TTYLS,None
J4IFD-XJ3ID-JZ3ML-M7R2Y,None
GRQTH-NNURA-C56U9-VCF0W,None
ORUXC-QEBNW-UHYJW-LAHY3,None
ZIIQV-KP9GB-VUJ2J-2L9ML,None
PSCUX-ZV7DU-H8YHB-YAVT8,None
SZULZ-RYN0W-H7WXU-RIWSD,None
V35WM-4BZXI-JUAAC-TJZ4A,None
VVWUP-A8IFS-PJL8L-XAKMK,None
UVHT6-HSTGG-IRHDU-CU6Z6,None
FV2X0-HIN06-O2MMZ-KEFJI,None
MQOZN-N8KC9-7NLYP-VEUBV,None
JL4QM-X8WM4-NEDGC-0TZU3,None
LW0HF-P77TW-ZCCHP-VXSJX,None
2KPMD-PZUEU-Q7EJD-VYRFE,None
PQATE-8HBDP-FJRRR-ACV5Q,None
KYJWZ-WZV1R-CP5XR-UMPUR,None
VFCMJ-QOBEF-528BO-3D4RQ,None
NJ6LZ-TZDEZ-SBMXR-TDFHI,None
LH1VE-MXX7J-EPIIQ-MDPLY,None
WDAJM-CBRX6-JRIIQ-ISUWT,None
USJ1C-PEPC2-YVHHC-AYYVP,None
GMIUS-KGQBP-YPR5U-PJ6BS,None
OO31D-YAIXM-MSD9E-24NVK,None
TVBIV-HVBGA-GYFAK-IIJ4U,None
ZQBAE-ISRRQ-RWGIR-KM7XX,None
XQRY8-VBWUQ-7GGEA-UZ4MF,None
DICHK-DWCA2-ARWCQ-OCOIK,None
MHRU8-VQ9N6-3BQK4-DDKOI,None
OWGUF-6F3VD-BJMU9-JS5YG,None
VV1GB-XTHSO-AACJA-DVKUX,None
LGKTH-XL4JD-WTV9Q-6ZW6F,None
J2TWQ-DY7I9-8LQXP-HKS6J,None
X0EUV-MNGRK-S9LIL-BXC8Z,None
IKGDH-HOO3B-NXESE-EQLEF,None
NT2IK-OIECI-PHAZZ-2RG0P,None
YT5NY-QAMRY-4OSGE-EZTGO,None
DF1XL-R1N7Q-PY3QU-W0AIV,None
VHUHL-9XRFV-PDI28-NMDXG,None
DZCOQ-P9REU-O71RS-MQBOD,None
E8KPK-C76UC-HNTBZ-NO99J,None
H0GL5-A0AGA-2IXKM-6O32P,None
XXZOD-YFRDY-QXYXS-BINW5,None
OW1W0-QANPJ-6R5DV-YBYDI,None
9K8XF-SHOXN-EHI4A-0G8L2,None
SSZXY-M8NEB-URROV-ZLA9B,None
TFUVY-IVXB2-HLHGY-W2WUM,None
LPV8R-AJSZX-KJL1W-ME4DO,None
UARDG-Z2SO6-JRVNU-93KIV,None
P95BC-ZTJHI-YYJKQ-X775U,None
MARVO-BDJDZ-KGDFZ-CGZJO,None
WNFVC-A2US8-RRDVB-JDRZV,None
2FJFK-IJOOV-WFQCR-GAZLX,None
UUVJA-TRDC5-XZCL8-9GY5C,None
NHKCD-0O8JR-IJK06-HJGLZ,None
CPK7F-XECPN-XIL0L-I2CLJ,None
SEE1Q-NCIXZ-IK8KA-R2HQW,None
5TNLW-NBLKC-7XEEV-QLJZV,None
XVBR4-VIUW3-BAUV4-9DB7G,None
7VUAH-GADB4-8G5PJ-RHM7X,None
IEXJF-MTZZD-4SANW-Z9C0C,None
J8TZP-UMXMF-W9NQ3-2DEBV,None
PQJCG-BYPT6-HZJ8W-IOAT8,None
IK4CZ-VWKTL-BNOFH-JLQC6,None
ZD81V-8TTVW-X2YPG-E8TCH,None
DXVER-VKXZZ-KGU8P-HKLQC,None
3TFYV-QWDIZ-9RD4V-EKDZ6,None
X5H5V-PHPYT-GOOPY-VZGYF,None
3K6HI-VUAV4-HRPDF-WG9UB,None