serial_key,activation_key
QCKDO-GC9N9-N4XES-WWP4R,None
QBSWH-1EACA-I8KQA-CMNYC,None
K55JJ-JLLFD-QBIYF-9XBYV,None
1CZ70-WRD08-CXDM6-PT98E,None
Z8P1N-8LCNO-VH54Y-ZII2G,None
VGTSZ-S8JQ4-SITDJ-AKEUO,None
AVVIH-OQCJ3-LJG7T-PGGB7,None
FF9JN-FAO0J-TA3P5-NWQUK,None
CBVZH-1GPPJ-HOOWZ-Y55TR,None
1POYC-OMWAF-MCDB1-KT06V,None
GEEDX-4WWU7-ECAPV-OZJLS,None
RUIDD-AYDDW-SJZYC-MFY2A,None
8VLOT-LBZM2-2ZDRS-W8HXE,None
XBGBZ-OLDBA-T4Y97-BXW5Z,None
KTO5D-MW1OX-IYFIA-FNKRC,None
B1BJB-DUDDL-DPRHG-CIUGU,None
CYYSJ-ZETCX-54YLM-ZSPJA,None
HFJWS-Z1AH3-YV0YK-4MULA,None
Z4PQ5-W9DYD-09X9X-EMFZ1,None
RA9VX-VU9W2-K3SPU-IN11V,None
5GTNC-DOPTK-H32HI-KH4YB,None
ZUGD9-5NZ00-HS59V-YMKBL,None
RUHDG-JQL0O-NI0A4-HEUSJ,None
8GJLC-JSWSG-4AWNA-LFFKK,None
WFTEW-LIHF1-ZN2AN-S46U7,None
2MYT0-PQA3F-BWLOH-LJCJT,None
PAUB2-3T55O-QIFNC-EYNGI,None
8WT3O-YZFON-60AAV-MMPQE,None
OTQRB-YLYSQ-OW7QS-DVWYR,None
T1ADH-OOSY2-ETRHG-QAYRX,None
4JAXL-PUL7P-YRINH-BGTYU,None
DZSEH-DIVNR-YZZNA-ZFBAY,None
1EIMH-JK4EO-J4WQI-SS3GT,None
LEC1E-GZVJA-JSJPT-SWDNE,None
C26XE-U3NTH-DQDSJ-RPTWQ,None
H2DDG-CYZGY-N6VXS-4BTMG,None
ODRSW-DNUFM-L4AMK-UOCMR,None
PRHVZ-DEVMF-NOHFK-REIHX,None
NVREJ-VYKZZ-J1YHX-TNX26,None
WDU28-H5QKK-UEYJD-ADDDO,None
9YBR1-H2JUU-6NRLQ-YNGOW,None
NJFUU-BIRKN-Q250M-CSNSH,None
CCWAI-4QATD-Y5EW1-YUNWF,None
LPI7L-WSA8F-5SBTO-06JDN,None
8R36R-4VAVN-N9NWJ-IZ95A,None
EERC8-IPQIV-L224K-Q3FQO,None
AEGXM-SOMTA-TLOC5-VS8UR,None
JPU4W-8VOTG-YH7V6-KLIES,None
NV1ZO-FKMUR-5VIRJ-XE0JH,None
UXA9H-ZEXNL-9LHA0-6SMDJ,None
0YIJE-AC99K-E2V9K-YCW4Q,None
12KU5-JUFZE-R8W0O-LMWZE,None
FOMKM-3UQ4X-E7RAV-U0INN,None
GJUCY-F42F7-UZU9W-E35V9,None
FIECT-VXDFS-1TF8Z-T5GOS,None
WIFWV-EEZUN-3WSFT-NQD10,None
HWRV6-N0ZMW-UA5KP-F3ZO1,None
89CBH-TM2BG-CG42A-19HZY,None
JIQK3-OFTE6-OCDE5-PXDKY,None
SDU3R-CKOQN-FDCAG-MZZMK,None
CEQRV-OGKCY-HI9UB-ITRYL,None
TVMEU-SBXVF-HCIZI-57LNA,None
W2SB5-E7UWM-LWUV4-BPYCU,None
ORKZR-TUQ8F-Z289A-MF9XU,None
O7JXE-MPSHZ-COMYY-GZOWQ,None
SUK8P-YR8QA-VRVZU-IXPKT,None
ZHUD0-TOF7P-DN3OE-AL1VR,None
EGYMS-GUDZQ-ZQN3A-3PLYQ,None
EGTAU-BBWWZ-MJQDV-IOWKY,None
GFEAH-DQ5OX-E5FVY-GXBYA,None
BR35I-0QGTW-JK0YS-OBTOX,None
9TIEL-UUVFX-NP27L-STLQW,None
RR5WM-DSB5F-R8QIP-DRIUC,None
BENLF-CXI52-AJ6FM-HWNY0,None
45HIV-2EH2Y-HXMI5-6OGFB,None
GRB2O-ZDEP1-URA91-1UBZI,None
WTM2K-DNMXS-JQLR4-HR597,None
AFC5D-U1AY9-HWIYN-BK3WX,None
VEWOK-EBSPA-LUZYO-2XDGV,None
J9O4Z-EJAQV-DGUP5-W6H9M,None
WV48O-GEAWH-Z1TN9-E5IJK,None
D6J6W-D1GGE-O2RD9-VM5NV,None
FMWLB-TAOH8-DAHXP-YUR7X,None
DVRBB-HNUOY-JD9GZ-XND1F,None
J0C8T-SF0GY-PSX5S-VALCN,None
HKTOA-J6B6Q-RJ01X-BOOOM,None
WYUNT-RGTFE-YR2UD-W4RLT,None
EVCKF-VG8PE-IOBLX-CZDFJ,None
KKKST-LQSFE-7UHFU-0NPA8,None
FHS3N-PGSSL-JVAO4-LHFCG,None
MARQ0-QPPIU-OLJG7-JEJYA,None
Y0AW1-W58TG-SPICA-FUL4N,None
7HCVE-2QRRS-D6MYB-ZZJ5Y,None
I3MV3-J7NJX-UWEEM-O0WJB,None
VR8SU-FDS0B-ZEVTW-G7ADC,None
J9IWD-5EMKP-W3KRS-BCDFN,None
A4JTE-WSZ1Q-HUCNE-TEJIF,None
VFXI7-NYYD4-VNQ0G-ACV2Z,None
1YEBA-VGS7O-YRPUW-V5QKZ,None
YSVIN-PWWGU-R8YQ0-GN6UP,None