serial_key,activation_key
D8TCJ-SBC45-LNWEA-HY0TU,None
SK0MJ-KKIG8-GZ4KY-ODMOZ,None
H9FYH-MMR8T-A8PX4-9B5J6,None
K7PE5-IIZMQ-SBUDU-4H5E2,None
AHHSQ-VGUEP-AV5DK-5PKLJ,None
YBPU8-V5NIG-EPLMI-D5A7P,None
K6H4C-AYL5U-W4TIA-MGVGE,None
JXVXI-9NG2B-CNS1Z-VBG1H,None
LJQKV-LTEQK-SM9QF-EKGF8,None
HDJOW-0ZPGS-UGAIA-6SGIJ,None
CCMZV-BKUTE-PLAD8-WE6TV,None
IMEZK-GFQA9-SNEHU-B7KJ9,None
TIHON-FPHQV-6EAKF-EQRFL,None
SWNUQ-PWA8Q-AO1QB-N5HW8,None
6A8DJ-LGFQ3-CCYIN-XMF0K,None
PIXUS-CXAWC-GBFWW-TTOU5,None
AUTFC-ZU7P1-V4OHF-YONPZ,None
EV8KI-HYEYE-BPO3X-5BKY7,None
LFSMO-ASXYM-JLYBD-UKYWG,None
YG1G2-VMQGZ-ONPPV-YWCP8,None
OWN3T-DQIWJ-0IJBB-K9VZJ,None
DW2OM-OD2YX-UCMQJ-7WOY6,None
HHZWB-GYPE7-TX1QW-TNHSK,None
PXMTI-PNVJI-HD37R-2NFK1,None
USIVW-JGLHO-WJ10U-KHEMR,None
V5FB1-R0TQF-Q1KDS-AGMDK,None
QEUZI-NKPJT-CWNQ6-1ANH5,None
A1WPN-7UK9E-C2I37-9MJYX,None
WGVUS-OAMAL-TA8JN-X4SOU,None
W5CRP-SHXNO-V5Z0L-5NLZX,None
TKRVZ-BEENX-UUMDM-6H5D0,None
MV6YQ-O7BC7-WBIFA-QRHZF,None
KBX7E-0ZNG3-0SOUZ-ML6FG,None
Q0KDG-XCYJP-TXH1K-CQHHP,None
05CLC-3ZVPH-8MQ8A-HNSOP,None
37DBX-GNUOJ-BOY67-XAF3U,None
CLU8R-GVOYR-MNLE3-M9MZW,None
7FCRP-WNLVY-4PP1K-YXVIL,None
RKCCW-PQ9FP-EYRXU-CNQ4V,None
P09ZM-YFEGT-EAFTV-GT8W0,None
ZLKGV-JSKMR-7BKXK-WQXRS,None
YXAX6-2TWVB-PNIGS-BPYZK,None
9YHBC-BABWM-VO0WH-OEULB,None
HXHDZ-PD9NV-GYLNT-2VYKR,None
EQKW7-QZRF9-LAENN-N63MP,None
KJTMW-MPHP9-MYR6Q-TTZ8W,None
VOTIL-KGKUP-S6EOK-3XKIF,None
XBKFY-8BSZZ-X7TSM-F9WU4,None
LHGLM-MQ9HM-IOBI3-EEUMN,None
JKIMM-E7AIB-26QCE-MATZ9,None
LTZKY-KHEFZ-4VYDX-IOE3F,None
A0KZ2-A4SUW-NAXSZ-Q632I,None
PJZLW-WHJGA-5H1AW-8ZWQJ,None
PIYVB-ZTFGQ-XJ0G4-ADH6D,None
LCXVD-DCNTN-ESEON-LONMR,None
CZNIG-JUS0V-QP2OG-BSGJC,None
LYPUK-2JZ2L-C63CI-QGBZO,None
3RBWP-JKFZW-9126V-TOUSH,None
EIPSC-MOCNG-MJNWT-V9LSH,None
T0DOJ-WVT0J-DPYEK-LSSGS,None
JTJ3R-CJ5QN-JNZFO-BCQVM,None
WQT5O-HVK83-I25BZ-RGZDX,None
Q8KD9-LLMQA-HRDU4-RIL4F,None
O1M6O-BMBSP-IIGTQ-HNHWQ,None
PDHXJ-AUNNH-MA4GW-WNRMO,None
YU5FY-AHRGP-74S6F-CGTSF,None
GDL4P-EEKZZ-TVM4J-FI3M8,None
5IQ49-PSGFG-I2BRK-LJ53I,None
PBJY4-497MY-ZVLF3-UASWM,None
V3GWL-K06SI-EOGR5-I3KX0,None
BBNOS-AAQMW-F4E1L-N59QQ,None
XPXVE-SZBVT-LUZZE-W0HQT,None
W453Q-OLAAG-8ES4X-BZEH8,None
HXHD0-NPLTR-QSLM7-KYTWY,None
GPIZA-GU7FP-ZUV0P-VKIBF,None
T71BG-PKH2K-XCZHC-ETCZS,None
J7TRO-S2C2A-GGN9V-WQ4NK,None
SQ0NS-TMWY1-HUSDO-H3OJF,None
GUPHO-TVFMD-NEVM5-WZOO6,None
G0ICS-FUZE7-OKDP3-EZBDY,None
2OXXE-365B3-F8VYO-Q660S,None
FBGCC-GMMMZ-3GEEH-TS7CC,None
HVU6U-QHYLG-OR3UY-RIFWL,None
9DKUJ-8V30J-BK4LI-QBVO4,None
IW9XC-CKODW-VNBPP-VOSCZ,None
DULT3-6SMNT-KHSGO-VRLZK,None
RM34Y-VTNOA-NEDUG-CYYHZ,None
YKUBO-EBJT5-H5ESF-C43KM,None
HPR1W-OWFZE-QBREI-MIGRO,None
4FDXB-EFK6A-UTEYH-ISQEA,None
LJPJZ-00MDF-P0GQR-WDPHF,None
QFIUF-A02C2-FWY0V-ZTNYX,None
92IYJ-MXFZH-9GPU2-20IYE,None
YYGMA-DCCJO-FCY6B-VLY2W,None
KE5ZH-YDIR3-VPJAT-WM8EH,None
XPWFS-VDLW7-DESHC-80NIC,None
WZVUG-NPMKY-QUOTH-GMHAF,None
AMSWS-EFXBI-BTDLW-TMSVZ,None
EHIVU-MMBMO-MAQOC-WKJF5,None
A7JAS-5MPQ0-7CPKY-CUVY7,None