serial_key,activation_key
K6B1F-FJBGP-3CKYO-8LUNW,None
JQQTS-BUIDF-WFO6X-NUE3F,None
TWUSB-PO99L-SZJ1S-KDC4Z,None
MXSBT-TOCBS-2DSRX-SAHSP,None
BBDWI-OCQLA-RBZDE-ZHVKI,None
ENBVB-ADFGF-W7LV2-CYSLW,None
NA7BC-N6YHH-BLNEC-LAIRE,None
SCXLP-H211N-00VWD-W1XOP,None
DWBTG-RNZJF-CABZW-SC0GK,None
E7UIF-TI1RM-EY0N6-CWQ5F,None
MVBVD-Z96FS-ACMZQ-JZBN0,None
32QEI-DMYNQ-U9QTH-BO6SZ,None
NAEDN-PNJD1-T5A3U-72JHC,None
PRDWB-QMBWN-MQKME-GPKCH,None
NJASK-QSOSF-0CYR1-T4XM7,None
NGQI5-D90GK-99SKG-NB192,None
BZZWB-7KFE2-KAGIJ-IXTJV,None
EBTUA-TE5HB-S5KER-Z69RZ,None
CTOLA-MSRS0-IDTRZ-RJ9VD,None
QODUO-UNZKJ-9HHOU-JY7IE,None
HUFKC-CWIUI-DIA2O-HSFKN,None
FUKW8-JZY9E-EKV2U-LRHAH,None
PMYKW-NWUX8-WSEMT-MOLJO,None
XDODP-YCRBU-MV178-HD6KL,None
UEDFW-YOZMX-QOJT9-BCXMW,None
85FFB-HJKDC-TJTR5-QZF6X,None
LTP14-F3UJ4-OUKJN-8NZEX,None
QRNNO-R2CPP-PDQSF-1CEOS,None
SGXJD-MBUGO-R8J1Y-QDDUT,None
PZVB7-5WS9R-NEMZX-NQ7XL,None
MHONQ-JN0WQ-KPEMC-RLZIS,None
7OI0P-0F4AL-HKH7V-NNMHZ,None
BPL4S-CMQEV-TUI7Q-AOBWL,None
8YQYJ-Z4PLL-AAVXA-6XQV3,None
IXBL4-MLSWZ-JY54D-RKZCM,None
ZCK4J-OFRRD-F3BAZ-UBF20,None
9O4GX-URXUA-NPGPK-P6FDG,None
IBN1A-2KLD1-BY4PN-IQKZL,None
325P7-3REK0-PI103-MGZUC,None
J9VHN-VUG5N-BS7P7-DVVJQ,None
JTWEY-RPWNL-FH1HG-RWCK7,None
TEHLL-ERU6R-DN3CL-UB3BA,None
4HYO1-VCBT0-ZGFKG-NOQNM,None
6FJ3O-J4DVM-DSI9M-JH8BV,None
8HKUK-ZNMHS-UPC4B-CMVKV,None
MARHF-CYHQO-9BXTO-FVTP1,None
ZLTV6-LTIJU-UAUMZ-KU9QH,None
XY0KZ-YEWBN-HPOY2-7H0KI,None
DHLHD-BMWSM-LUH4M-ZB3NY,None
IQ9SW-BDEB9-KZFLW-SDVQG,None
ND3YS-RARYK-Y5D6J-YDFHM,None
RFTR3-EWNBX-FPNSZ-BVQY4,None
7YZZO-MTSUW-M7AWX-Z5WXQ,None
UMENR-D9V0H-Y7HZJ-33MD2,None
REEJS-2ELZ4-RCVFX-VL4NX,None
YI3Y2-RY8C9-6ZC9Q-HB8F7,None
BOAGQ-ATUYG-EW75D-VA0UV,None
MIYYX-5VKTR-DIIIW-POSKV,None
PVFCV-XBZBM-A9JK2-ZUZ1E,None
LP53O-YOW8Q-TKXKT-QQUZY,None
APNEM-SZ7CY-G0DDK-9HDYF,None
GV4EY-QD8NG-OAYLJ-XZJC0,None
QVTFT-YPCPF-OMTLL-TNVI1,None
GIEQ5-3AM3D-0WBJN-DBSO0,None
F21RP-TFD0V-2RKTI-OI4WS,None
TA7YL-LIJ5Y-GJUN6-1ZGUF,None
TSXN1-TBN0G-HQEGA-WK9HL,None
SLNJV-0QQWD-OPQN7-0VDBG,None
SJICG-UVV2M-AX0RD-PHZPY,None
LBQXB-5EADJ-ZU34R-DY9QG,None
FQOCE-DYJZ9-5I7CH-NSS9Y,None
JMWUQ-IL17J-LFBYH-8NJL4,None
WSTGO-EMJIT-E7XHX-WOZCG,None
NNWDX-DBXYY-PS9QD-SI3OA,None
U8VGC-SMAS4-DNDZP-VUDG2,None
4QUTB-GMAKX-EG1IW-3KBHR,None
MMSK3-WNXC2-SEYW6-BFL4G,None
C0ZIH-EWBDE-9OJUR-XVFOI,None
GVHPG-HFDCA-DJNLN-71YXC,None
26RPH-CHBJB-GHN0W-KJ3CA,None
EHODS-N5XUQ-JLHVW-XNBWG,None
N0NMP-TYSPQ-TIZ0M-UDJC6,None
B9TDJ-SNWPJ-LO1PA-KQY12,None
UYSPZ-D3UJF-USKHA-BB1Y7,None
4I0QY-XNCST-GDJEE-SM0FU,None
DY3Q7-9BTB7-QBAGP-24SVH,None
8XYDZ-PPFHH-EGAB5-RJLES,None
IL5KJ-YL3HY-CVARU-NCD3P,None
ABVJN-8B9KU-I5KSB-ZJRWJ,None
CSOWP-GFIRX-MENQZ-SLDYT,None
K3WMQ-01EQA-Y6JGY-5JFTX,None
QCR8R-IY3TK-FNJBP-OQMA9,None
G8FUY-9S5BR-ZLLTR-EKDEK,None
0WH0F-4XIVE-L3T0L-RNPJ8,None
LYXD1-QOJGO-UGI5A-T4TGL,None
DA2GG-USCJB-YSKQO-JVFU0,None
8POHO-CQPVZ-JS4T1-0WMNM,None
JXQPV-15IJP-NC55Y-TVHHE,None
HHZE6-R3Q0L-CUAZS-TQIDE,None
GBJGJ-DGSR0-GW612-FSAZU,None