serial_key,activation_key
TZNDZ-VJ3GB-J7CQK-TUFNZ,None
XUZEH-CJ2S1-RRBV0-CQY6Y,None
7SZI3-AMYL2-JYSZP-TENCH,None
LTCKP-12WRS-EJG0P-QWOZ5,None
M2QUB-ZSH4K-OKXRT-3T6XX,None
LLAYI-XNBIO-1UTTA-EMUNK,None
X2GJW-EKLJ4-GXUDO-6H4QG,None
QPAAG-1YE9I-4LS4B-7O51L,None
DTECJ-OUQMV-BMURC-5VKAO,None
IKZVC-CL8MO-YQXGR-PS9RA,None
4ZXTX-63OKX-0J9RX-EFXR0,None
DY3H9-WBCT5-SLDDG-BAJ6T,None
ZDTGY-LY9GE-OOYGU-SKHWW,None
V4NPX-HTEYN-RAMKP-VOMOZ,None
QD1GF-KFBEO-EBIZD-F8U8G,None
EOSWC-25M2S-AHUW9-7I6QC,None
MIVBW-34TXX-Z8QWD-CUQMH,None
7DV3K-S2G05-VIT3J-LQXJZ,None
NPCVV-OPKYX-TE8E7-TSYKT,None
XQH3Q-DSLVM-LGS3R-ZRTMZ,None
75L21-ZMEOM-L5RDI-2CCA5,None
21T0M-MBEML-KAME2-SM33B,None
UK6OG-MOZKW-AXHRA-CWRGM,None
YPWFJ-JCDOD-CZDDG-KZS60,None
URRTR-NJF8E-4UH0L-BOY6R,None
QKT6B-XRLSE-TQBEW-BJNCN,None
RSWMI-LRJHH-E4CBV-HAYRF,None
FYKAH-OHV4F-GO98Y-CGMX1,None
WADAV-2YVP4-ZTCMA-WWECZ,None
EF3CI-YISTK-JHW1K-DJ0GN,None
A03D4-V46CH-UBHNC-0ULVS,None
VTTLR-SJSAI-NXV7R-2REVY,None
O6HEU-WNX0C-JZ7NS-FIRKP,None
KTCW0-WQAMT-OHBIT-ZSXTG,None
9BM9Y-YLSX0-PWGBI-MDXWM,None
HF9BO-GAKZP-DYLPK-B4QTL,None
USYR2-PENUM-STNY0-BABGK,None
CIEGU-K3GJQ-YFTUX-USY4M,None
MMZN3-8GL9I-L7MMJ-ME9P5,None
YQQQ4-F7JSR-YYBQV-JNX0H,None
TNFIF-K2NKT-O7175-J3XFG,None
LZ02F-CXMIJ-HDCUF-GXTJ6,None
1OLEG-CF7WS-PVUFY-QJAW1,None
EOADU-XSQTJ-A2LAH-TPHP1,None
WINPS-ZC0P2-SWPPX-PH20K,None
DDCU1-BHVLW-UBI6S-9G2NF,None
B6LRO-ER1FF-ZEFVT-DDUD0,None
XMVAP-W9JDZ-GUPNQ-CVV9O,None
WHHTL-5FVMD-PRZ1W-A8HJX,None
9RKSD-NOYVF-NQDXC-QMQLN,None
ILXU3-SEPGK-PSZJT-YJRFB,None
FKWXX-LPQ4F-WD3JE-BDT4K,None
APEDW-UCKON-UEMFT-VDFOQ,None
5HT2E-91T5V-FUBUP-88GLZ,None
GAYSW-MPSMR-OJ6MT-ARMII,None
8A1NV-5NIKK-SMUGD-ROTQB,None
ETSN6-LQIBR-I2AEQ-GCKAB,None
C82WG-T4OWZ-JATHA-RSDF0,None
LRKBV-ZBCDI-2NSKB-0Y6HV,None
WCFWP-NOL1O-RUIPT-XI8DZ,None
MOGYT-JN7WP-A8AVM-7RSZO,None
VCVBT-IO6MG-GLBJK-PTI9I,None
BYGM4-E6UNC-AP816-Q2UVW,None
RJAKM-UPMMP-8YJPZ-ITH6Q,None
2QNKX-4G2FR-2T3FS-6OUEW,None
KC0GC-NC2QM-8OILF-NUXGC,None
MMKD0-SOMQW-7DNU7-A7ADB,None
3KILG-XSQQF-A50A1-VPOQU,None
VA6J0-6YFXF-HILSJ-KSVSK,None
YUJU6-ITHNF-J6NL0-WYBQH,None
3GIWA-JGIG5-EI7X1-1DYW1,None
SHE3E-UMYY5-VLMYV-UXP2E,None
WEE2P-L7XQP-SSRCH-74AVB,None
KHXBW-SQUCV-SPWFT-H1CTA,None
JRTHL-613IG-BJC7G-IJ9QP,None
CTIPP-G1PKF-2ZLXE-MAHL9,None
EWTGW-JIML1-NGREZ-YUT5W,None
VSCDB-YW0BH-KHSKP-VHDDQ,None
G1II1-UC6YH-PEPQZ-PTVBK,None
D4BBO-YOZGE-BPZ6H-KWROG,None
HD8YJ-OTJC2-PXDM8-1Z09E,None
QO7J3-L3NHI-98HSX-4MPQG,None
MI2ZD-5GAXX-E7WUI-MABW6,None
1B80H-QJTPI-OFO3J-AM9UJ,None
1BTIB-6J2EF-5VDKO-DKK1G,None
5NFXS-A0SKX-0I4PZ-WFMGZ,None
D7JPE-KBVKJ-ESGJT-JIKZF,None
5QBIH-XAYNQ-ZBWZS-C6QJK,None
Y3LAH-HQAR2-KZ240-ZT2K6,None
H3KB9-7WZDU-C6AFE-I9Z7V,None
1NWLO-TUTQU-S1BTN-KOQ0D,None
DCFVM-OGZ9Q-ETN8F-KRESD,None
2KARN-HDAHM-WU0DM-WSSB3,None
LXUBW-IPSQB-RT4SL-UAS6F,None
U1D7N-0DUHR-MFC7M-L1VMQ,None
NZLF6-JL8RG-VDKD5-VZDBP,None
1FNVU-LFPFM-BGHWN-YCYCP,None
GRQIJ-YLSRZ-RXBEW-FBY7C,None
2CSNM-J71XF-RYCUD-9MV1M,None
QWYNL-QRCUC-2PTJY-UHYPF,None
GLFL7-ZWTBW-EEWZZ-DX3Q7,None
SDQYX-GA1C5-KCPVE-2ECMZ,None
SEDF1-R5VQ9-8XBUP-SZVPH,None
G1PJD-3PZZG-H5N1G-NLFTF,None
CLYBY-PPGVE-LO6FL-V69QL,None
KWLJU-FZQSX-ZDQQU-OSUGR,None
KEBWV-JCOJN-GXY3S-JUSIM,None
54WLR-8XFTF-OKHIA-JTCRE,None
7HY4N-TU0AL-JWUUY-XRQV4,None
GAYHT-QVUCL-HL2SK-E3SJQ,None
0PZJ3-KIMC0-RZORD-CP5PA,None
JTYJA-AJIDF-LBKTC-8LP8K,None
KQ57H-OZ5VB-03NVL-KHX1Z,None
RAM16-4WMQK-DTZPD-XXFRP,None
BNKSF-YM2B4-WAPG0-AHXSO,None
B8FTR-MUCQB-JRX6O-BRZS4,None
PVO6S-AKCFG-RHC7S-8SZUC,None
NNHDS-C4RYE-LN6DQ-N4RO6,None
JN9RH-G47HK-RJ0FR-EO72N,None
DWDIS-NQ0OK-QAOH3-7MBK2,None
VYNPZ-4DAMN-LF3KH-UINZP,None
SKLS8-EBM1E-AMM4U-TOWMO,None
VBY6C-C3ZR6-ZGQP3-AVXD3,None
R7MPZ-GAZNC-NQ27R-CM3PH,None
OITPG-IECBM-YHMLD-JZQDV,None
4EGUU-ZPL19-XTIUY-XP0ES,None
JH0FY-HU0IO-YQWP1-HQZEO,None
QIHQC-ZVIED-4PS3G-TVFP4,None
MTEWM-S2DIS-7R4G5-PJPML,None
IOJSN-L4IUD-TLM9S-KL2TT,None
GMYVN-VGVZ9-GSQHB-XUT8J,None
4PVPB-IU3WP-CRR1I-S5XBQ,None
FQR8S-HM5MB-JXUJX-RBXXG,None
8DQ8X-BOCBA-URJAH-G9XWP,None
MLRSK-WRVKY-GPVTT-4H2Q8,None
KW91J-H8NPV-LZGQN-OK5BP,None
JY79N-GXMAN-ZWU3G-STNWS,None
JRM3C-JDDRP-05U0C-YN75M,None
NP3UO-GHWWX-GSYNF-FC4J9,None
DTHE8-FEARZ-GUYHS-ZJCIV,None
OHNBY-9ORJC-HT0WM-Y3DYX,None
GXLZA-VGVAG-ZMJF6-KWJY0,None
DF7AN-PEG9S-CILZJ-GPTGD,None
MOHHZ-09B7K-WIYJB-SRNGU,None
XGFTM-MRGRJ-RIUUY-9U0N7,None
OBGFC-SBE7D-X9TM4-LL875,None
E4AUA-AF13N-EEJFN-LEKR1,None
FU2J9-8DTZV-AJS6M-WSG75,None
OJSKA-V7ETC-S5BES-MGHMQ,None
CM3UJ-BLZA6-JK7GE-PR8XD,None
2NZ69-YDVGG-M8WOT-YEFNI,None
M275H-J3YCY-KVTLE-PNMBB,None
62HBV-FNB0R-UZ3MS-BW7WL,None
SS5R4-F0KUF-MA6ZQ-MHAWS,None
UGMMR-WA992-4YBB2-IR2BY,None
RBL6G-PHPOG-LCZS0-PAUWK,None
E51J5-KLT8I-RY6ZC-H1CHS,None
A3OHW-U07XR-K15LG-LGSNC,None
ETPV0-SNB7K-BRVAN-FASXL,None
YNPTJ-AZLIP-YE20G-KUOUF,None
JICHB-WMMWZ-FX9OR-X98X6,None
RKE26-WISK7-BOFCG-TQFLE,None
DAME5-TWWBT-GNFEI-LRXC1,None
QYK6K-9V9NF-4EFFZ-XTRL2,None
SK44G-NAJ0K-X2J3T-QHIBT,None
XKYBP-GDGP1-PPTEF-MPCAW,None
Z3KWW-DFXVG-FTTJQ-JAQCH,None
CGQLP-PQTFA-FRI4F-KOSDP,None
XOLOK-QKGRY-UEVNG-KWKMQ,None
PVNIP-HEQHY-IKQJW-GWFU1,None
OKUCO-CKLJ6-IO1R9-DNEUD,None
UHBK5-WSAWW-1CHRV-T5YPZ,None
BGZGU-IVW2X-FZNZ2-5G8KC,None
TJR5W-2QAYC-CXI9Q-VEYER,None
DTGQ0-IET12-KYBGA-RO7RP,None
K7LNF-VIH17-PAPNP-QAKFE,None
D6FKE-DEFWC-3XM4B-AKNJV,None
N67EE-FQOZS-MDJ5A-YG3F8,None
CVWYC-HX9OG-T21RV-HF8NU,None
N7SQM-8FWHX-XC4UN-ODLAD,None
MUTLG-906K0-VEBRV-LYLGH,None
XDKUJ-7SOSE-TES6D-IUPVD,None
H3FAN-PTVD9-VLCHR-RB5LX,None
WSMNF-HOYSC-J2LYA-8IQ8L,None
FNCB3-A8TLK-2VFZP-CXEPH,None
OXXVF-DIILV-TQ4JW-1WGS4,None
KBD2E-FOZO4-ADTGR-O0CK1,None
2SLAO-MWWZE-XITVE-B4CAY,None
8O59C-SIOZP-FJ8PJ-67IGS,None
AB3PP-Z5HWS-8B1D5-UK8EU,None
CCAAG-TIBHR-MVRPC-IBMPP,None
TMQHY-YNE7A-OYXNA-QMEYK,None
YSFGS-KR0WV-CF93S-W963R,None
G557L-ZGVG8-LQC7J-M7O9Y,None
VJH6F-UV4NW-OQ0Y5-JXTV7,None
DFK08-80S2R-AA48A-BIEHO,None
LSYSR-0GM4Y-VCZUM-OJMEM,None
YQWT2-IJND8-ZEU5M-HMAD2,None
OIDRO-PEKVI-ZOL8Y-RJ1MB,None
DY2XA-VZ7YG-OD2DA-LFMAI,None
WQTQV-JKJHP-L4PQ8-CTFX7,None
8BLMD-A7CZK-AEFHZ-ZH8VE,None
XPIHY-4KHY2-HAWKD-NA8AF,None
MD6QQ-DNW5G-8QUET-5QBIM,None
MO9KI-QCDVO-IDBOL-NTOGK,None
RKBFZ-AQQLA-ROSPU-GTKSP,None
ZIRLY-9MKLG-XJSDY-8NDPZ,None
AT31C-UADKE-CKA1C-6TRVH,None
FKJ8U-LHO6L-AOWKM-DL3GZ,None
T9YBR-JZKZD-OMC4S-ZRKXC,None
BTKG7-DEDVH-WFAON-MCZ5J,None
PQLQV-C9XH4-KKIDB-XTYJ4,None
8GJA0-NK9AZ-NO0XB-J86UF,None
IDGAD-1F4ZS-LU3QJ-XBJNE,None
2FWR8-KNC6X-UCAGY-EMNAG,None
RCKTJ-MFWYM-RN7VV-AMESL,None
I0SUX-YHDK6-J3IFG-VXCDD,None
XAV7G-NAUZX-OORFZ-FCNRC,None
0BNJQ-CPNZ4-AWNQD-GLNUD,None
SAHR8-YDEIG-G2R4W-WURJM,None
IHJTO-8CYZI-JMIO4-RBI4D,None
33N68-IFUIY-2PKVG-HFKFN,None
8CRXV-TANBL-8JOQ7-TWVA3,None
E17V3-NUAEP-6DISU-O8RKQ,None
NCAKL-Y55ZR-FXR1Z-ZOJIZ,None
DF8IT-OLSFZ-TGMHG-IP7KB,None
IID0E-NCMOJ-YT4N9-S2VDL,None
N3KBB-ZMQDQ-TUQ55-S2NKW,None
VGHZC-67S0X-CCBNC-5Q0QU,None
CDVGO-QUVLG-VZVLL-GQLUS,None
Q4ZTV-YSGGB-LWITY-7BGVG,None
RZJFK-PYZQP-2OUH9-JS5OZ,None
ZHWQN-TNXJG-XORS0-B11YZ,None
UMCMV-K4LW0-0PING-PB9PH,None
BNYMK-H7N3W-8LB1U-GDFFM,None
R8KQE-L6YXE-OQHYK-A2FJL,None
J9RKJ-1YRHJ-DTR62-URLB9,None
MNM38-ZI49O-90UJK-3GIGJ,None
ILDU9-VXTMS-Q0QWD-UQEAQ,None
S5XC4-EW6ZX-SPE2L-HJEXI,None
UPGUQ-HDKYG-UV4SI-BBQTT,None
CT9GB-ZW2K8-YCQNV-GFMOI,None
JRC5W-9PGUW-C4OJU-KP3PG,None
OOYNN-LOYUJ-D4GZI-CJSUN,None
DP1UN-JFGHG-NFBBD-KGLUO,None
LOFW8-FJ03V-IFVFA-PGNM7,None
DB3LB-MJ5NU-0AN4P-X2HL2,None
JBF92-01KPU-NFUR5-LVCY8,None
V4KY7-RXEKC-TLNFJ-XPPHJ,None
Z7QWN-FKLJS-CJQ8L-UGSYU,None
W8CUF-GCFWJ-EQFGW-0OJJP,None
OCSLU-BTXIW-LRZYR-M3K34,None
0MUOI-MYXOL-ZZIOZ-QHZDI,None
NRT9Q-MZ0PQ-UTWNK-MI8H5,None
MPMEQ-1MG8L-NKYUZ-9T0LT,None
VUVH5-SZLBD-K2DZM-H6WIA,None
WB9BK-7WGWD-L2I1W-WVYON,None
OSS5C-1SPNF-GBSIW-79X4F,None
MAVPH-YMTW8-AMLKM-KIAYW,None
S0P9U-THMJQ-AL1JW-5VERI,None
A7QNF-JODB4-DILU6-1HIJ6,None
UNS7N-MRGF5-XQ0EI-Z5S5N,None
GXMMJ-OZ6VM-GSDJW-IHW05,None
CBSE8-LUKXE-4YQMS-JRVLO,None
RBPRB-NOIIV-LGGQC-87OQD,None
FFZ61-REZW6-PXKRV-XC4DP,None
O8TXB-IMCGP-NGRZN-36TSB,None
TAPFB-UDSD2-MPPU6-D4B82,None
UFLA6-KHQ0N-NLD90-KM1X2,None
8KEZC-BHH8A-AUJVS-HPMSY,None
F2R6W-EF7LH-CHTHU-KLNYZ,None
7Q81V-Y8ISI-3MPJG-AG1QN,None
HYLXL-QZ3UB-GBF26-U8FZD,None
LMBST-ZY0A9-G1BAZ-PODDU,None
AHOGZ-YXCT2-XSDKV-TGHG3,None
HWGH9-PWOSL-8KFZR-QEJU9,None
YB5FP-RTVYP-ROCDO-0HBT8,None
R2VKV-USH5H-VIJDS-MRROC,None
WR9AP-WDUT6-SRAMH-5OYKB,None
0EJCX-XZ7E6-0815T-EAWNX,None
V5PSZ-GTOOU-8TGN6-ZEAUF,None
DJAAP-BUNUS-BJ9PO-ZRUEM,None
HF3NR-8FUN2-8EG8P-GB5FL,None
YKALI-QIFDN-FJX3N-700PF,None
XAAOJ-NQKW0-V0CZX-U6ELH,None
K7YUZ-EVCGG-KFFRF-OPAG6,None
9SDYG-5MDT5-LJEKA-OS7GR,None
SZ1OF-HJE7I-VA1H6-AKQ09,None
OFGI5-7JOLU-O2TRY-HUKGO,None
GZEJX-EID5Y-GRUAS-JBWRT,None
9WA0O-OBN4H-DDF9B-1EL69,None
6NTKM-WJIMN-BOEYD-RHLNI,None
YOXMK-TPTQW-O7IDP-34GRB,None
O4UV2-HAPGK-BILNC-EE4QH,None
YLIKF-YV7DY-R653X-4N7B2,None
ZLBSJ-UVMVP-VHSVY-RXPQI,None
B03E3-C6806-LSA2L-G9FBV,None
3KDZF-DO4XL-DT3J0-FMNRA,None
HRCRX-WFKBE-DLXON-5ZO5C,None
XVWBU-OCXE8-MCTF7-YYJON,None
PLPY4-KE2FR-CPDYK-JXO2Q,None
JLUND-B2BRV-NLCP0-ABF5G,None
NDGOW-3GLHK-DSH99-ZTVMV,None
7QQWS-J6L24-EXZUC-DOVJS,None
9GWPI-9QDTC-MHQDN-2UP2K,None
E4IF9-GNGJH-ADJO3-TEEAH,None
B2CTJ-8ID1K-VTP9W-WLVGR,None
18QQZ-0CFFE-6ZCK4-Y272E,None
NDT8W-ZCQXP-C1VTS-5KYI2,None
8YTUA-SRTXP-WGN4Y-2S6SD,None
ES7AB-3BYHV-PFHRA-MEGI1,None
KAIYC-CUIPY-H1OJF-SCISE,None
ZAJMX-BJCQ9-DGCVK-J5LAR,None
XWZS8-FGG6B-801IA-1QQ1Q,None
RPFQK-DCGUY-MDQGW-JQU3A,None
JKXFV-LUYC5-BFCGI-8T02B,None
D6YFY-VFQXR-MLVAR-MFI1D,None
6GMJ4-TNVQR-N21UZ-REABN,None
Q5Y0E-T4ANN-MNTP0-CS2AD,None
6OVPK-LSMNF-BG9PL-TSFYL,None
1HJOZ-4YYJF-6CACN-YZCJ5,None
OF4N3-JCG5A-YNVCJ-HLE4P,None
2QLFV-YIJEG-0UBCX-CK9JX,None
ENIKD-YDUVA-DD3GT-O7RBC,None
WKFZI-AGIPT-QYU0J-NDPUQ,None
PHWSV-CP8SB-6RFSC-0A2OG,None
7HLVA-MCFXV-WN27F-WMN9G,None
KF5HD-NT6M3-7CLJJ-NDP1M,None
ZL6NE-PCG9L-1AK4N-YGGQ3,None
ZEFBN-XEMYO-JTKGL-9QTCH,None
1JKXR-8AVXJ-EFOJN-ZDOZF,None
RCTGI-5R0UR-FZ5DE-ROS6V,None
L2KU7-URDBI-EX8GX-3NEA9,None
XBHYJ-BM5XW-DFNVB-JZ28Y,None
WTTRZ-GEUUR-7SE5R-WV1O1,None
143BL-UDUUA-IGIYR-WZKZG,None
H4XKF-GJX18-PSM9Q-QLABE,None
1ZGCG-K6YPK-JZECH-E8P77,None
AWCNJ-R1JXO-M7PTP-PJFRO,None
LWIII-JO6SD-NR3WD-Y26WU,None
KWNXX-LHYLM-RU3RO-PZCJ7,None
S1HIC-V0XVM-HNCRE-VGNPB,None
XVRA0-5K3SI-0MUUH-BWDF5,None
9KJKO-ZZCXP-VCQJT-JHYFI,None
BRYBI-XIB6M-2MGGX-SGH3G,None
VFYCQ-08SN9-5Y7XK-KWXGW,None
665TH-NRHJT-5E9FT-ZVS8O,None
OCFIL-PRY8B-SLJ49-5TAZ9,None
YWZTF-SS2H6-10D6R-SLWHR,None
YNQQD-6NTLB-SJY6N-HC1BH,None
1WEFL-3YEYA-E8SAO-1LQIG,None
TRHWN-XJHVA-JSNVU-PBC5Y,None
46II5-SIWBU-CHGHW-2ICLX,None
KM73N-VDTEJ-HFNER-9HSYU,None
A7SMG-CUU3X-QJEEK-KOVZQ,None
RAB7R-61NHN-HXDXM-5REQF,None
HDROM-WPNZV-6MRE0-7B2SF,None
JO2BE-LIZ1Z-IMCSQ-ROXOJ,None
BIIMF-RO1GV-SSHRJ-ZOYYY,None
DUCRV-J84Z0-NRF3Z-LOES6,None
TP1R1-BP07V-LOAWG-UZQC9,None
ORXLL-FHFD1-8OUTA-KSHYF,None
R3FU6-IOO4E-MEFEG-TQDM5,None
4QFPX-1M8VN-XQNEM-R13XJ,None
6CHVP-DB8VJ-AEAE5-QNLXV,None
JMCE2-YSA16-4KHGP-BNUJ6,None
EZ4HY-QKUDO-WUNZY-O746N,None
AKHTO-UZLZZ-1J5IR-GKHFM,None
5P1TW-P2UFT-BDRK5-OVWMD,None
VWUAT-LCJZ1-C38YX-P2CIO,None
5KO31-VTLFY-NYJSW-UER6E,None
0446L-FJJIF-OTSTN-ZLA1Y,None
EHV9N-J2SKK-GZNAD-HYID6,None
VYYOP-CYPBX-4DB0F-SABLR,None
PQISM-XV4ZJ-ZS85G-PCJBV,None
WCC3L-FBKDQ-UBEDB-NXRF1,None
RFDOG-L34E8-ZB3NO-VMBUL,None
4I2JZ-OSW7F-VGR7B-PY5ZV,None
CNI62-TM6SN-DXVLG-5L6ZH,None
DZENT-BKSRL-IB0ZK-HAKVC,None
1GON5-1ZCLI-9OXND-DHKTH,None
EEYRF-IB9LA-MXP6C-R63D4,None
LUR1K-JDDRX-1NZN0-TJ96Y,None
NCSHI-MGXAR-TOPQ2-1BLDE,None
UUOEO-APYIJ-AWFGD-B93L8,None
PGKOG-9Q6SR-EYJ1W-OHQKQ,None
YRZ7O-D27TU-0O0OQ-K3W1F,None
8I1VE-BZ9BG-SG2RF-RRWLX,None
4YP8T-FCY3O-P4M5O-LOSEQ,None
XKETU-XZPPU-YYRIU-DZVTP,None
XRALF-QGUBA-T7NAJ-ZP3DT,None
S6VMQ-8JDO9-US0P5-OEEDN,None
5OU4M-WKJAN-KW7TD-TZDOW,None
ECMHV-LQ0QY-AQELC-ECOUS,None
U0VIR-W1ZYT-QLBTS-Z1KKL,None
07RDW-XARRH-S6QE0-FB4MA,None
O9SIM-CBDY0-37AYO-48L7B,None
X93S2-Y7KDU-G5VWJ-L9NZI,None
V0SUP-RI9BF-AJWSJ-NI5CA,None
N6MMM-YJFJZ-R0F5O-U7U3Y,None
NKJUY-HV0OZ-BKY1Q-L5XTN,None
G7NM0-XTMZ9-20AFD-HTXGS,None
MHHE4-MUSFB-QJR3K-J9BCW,None
AXPPR-PPPCQ-O9T0T-ELKMC,None
HAFXX-LFLHB-RAJUE-A6MKP,None
AL3GK-7VIL8-MTB1T-O1A3H,None
RYEZ9-AZYJP-JQCN0-1OFXD,None
T1MPB-9IFQ3-QB1HR-GIZ9U,None
O3YY1-G7JFQ-GF65N-7MCAX,None
ZVCZV-NCJXO-TJTE0-RWXUA,None
SEHP3-TNG2Z-AUYNN-ROTUQ,None
GBJZJ-LKGHC-WY6CL-FNNR4,None
P0XF6-TUEDW-H6YYR-MLPCI,None
HVB3W-0DER1-TMP9W-S84VM,None
C3KJJ-YMGU9-F4EKK-I90EP,None
TXNM3-ZUTSY-3JTYQ-NZZGI,None
HJEEX-ED5LZ-F49ZJ-AO0E1,None
ESBYI-0U1M9-OZJWK-1SXKK,None
TXA22-G937A-RCX8D-T40ZX,None
K7JY1-GLPHH-TWP0X-D5DII,None
FLS32-LIDDV-BW2PT-OLDMC,None
M9YVJ-YZBV6-YBOZ4-2L2A8,None
IUCY7-FQ32H-EPVYW-ZSDVY,None
RWQ1F-KPLN2-79HPU-FRL0P,None
MUPXV-2BFJ2-IUQXW-AXFPS,None
8JLEQ-NSMFF-Z4OCN-ERQCF,None
HP5XH-IOCFJ-L7NOF-I3BB2,None
TRVUI-UNTVO-IBEYF-TGYLX,None
GOFQZ-TTBUG-XOCK9-ZN31A,None
XL9WD-3NZHC-X9NGX-WJ31C,None
U1X8G-AZAOH-Y3VD2-T9XGE,None
GGTXY-0OZ3V-KKRML-ZUNNL,None
DML3H-DPYKM-TY1QY-JJLSP,None
IOLNM-9V3RV-TQ8VO-MULXU,None
KFUUT-KHLBF-ZHANJ-CCDY3,None
PW8LI-3KBOI-5TLBR-80ZTN,None
VHZC9-GR6QV-TK9HM-QOY8Z,None
PGCOW-QOKJA-P7OG6-K9LXZ,None
DUXJU-RUMY6-U0XZ5-JGBGR,None
0TYNB-KD4XJ-YBQ8R-1TJFG,None
CL3JO-ISTFW-PNKM8-APLET,None
K1XKP-XOQ0W-DDCRR-NBK7Q,None
HWHIP-GFDNG-IOAKZ-OUW1R,None
XFBHT-7PUWP-V3LCM-6GN4N,None
XJNO7-XW6SL-VDC3Z-XG3SI,None
AY5B0-TYHH2-1XNGH-NKHSW,None
COYFP-4TWCL-XG1VX-KIRB6,None
OUTEK-3BVIE-IOCGQ-QJYV1,None
YHSTH-AGHSW-PJUWZ-K7Z2N,None
TJM2T-SCXBY-KNJKO-VCEAP,None
JO55G-3AQFL-ABSUL-NMDAV,None
5ARMP-OMBAG-F01RE-L58PZ,None
ROCAH-GCE6G-MLACB-CJS0G,None
TAJVI-MGBTN-H17US-XFMBJ,None
IPM6A-JJ8SL-OQEBD-90JLG,None
T9DLO-IRMYW-E3WUL-VHOZE,None
HJTCK-NL5SN-GNBWU-UWQQT,None
LG6XE-QKTFJ-NAW2P-CYXZF,None
STCBB-SUDON-UOB7J-6MCC6,None
T2OYF-UEQWY-OTTCS-GSYWC,None
ISPB2-OWRG7-D0I7S-GDJ8O,None
L5KXI-KS72L-V8YXN-QWTZH,None
SIZEU-K0MMW-QKBZ7-6YQZD,None
LAXUP-ZEURS-FC8HF-NNYIJ,None
HBYO1-JKFWJ-JUG6Z-V4CO5,None
5GI46-DSLMY-N1FGX-QERTX,None
MAU9G-1TQBC-AIFKJ-XI2AL,None
NFLQZ-UKDFW-VQYLI-IVCLB,None
ZF0CT-0SFH0-6SHFW-BAHG8,None
BILWG-KWVOV-NPEFI-VRAHX,None
V9QIH-MFCCW-FWEEF-AMTCM,None
RZEOM-IQOPH-AIWX3-AFPXU,None
0I6PJ-NENXS-T5GR2-RPWD7,None
QOEGG-ZQLIY-HS4JW-PEW2O,None
WC6P9-1DTSQ-XVAIS-JDHPD,None
ZGGBF-EEV9R-E1ALZ-SAGN6,None
CNCEE-LP1KZ-HQNF3-Y9I4Q,None
F6KNC-HIIHP-SXRPV-HN9E2,None
FXY81-IRFRZ-BK6OD-FPZJM,None
QXZLL-QSLWO-RWHHP-8PPS9,None
ZGGKW-MK7OF-D9HJQ-ZJWV3,None
53SYX-OWI0B-QP0LK-74KN8,None
JBJ2S-C3PWV-IHS3F-ZRZKD,None
3WSGJ-VGSWM-BTF3O-5SS8D,None
779WW-SVJGH-XMICZ-8G8EP,None
PI8LG-HG37T-DHZWT-PEFCA,None
JED8X-R1FKH-MOHHE-NG5XK,None
HE8L1-4GNGH-IEPV1-5OTYQ,None
0U1UF-13TPR-VCWAY-AEPUK,None
8CNYV-K9QGL-TDJEQ-LXD1Q,None
3C0HV-LLQWU-KA0RL-PXMUY,None
SNXDC-ENAF7-X7KMT-WNQST,None
PT5OG-GPIJC-X0CM6-CES20,None
93ZVJ-IUERW-BGY5F-JRULC,None
UGYTS-DHWLC-KT1OV-SJGFL,None
PARXZ-XVOFW-EHSUU-S0I4M,None
V8MGN-P8PCS-BBBVQ-X9AFM,None
8Y283-TUTFC-H1VRQ-M7MWI,None
1D0EO-EE7CV-SATBN-JD4VJ,None
GZFCS-HXUOU-7KEVR-CIMAE,None
9NAZL-83ZQJ-RAEA8-XJH8V,None
A2RZG-WVUNI-EO6RM-9MATO,None
4DDOD-JB6X1-JWUBG-OQG6C,None
B820M-JMYR7-8L14E-CPDZ3,None
K69ZE-THANB-2IKXZ-PZYHM,None
G73WS-WDR9V-V2ITN-AVMZG,None
X1JFG-WKHUE-GWRUD-6EKJQ,None
MB5GB-V33MC-EWJIJ-0DT5Y,None
AJ6EG-SXZ6P-0AXVS-R1TXM,None
ATARB-MWM4A-T5EEP-EE7OZ,None
8Z4GD-SYRKA-3EDVP-ONR6G,None
OSWJX-HOPKX-DQAI7-URJAT,None
OLTQI-QKJEJ-S1POE-ZYYXK,None
03FCC-D9AOK-9XNWW-RXU18,None
RRVWI-L3VDY-KRHCG-UF1LJ,None
FLFZL-HOLNX-QY3QC-WEX92,None
7EGSX-H9PZN-GMJPQ-YDWVX,None
JLNQ5-MF2X6-3MRFM-OAJY6,None
3SHIU-KQJWP-AXMDL-GDQJF,None
Q73O3-ORVWC-WGES7-ZOV0N,None
SL1YT-SBFXF-JBD2K-J5EOC,None
XQ3UR-2MGDR-OSCG9-6T9JN,None
WIFDU-IDTEV-9OVJE-IZ1RE,None
RNRVZ-BBP4S-ZBD5B-AV4OT,None
EXVES-XQCH4-15M2T-BWTM3,None
LXYBY-M4U27-LC6XI-48L4D,None
GSX8U-SCONW-SS4LY-F1SJ0,None
BM4PT-5LFLT-8F6Y5-RTVFK,None
HZK2X-C56QA-4IF1T-KGGLU,None
BJCRM-VWOCD-RBZQW-55JIY,None
6JB5A-RBJHE-PBCQD-VYIP9,None
CHLOM-Z5794-X4ISK-GAMUM,None
RQWAI-XG1BP-GC820-2G47S,None
6QSLB-P3ZOL-VDGBQ-IKBKJ,None
NVTFH-STL1H-Z0L5V-PTKHQ,None
DYWZ9-TABTU-6BNOI-NHSIF,None
ZVBCK-ESCJH-U7WGE-B1JQY,None
ITABF-HIJKE-PWAHP-YUH7U,None
PE4VI-PAOR6-F7VLH-QH6VY,None
8DELC-KRR0S-BXUI7-M49WZ,None
1AXIX-FITCK-IBW2K-DCSFU,None
ML8HY-IYKXD-LWOJ5-W3IWR,None
O6AAV-1P0WY-JWBZZ-XGYFY,None
MXM10-F4FKJ-HFPHB-8PYZE,None
R1JIE-PZRJ7-N7BYP-TIBIX,None
XU4KF-RJHYO-TA9SL-XJUYF,None
R7YSV-W4WAS-XN2UA-HN7U0,None
GUHHX-BPWRD-OSX2A-BUV2C,None
W9A39-OYLBD-DVJWK-H018V,None
UDZBY-CU2OH-GZXT3-NOXQ7,None
4ZEKD-T3IQI-IIJ3A-PTNUT,None
XFWTJ-KWOOF-MASTV-CBVOI,None
AD7QB-NUZT3-CF8G6-JWPU3,None
FKVYV-QOGZD-EIT8S-2DWM4,None
SPILB-ONQEU-DJJ6M-561SZ,None
BVYH9-EPCXS-BIPH1-EM7JL,None
DRMVZ-HNINJ-8PWYC-ZKCMZ,None
QRRUM-4U4AL-CWN2A-1KNSY,None
P6WMN-ZNBDP-V72DV-OM3VZ,None
5X8UD-YGPNG-FFWGO-SDTDP,None
D6GOL-CKW7D-1JGZU-AJKVU,None
UZZFW-0KN5S-VFEXU-RFCQE,None
NEEFL-AOGWN-FIRD5-UIYQO,None
QKZKX-XE8ZC-LIY8Z-9X1F7,None
RVFO7-C6QER-R6UVZ-6XA6V,None
NIUWS-R7E0I-QQFLO-IDPS0,None
HPBDI-ZREQL-VZI0J-R7LIR,None
4Q0HK-DV9K3-3664E-VYJ79,None
7R9JA-A9KON-2GVZU-Q4GX5,None
CMRGF-JK9J3-LLFUW-YHBSR,None
IHMXZ-SRJB9-FFJMW-QJTUS,None
BV6JU-3A3VX-U1D8S-FOXHV,None
IMYJZ-G1OXY-UD652-FTPSG,None
VH4GC-OWJ7H-9G3IG-DOOHU,None
DV8DK-HLRS8-50RLU-RFIGA,None
0EER7-4UGOD-BT7SG-ADIAC,None
SCY6D-ZCZEF-0FH6Z-1LUJJ,None
9C4H4-AHIIX-DR61G-GET6Y,None
4JN6B-BZTA4-SY9MI-A9NH1,None
DKXYA-MK80S-AAL8B-ORUSY,None
RHDOJ-KURSV-VU5JE-FR3TE,None
VKMJQ-EALX7-AEFBG-OIEN7,None
2JESL-IDV6T-ZLXZK-CF2O6,None
HDT9P-BEQ7W-JY4VL-L4P2R,None
CUBFS-1XSMP-JVQUJ-QYVUW,None
RL9FS-MWKDF-6G6FA-WXTEZ,None
UGT6F-QW0XV-BZSP2-B9FSO,None
TM1PN-H7HU1-YR6Q6-D2BU8,None
Z6XC1-PDBTI-FJAZS-OV4WM,None
HZ1UF-RYF4X-AKUIA-FE1NL,None
2ACJD-AH4HM-SP0YI-E5OYA,None
Z3XWA-LFPAS-W0OLN-6X5QC,None
WRSXM-9CLXH-TLZCR-IAOEB,None
ASZCN-DWQO0-V9HEX-TMCEC,None
SOSTN-5XIHD-MG5X7-BSIVV,None
JHDGY-5WJTK-CWDCD-QVFG3,None
CKFW1-CBAJC-ZHLTV-NJXJW,None
EUJGM-N5JOA-TECLI-QSNTO,None
MYN4S-B7YPZ-E2IUY-AWOZ2,None
QDK8H-1PEGA-RS8LS-NVESD,None
JKH1M-VKBUT-C66WK-WKMNQ,None
EISPB-Y09TY-EV3SM-PEUXU,None
VGO1V-6Z7IL-O0AV3-ZHWSM,None
6UIFE-J4UES-GP3PT-YMNJQ,None
DJWPQ-1JB8G-SGZW8-YJE4Q,None
XPKJN-OZSEC-K2MEN-KPZCC,None
AR9AC-AX0FL-XED0T-CEZTS,None
NJACM-UU0OM-C05MT-FPUS0,None
ZIMQ2-WUCP6-1HWGZ-X7NGA,None
MYLT8-UUPWZ-VMJAI-VAONU,None
MLB2H-RHKKH-5WO8J-KMZ6U,None
AFGWD-Q6IKL-Z9XFL-VVEIX,None
NKGH5-O3QDY-SVIJG-XSX6F,None
KWTEF-656LZ-6FEMK-4EOTW,None
GYGX5-WUQLC-CIBBU-LLVEG,None
0NAL5-UDCMB-WGAC5-KHYMC,None
3GTRA-JU1UR-UGB5W-ZWSEP,None
VWEIK-JDVNO-NVDYD-PG4WQ,None
YDRWA-BVYFL-MJ2O2-YKVWI,None
E2S6J-TEXNM-HBPZE-2WAFL,None
ROTBS-7DUXY-WOLWY-BLYWI,None
HRJHA-7J8BD-2VSG5-9WJ4U,None
4YMA1-PDXJZ-OJUDC-JQZCH,None
LINDN-GO8MO-MRVZ0-MQBMU,None
ZOCHM-LZPV0-CLZSB-TO2QW,None
XQKRR-BLIWG-JOXOO-AZOQZ,None
EW8TX-Y7PJB-DOMSD-JKJO9,None
9UKMZ-EXPLU-RB3P3-EG5XW,None
HIPVP-A2VSC-TZSCU-YOLTQ,None
BZEDX-BKYGZ-AJWO0-BSOS5,None
SS55N-6XZF8-QSF0B-QXOPO,None
2RSRA-5YT8P-SBYRR-YVCJN,None
0MROG-SMCAA-V8YQM-OJMP7,None
RFBZ2-ZCOKZ-ONCNM-CXIET,None
B1YDT-MOSVG-UKQT1-E3KQM,None
5ZYB7-QN4UL-DEK6W-H9QU2,None
AQ9E8-BAY8V-CD8MA-VDHAH,None
J6Y6S-CKBC7-DDKZS-GQBHR,None
1WIVR-QHJLD-EOYQ8-98PBZ,None
VX1Y6-FBV9V-6UJKJ-SDZQL,None
ZQW4J-MDFVT-YXO3C-LGECF,None
LOXOF-6HGYB-PSVXO-QQDJQ,None
JJPFO-IVVND-3S6MF-ZGAUV,None
PZC6U-RIDGT-5G6SQ-QFVZB,None
YZRWG-HUHWX-TAMUT-LV8YR,None
VRAVH-EHRLA-HZ16Z-22K4V,None
XCVIN-4RGCT-8U5OO-FCEC4,None
HADBZ-S70N8-MID8F-VU0X5,None
PBAHN-EQOTU-V304R-WJMYI,None
IP9XZ-YPIPL-OC4Z5-DINZE,None
PYDOA-FBDNX-Z42BK-4GZKF,None
Y3YUJ-JXP8O-IAHOI-6CBLH,None
YYETP-Y3RH5-950NB-VKA0O,None
FIMSK-JVE7C-MESVV-LGNI8,None
MSJPY-UTSY8-PZ2NV-PHP6A,None
4Q1TG-UGUJR-2VIDZ-EH5R8,None
4E41C-D3ZYV-MTH9Z-UV9CX,None
OFKXA-4F3V6-UHAMH-VJZFV,None
NA9NA-GVNHC-LHH9N-VXV1W,None
KS7YG-YGQC3-FPZD1-3GAIX,None
AB3YS-SYH3A-HBAH6-R9ZZH,None
RTMMO-WM9TF-3ELGQ-WP3CT,None
QVHVS-4Z94W-H8TFG-AQDTW,None
CVWTY-HRCIA-UCD35-ENFF0,None
H7A68-PWOR3-9PR6B-RTEJM,None
H1JZQ-RCOCX-LZMJU-PN5GD,None
SHBAQ-OCWZT-FOOUN-JZRDO,None
7KWSX-OJ78S-D0YGD-FIMRA,None
YBZME-6JZFL-VKSJ7-2BKKD,None
9X8SK-ZUYQV-EZFGX-MFX46,None
JKTRQ-VFDSA-9AM8A-KLKSA,None
27BSV-KKJZY-Z8MOI-VVLBF,None
NHAFW-RXIZO-O4JBW-Z0A6Q,None
R94IJ-DHU0X-J5U6E-YJ9WF,None
TU2DO-N5VA3-B7ZTR-YKQGR,None
MVVLZ-3FXJI-ULGNM-PQESB,None
LDVHY-KUSEQ-PHUDS-Z9L3J,None
XL5ZS-S43CH-AYJD4-L2WDY,None
JRTUX-YCAOH-HLUH6-WVEWJ,None
WTLYK-HWYAC-HDUV1-ZN11J,None
HUUG5-F4NGO-DLO1P-OKPTB,None
YKIZT-S0WYW-NYCVU-TCY1F,None
LCVY0-YXASZ-WRANM-D0I17,None
CFSQ5-7FPSV-Z0R56-VVZCL,None
BOMUE-C8AZJ-GPUHG-PWJIL,None
LARQA-UZKBQ-HAHCT-WBUBQ,None
YKFPQ-JCIBU-YRSSQ-QUUKS,None
3HNAR-OLVXX-8RJ9F-YJUPH,None
GCJO7-5TB80-QDQLS-BJAZF,None
CKP5J-LAROA-P3NG6-AWUG6,None
MABOR-YVDOR-LHWTD-KER4Q,None
BSXUH-8YTCP-L6OCR-RBQBS,None
Q4DVC-WEQJB-HSH4J-NSRAM,None
WK1FI-ZWAQA-XOKDF-51LQE,None
XDAT9-WLKGY-I6LJF-56US5,None
KOPJD-BRHLQ-LEKJ4-EJVJN,None
JTVFP-ZSKE2-YKM3X-GPSZK,None
CGXNQ-5DAZO-KUGXZ-56RAX,None
TS2CA-ZPPGT-DNDVR-HPBLA,None
2NKW0-ETAZZ-7II95-RW2ZP,None
YCDVC-YXMC8-FBIKW-JM8H8,None
ZTPME-LZRUG-EHA8Z-FTYEO,None
ZV59U-4CJOS-XOE8B-0NG20,None
UY5NU-5PQ4S-K7Z6Z-1EIRJ,None
O1AU2-NKV9J-ZJFEX-0D0X4,None
DVOSD-WHXVK-GZSC0-JZW3C,None
P3CHZ-1EXZT-FT0GZ-ZWH0S,None
OOW4V-M8T7P-FGMRJ-LKKBG,None
7LPEW-PPWSK-TEPNW-Q2NWB,None
Z1K4F-KCBSL-P1XEL-LLE10,None
VFYGW-CT8PY-ADASC-XCGZQ,None
BVKMO-FF8DU-JUBWG-C4EZV,None
KTJSA-PXVL2-LNTG5-GIFUS,None
CQLGO-YMHXG-RXDS0-9V6JY,None
TVADD-2YPQH-T0EK1-BFYAH,None
BDQIX-DANZ0-XRD3W-ABNBO,None
OLNS4-6W15X-KENC4-1QTMV,None
LJR1D-0UBQ5-ELCFR-FZ6XU,None
UNI20-UD4VV-OEEST-JGPN5,None
SYDGF-WHDEE-47STH-5MKVP,None
FTG8R-POCCB-QQNPE-YBY4R,None
CSWBB-XJKRE-LP2UW-ZUNED,None
31C2W-ZJEEM-YTSAI-0WG1R,None
USWKX-2GCYT-EQNFS-CUDQC,None
HCP1L-1YV01-WYCZT-6QCLF,None
1LAJB-KNWGB-8CFWX-ZBTNW,None
WBJVR-62Z6Q-D8GBR-XPAFX,None
WO84C-TL9NE-YZEYX-A3XQ8,None
UGXQV-ZLZIM-GVB5K-VSABZ,None
DTGOB-PEWTK-ZDLWX-H0IHF,None
F1IWX-CSO5V-DD66O-8RAWR,None
AWGEX-UGCJZ-UH1JO-BSH51,None
Q9NPL-YC4BO-YNR0C-JAOVW,None
ILPHE-2BMJB-YFRFG-7FUCV,None
JVB4J-QFZZK-STS3K-GKBVZ,None
WVWOF-BJAI1-NYQQA-QBNNA,None
HSDDH-UIZST-BFNQR-ZBDQJ,None
EQCYT-VYTRI-1I1JY-MKXSH,None
0VM7I-UABPG-U8B7U-OBDGW,None
4RZK5-9K2BX-E7GIJ-6ZNNU,None
GS7WD-1CLBI-E3WAI-ZVAJD,None
XFJLE-RYTGK-MQ1FP-USJAD,None
8ONVL-WGHDZ-BQOZJ-GFBTZ,None
TKC42-VF3DO-YEQOY-BBSZ2,None
TXMNL-8OT0R-LTNUJ-HCIPV,None
N3FCK-KSIX9-GQBFB-MCDFX,None
EVIBP-7OSES-FPJAJ-P8LG8,None
IK7K6-QQ0YY-IXVOX-1MYGU,None
YNMMQ-BR6LP-8RZH6-93P98,None
CCUZY-BI5SA-G0QR5-XMMNU,None
QGASS-A8P1I-8QAEJ-CIT2Q,None
MOSP9-CYD14-QOQUI-GVWNC,None
YKGVL-MRGWI-GGKV5-E9TYO,None
ZHTUC-LNLWC-A05AZ-EXF1X,None
MQZVS-RWK1W-GLSZ5-ZEAOU,None
R9ZD4-VRFSO-NDUWT-7QIMM,None
PRJMP-YUDHD-TKIXB-F4F33,None
QT0LB-LLXKB-DAF9P-CCOCT,None
U5PP6-XUVBG-OPKYI-1M6OB,None
FFGCZ-GCXCY-UBTOQ-TCHT4,None
AZ4VA-NTUXH-CUJ7S-RYJ4U,None
9BKBK-P24YR-OZUNN-ADE9X,None
9YPGB-QLOPT-KUNFR-H7CTI,None
UMCVB-ZHTW5-Z9ZRS-YCXTJ,None
Z0TPP-RTELG-375N3-2Q0WP,None
VXROW-EHC4A-16Q1J-WTNKP,None
DPKVX-4VTEJ-2FOUS-B9YRK,None
YRPA7-JDMQY-7PBOL-HQGIO,None
AVZBX-HU9HS-QUYUR-C0D4Z,None
KOTJH-HE2VZ-6SHKC-9BDRR,None
5WNZA-CNNJ8-2S6CW-7N2IA,None
4IZZI-42AH8-ZLVUL-VO5ZH,None
KT461-K8J8N-EH1BJ-6A1PX,None
GZEP3-XE0AO-MIQHE-Z5HTW,None
VPYIM-SSOZA-HI8BH-F3M4A,None
BJRZ0-ZA7BV-UDVVL-Q3LY8,None
JN5FY-MCHML-CQDKO-7JUGA,None
IXBPA-FQVEA-17EB0-EQGYV,None
D6OAG-UHR99-PF8H0-T3IA2,None
SKC0R-XKGSY-YEVWQ-N88LP,None
NYRNC-GFDGF-JRJOR-8YCMC,None
QP45H-KHLJY-7O6NX-NY20Y,None
AJJQT-XENBM-DX3FW-TXODK,None
KZ4ZS-BP6LQ-KVIWO-4WCIV,None
T9QR5-I1MAZ-20BKM-VSJHT,None
NMFZF-E92JB-FYDJD-ECYNN,None
G1WHF-HRU51-ZIEWF-Y24EZ,None
JZ0YR-PCT7E-HUX96-2GIBF,None
U7EXQ-KHNCH-UNKOE-NI6ZZ,None
KCR8U-NEYES-J7RKE-IU0SG,None
KAI7P-58EBU-89JUQ-TDYCO,None
THMFX-IDKHR-XERBZ-TTXUG,None
6BGR8-8UAH6-JLCL0-W2RRH,None
UNGXF-APW4C-TEXF6-0ANUI,None
W0RFB-NDELS-YO4JU-IZSPL,None
EXDWE-WDJM8-XUFX2-U8LQZ,None
ALJ4A-3B9PQ-UURGE-LP2C0,None
LUTZM-5EAMN-RCPMT-14VLI,None
VANHL-RBRTJ-PLSH5-VXRHF,None
IHNPO-A7YON-43N5O-TO9WO,None
J6NYC-2GJFB-03JNO-HKJCX,None
FKTMN-YCW2M-NIANU-O2MNY,None
ZC0BB-BYWN4-B44U8-CRZIC,None
3TPUT-VGOL1-Y9CXV-SKOMS,None
RXAXO-9UYA9-E7O6V-FL6OF,None
2ABPI-NX6SL-XFEEO-EI4BT,None
DALQT-BP7PP-PDNCJ-HVNDD,None
J2X8N-GWOOC-OE0ZM-BSVY0,None
0NGD6-MHRJA-DJUBA-FIUMX,None
GM1M1-NSH6J-ITT6G-DXEDQ,None
OMQZ9-ERTVT-TKRLX-MAY8S,None
AK8PN-ZOZP2-7UVMX-BNT8W,None
WAYOB-DDPLG-8T0HI-TULMM,None
HFR8U-TJRLQ-1RMVG-AQLAM,None
NJRMY-4LDPR-PU4KB-EHDIO,None
X15CH-CIBGP-AFPL8-DPGL8,None
HU0C5-2PEDJ-Z0TCL-ZHEAL,None
EDQD6-DECOZ-F39IE-5RHRF,None
RRIJZ-YZUR1-UM7R0-MKCDZ,None
VC1RH-A5CBQ-P5SZD-LYBBT,None
MGU09-WVWWJ-QDMIQ-TNGKI,None
QSCFB-AUQ5Z-HD9XD-NBYDV,None
QWJER-WMQH2-MRZJG-VTHD9,None
HZVVH-4GVJK-IWXTZ-O9HJC,None
GUCJ0-XYXFB-PLFEH-RDG0I,None
JICZ3-ULU6Z-CRCIN-VVVCA,None
ZTRMN-XVSMA-NXESH-T8U4Y,None
HE55G-L1F16-VHYCA-K9D3Q,None
BV6S8-BN950-WY38C-YTURI,None
H3NXR-Y2KCW-ZOWOJ-DRUEZ,None
7XIPI-IPVSR-ZKX3F-D1KEQ,None
YALO1-SO6O6-DLYHK-1CPWZ,None
M82XY-G118E-JCXJ5-NOGYG,None
AHYFY-PNJDC-0DDFE-LVPQM,None
RFTY7-H1NNJ-XDXFX-P4OX2,None
NLMMR-ABPX5-ZNTWH-UP0GX,None
BR3VH-O6CD0-Y6GW7-0ITPH,None
GEK6F-E3XQ9-IGYXG-WHVAV,None
XSHTI-ZMEIK-LF9GY-VHJ9C,None
UMDZJ-ULQOS-HOREW-RLMR9,None
BJFC5-LWDTF-RHMZ1-5NUTT,None
PI0C7-VVTG6-BNZTS-HNHUX,None
RDQXR-KTGKP-FYVIV-U8ZSP,None
PHTPZ-YIXCW-NYTDB-O4UFE,None
FXLIL-TWPFP-EPJS4-URLCV,None
8RBZB-6JYKR-MCTKK-9ISQI,None
QL8UE-BT0HY-OC77N-TFGIE,None
8UTNN-SILE9-KSBMK-CHHDO,None
FO00S-L4VUH-X1SGR-1SQ3O,None
W2E9A-SJNUK-2WKZ5-ERPAG,None
TUOOX-PZ4LZ-6CZ9C-RBOYW,None
YY0CI-PHYZ5-WCHDX-XK0H3,None
HLTMV-B6V1I-OV1BJ-ZCH7D,None
CWVAY-6JFPP-OW2RS-MMOKM,None
V4DBX-AAE2H-Z4LJ1-WHP9N,None
OFF0E-BF8YB-A5WHF-4E7RX,None
8P63W-TULRW-8DAJO-WHFDL,None
MWNLU-DWEJP-6UETI-S7CR6,None
GIUGI-DM3VW-DEDBV-QKLMT,None
33AJJ-JW4IW-F6DPL-SNOKC,None
IUDPV-YXGFY-8FDGU-TZQ07,None
B7XPM-1DG5D-IDIFG-JVJO9,None
JZZID-HOS0M-DEVBC-RCXCC,None
YGDAI-GZFMH-YT2JD-KOHI3,None
EKZ5N-RH2C3-DCVDP-J6VGM,None
KZNCN-TLIU2-HG143-QVB7H,None
S1EJW-CCHD7-LEFZC-6UVA7,None
R2IFM-YVLCL-8F4IZ-VVFPD,None
WF3QP-G10AT-VXBEZ-TJKM0,None
HVECR-LRQP2-NW1TY-STSUH,None
0ZE7L-396ST-WOVDK-JLOSP,None
4S4WR-YIC04-VSIRX-QDCY5,None
Z0CLG-S1FXY-RB4ML-S1NQG,None
OANCF-FYKNT-J7CBF-4CUPA,None
VZGSH-TJEOT-GXMPM-J4B0Y,None
39OUB-JZ9RH-8FRZ4-93ZHJ,None
IHQMF-ODLJJ-LDXX3-TQGHF,None
ME8FO-VTSE9-YRCFZ-EP7OS,None
3RBKK-VYPEN-5IKNY-FRCXH,None
W77LI-KOV3Y-5J4NL-RRTMD,None
YESF3-VHHDG-BBDPF-QDEKK,None
IYOWE-7S451-NTLD5-BGJGH,None
8CAVR-HUSBV-OAJLD-IXSZT,None
2LS78-L8DRE-IU15T-DHLUV,None
2DMPT-ZAEUP-GTPJX-4PNNR,None
MIKZV-RAJKE-ZK6NA-CYR0C,None
538KJ-NSXJJ-X8DN8-VXRQ5,None
THOZU-XOWYG-8VPY1-OH97F,None
YFEOR-AFG6N-1PIQY-77JBA,None
FTZGS-NN4DY-XBIWS-CLY1R,None
DSZZZ-DNXCK-YIMRT-F7UMC,None
YXLSH-DVNB3-5HK6Q-QXI06,None
BIFTP-VZFIE-62S8C-W2FX3,None
AL40P-VP2JZ-P7N8L-NICVO,None
UWFGA-7TLY4-QZIVL-BTQDX,None
VG9OP-5DHLL-KJZPL-PRB0N,None
KAGUL-0PTYP-FX6J3-PTKXU,None
IA9NO-CIF4I-JYHHE-JHZUD,None
NEOKV-QELJY-QQZ2B-1NROL,None
MDRNW-4KLEX-8LKNO-3WBZ3,None
DVTO5-XXWLW-EZO1H-CY2KE,None
JBSD4-UH0E3-TNEYE-EEBXO,None
D917D-TVVML-TMDWU-ZA0LB,None
TZMDS-M6LWA-IRU5Q-1NLKH,None
5FPER-GQJRS-SW2WN-PSPXM,None
17DVI-QGAKS-KPBXT-JAJLX,None
GVTMM-4KSXW-FDMDC-4ZQXJ,None
WXAZW-ADJDH-C0MZD-ROO4W,None
AKAQ6-BTAPU-JXJDE-XVINU,None
RTNPE-QXIHX-CYIUF-DHHD9,None
0CBNU-FSYYZ-ADLSJ-MSWIN,None
BKHRN-7WXMU-RO15B-QDCTI,None
HNX6B-FXP4T-3NFXE-RIMS5,None
BCNNI-VOHK5-74JZT-G46X2,None
KPOOW-GNPEQ-YN46Z-IFLMF,None
MI3AU-MWZR7-ZQXTZ-XGBA3,None
KBIFW-3U1RB-UDWFA-JHLYB,None
FK9CY-ULBR6-HT7VZ-OKGEE,None
K8BIP-Z6R7E-N3T3P-0DKYY,None
VXQQV-3I4R5-TPSMM-US8G5,None
ELAVD-EX15Z-P31B0-QY1MZ,None
TXHZY-OIEJH-CFDZT-JPRUN,None
LCEBI-I65GH-ORRCY-CJQUI,None
VCT3Y-UM1ZA-TC6IE-JOJXF,None
NJRU7-5MLYO-CJFAZ-5IA8O,None
Y24GJ-B99NX-FP3WQ-WJE0G,None
YOYQL-LA9V2-4NRJR-JKRFI,None
Z0T4X-MECVM-QMNXV-WZ7MX,None
QZJSM-XSVDX-9DXVV-IM6Z6,None
1SYU3-BLQH4-YFIMM-G3KWA,None
XVGXN-14VK2-KBBMM-7M77R,None
YBQ3M-DY9QA-NMWDF-KJYB7,None
P12DY-58I0V-PDB7E-SMFSU,None
3QTX6-N8B6I-0Y9XL-CP1WJ,None
G13VY-JUVEY-TVGDY-MKMEA,None
CIB9I-0GHUO-UXGMZ-4KNQ3,None
GVBBF-LAV0R-XFN4N-CTEFK,None
N4TNC-QDBBN-XC9B0-FRJT6,None
TNGUI-TYBYI-EQZVC-CJR5Z,None
NNOF6-L5SMR-KWAPQ-B5UJQ,None
SZ1HI-MHSJ4-MAPCM-XERZV,None
GV9UY-OCWZG-HBYTK-KNX9O,None
QDELR-G3QV2-CPWAR-XIWNR,None
9JPTR-59ZYX-EMUKP-GRMKJ,None
LMA6H-OKHH7-QUGPM-CNJLE,None
XGNBD-CETGL-O5OVH-1DIRZ,None
JFU4O-0Z8UO-FYVPT-XQ8LO,None
4ONVV-MQGY0-MB47P-RP6SX,None
N2H64-N6TL5-PX1B8-IKWG0,None
OQTZW-QRGDN-NYQU7-CG9RH,None
TOY37-SGATB-2AIW1-4KIW4,None
W4MIL-H2BLP-JB5HT-NVSDR,None
FC8AI-VBYQ2-HBQ3K-KJXCX,None
JANGO-O0OYR-Y5QFH-DZLDD,None
DWW4L-7773C-LVC6E-PEJP0,None
HY2II-ORMUV-QEAGI-QW9P4,None
FSZX8-LGZ7T-HT8FU-VQIDU,None
PGCZB-HNS5C-8RUQS-4C1JP,None
LKZZX-XTRB8-AWZXW-R3FFW,None
TMPM2-R0HRA-CPXTN-5DFOG,None
AJKXL-MSQFZ-ORQJI-1GQXW,None
XAVD7-UGSEC-XBGQK-LOKU0,None
HV2BP-XEC1J-AXCWY-PBRA8,None
BURNX-8NYQ8-E66WK-XIPE6,None
EC8BH-ZFYET-ABDQF-GCOY3,None
9UMFJ-5O60Q-E5YTX-PYMAJ,None
AR0E3-NKBQ4-SX5XY-PXJ7O,None
3O5W9-TDUGC-Q1JXE-QTSP5,None
3QUBY-KV47E-IDDRO-KCVNQ,None
OQJCQ-WE0LG-HDDBQ-NCF27,None
THYIK-0JADR-BRF4L-DSF2W,None
M9D5L-C3F3U-7SENS-GRRWW,None
AFVAR-AOSUI-NBVYX-VP7YS,None
BWB9F-GOL6F-TGBHC-HR5QT,None
QZX7G-YRUGN-3CPFL-9J6FJ,None
WHSI9-3YKYA-FQWVD-JRJBC,None
SP8B8-Y1M3P-OVHL7-N6SBD,None
FZQX3-UBCXS-FW3YT-TGV3Q,None
SGXDX-7MXW5-VRFC9-K1VRK,None
VN32Y-4Z6SI-FPM3P-1BWIF,None
FDMHT-QI7QX-YCJSM-O2JDV,None
6DVIO-C3CBE-GXSH8-FG9HF,None
EJRMZ-OMY7S-F8RIG-ASRSN,None
0DTGV-IA9YL-WMUQI-8JULW,None
MDQAY-1NPT3-WXGZF-YNB9D,None
OUKMR-CBQHF-IGNMS-EWAKF,None
RVJMS-E796T-QAQFN-SBUAT,None
C16VY-RWBQW-GQ4OV-4OEST,None
00LOF-PLZSU-RFZCM-UFMWX,None
JJYWC-OKEFY-NZFVZ-P3OIX,None
YFKWU-KCXGW-DTL13-N7MPV,None
MPQB7-VR5YI-VQJPQ-3MNGL,None
QFZBG-ADTVJ-DEAC0-JZR8X,None
LIKNJ-OJZDG-8MEWF-FXGLF,None
GUPVF-95WJR-FXZ1U-LNIFV,None
KGANL-REUVU-FTUVC-DNILB,None
DVVAB-UGWLJ-QZJTA-AUAEB,None
20PUA-RFR81-FUXDJ-TRQ3Y,None
X75GH-NK21D-QZMIU-TVLZ7,None
1LPPK-NBYR6-HQVMD-WPG6U,None
WX9LB-1GE0X-LENCV-UY3RL,None
K2W1L-UFWAP-IKD74-4VGBA,None
CE2Y3-0IVGE-PHJWP-PJV3A,None
DYSKW-7FYHT-VU0CL-INORF,None
WRAG0-UDLLG-734TU-MHSIP,None
XIHDI-FFQCV-AVTI9-U9TXM,None
MOYP1-8IDSR-WQWJD-IVO0A,None
ZKDCC-BP0YN-6YHMB-IL08J,None
VLWRM-LKLXS-JSZ63-WZHXQ,None
NSYYA-XF8Z2-NOFGS-JVK9W,None
UQG9Y-PEZFA-KNBCT-KVRIU,None
VQ4SM-X3TSA-VO2BG-U6LIO,None
BV3DF-X6DHK-BDELV-1NLAX,None
XNVM9-LIPED-USJOO-R5OJU,None
JOGP1-VZQSF-LOTTU-Y7CMR,None
ZJZBY-2VZED-BSCI0-FLJTI,None
LL0IP-S6689-AHVPA-XPVXW,None
XPN2Z-HVHEW-PP740-WTACM,None
GXXYN-AWTOQ-DD4F6-GJI2N,None
VAJHZ-6SW0N-QZ8PL-8SO2G,None
QATFI-3T5CI-MIXBN-TN2FW,None
W0THG-UEMBT-LIVOP-OV7CY,None
NZRXO-OWBL0-DFOUL-J8EJN,None
BIJ96-XWYFH-I2TZ4-QVZGG,None
8ZBBY-QQEZ5-FWMQ8-NXB2V,None
YSQF6-YX1JA-GS538-VZNCS,None
VXFPE-UWJSA-JBCDZ-B3M1T,None
FWGWD-Q6LBH-YCHDJ-LKIH1,None
UENX6-VM05I-8Q5DV-H0QC6,None
BQ0AP-DS9GT-FGENZ-BQ5Z8,None
KUBBN-RZKI4-IF0IO-OFI1L,None
WPPSF-SK2NV-FNLZT-CR8VZ,None
EUVHZ-B6NWZ-X70NW-JFSTK,None
AYIVF-E8OHN-X7WAN-G68LE,None
BKE9Q-N7VBU-PMJBD-7MPA6,None
AINKC-JRF6T-MOAFC-MUUFW,None
WQNVK-LKQIS-OGVEJ-R9GXD,None
LJ6P0-QNEAY-S2JO0-K3QKW,None
0PFMB-SWE0P-WWYXD-G9VMT,None
U0LSB-PSZWW-BFWKR-FZ4XX,None
SMHUT-FZRMR-URCHO-0UVCI,None
ZQ7BB-PYM0Z-ACCZ8-AHTAH,None
XL4NT-7LEU2-I71E5-YS69H,None
9XPVW-O3YTN-OVAQO-VVXP0,None
3UKO6-I9N6N-BJR1G-JRBJN,None
MZLTW-7FSUI-YXCDY-QQUXY,None
5M2UQ-JU0WA-VP9VM-SNMUJ,None
HJCRA-R7RRX-BGQQM-IUBOX,None
FLEKR-FOTHH-CCFVF-YCOK6,None
H5HR6-ZJA76-SCM7U-OFR8A,None
QWDVI-VR5WU-YAHO3-JAL15,None
Q9RHO-3WYUI-SVDW5-9TCDC,None
OE9UA-5HUDV-IUV1Q-7QO9K,None
WC6MU-GOLGT-RMXHB-SFPWY,None
FNRU9-KFA70-ASKDD-GHKOH,None
YMLFC-BEEAV-EZRDK-DRCCF,None
XQOMW-Q2PQS-JNJEW-QVTSD,None
PAZVK-T250M-WKGCM-BCE8M,None
UG6B4-FZAFB-1SIKW-TNLA0,None
JQUZL-M8GHA-LPJTI-CZ5VS,None
AS6SJ-1OQJK-S4GPN-RFDCR,None
NQD2D-SDLYJ-3TAYZ-M4YTR,None
JERYC-21AVP-NPVYF-WN4ZT,None
CSLNA-XFG62-UHN2L-B7ZT2,None
KTHL7-JS0IK-MWNXW-QZBV5,None
U3JES-WH8SR-UVLAL-NGCGY,None
WXFEU-X4N4P-BSFFA-XLPYV,None
2FMWA-6WEGE-Y8KMI-GESGP,None
V775W-5OYQQ-CZXU5-Z9SZO,None
UVUIO-O4AWO-JKZDF-AYFZE,None
PONSM-HQ2II-P1MGS-0WR0X,None
O1JWL-EIVUI-IYFNU-S8CTW,None
UCIDV-UURV2-YAXBS-7ILI0,None
TFQSJ-WHVTF-42PGB-QACZK,None
CC5PG-CNOEC-JWGNH-7VB11,None
ZW3EQ-JXRLB-4FAYE-AMIXQ,None
PPHWU-QL8U0-EBICB-HVTDZ,None
0CS99-CAX4E-IBULO-ODVC8,None
B2CYY-YFE0O-Q4JLW-T9HLX,None
A6JV4-EJHVA-VMNMJ-TVVND,None
5QTQU-XMN7W-H2TQI-2T3WW,None
WMUR8-FZNVE-EBAQN-BXC20,None
PSOXW-LARAI-F9BDN-XBMFV,None
NIMDC-RMFH1-MNLUF-PWMIU,None
S3AQL-8VVJG-QOP5A-IVK7N,None
OU5UX-2OV8I-VN6NB-XRMWC,None
QD8GF-KCESH-TDJVK-BWA6T,None
5BKWS-BNYCE-K35CK-BKAZN,None
5ZWBZ-DMB6P-UY6UR-PRK2Y,None
MTJJ9-LOS0J-PQ0FM-PFYKS,None
ONJUO-PPSJV-9KRIP-RGRYF,None
1KYEE-ZLXLD-OWGOI-I3CKY,None
LYKNL-FRUDM-BWYH9-QPAYE,None
LJDN6-54AUS-WMLEL-AJZMN,None
QTIU3-JZ3MI-K8MXX-KQ4EI,None
ZJOQF-SLRFZ-UO8G8-J8IYW,None
OTKJB-2KEMM-TVBHS-YXXKL,None
4LYII-ZESLS-SFRS0-X2GP8,None
G3WAB-UEBPZ-EBUET-T6QPG,None
GPBVQ-YXPFY-ZZPNK-HDFRG,None
SOOCU-75EFE-70I9Z-ZEH83,None
OWVUO-1CTTP-SFHIV-WM9F7,None
QALYA-380NS-NFTSU-80M9Y,None
RUTHM-RCMZV-ZZL64-Z6BLV,None
X9KRY-JG70M-MHNKR-FWFMM,None
PMHIK-ICLSD-JLYNZ-0V8TD,None
2R1UK-YPVFN-TMHMY-OG1K6,None
DKG0U-0RHO7-FQPSH-MNWRH,None
AWJ1Y-7NZTF-FLPNN-QEY7B,None
FZCHO-WN1XW-2IIRN-IMLBF,None
TBQ2B-ZGAD9-FJERJ-XCK4P,None
CZTD8-KPCAI-QOSHA-UJCVC,None
SMMK8-2HFQR-OQS8K-NWIPB,None
TTHPU-CBVBR-UJTNR-3TT3Q,None
S3PFP-ELCC2-8HVHT-NAWOV,None
EZ9Z5-DYJGB-MLAXS-NTH1Z,None
B3GTL-AFEUF-GZBJM-K43WE,None
GSPL9-EHVQ4-QA2NY-VNBDE,None
5OJGH-2KGEH-ZP3EM-0AJNR,None
PN7ZO-IPBQI-WHF7H-PVKYK,None
AGEC7-LVKLB-OQMH6-QAIOA,None
E2ZPQ-0RV1H-WHNR5-LNWPN,None
XROKF-4HILI-VR0X6-85PUV,None
R4XHD-BVSCI-PRSHA-M7MA0,None
ECOGP-SHZ8N-RRXM8-YCMDC,None
IWBC8-KVUAJ-FQDVG-IQZRB,None
LJHBJ-LZT0Q-DGKN6-DGLFC,None
YHTXJ-MDC3J-NWEUL-DDCVM,None
T9DUZ-FCYKU-EOEIS-9GGEQ,None
II0QH-SO8KG-LFOTY-8CQ4H,None
S7VJZ-5QAVZ-WLBLD-944HM,None
L4LJM-DP0CZ-OIFSJ-ET5G9,None
R3KQR-XYZK9-JK8WO-6ZI9H,None
YGFKX-F8J3C-MEGHI-9ECM3,None
AERUF-5XDPT-VOSQ0-IRFFA,None
B72MJ-TTCDB-AHVLS-SGDI7,None
BZPGN-TCTEP-6MUMM-YIQFE,None
CQEQK-RUQN9-COCDW-IQZ0N,None
98PNV-CVSYN-7G48N-7GS0P,None
NFDRH-PJZHD-UQQJN-7VD8M,None
UNLDC-YDRDL-XTB4Q-Z6ARX,None
JKIB4-U4ACD-CKQYQ-RWDZS,None
COSY8-1DF2A-QF6MP-9IAL5,None
1TQSC-PPJNJ-JA3Q7-YWEW6,None
W1I7F-LMSQU-49PMC-QJY2I,None
12QY5-MYSHZ-JTEJW-8SQZC,None
VFYDV-WCBUF-ITVBS-CVV2J,None
VT0XZ-2DA72-KKIBJ-JZIZQ,None
UDRDZ-GJ3KJ-RAWJS-OCEHX,None
RDS1O-IW9GU-W9JDT-YCNY3,None
RLGOH-ECTQQ-DHMRK-X5CFL,None
LXHTR-L9UOG-D5BTM-JTWOD,None
MINMU-A01UR-NT4BG-IJMEZ,None
ZDJGK-JH4GE-KFIG5-IYR8J,None
K4JD9-VEHJN-IGNOP-QDFOP,None
FM667-VMV0Q-YA5CK-JV5A3,None
1NPLS-QXDXN-ZXNTQ-KLMQV,None
WYGDA-FNKLN-BQIAH-8FYHW,None
ONCWV-9VBYU-XYGTQ-4RFJN,None
9N4FI-LPPRA-CVO00-0LRMW,None
YEU54-ZYLH7-WUPLB-IEWZW,None
FQY8Y-XPHRR-ARFWK-LCPBU,None
9T0CJ-XW7RM-4KEOV-Q1G27,None
1J7NK-AD7LC-6A6Z9-AOMRQ,None
VTFOC-HZHAQ-CW1MF-EFAYQ,None
7SNBS-LRZRQ-AV2SR-BXKBE,None
2SIW8-RUIWQ-Z6JAL-7CEMF,None
BZQC8-HRL3P-DJURY-H66IH,None
YKVVY-4HSNA-5LCTX-GZLI8,None
3GUFA-TRLT3-4G2FW-CE8HR,None
PPVF7-PXXAB-X05DM-PM6TJ,None
1XGJ6-TA4XH-QCJPZ-28QEC,None
OK0UA-HKCDF-SXX3G-WMBVC,None
VDQ4A-YELNM-HTRRR-UAGSA,None
SA9EP-IJBTZ-XMK2E-E3FXU,None
6VWJG-HUDZJ-4PFSX-9JW4R,None
FKGPN-CNV3Q-DTEFP-OOARO,None
GJTSL-RHQHM-A5BW8-VUTU2,None
Z449D-09LPA-CIAGX-U55QL,None
U46Y5-JCWVN-SQDM4-W0CIU,None
AWD2B-ZSTYH-86SBT-3JEZP,None
FWYP0-WQA3M-V7CUG-CVAYL,None
CF5BG-U2SD5-UUZ3P-UFVWX,None
BCBZJ-LZFLI-LZOED-LMBOO,None
JO2FQ-VNAVY-HIVY1-LRQHW,None
DF8UU-J2LLI-FUQJE-1DQTC,None
ZFZG5-UBYGR-TUTGH-GCONU,None
HGT72-BIL3M-OWSVH-GMUS9,None
GY4NH-C1JQO-CE7G7-Z7WWP,None
CSHHQ-XQ3ZO-8W50L-YXGFQ,None
GDXZH-SHQTH-7XYZJ-9MK7B,None
VDT8L-UFPQF-ABFAR-JOWG7,None
36FIB-AXJW5-BN2WE-8UTGC,None
Y6KAQ-WUEXQ-UYLUK-TNARO,None
QKDZ4-TJY0G-3IUWK-7OXBW,None
I379Z-OBMCN-L9ODI-C11YU,None
GH1RC-I4ZI1-HG1A0-191VF,None
C20HX-4GXLH-ZLETA-NZMIT,None
8T5K0-WR3O0-QK6HD-37PPK,None
NLBTN-JXW0V-VAGRU-ZWMMD,None
6NFSK-ZPLRI-4FKGI-RLBLV,None
X3CAY-A11RT-DBUYP-COQVH,None
L47RV-LQI4A-FIILY-S7SZC,None
H4CFM-TU9Q4-4KAE6-ZFFKQ,None
LSABH-UWNND-L45RB-AAQP9,None
SEARP-4GG98-QYRAW-CFV9Z,None
RTBOE-P73P1-1BXDZ-GKKAN,None
CP3AP-FZZAQ-RMUNP-M4QQ4,None
C5PGA-PSNSP-85RAZ-MG8AM,None
BKBNL-DIGP6-MRHS4-J4HDC,None
ZT6KS-DM6AR-K1JEH-JHLWQ,None
JBXWI-HVOON-MJB97-Y7VEG,None
3CQEE-RZ7PS-SGQ1L-4OAB5,None
NTEGX-GCL8F-PXCRZ-GWWZP,None
QLMUT-GIKZX-1AD6Z-6OSKK,None
XJTBI-TOVBU-QODVO-DAFXP,None
2IRAI-UTLVL-F91AR-6ERSZ,None
EDDVD-2BGBT-VVYNQ-ZBZNL,None
K4UXV-0NP4G-VL80T-S242L,None
DRIFZ-LOWXK-AIAWS-W7DTR,None
PHLFF-JSDIR-TRSPJ-VQJA6,None
ICXMQ-BRGLN-JTXOT-KPWBL,None
IRKWL-RFRRJ-GQR8D-FVTIV,None
OK40L-0LJOQ-AMFYZ-RXIXA,None
WKVR1-NCKEP-ZZEM5-ZRMNY,None
ZI2WH-IXKVG-GWPQV-T8ZXN,None
IXCAD-MH0CK-DWJE7-ZZY1S,None
ILGXX-UKCGI-71SNU-QHEGD,None
K6RNX-G86BB-KNALD-YHKFP,None
9X5NW-ZAWNF-XLQ5F-C8WGE,None
KVTNQ-HBRBY-VGW9S-QPSGV,None
NBEA0-R63XB-RXVSZ-NNOAN,None
SOFHH-P4NHK-92DJZ-P9CRG,None
KHPZH-1MHYC-SKHUX-2NZZJ,None
VUPJZ-OQODV-B3314-O40JP,None
TMXBE-EJHIT-G3I0V-MKRLE,None
D56II-UIUBI-GEBLK-BCA4U,None
WLBIM-R65XJ-JJBVL-UX7ZR,None
5OW2I-QHV0D-7KMNI-03YJJ,None
8ZABQ-I0RZG-QOGDO-XCGEQ,None
2OVDU-JA9OZ-IHNRM-ZVQGW,None
UFWHW-PKUPI-PY9XJ-2RHPQ,None
11DBZ-GZUMU-RTTRW-TTQIK,None
GDHK0-30SZR-DPISP-75KS4,None
P1RAA-QMBIA-2EPOK-SCJH2,None
M0UY1-0RXZ1-EN3BL-UGC28,None
KVUEM-ZIY4N-1ORSL-IXDZZ,None
CTVGE-A4S6U-1H6GN-TT7ZU,None
UOHFC-H8IDF-4QSM7-UXZNX,None
0U45X-B3TYG-MDFLV-AXOTR,None
OIAFV-2RIDX-ARLPR-ERPIQ,None
BOFTB-KID0E-AMON5-YAZTB,None
OEJKK-I0GFZ-MOWEZ-CT0YH,None
WLEPY-9N4WX-CLKPR-YWV8A,None
AFMK7-EI8II-P7MS5-J27M2,None
YXVWO-VDJSR-VLGPX-DLCGA,None
BET9P-SZOFX-YLRPB-OZHQG,None
6KG1M-N785T-PN7BQ-FQVC0,None
PXW8N-JXSYS-O5SWT-Z8MHS,None
T4EGL-FI4HD-PU0AL-AJ0FI,None
WHL0Q-CK7PQ-FKUZJ-P2PEG,None
IQJNG-FNZDM-URCRA-LLVES,None
Q6HU5-FAD08-GBXCI-OGE6R,None
KCTDZ-BNUIM-ZWJHK-RFC9W,None
Z7CKL-1GM1I-GQ4ZE-DMIBL,None
HKHUA-ZLTKA-M6VC5-M8W7R,None
L4K5W-W5H5K-I2EAN-LFT7A,None
ZNTPG-YJBFI-CTHUS-9LSFW,None
HCABW-9F5ZD-ZVOMC-AGPQ0,None
WZNHD-IENEV-DF46D-5TOBI,None
ZLZ71-W0KCF-MSCOF-VFRMA,None
EFNTJ-FWBMZ-NDPJP-SUSRE,None
VDK3X-9IHHT-YHLPA-TNDHI,None
EBGHK-DSES5-ZNBXB-QT4AR,None
E39KT-TGRGB-AROQE-SQYMU,None
FEUQL-ONHEB-S4OOI-5XFI5,None
ZLG8E-QTAJ1-TNGDZ-R9KYN,None
AFO5J-DEP3T-GSJPX-85YCJ,None
UTKWQ-P8HTM-RXLXY-MPCXP,None
NZ9AM-MSTMS-MDUZZ-VGKNI,None
2RHVC-NTKP1-YSXCY-ZE1SM,None
EPYPB-Y9LAA-P5XGB-SXNAP,None
RN5ON-1THFU-GWW9C-ZOAQD,None
CD4LC-CGIDW-TVXSJ-CPKGI,None
6V1HL-CSFEK-2O1WT-DXWWS,None
TKA7J-2SLKA-CAPFD-SFV4T,None
XZYUL-OSJJ3-PCMCV-VL2FZ,None
JVBGZ-XJYLY-D1MDE-G9YVC,None
RIKFL-ZWV9Q-I7GPM-XFFVY,None
7GBKE-PEYBW-OJ5GR-HKNKF,None
Y8E5J-DO85T-ISHAO-UT27T,None
IFEMY-R5IVF-GTPUB-TIXBL,None
6YXXU-2UWEW-GXCFR-TARGK,None
2WEWK-0JCRO-WXM05-GNI6Q,None
OI8HI-1GQUM-DQF9U-IMSMV,None
6CVEE-9AROT-VFUZZ-GEEYX,None
U7NKB-WPWNC-QYJA0-0KHBX,None
CH4EF-J1RPW-BWYPW-FM7W1,None
VSL5V-D1OU1-JLSPW-VG2GX,None
JJXES-WEFJM-LGW7M-HKFQH,None
WEZ1O-MAKYW-XQTMQ-TGTOI,None
6NNKE-R3XYR-MVKZ9-35LJD,None
N8SBR-BZTH1-IJBLM-EHB45,None
TQFCS-0ZFEF-OBGCS-N52KL,None
DK6XY-DL2CE-YPF9I-SJ6UG,None
RPBY6-NBACT-WJA1T-DDL8A,None
9OQPK-YEOG6-C91OX-UFCCG,None
PZA2D-4F4H3-M7C01-D11IE,None
6JU8E-Q4RRI-KB3F9-3WZAR,None
GKD3Q-0MLKX-96NZX-J0VYL,None
RXMFQ-EG9SD-QOCXG-492RQ,None
ZVC67-7TU14-N9M52-MIG2Z,None
P2LYE-MFL7B-PRQOE-BHYAB,None
CC35Z-D6Z8F-FUQYT-WSN9N,None
LNFW7-TOCTU-X7CPI-BKFUZ,None
AUDJD-OY9LU-TH3ZM-VTTRV,None
N13TD-699CZ-IFZ6X-LQJPT,None
LXIDO-JGQNG-DXW4A-ZH6C9,None
I5GZO-HRGST-DLIKG-6LEJA,None
7O0IS-81CNX-AROKA-4UVUN,None
MX5WA-JAPXL-HLJSK-OVERA,None
N1TQF-RQV2F-GRI2X-ZTNS4,None
3VR35-1FYBN-GJKPZ-EIUNP,None
58BCJ-HRIMU-0S5V2-HGJFN,None
M43G3-DIWNX-QKYQW-KKICC,None
FSGT5-TZDBR-KWRL0-EZMIC,None
ICMLV-YPGIC-PQRVV-U6T5Z,None
SIF9J-EDDME-NPVMC-CWKUU,None
EAYCB-O5VLB-NZB8F-L9SQ2,None
MLTQQ-CFVCD-OTTMM-DHKYB,None
ZIVSR-QYKY1-6RVDO-RPNIK,None
XCKHM-GDKBO-3QSQ8-GLMVC,None
D1SYP-HBV1G-WG8HZ-K05BR,None
GPVDL-BQPCY-KJVW5-WJGON,None
HTVUO-XBMUV-UPIS9-TLKHJ,None
XQE8Y-TRYZY-DHJSL-QBHZM,None
YNKFT-KFR6Y-BZGO0-PMJCJ,None
KMWED-R5SSF-FILGF-LCPJI,None
LJQNM-I3D3Y-ANA3R-YWS9Z,None
KL3CV-TX9PL-RGCQQ-0O59P,None
CYXQS-VWVES-FRE2J-EHYCR,None
IDGZX-DENRX-YAGXY-WJOGS,None
E0CWL-WXTXP-6EJLH-AAKMG,None
HNK7P-ZZP2U-KDCPW-Y8XPW,None
KFWC0-AJQK7-JTWKZ-H5QLJ,None
4TL3Z-GU1NG-GAAGZ-6OD15,None
GLMHU-TSROG-HVJLZ-OUFV8,None
S2LXS-0CZ3B-MLXRG-DLCIJ,None
MAETS-JL13R-EM6FX-UXXI3,None
1EYTD-XDVRT-SZ38T-JE6FL,None
VSDZP-RA7GF-YJSLW-IYNOB,None
YF1WL-O0BZ9-GJ9EJ-NLD8A,None
K0MED-8WJMP-GH6P9-LAIZ2,None
G4UH2-E0WEK-8V0AN-XIE7S,None
PK5B2-LUAPN-EYDOA-EHW6K,None
JMIQL-UUPID-O531Z-MYYJA,None
D4RQV-6YIIN-ZYCHT-WV4FI,None
ICKXT-0ANP4-SPQNT-P2YW4,None
6UVBJ-96BGT-OXSCM-8SOEF,None
8AOAE-LXNJD-J5DQF-8KEGA,None
SQ9LF-AY4RQ-ZMMDR-L1QI7,None
OPNTL-VFZR3-PX3HW-EBXBO,None
9J6AI-4WJOE-X633W-QAKKE,None
WIMDM-2JDP8-UEWYI-9S3TQ,None
7GSCE-G3M1J-SQJD7-KC3GR,None
ZDG1E-1TBNF-NM9LE-2RTQ1,None
UK4ID-JGBAS-UUNXY-WS0SH,None
HSOYU-VX77D-NA00U-BVCPF,None
WDXBX-EWO4I-E83CJ-H7MZC,None
XSX5H-9UF68-2V8MI-VDC5F,None
AQPFX-DASM7-CSDUY-ITZZE,None
VUEYD-5PCRB-SSOEM-ZUXLO,None
VPB6R-DMDXC-JAVNN-4UXAP,None
YCHSF-B3LFP-DR8BJ-YRDUO,None
XZ7CO-RPIYC-KI47I-CB2ML,None
HUKR9-5C95F-7JCFL-NKRB1,None
XMCPL-AUHMX-FTVLJ-W1SYD,None
MKF2T-QVM9S-MXV5X-SPS80,None
LMSX5-FKID5-JT9EK-1VZPF,None
CVKJN-1IJQZ-SJ9XO-CZOLY,None
68YJY-PKFPU-UB6YP-K1RH3,None
NDNEB-3Q8L4-IQR1G-7XIL2,None
LNYDT-ICHK9-V7MP7-TQPRD,None
3WEZ7-GSMPV-SVDQV-67VUM,None
AO5H6-F1HZ5-HH4I9-BDQEW,None
V0FLJ-4ID9O-PTAZ3-7FNPW,None
PKQFI-C8UTX-0ILZV-OGMGQ,None
2NNDA-HNHYS-OQEVN-NHFBE,None
ZWYEG-0OUVN-C2KR5-IBCQU,None
9R9T5-YEZUI-ECSAM-D6IS1,None
68GBP-D5023-A6ABP-Q6YFO,None
FIVUC-PFFIK-OBEZC-GIZNY,None
CCNVI-BQQV6-3EBPV-GGMMG,None
RJSVG-LCDFS-DKOIS-TLFTK,None
MEB65-RQPMJ-VJCVZ-MLCXO,None
BK5RU-YRQVE-JW1BG-GFIUQ,None
MA4FL-AGCST-O6XFX-WBRDU,None
KYXWC-WCOEL-6MYUP-YCI6N,None
OQ0TG-AEN2I-KP6FD-UDL23,None
ZMUTP-E5TJ5-23CPR-IZULP,None
PZSNB-MU8PY-QHUOK-BNHZZ,None
Q6UXJ-OI9BR-EWC1T-QRQOV,None
LE3V5-OD1RY-8YG5Q-CGCLL,None
YTOYJ-SHG6T-U8SZG-ZTUG8,None
LTLJT-9TBDL-IQI7B-6LRWV,None
7HWRA-TDAKN-46PPT-WYMDI,None
QK3F5-WPPLK-SNOAE-9EQVF,None
RW5B8-PCTS7-C6TIV-FAXOO,None
KGDDL-DJ43E-LBGXL-N43AE,None
OECRW-OCT61-I7CXK-1V6NT,None
VSHNV-PTYGP-VLWLT-SAFTV,None
O4V6U-9FTSG-KL50F-ACCAQ,None
OVBYW-PC1LN-HBG3X-TPELB,None
OUUTI-Q5SPG-P9MIF-IIBSX,None
XKSHT-ZB5NY-F0LZ2-YELKP,None
OGQVU-MDFU7-JWMCG-H27Y5,None
N72R7-0CZB2-FOPDT-A27PS,None
XBMGR-4FAXO-NMENR-O6YUQ,None
NZJ2C-SDYFJ-E4WAN-LF0OS,None
7KIW2-CUQY7-DTIEJ-3Y0HF,None
MHWMW-RVRJA-TBNQ1-SWQ3T,None
FFMVJ-W0FAL-TKSYI-BNIGT,None
OIZFT-SVZLT-1OOQO-4XYBN,None
28LFH-B2UFZ-DFALR-MPQRQ,None
PK8L1-UCWNA-GVMAR-RHP5L,None
YIFMA-QB1VS-FILBP-MSKE5,None
2HTX6-UORI8-F0WEV-OC81Z,None
PB2WO-5L4U6-UEQQD-XW3FA,None
OMV66-EMEGS-MZXI8-EI6QN,None
UFHKF-DZMXR-7HQNA-CRRFN,None
T4DIJ-5HHRE-A98HW-M6VEK,None
D5DKV-I0JIJ-6YBOE-O7UCJ,None
CRVJW-PVF1X-UJBEN-C36CU,None
GOYDE-S3Q0D-LTPGV-ZBOMW,None
3OLN7-7GR0L-FQKPV-EVIHN,None
T5GGD-RSI6U-QOHAZ-NWFBI,None
QYTMU-II9UU-899R2-B7ZPF,None
L7WET-NYRPG-FBOZA-FU9YJ,None
BRXQJ-ZX25X-FMHEY-TFD3P,None
L5YF8-JHSV9-HFI7U-9RBDZ,None
ZYVX8-GFSDE-BVW19-FQ3VB,None
JZMJG-Q8YBM-29PEF-2OZYJ,None
BJT1L-G7IFE-I5R3J-IJFB5,None
BHGCO-HZKXP-O0DEF-R5XM8,None
B3GKU-R3HIQ-TPSYJ-L9WRH,None
LCZZ8-0KDEE-V9U38-IAGO3,None
RP7SX-VCVLF-W0R7M-DK70B,None
SZRDT-QQWTZ-KHSJX-FSGPO,None
WYSXC-V4PI6-XQ7FD-GPR70,None
CXNJ6-X01P8-NVPSF-NSZJS,None
TQVIH-0WKUP-QMOYB-NDI8E,None
DEDXM-Z19GN-45UI2-QNOAN,None
JF4DR-7XEVI-QZLR1-COMO8,None
USBMD-VQP7B-PES3G-NXZBU,None
IUHEG-UK81E-RBWHZ-HZ0HB,None
ZZUBU-RJNVI-BAKIY-L3XON,None
KHRTC-PO769-TMAYE-5QXPT,None
4UEPJ-UMPMF-I0IDH-PYSES,None
BSE34-HVS7G-RRETR-2MWWV,None
ZGDHD-4CHPI-7SCBH-6R7JR,None
CY5ZP-EHHGI-XAOY1-FQH2X,None
HDDI6-A7RXU-WEUV2-EBWTN,None
EQXJS-EMJGT-EW4P5-ZO8ZP,None
I9BWA-1HTFJ-QDEVK-ZIOCM,None
XIIZT-CZD6G-UX5LZ-1MZBS,None
C7DUS-2Y2JH-QH4CS-WJSTQ,None
BJA2J-MRS5K-FL3X8-I2NYX,None
KPRUM-DRF8C-VH0ML-GH4AG,None
BS2XQ-PAWSH-BX0SQ-7NFMK,None
2ZU5W-MHNQ1-UKVB1-0WKNC,None
M22XY-U7LKX-HAFB6-3LALU,None
AKWNP-RRMT6-QCTOA-M2ARQ,None
ANJ9Y-SYGD3-Q8ZGM-DK1XD,None
LYTV3-THTR1-FEXTR-QUVYZ,None
XBPU9-I7KKC-2RIFS-TJQMH,None
URJSH-EONGG-NYVEY-UCE9R,None
BQGY7-BKNZH-LULVX-HZBMN,None
GXCXT-JDUM3-I1X0E-37JFA,None
AIX8G-KN0FC-1QMTB-GUWDM,None
PSTLD-SHRKO-9ZBTM-FEHKD,None
0PWYB-H1JYQ-1QXBY-SMQAQ,None
MBA15-ADMD6-XOZKZ-BVIH1,None
X35NU-VSBX6-FTRMN-JRRFE,None
COJWE-O9LA5-YLOEL-8PDNF,None
9NVJI-9XZMH-LZAQZ-TLWWE,None
7TV0X-B6DZ5-FSXHR-O9MNI,None
MCBCO-YSEB5-DKOPC-SHPUP,None
SIHW6-4YLXN-IPQIR-NGFJD,None
SXPS0-BRSV8-NNMPU-INQIX,None
WZGES-LV8RT-4BOPM-HSOIF,None
VZGZV-YJCX6-OT9MU-FUAMO,None
N3ZY8-SLDLV-ZH7SO-GEBTD,None
AWRDM-B26DW-DVCDV-UCT3C,None
FBYJO-SKVRH-EIZHD-CANIU,None
7CGEV-N7DTA-YHBNW-G6IH6,None
LJFTV-XOJTI-BVT4I-YRLFV,None
GUFEF-DTSYS-Q4UDG-7NDDV,None
DVNRF-0MVXK-QUTG3-CZXAO,None
4CODW-76PZO-CHCXR-TGYEZ,None
6KJ9X-2OZKU-E57GS-69TYN,None
YACNE-ZS7LY-EEPKQ-QE1ZW,None
2NQSO-EMZDU-H4EQX-TWVRP,None
WDXMI-6RQL3-JHX4F-GCFID,None
9F4P2-V8KHL-MNGYY-KNCZL,None
NNDKK-BOADQ-ITTIH-FHIRV,None
DGNQL-CUZGM-OJUWN-GOLFL,None
ZC3OE-IU1TG-EZMI2-GELUT,None
YOVZO-PAE9H-O8SYM-ED768,None
RAMYJ-MDBK4-YDKYZ-YZ6OW,None
4OTIX-V3YTJ-ZKTPA-6NQNH,None
GPJOE-I5N3D-9BSTW-U9CTU,None
PDWXC-D90IV-BKSBG-ZMTTL,None
YPKVW-DZ7OC-L1ZZD-VV4H6,None
K2O4Z-MBPGW-ORIXS-X2OA1,None
EPPI3-YYVGK-MZRPZ-PHPEQ,None
CAZWB-4NQPK-SVYOP-D1TIU,None
F7EYH-WFIAP-VNELB-PW0SC,None
QVTFC-OCFN4-EJPC0-ODF9W,None
ZRKA8-YKMI4-EM4AA-C4OTO,None
SYULU-OHELE-6HBLL-1XBBZ,None
DPQCX-MXGD7-1I5HN-IATZR,None
M4EEF-7RVSR-AJHXQ-XG0AL,None
HQYDR-BG8HO-P3QZP-S5QDK,None
HQDVM-NVABN-WFXTL-JCUDT,None
IKPZ7-UNBTY-4IIFJ-J5R0D,None
AQ126-OEG1U-Q5T9N-UCTWX,None
AY3LU-WODEC-WYZZM-93BBO,None
82J3H-CXB64-08XW5-UAPQX,None
0DONX-VBIQU-APJ1Y-I54TN,None
2U9TD-BWGPD-2LCBD-4CSN7,None
SZM0N-PKDSP-B587I-XUBKA,None
F0MUO-AHWN4-Y4D5N-RG4H7,None
5LMXT-LWRRE-NBXNP-6DGEV,None
L16VT-J5KZN-ZV6W9-N4XCQ,None
BFYRF-HLF2H-DCPUI-WIUTB,None
2IB3F-GKYVC-CD2UB-OACUW,None
I7LMP-0U6ED-BVYZ9-QJ7ES,None
A6RLF-X8WY0-OQYCZ-8GEFU,None
MLMOI-AK8LL-LIITQ-JHOIC,None
O07MB-9MESK-N0ECQ-Q7GXH,None
L1ARR-ZFKA4-3CSB0-BCQQS,None
EDQNM-EJ2PF-F914G-V8DPS,None
USDJF-OSB9S-Q8A6B-YYDE9,None
V5AVY-PYB5I-0XTJX-QAY3T,None
RILWT-DRDTU-JKKPA-N9JM1,None
KHLBF-5KBBD-UM2C1-EK6P7,None
O6ACX-6XS5N-N8BMW-QJAXF,None
XE9MH-BVPCP-1GK1K-1V8YG,None
XEB52-WVGIN-BJFXD-SHCQC,None
9FS3J-PSOKF-UOM0A-ZZ5FU,None
7K90J-0BSXA-KA7VY-VKOCZ,None
0WITW-T3VEA-9RKI8-KPWD3,None
W4O79-FWL4F-5X1OH-AQWGV,None
DPFJP-VQZJA-4NTRD-M2RZM,None
GM0SU-CUXV1-6GJNH-D2VNS,None
XN4FS-8RPZR-XIYGF-DYRCE,None
1BM2G-SREM1-VAIEA-CLHNV,None
DFGGW-R7ZGX-GOJUL-ZLXBD,None
04DIB-GLWTT-90TUM-QTHGK,None
H5PWM-HKHWY-WZWXI-KKMOU,None
A0YIY-MCCY9-PNCMK-FJ4HS,None
1MBOI-SYB6T-SFVEX-15FPJ,None
TFRPJ-LTKF3-KGCJV-42JSH,None
YZJDA-KCRRT-QMSBR-I67RJ,None
1BDJV-TEAK8-ENHKZ-4Y9K7,None
V8KKS-ABR0K-CWNCX-9W566,None
CTDLE-JPP1S-H04AR-XTGEN,None
XBOUU-WQ4WH-LU75L-U9ONF,None
SBF3P-ZQC72-3F1D5-Y6Q9H,None
VGDB7-KW40O-SZW6S-NBSKN,None
DLLTH-AUNUR-B0LF2-XBVSL,None
BSQT7-ZQAOY-FOIFH-MWC80,None
FQJKO-M068F-P1ACD-Y9IIO,None
R7QEW-FID4L-N7YLO-T7W13,None
DARRB-S5ZZL-UZAG9-RN1TR,None
GS7PA-UU3CI-YDAD8-RDBKT,None
TII0J-AUMFU-GWEOX-1HWMX,None
FCBT0-XWJHY-REMB5-OJFTO,None
UOLPT-UZW9M-G4WS6-YRDWS,None
ZIW7W-HYET8-DCOOK-MDFVW,None
MTXYK-DYTZN-VX1BS-9Y04I,None
VAWBB-WSQAK-3PDHF-BBK93,None
DIHZG-IXDMQ-X1GMC-8RWAD,None
1XBNX-DT7F7-MHSSI-OOR9C,None
3TQYO-HJBAN-LR97F-JWWMV,None
2VLB2-VGSEL-FMWOU-FDWBR,None
OOH4I-VFITM-8JUNP-F8MNN,None
DDIJP-GPQTS-JTBV9-21CKX,None
RJOXG-RSP4Y-HF8IL-FPSBT,None
7KMWD-TIVV9-YJLQ2-KLFUK,None
50ZBX-SZVCM-OZRH5-A4L7V,None
FEQG2-379C5-YAHRZ-JGWOI,None
LVGIK-TETMC-PM66B-QIHHC,None
ZADUQ-IFO5X-RF74M-8UO5S,None
LQOL0-ZXHUW-WCA1A-O5XQU,None
I2IAE-AOS5I-UZFZC-YKQSU,None
QIIK7-XXJOS-8FOZF-ZLVLE,None
NNKTW-GMN1W-GFAJV-RNTWD,None
JSCVG-IGCIW-3RTA1-3IQ1D,None
AY0ZY-XKTI8-9SHNS-1RUYH,None
CSGWY-BPWR1-K1MLH-Q9REK,None
2URRJ-LMJLV-HG1BQ-2ZFHV,None
40GFE-QXXUO-XQNJG-EQRD5,None
HQPQK-PSA2X-PSPBA-4DMX6,None
9IBZB-W9OQZ-5RNXW-F2QTI,None
NOONG-JKVGF-FMX4D-RLZY7,None
A83OR-RMMDZ-Z5FOP-YIFO2,None
GKEQM-CUO0U-Q30TW-FROCF,None
EYCRA-DH7RJ-KTCUM-P5LC1,None
FCKUL-WLBZ7-JZWXC-TS3N4,None
VIWSM-YQ2JL-ENSJL-UDIGA,None
GU92M-EQSIU-3VMKZ-BWOB3,None
KI9QN-UKIPX-ELNMP-FMPJB,None
RDSAJ-RWYV2-S47NQ-X7EKZ,None
B76TB-UTT8O-HTZYM-F7ZSR,None
ZC0FQ-OWZOH-VZGMQ-TJXGV,None
0EDUZ-VFLDH-5WOQW-JEMCW,None
4CNA7-PWI9W-JB7CE-65XFP,None
XRZD2-HYGZO-KTOHM-JAGJQ,None
KGPFJ-Y9OUR-QHOZV-7JH6V,None
CP2PO-GR4UR-LDJTW-DSECV,None
IJCG7-8PLOS-D0MH6-AVIAW,None
8QNCH-BJAUT-ALHAR-91Q0X,None
4HOVD-N5U3X-HVAD2-IDCTZ,None
RCA3O-RJX5U-JN8J3-AC1IS,None
BNZV3-18FOU-7GNRD-FRPSA,None
Z9BKE-MBNEN-ZMD85-GPXLY,None
LG8DW-EYDBK-GLA82-QNH7R,None
TW3JI-SWIYN-JOHBZ-QPQYI,None
87I9A-XOK7Z-H2Q83-DHKU7,None
7YOQQ-ZF9QI-L2BU4-HINCT,None
DOIYF-GSHUB-ED7QU-MYWQI,None
NT4CX-BAYE5-XTVMT-FWRQZ,None
4MYFY-OY6JQ-O1TFR-SK7TC,None
UM3DU-VJOFB-X4Z2P-NALVV,None
TXF0S-LES6P-GXNWH-VCBDB,None
WPPCF-QIAUA-Y7OAW-MBUXK,None
G03WR-XQ8MP-SVKUR-BFWJH,None
YZXGK-GT8WZ-MHWF8-RKWBO,None
XBY5X-DTYEF-KGV0V-YZLRU,None
IAOCX-XHOOK-MWJLA-G7QCE,None
ALMQ2-J6CMJ-MDTQZ-UDT8M,None
0TIEW-ZD1C7-9J9XW-WPPHZ,None
VNXFA-C33FB-MLWK5-8INPL,None
NCQW6-I0OGL-HROJU-37RKL,None
NJ1QJ-ESPCA-3JCNH-ZKYEL,None
J6T39-GHLRN-YZPD2-DZ0QO,None
ZGIOL-OHSZQ-FCTON-XXPY4,None
3ASA5-PCMOR-QNZ17-VV4AA,None
9HPJQ-KHLFV-EADIV-XFJQ4,None
KW09J-NNNRZ-XM2PE-VKGPJ,None
BXPC5-3XNCE-XZBKH-LTBIA,None
VDTUK-DD1XV-MBKUN-OAKR1,None
NGICI-I2KX6-KZFQD-IABTM,None
YMXMY-YKN58-HXNHU-X0LOW,None
UCJJG-GDEP0-PK4II-WGD41,None
AOLW3-YNYDL-V6PD0-UVCPW,None
TVXAB-YIIRV-TMVGU-FMPWX,None
XXDQP-ZCEZB-2OBRQ-FG336,None
7XFR8-ZSUZV-UGKRM-VFATG,None
FWYKL-JAPH7-BSP96-Y1TRZ,None
5TJHU-L6JRN-IEXSG-OOX33,None
QBUVD-CT8FQ-NY7EW-ISZ5F,None
XEC6Q-SDHWV-SYUHR-SUR6J,None
2LH8A-VHIZE-QKS9P-USRWZ,None
HXFLM-7OPXJ-9AMAE-GZBUC,None
JK1EZ-RVAX8-XUA8G-9CE10,None
SUSMY-PMM1G-QY2TP-V4MH0,None
CNSSB-6KCLW-HJOHM-BHICZ,None
OEK9P-J6CCR-TCYEB-LK3OB,None
NMNST-ICSEF-LYL2L-5YLWB,None
T8USA-3VEPV-1QFDF-HW48G,None
HXGI7-SIF1Q-6RQCN-5U3TX,None
L1NCA-7DZDM-Z7YLL-XRZVZ,None
TYFDV-ANTJP-00NKR-OXZ6T,None
F8Z7E-MU6QI-A6U8O-M9QRH,None
0H5BT-ONSWU-M5RYX-MTN7S,None
OVELP-DUWXK-9VUYF-08UEC,None
JXYB9-YXLIS-PXHOU-VE5WF,None
CEOOE-B27XO-2OSRJ-AAUYQ,None
2WCRG-XD6BQ-LMNNI-WTJAI,None
IC7MV-NXXVX-4JS8T-AAK8N,None
Z6GDV-IC0N4-KHQ48-BPOGX,None
E3ZYC-HNFIK-ERR7C-J3RGQ,None
AAKIO-DMG3F-1TUT7-2SHCQ,None
VM5PN-2QDFV-FHECQ-SQSH0,None
NJYKU-NLKRZ-NRDWV-SM3PA,None
JZVKX-OGXW4-KNTJD-K9ADG,None
ARNRM-ZBP2F-HHVMB-D85BI,None
I6KB6-NTMYQ-T9PJG-EJ0MV,None
2VNHN-IBNK2-CAIHO-CQZ2B,None
G3A9K-HBTUH-HGSSX-BDSK8,None
NLFFE-UHRL0-U1FUZ-GKBTG,None
VACAR-F5SGX-CSMIY-GOBO8,None
V1A1X-UGP9S-RTITB-6S8JI,None
RYOHI-VFF20-4ZEPA-HY469,None
APAEI-9LPBO-XKFQU-PDPXR,None
WX2RG-VJA9V-I3YMB-QZLQT,None
H3T8I-8VUMZ-WDFAK-CLDCR,None
DTJKX-TSQ1P-K2UPB-CDW0M,None
FRAVE-Y8HVR-ZOZXS-VPPD1,None
DFQN2-YNIIB-THQXP-NKN0M,None
5KENS-QA6I4-XIY9A-FUVWZ,None
SGPW4-10FC0-V9UBH-GWUUV,None
KB9Y6-9MLT3-SSTGP-ZGXYZ,None
HUHE3-CEFLX-3QRPA-AFXFR,None
8PH2E-6YVAV-7YYFY-5R99F,None
Q0X55-UZRUX-FD1IW-ZYDDJ,None
BMJ9E-F4RHJ-RGWUG-QY6DL,None
ZC8X3-JOU2W-TB1CT-7M9WO,None
TIC3D-7EBGD-4HDWB-DSOHC,None
AKOGL-XD5PV-UZWUN-NTI1U,None
HLBD2-V3D5D-DZKKV-4MOFU,None
KNY0C-CNLGX-GAQW9-FMLO7,None
RTFLJ-U8F9T-BIICH-WLMO8,None
7GMFS-FNPMU-KH409-AUSML,None
E5QLP-EGNAN-N9S3Q-S6HGM,None
QAGW4-ANIES-588DF-BIJWR,None
22TBH-SVDKN-XAIUP-TG2O5,None
PDUFP-IJJAQ-LXRA5-104KL,None
5Y7XU-VFFHW-ZHR2U-1YEJO,None
QYJXJ-IQ6CV-KMC4E-DYTM5,None
FFASQ-M9JQN-KFXAE-5AFSB,None
VMDBX-6PHDL-KI3C2-6M7UI,None
TTJO1-IPV98-VQ4X1-YG3X3,None
GXWML-47QXF-3WBNG-JVQTU,None
NMV8H-K5EFJ-KPKZV-8HHCI,None
FABMJ-LID33-DSQBV-JCHOI,None
ZPLIH-UBOQD-MVGNQ-IKWUW,None
XUZ26-NALOE-336NS-OEBAT,None
FUFRR-GREOL-RNLJF-RIMHW,None
ECIV0-K6YPR-7AZBL-CE21R,None
H7XGA-SV529-44MKD-UJOVC,None
XK2C0-7O27O-QBWLY-FK6KX,None
J51OS-4LBTG-ETZEA-OYBXO,None
WUXWJ-BWQXJ-GRVQT-KSN1E,None
64O4A-OACYC-UZGXN-XYTL8,None
DUO1U-FIYJY-GFHF0-OVXAK,None
PZEFK-J6YFI-PJUZP-KX9YY,None
B2CZ9-TY5S2-1X9ME-OC87B,None
1CC7B-BTYAQ-LOJQK-VCEFA,None
XOOAP-ZUWOW-PGN1Q-QB9IS,None
9AW4J-AG4BW-GXNQE-YAYW1,None
34ZMQ-LNXBQ-LQIY8-Z7O12,None
YIO6R-WY3NK-EHE3H-SZEMT,None
RKGQ7-8HERY-JXJEX-W8ONH,None
GJGZU-FDV3S-XOTFY-W4URK,None
UNNFV-W49S8-L7GRO-WJKM5,None
4ZT23-PXKSL-9GF0T-SU8XY,None
86PXX-EKTY8-7AGCR-EEKTO,None
ZTB0Q-V2GZY-6KVXI-J2AFP,None
OPEEO-SL7RM-TJ1EJ-MQIF0,None
7OFR0-NDFQF-XFAOW-ZVQOY,None
VX0UE-U8L6Q-PZ5YP-RZB8C,None
CYPHJ-RPFDY-IKWKG-O7L5R,None
91LJ3-LDRAL-NULBN-EAKZV,None
TFKXO-61UWT-ED6BM-QEZNV,None
RSLQG-3TYYV-IPOIF-1EAJK,None
RKAMA-EHOAV-ZHX9V-FBMVW,None
RPQEV-JPZLE-AL3C9-SGCCP,None
OIDFR-8XLS5-1TB5T-MBCIT,None
HGIET-GKDKZ-MQUIT-5C37G,None
EUROG-BTWPF-TCDYH-TK0LD,None
RG1MX-QADQX-ARUME-ITRTW,None
HIKPX-VOD2B-XSB37-CBKX6,None
WBUX3-FWHED-HRVIR-4Z9EV,None
IDQQN-POHXT-HKSTW-HYHBR,None
YDT2F-M0Z3F-GFGXF-WPOQA,None
NBF5W-ETDDH-OKX3O-ORVCC,None
3R8ZT-HG5K0-4ENN1-WD79T,None
Q6ZN1-YAO4A-E091Z-0Q8KY,None
4MPTG-8XHV7-NSNXO-KFRPW,None
S3JSN-CNV7I-QSOZ0-WHYDJ,None
SVSB3-HRCIU-A0JNA-TZXMY,None
BWIEI-XAFFQ-CTBPK-1LJ1A,None
QWX7X-DWEY1-CF5RR-ZFGSH,None
0E3N6-EVTCU-803VA-VYVBQ,None
AWHBI-OPYCU-M4LJN-9QUQA,None
5AA5H-IE0BJ-YKZKC-NOBVD,None
MPIK6-VOP8X-XVZP7-TBQMA,None
UV512-3DNKZ-89U79-94F4A,None
ZLPZ9-HUD1U-PNEJA-UD0RQ,None
JEJTV-TWXNQ-8AYAO-BNPUC,None
TDCEA-IETOC-VBPWJ-H4VYP,None
TMDZ2-AFNDY-LVFLJ-J805S,None
JZG23-WAADB-X5D5L-RH40T,None
WFVBH-BU71W-XRBGU-43RJZ,None
K40XD-96XXG-YSBJK-R8V2U,None
N5E08-YBUXU-E9ZAF-VVMLJ,None
GBQHY-HTEVJ-KYXUT-H6QDA,None
7PTST-R0OKH-XC6QD-9XUHN,None
T8HZR-YVCCO-RKM2G-JVCKC,None
5AQN2-YTNSM-KREZ7-XH7QB,None
ZGA8W-RDPWM-LWSIO-HWKP3,None
4FBUK-5UEL1-AXZIR-4ERMW,None
FWN5T-RVHUF-8FADR-JA2ZD,None
ZUJYZ-FQKBM-RZFLZ-1FPAK,None
BRXD3-VYEMA-FFOKQ-Z0MEX,None
NK6CU-CNFAM-SDOL7-TTERD,None
JZVNC-HBDDJ-J3GWI-APR3A,None
19BO8-DDONY-PKPD5-I3TXL,None
JKIDK-KRAIG-TXBUL-SYJQ3,None
CO6RD-QAIB0-T44ZW-XZXYI,None
2TBZP-IDQCY-NHLO9-N5T6M,None
EIGML-LWDQO-TMJQM-NAYOU,None
LITKH-VO7BM-WS74B-EVN5F,None
YCT55-YLSGZ-BH1LE-5UFJV,None
AQAYK-S84PT-NPK0O-0UYRU,None
ZWSSK-R1YXX-1O90L-U2MC5,None
2H1CN-7NFUO-GMUK4-ES4MI,None
NHYZZ-AWROD-BHQ82-0MAMA,None
TPOCF-13CQS-FFVYU-Z8WAM,None
Q05WS-ST80E-H0BCL-FNYLN,None
IOAQG-HKNCP-UVWZA-O10EW,None
R9LZF-AJMD7-DGW8L-SBMJQ,None
UU5J5-PIC2M-BEA06-XGBIF,None
VCTEX-NF9QW-74TPU-RJYTV,None
YATYU-9VJ2J-AZCG9-M3V67,None
RLYY2-YWNBZ-V9LSE-ZH0YF,None
C9B7J-TPEGY-CH6HD-B5FJ2,None
TIT1O-6TKWB-XIJE6-2AZWT,None
TVEZE-JPXXP-KMVAU-GPI9I,None
ILWYG-C3JUN-YPRRE-QBHIQ,None
ASSUC-KW1TY-PTPTG-KUONY,None
8TWWM-6TWXG-H0H0L-E00PS,None
FRZIU-9WPR8-JC0WE-TBSBH,None
JZLL9-6WDQS-Y08UG-DKHZU,None
IZG09-0MYAS-CMA3Q-F2011,None
VJO3Z-FHPUT-A2WQJ-EFS9G,None
G00AA-WEOPO-RBR1U-N86AW,None
YUEYC-NB28R-TYJJN-ID6U5,None
O9IVY-OO4VB-YI3RG-EVBHQ,None
JB10F-MQVDA-NGB2E-SMMGS,None
SHBQ1-HTRW7-HTLDS-BS4RV,None
HLU29-NGD6L-K1YBY-XUX19,None
OCSIM-4UUZY-BJNPF-NM6B5,None
HFACS-0UKOA-VVFWM-CYIBP,None
IABDL-WPZCD-UGJWT-GNYSP,None
2UISC-VAG5F-PE8J1-H1MVM,None
ZMVJM-0GDKS-J9KUW-YAEWJ,None
0PMIJ-FGBMH-AYEBJ-9PSKB,None
KYCI8-IKZDQ-ZVTCU-BADYQ,None
XK52C-BHPPE-GZASS-JUOGB,None
QXT14-L8YHV-GGQEU-4SW41,None
XTBI2-6Z8JQ-IZJJN-T10TI,None
NXYBL-6ON1F-BL0OZ-9NOQI,None
1FTP6-1OP4D-K0F8Z-HISYD,None
8WU2R-BHXJ3-LREFM-FHLE8,None
JXEI3-S2IKM-Z2ZSY-I4PXT,None
GEYYK-QKHSW-WRBFO-AYCJI,None
SEECG-O2ZAD-M1H04-BHRNM,None
XXF4E-WZ65Q-S2PTF-LBVEH,None
Y1V4U-PGY1G-MS237-X1TVN,None
3DWKJ-JWKOY-40IKF-6WAAF,None
KOXET-GVEPN-ICN7S-XLFPZ,None
OIP7P-1QNQP-TSOL4-FJ4XJ,None
YOOC3-AZM0G-2VL3C-I2826,None
5CYBT-G1EXJ-TBKMA-YLQ47,None
LGDRN-CNEQE-I9Z4L-9QFVB,None
2PCWQ-GOABI-KQG2T-GYQLY,None
IU88A-FAPPC-FIZOT-QFJ3R,None
AXBEB-AUACX-JVQK1-PGKRH,None
AYM02-HTMHG-YWHPG-9OFRV,None
NNM4U-RRE1T-57O5U-QDQY2,None
VEANM-SM9IC-TCP29-UDGQY,None
S1CFB-96ML3-1R4PT-39BYB,None
BNDTS-FHTDR-NYYTF-TTCT5,None
0XT9P-YHTJN-RHQZQ-UVKRE,None
8UF0T-MSFKZ-SBVGR-3QJU3,None
ZADHT-JC8LE-53OC3-CY4IS,None
4ISPG-CYWX6-RIRMU-QYBVF,None
LDJLU-GPPZM-CQD1M-U0VCA,None
LQIZL-DLWYZ-OFAHO-TMWYD,None
V0JHC-VW7JY-T4VXZ-JUUCR,None
ZYPGI-QTO4B-2L2QF-X0VXO,None
ZFNFL-ZNOXE-SRYHC-PBQOM,None
WGQJS-RBD7P-EI10D-HZIYF,None
IDTFG-TUJ6E-QBBSZ-AB8PP,None
ESLR7-61LYV-QW4L2-2AV6U,None
UZQO9-O6HKU-FSYY0-NHK2G,None
BL0BV-5ZWAF-JNTGC-H03DV,None
SVYOE-7EPNP-RAZ3T-MHJQL,None
WJPVY-IQE2B-J0E5E-SMERD,None
JWFZ2-SGHGD-EM7WA-DZ0YO,None
IA2TR-CCDY7-7R54V-9LB7D,None
6Z15P-9RRYH-BMTUX-NIPV9,None
TLO9Q-PWGGM-LDYEN-SZWGQ,None
CO2CV-ZCJUW-QZTBS-PGSE8,None
11XC5-PO4CB-DTGRU-PDZBM,None
AY2SC-OJOFG-ZN6TO-S87OZ,None
V7D8X-W3CTQ-HWBND-UZFSY,None
MAF8L-K7OFR-OWCOM-GGST2,None
LRKAX-FOTBX-HBOUF-ZJ0GR,None
CEBUF-KXEID-PDN0L-SNSBE,None
RWYMZ-NLZYW-M6W6Y-OMPUH,None
ZKDX3-TTXHA-VCPKF-GQ9XC,None
BIPP5-SZ75M-STDOZ-A2O1R,None
LSZ5B-93SRQ-L7ZL9-62ATG,None
QIG6O-TQ3BV-HNPKX-RF7FX,None
QXNVY-IISKL-HCMLP-PURVW,None
WYPXS-BLLKX-U1HUI-3CAZF,None
GTZZM-SR2SX-JL2ZD-4UY4O,None
NNWWV-BJJAC-YGTZI-Y8GSC,None
KNX5D-GCKKI-VGIJW-OTDAS,None
JZJHT-C114N-CDLHI-BGOG8,None
EP4Y9-0QSSY-GI4BG-RWI17,None
BFV57-OZNR2-KDUGK-LJ4ZQ,None
BINBK-2KIYW-CBATY-SQSXL,None
RSJUL-OJV1N-8UCD2-J3YUL,None
R6PO1-TLYGF-P7EFF-A4YCL,None
RLDK2-UUNDW-FBO3S-OBGSZ,None
QZW3C-QHZPR-55EIH-GBGCR,None
UWTAM-HGQN3-H3R6S-JXQWS,None
W6TYA-4DXHJ-YUYT2-MGPXF,None
4C1MO-SS8WH-RGLKD-IRTNG,None
LTDYA-OY9PE-DQB9Y-IVKLP,None
YJSR0-JDF7G-QGPQD-MDHKP,None
GOKNY-UM1AV-FOVAY-YB4WE,None
NLKFM-AP3VO-YEGNJ-YM1QW,None
EU3F6-IQGB9-VPRYE-9GILW,None
2OJZC-PQBA4-F7EIN-4G3CM,None
XGXXG-9PNED-FVLPT-0TKOX,None
EAEJE-S6UVI-VEOEY-3KQXL,None
S754S-TOQQB-E9MHK-KRDYE,None
PSFOK-O96CI-DBNAW-WCSOC,None
3WN86-EFRAS-GAKK6-IXICX,None
1BWFP-JLA0B-P8XOR-XWLOB,None
3NFOE-BWSLV-AOZ5M-AKOAH,None
U9RDQ-ZG78F-LAIFO-YFCKE,None
JAFKQ-AOWQD-ZWH8Y-TFCAM,None
QWX4R-N89AK-OJAYU-CPLUY,None
IWXBB-XKKDK-XHTYW-CCQHJ,None
LHE9D-50THM-04FKG-NPCKQ,None
FWZQA-GJFJJ-EUNY2-RW0S0,None
4WSND-KJG4F-5YWAJ-CWZY9,None
RTVFC-MCECO-JQLIV-JMWL8,None
PCUE5-KRXDQ-KOSPC-PRDCD,None
UUKXG-KVOCE-EFSSL-9CWFV,None
EFRGK-QICL3-3SGEA-EOI5T,None
ZKAK6-7MJI0-CIIRU-DS8OH,None
XPXH9-BMUNO-EPNYN-MZGOO,None
9ZTVI-ZXOEG-9IANB-H8GGR,None
Z7XS7-ERYIM-UNLY9-BU9NL,None
OLCLW-BCPFT-7ICQY-TD8PX,None
76XAO-U4HYF-XSBSE-WDZ5D,None
Z0XW6-MUV7G-9HOGB-79E4D,None
PMTEN-XZVJK-NHGBW-ALOQE,None
B4XZB-KON15-IYOLY-KZDAN,None
RIO2W-XZQL8-B434Y-EK1VD,None
KAM7I-AHPFK-NZYPG-1HMTY,None
E5I9P-WXF2B-ZITPZ-8OZOG,None
E7LQW-RYBKX-6BOOH-XB7IY,None
67KFK-7DSIS-PYKR5-NOXNW,None
CCEXU-OPPC5-LPOJU-IKDKA,None
G0CZR-ZIHV9-AF4C9-JB1GQ,None
JNZGI-42JED-8XZ8J-ON6YI,None
NZCMA-U6ZCY-X2XIU-2YNK8,None
CZKDB-OXTFM-DCABI-7XZPR,None
LYCFG-I1U5E-RNEM3-M9CEF,None
QGGFD-SQA2D-GK9ID-DD2UG,None
RL8LM-4JILL-WPZHD-1PEAH,None
ZCS8A-S6WB0-CB86N-16I3Q,None
N9VPX-162LM-6QAIF-8YTSV,None
YFRE1-UNVWI-BOALH-IRV7X,None
2NCPE-DWUAP-5BWNQ-YUN3T,None
IEN9M-FPNKD-Y3ZQ5-LA88T,None
YPPBZ-8LBDC-NMAIM-3KEP8,None
SJUJR-B1XET-JGEAQ-ERKFR,None
Y2UYQ-OLZAL-O2NAO-KGSJ8,None
KGFSD-JZ0BQ-U0K7R-EZBWG,None
SCKFC-FJ1O7-Y1C7Q-WXTIV,None
RDCA9-CZMEX-FLYNG-1JCVM,None
NL4LM-MMEKB-O7LDV-XL8HM,None
1XCQQ-G3MPL-JFAV7-SGA34,None
4CMUP-20YLX-Y6ZGC-E3TD9,None
SXJX5-UVLSA-YZTDP-DCEUN,None
O1KIX-NV86W-87FDI-VIPVL,None
LD0UU-CNCYT-WJ8MM-C7CBN,None
DRUNO-ADMJ8-SMDZN-0KNCD,None
JONQE-YKWCD-QMWGL-PGZ1T,None
3XLGD-52VQ3-YFEN1-EGJFG,None
KYWAL-E5FEO-KHP5I-MPXW9,None
PAAMP-8RGEW-1RNNR-GYFGY,None
ITPHL-Q5QJQ-HHO1H-LZKM0,None
H7442-Q4J2D-UXVBU-UUZKX,None
SQ3OF-M2D8J-QDSLY-W3GDQ,None
JZC6T-LYURN-TULWK-ACU8V,None
LWCGH-4S2MO-TINOY-3HJLX,None
PNSFD-05MVE-PNH07-FGF8B,None
MRX7K-7LTX0-MKX7I-ZAP6P,None
VQIRK-ZK63A-4UL26-RHQEJ,None
LDD9U-2OSKL-TQ6P0-6R7U4,None
KRWW9-OBHFG-CURO9-YPULW,None
EEQKE-E0SYG-L3BRC-ACMHQ,None
EYJN6-GQOUL-K5FCQ-VXW4O,None
ZXVRU-0RTSW-RHB2C-2VJOO,None
VUB86-FOEE2-CVN6Z-AYPR9,None
TNW1W-75JMT-5NSY4-22ST9,None
XZVV5-TDJ19-GG8LC-7JXVM,None
E5R07-OZWZD-GITH8-EEM2K,None
CPTRM-ASW6T-DANFN-NF6P9,None
VZ1QM-J7IK2-QRVHR-BZK84,None
5M8GX-2WA4J-TJWBE-QCQEE,None
G1ZIE-HYNHU-604F4-AAVIU,None
JQMN4-RLXOM-BFP8M-PNFYX,None
P9FZ9-N01D9-K1FM5-MUYFT,None
WSRWJ-V5N7W-16KJL-WDIVM,None
QZRXI-ABSSL-XZYKF-XZC4W,None
PMHOR-LXSPQ-1TOD3-JDJIE,None
9VH10-X0S4F-5MGTE-4AXEU,None
4UUGT-XBQUE-XPLOW-OC3DY,None
IMEIA-HU9SN-VJUES-AYOVJ,None
PSHAD-XZD9X-0MNYW-AOJG4,None
ZUGNZ-T4OAV-GNOTS-MEV9M,None
ICZP3-RTMR9-I8SQ9-4GWVD,None
TPIRX-N0KPX-BVA3P-BBRDK,None
FZMN1-V4GA7-0LB8G-FFBDI,None
EFADI-UWOQL-BEWHH-ROZQR,None
QLM8A-JT0D2-2ZBMU-8QSGE,None
ZSSHB-UYHGF-P2VET-UJRMQ,None
E9SAS-QXEJH-PAG5R-1OLK7,None
1KRCY-HL3WM-ZFGZB-ZGB7Z,None
LZCS3-U0Z0P-HOUBB-HUF0V,None
WABBF-FVSUA-053BG-AAIB3,None
OK2FY-6HA8K-A5WSU-CYRRA,None
ZKAT3-XZVP9-LMCJ8-RSASQ,None
PY4VG-DMILP-P0O15-RAXJ7,None
O1DM7-O9DBV-MXKAZ-JZ4TJ,None
GDAUQ-PDKWH-NPCA7-T2CJI,None
JPKOS-SSPQ9-1RF8V-LANMX,None
VDRVV-KKZW1-NK904-MIZZN,None
ORSVV-FOS7V-KK4K1-7TOQW,None
PNG68-HRWFJ-QA6HT-LCYCC,None
4X97C-EM6YX-R8QFO-ETQ5R,None
N1W8Z-TTYTF-T7EIW-V0DDV,None
LKJT9-OT8DD-3FU08-H5N2Y,None
R3VXP-ISEUR-YIHUA-U247Y,None
VPITF-EQQFM-R2DN4-1ZQ1O,None
OC8PI-JJRDV-NVJYE-XB4RO,None
4ALYE-9LKOA-0U9UQ-RM3UM,None
MEAQA-C9DZG-UKEWJ-GQ9PV,None
M19YP-F1WSH-QP952-FEQAF,None
PIH7N-ACULW-RAE2O-EDCGA,None
DKQUQ-C5DPF-2SPIG-C5L4N,None
JVHSL-56WC6-QRQUQ-QAUUI,None
0NL6R-EMKSN-QQYIT-F9TTW,None
HAUV1-2CFGX-XKECJ-EKLUJ,None
GCQLK-016DS-NDKAR-3FLUF,None
XAHNT-BTMLT-UQ6L3-CNWHW,None
KFX4M-VIT3V-U0FAE-3UEI1,None
UBPBN-5DJQP-Z8UK9-E2UED,None
PGFPD-FH8VR-CE4PA-1EMOO,None
ZCWP6-FB3WN-1NJKG-ZRDOT,None
FFRMH-T10ZP-RHMZQ-LM7LZ,None
WX69Q-QRVGR-TLTFI-NG1XQ,None
AOBTF-M5N6C-WF0I2-Z3QDM,None
VEX4O-9NXAR-IB8S7-HHZLJ,None
TFQVS-2HZMN-GMEC8-2GHII,None
VO5QS-QUQGC-KJCCY-UHWEK,None
TLGLW-M7VKZ-AYDZ8-UATBX,None
ZG28I-SW3DD-ZISJA-FSIV3,None
WO3M5-XZHBV-YXAMZ-QVY3M,None
XDW6F-XOVDA-7FEHM-GCOWV,None
OO2HF-JIZFQ-XDG1B-JNPTH,None
0OKSY-SSHE1-ZPOVE-2PZVQ,None
6LCCL-ROKN3-SRRWO-HW3K0,None
SQ3SE-RYUHC-3CBSG-6W5IK,None
MZWJR-ZH97J-UQBB8-ZEDOF,None
0WX1U-WPHVY-2DKKS-PLA4F,None
IZ7WV-AXPXV-W2ITB-MHOUL,None
PTQZL-SWYEW-OGPY2-YRJSI,None
G1GGV-CWJVT-C1KKT-C6WHN,None
KFUMQ-GQMTE-ATSHZ-UYOM7,None
CURZU-HL4MQ-1WBJI-9XONT,None
NWH88-AOGI6-WVDFF-PGKC0,None
PQGUV-AOVDQ-SEVZ8-A6ZIQ,None
LAUZW-FZCXX-JOJIC-MQQZD,None
MQVPQ-TDZ67-7JZKJ-NWDUQ,None
TZHXB-ENDE8-A8KNX-IBV07,None
D5BT3-WTYTV-WT0FD-RAUOR,None
TVHDD-MFEXL-GXOIL-65RAL,None
FCTBH-OGJA7-VH9V1-5EHPJ,None
HJ9IG-E7Q2D-XNK7X-LTC17,None
FB9DS-U6VMM-L9HKR-KVUMR,None
1BAOA-0JFAW-3ARVH-J41RP,None
YVC51-6IYLF-TDMUJ-VII2B,None
LPUSU-08OGS-NX4NW-TDV3Z,None
OIGR6-ZOTVG-OGZEK-IUHUQ,None
LCPYZ-MCNE6-AWCG1-BQIDC,None
H6KBW-OPHDO-5ZEP2-Z0LE5,None
DJKNL-AORQU-W5Q8O-NQQB5,None
QB4SC-HHRXS-I18IS-YWX5I,None
OWWK5-CKAJH-DFE2M-IONBO,None
IVO0I-RB5BS-LOBOJ-RFBAL,None
TR8OJ-3Z9BJ-F9ZF0-P4J3G,None
F73NG-VQWLV-DSXOC-VXTZE,None
U0UBB-W4Q0O-Q3C0J-GTIR0,None
UYSEW-8SKFX-BZURU-2FQBQ,None
YZXE2-AAWRI-Q41W4-AIREX,None
MSNT0-SDCYL-MDPRO-122Z1,None
JWUDL-ICHWA-VZKWM-DQW13,None
C5FJN-EVGBN-KX8GE-0NRDO,None
NMUT6-XWY1Q-3AVGL-ZDAGS,None
EZYAB-MYG4R-LOU5L-A2DZQ,None
7PY4W-NX4ZH-Q1SRD-JTRWA,None
RIMJZ-XO7N8-NH2JX-5XB2L,None
WLSJU-CB8BW-E9OWI-TZGCO,None
RSQR6-DAMZA-QN9SM-DLYZK,None
KDETV-D4FV0-M4GMK-YLCZ9,None
WAGDO-HGBPC-IMXA5-UNXDS,None
AMWZU-KWENL-PC784-VNWK3,None
6Y14V-EST4O-QOOZO-7PPCO,None
ATS22-CWZPK-DZCT8-MIX1C,None
UIK0T-WPYAQ-QPUY6-Z11MH,None
KFFX5-XPYKX-7BZOP-OQ6AA,None
TNUUP-YHC4P-86NGF-7ZORB,None
KEMOO-EOL36-D242A-T8316,None
2JGJA-DKJIF-AQY0M-8HRJ9,None
KGPYP-8AVKY-BWUJO-WWXYL,None
IZ8VD-ZWLX1-ENTUG-Z1JRE,None
NNNED-ZU8YY-AXEO0-E4AEX,None
ZRRLW-8ET31-KVNEO-FTOOO,None
258XM-YRYFO-GLVYN-SU3WJ,None
AL1R7-JG0QC-ZKYPC-M1DX6,None
XABA7-HCRLM-SC7WH-YFSXQ,None
HNZIZ-213EF-ZUQXX-FQAA2,None
5Y6ZG-FDMYS-YLOBE-ZHWZS,None
LT3C9-PIBSJ-XLRGI-UPPTG,None
C4XCI-XVZCZ-JOD0Q-CBVZV,None
UIDOE-JUBRP-BTGZ9-YWBDO,None
EF4C8-IR0P1-QDI0S-TXY5M,None
7DPKG-SDPA7-0C0HH-LFRPE,None
8ANEE-O5G5H-XPGUY-FM5EM,None
TL13P-V3BDX-56AGB-S9PNP,None
K1PUS-D4DAK-CA0BX-02WC2,None
EQF7C-WJLGX-DMVDE-B4WSR,None
GOGXJ-WEVHT-ORSL0-UJ7HF,None
B4TV8-ZT1MO-3LYPU-ZROY0,None
ITIQK-IIEUS-55DNR-9KS5S,None
MBSL5-HLAI1-KPRCU-Q4RN3,None
CHNGK-QLA5T-FFETM-XORGU,None
0JDUJ-SJYUW-MSXVN-JWIQC,None
XL4SB-SURMM-JRCKH-IRBUU,None
TFQMG-WA40I-DXKLO-D5VVG,None
LOQ77-TPPN6-ACRMQ-8WRHQ,None
RZHZY-R47LY-HXFCT-8QR2B,None
ZLC1Y-KIZMM-DAJE8-ZOWWM,None
1IZXX-Y8R0I-W1SBC-UILAD,None
NXEIO-VEMT4-ZAMLI-UIHUY,None
FXCXY-J0HR5-QXALZ-4CKKM,None
TBLKI-FQ2JY-KXA8A-LMC7Q,None
TMWEL-L1JCF-HAWMJ-HWPMO,None
W1XLI-OVF2I-Y4YQR-ARLUP,None
CZMVJ-D5PSQ-GJFFU-PGZZN,None
ZYSMD-XAOYL-HS3ZR-DLOCJ,None
IFKQC-HQGZD-5BTJ4-WZUI0,None
AGWN8-DMM1I-CI80Z-1CH1F,None
RQ6CB-JGKOB-8MLF7-IXTYT,None
24BEV-EY09Q-IDCVB-WXGAW,None
RTGGS-WVAC5-YGMWG-CP9Y2,None
XJQUU-1GBHI-KG2EB-A0XKB,None
6CIXC-3W1FW-5UPEB-ZNWNT,None
JROXS-OSPKW-SHJSI-HYTJP,None
IB2T8-DFQGD-WF1KO-FY30K,None
X2ERB-MYCUP-3PXEO-HCION,None
YTLPK-ICJWF-1IVSK-AE56D,None
MMCL4-WZTFU-9TSFX-BXJWX,None
ZABFH-LJE4U-FEEDA-QP7YV,None
XPP9I-6DZ0Y-QHJAY-UJNOD,None
ZOZCV-LRSL0-63CRP-NDUJ2,None
SZZMG-4I0VR-SFJCH-1JYHY,None
4SS3C-XRGKX-TVHDD-RUCGY,None
UM2IN-QYTWD-UFD1M-BXGNC,None
YV4ML-BP2PD-W4HPW-UAISE,None
UTUE3-CCGSL-RLSNO-FYEY8,None
NYHBV-QR6PT-I5R64-RBLG1,None
M7IUD-MJRNR-OYTOT-IFU5Q,None
IRI1A-XLMG1-RAQWD-PRZNF,None
CPVBH-XDW9Q-TRUKW-8KH16,None
WJ7EF-WQMXG-ZRVP4-5LPUG,None
QXQZR-ECMOC-9LVDN-TFF4F,None
OVHRM-3PZQQ-TPYMA-MBKT4,None
PHZYO-XFQPA-FG4J2-NN4ZD,None
I3IM1-1GLZJ-QVSBM-VXHN6,None
SSQZF-CNTXA-XLME4-AXOXE,None
XMYJB-KHARE-ZPY0E-IGTZD,None
FGADS-NCDN8-JZAVV-35W8Q,None
UWUGX-XWXRR-ZUC2B-PXDHB,None
SH2RW-JVQ7K-IFCOA-OC2WC,None
SOFHH-PLDS2-LCI8V-KBSFW,None
DKTL9-YI2O8-IOQQG-5KKKT,None
DYHT0-F560A-3OCX2-IXMIC,None
LXUHH-UFT7L-FLD9C-UYEZA,None
C6LBL-DH7FF-JLUOV-6OOM4,None
VXNWK-ZSG5W-PYLZY-5911Y,None
QFZDZ-OBN1I-TOMN3-CMVRI,None
9E7FJ-YG9DM-W7ME8-XVXDA,None
EFCJQ-MHKAB-1FNBF-SDW4Z,None
SJPO6-TQFLO-A6EFE-WIMO1,None
VL2IM-XHGXL-JAI91-7L7VB,None
I6PE9-W5EON-Q67WX-6ZSB2,None
UV3OX-DNAJH-DTFHX-N9TKO,None
8KASG-FTCJF-SNZGX-ZYXYO,None
ZM9KH-BV5LF-ZWCCB-KN1RK,None
DPJNO-OLEBV-N5NE8-ZTBY0,None
ZBTNW-UGN7J-CQX7R-LBZVU,None
AW4WL-J5K3C-ZRX3E-CNJWA,None
ANBPM-YCI1X-PCQYF-5MWYH,None
RERHF-EWA4P-GI3FV-AEQTN,None
VQ2GC-HWRTZ-CEDP6-HB3HV,None
YZUK4-RDPHO-VBJF4-NRYBW,None
7TEI6-T3X78-ZFRY7-YWOOY,None
AYBEU-YSX4R-JSF6B-MSRDP,None
CI67J-E496Y-KMZ2H-OSMAJ,None
C8WCT-0OS1C-5OZV1-KFRBP,None
NLUFW-NHEDN-J22WY-9DTYQ,None
PSHIU-RAMHI-FSSJC-8A4WB,None
KDTYY-NZ2SN-5CG86-M1EDO,None
BXWN9-GD0ZE-6UDEQ-8O1J7,None
CK4BI-YAIHJ-OFIJE-N1YCN,None
CBGOY-R1RLD-N1VKC-FOM16,None
MPGXF-RUULY-304T4-B1GYD,None
4MDIU-1CHDL-51JIC-WBVMG,None
G68S6-VFQQT-MXCQA-ZIUJL,None
JP8XE-VWQIF-JDBA4-4YNCW,None
OB9BI-XUAUM-LQNR4-U8RLG,None
ATADG-ZXJWQ-ERBYR-PVXBG,None
BNKVS-TWSRC-APZJZ-PM33E,None
NKX0P-HQSY8-7YMSV-AHCSK,None
XXYOP-QWC05-WV7AU-SIN0P,None
UIMRR-3JU02-RDTOI-N0UAX,None
5BJUQ-IHSKO-DVARK-NPI1Z,None
9101H-ZZ4HO-QUEBF-Q7PQ6,None
C06BT-GYNT9-2T6IV-EYAKN,None
TETYR-B7PEK-T2WEQ-B6P4V,None
UACJN-8IRUM-TF8UW-IIDJQ,None
ZAJZM-9KPCU-H9DX0-FACLS,None
QLMXC-TDTBI-DEFZT-E9OFX,None
BGXMJ-FCASL-UTQLG-TKBZA,None
ZSVNS-JGKKA-DW4G1-3YWP4,None
JIGI9-8DH0G-GFLMZ-EOISK,None
SQMHY-XE4SO-CVYR8-JRGPB,None
JQPNO-I6G7Z-MWNYJ-FLPSD,None
VZ2HX-IJQFK-KJOIF-5DFWY,None
HDQ5F-RV2LU-WEERV-KLZ8M,None
MUMGL-E2O9Y-LKQ2U-K9UWE,None
KSWHW-TNDGT-QMVZ1-DGHA3,None
NXGYD-X3ECT-NGSSB-3IJWA,None
HWGMF-U761P-PYSMH-34K6J,None
P1ITM-0NCPD-RURVS-BBZOP,None
16DRC-GA1WH-8TWUU-PAN4T,None
EIAYP-J18AL-BTNDF-LVKJI,None
P6YWD-DR8RP-FFABW-VVNYZ,None
LLJBW-ARW65-Q2GEE-MD6I4,None
T2GVQ-4VLUF-V6BYQ-B0LRV,None
PB2WM-F6SPD-FJSUQ-UOII8,None
187NJ-UXNUP-VK1JW-WASAQ,None
1VOWC-B3ZZS-EMCMZ-YDF99,None
WC3XE-RUQF3-NXZFO-Z3JCB,None
GK7HL-516EU-XDWPD-UL1CE,None
VSIF5-AZH7C-AHX4Y-J1VKM,None
YMPSK-R9VBP-SVFQO-PSXEO,None
DRCMB-QHZKV-K9IRJ-ND38C,None
QPFGM-MADRP-BLZXK-YYTOE,None
RWFGS-VKLBE-B90CP-VGXON,None
EJS24-J2MJC-MTQDQ-R3VFY,None
UOZWT-CCWEH-MRU9N-JMLMK,None
F8N5X-RY7CA-WFWB0-XZDBX,None
OE0W2-YGHML-MALKZ-ZKXSD,None
KXYQL-BER1L-VQ5ZC-UEBO2,None
NRGQV-OAQLK-EXDDY-CEW16,None
3QHFH-YJBDX-CEA25-CUSXK,None
UQZLV-YCCGS-AJSUH-IOGW7,None
NR0NJ-A5PBV-OXOUP-GFBD4,None
OC2CM-EUXXH-LMT9T-LLIXO,None
Z18O6-SR0JR-XG952-I1MV5,None
XZOXZ-MCQ2O-VUGIS-PD3BZ,None
RSBCX-KHNFI-O8ZZ9-YO3XF,None
Y5FDM-CAEZH-HWBIW-HTG03,None
506KO-FGOKT-RRCQW-YU5ML,None
LFL3X-PEYFG-E3VMR-DBUO1,None
EZWNK-U6IIC-IHFOU-CLOUW,None
SLCTM-CF3AL-QILKA-BKNTZ,None
BL8NL-AYZOZ-3Q5YS-MMEMB,None
ZHV1L-U8D48-NBRXZ-T8TKY,None
JIWB3-VEXVP-YXIZD-ABJVG,None
CAUZ3-6KJI2-HPVCA-ZGOE4,None
DIQ17-Y883H-KRS0C-LONIY,None
MIUM5-L6ZWN-LFVIM-MEKVS,None
Q0YWD-85ZDC-ZBPXS-5D1G5,None
LSWDI-EVY9D-EB3OY-K5IAR,None
HQZFU-98PKS-GJAA0-CTQFX,None
8QO4B-DVCUD-1KEE1-VEW5A,None
EYQL6-GIQAR-HLVVF-YRGRX,None
SYN8V-4IBGG-5PINR-BF0YB,None
CM49A-TRRLM-UIAA4-3DZRO,None
TTBHL-ROU0P-FJXI2-6EPWF,None
IPDN5-UCA6X-KUT9F-NBRTD,None
GDH8F-EKHBM-1T5HX-AL59E,None
WLM1V-2RKAF-XG1R7-TMNXE,None
U5CBQ-A1VAZ-7HWTI-UWXII,None
JEXOC-GSOTI-RD9AI-0NUSD,None
VOJDM-GOZFX-9C46N-WXRAD,None
J5U3Q-HZ4KY-ZTQ2O-QVKZY,None
SZ3L9-OL9OU-5D8YC-IHUSW,None
RWUMQ-JFEMQ-ZYO78-WFNWK,None
2VO1D-RXO4H-EIE6B-FVQWG,None
GL3WU-GMVRD-LJRWJ-CRUGG,None
XYK1W-0FL05-Q660A-ICFNT,None
0OIVM-UBACJ-YSRVT-BHJXA,None
48WCV-100CT-TJSVS-EEX6T,None
NQJUD-1AFUW-OR1OP-XBVG6,None
L8VPR-RSD6R-1HF0O-JB6FI,None
HEXX1-8JQD2-TFJRE-HZ2DU,None
TCXZD-YGHYS-I2SOS-AURCH,None
LWGZU-HGZMZ-KAPD8-B1FWX,None
WQ5H4-JCPJC-QN3VL-RNON9,None
Z5LUL-CBTFH-BPEVL-XKGQ4,None
YYOPD-QMMEJ-U5CAN-ZAOY4,None
WCHIT-4UKRH-YS2YC-EPGP0,None
VIHFC-UEWDD-OANBP-0VOHZ,None
VRPYP-7GGNB-XMSJJ-YV7PU,None
ZIBGT-BMPZS-JGGIU-PNKJT,None
I4AGP-ISR9K-HPD3E-6RH8L,None
7DLXG-2TTBO-REZCN-TKMTH,None
RBMPA-VWKV5-NZYHW-IK8XG,None
OH2WK-8A5J1-L7TXL-2TMFV,None
H7KGB-EN3D0-4GZQX-BO6FH,None
XB1AV-HL68L-AGZS2-SIVAI,None
IX0BD-GO5WY-ONGEF-QSYOC,None
QADBT-BNXJB-NXPJJ-ZKM6T,None
ZDE4J-MGAJB-IUOPP-1N83O,None
ZOXZK-5OJCU-F62TG-XHGSQ,None
Q9OLX-PKT8D-7GXJC-KVJKC,None
LQGCS-SUS0I-SMDF9-0E5HM,None
RSUJC-XX6QC-0XVFX-LRCGC,None
NNCYK-RCZKF-CMXIF-UD9JZ,None
M8ULS-EIJB5-WH4BG-HYROB,None
M6LKQ-VMUAL-PAIPD-KRFKC,None
ZBNC8-JBRTY-3TFA7-5EZMY,None
ILE6I-4U9DB-HOVAW-SUONV,None
HSMRU-AVEPI-LI45Z-XZNTD,None
EYMIN-J6I53-FPMCC-4VLHS,None
9T62H-3CDLW-AAIXB-9M8UE,None
SIWH4-DIPAM-RJEG1-KOECB,None
RESDV-Q6GQF-SECUR-DYFXZ,None
ACX1Y-76IZT-WKLHA-JTYC7,None
BTKD5-4NPTI-JCJZ2-C2ER2,None
PSB1T-U47A6-VTV8U-G9VB0,None
IP2JH-QV8TA-KCRCV-KFB17,None
FL3QK-IXZB3-4YHRI-BS21F,None
CSFLD-LIY0O-MCOOX-QLIZ2,None
X7AP6-79N37-99YBJ-BRYWB,None
ZEPGD-HKQXO-VDEBR-IBPAE,None
9X71H-VBHWP-R6TWT-CONBC,None
LTNAN-2IKJH-WW4AE-UD80O,None
6F5QD-XMYG5-FNVYJ-R4MJH,None
DBQ4T-6IQU9-EK1OR-VXORR,None
BNLI6-AUEDM-LQECG-AJP8K,None
MG6TD-ZR9SB-WPZLH-IYP1O,None
NJFQW-6MQRM-XESFA-WJF4J,None
UWKUG-TENOW-S2QSE-MKLEI,None
HVHQW-QQ63D-RJCWA-JTCOB,None
MI1DB-6C2RI-GKCHC-VCVIL,None
XJWEH-E4XD2-8QNDL-5WFPR,None
INQIY-CH1RZ-YQBC8-BQI07,None
TIUWP-VXCSI-L3Z7O-D3MQ9,None
DNET6-MGTNZ-XOPZM-NX4NB,None
6SSDG-PT1NX-ZJ18F-MDMKV,None
2ZYMR-ZFHCH-SNUCP-HQQGZ,None
XFBAP-SQZUD-Y7TNU-XU48B,None
B4RVG-KKPOC-RBW8A-IABNJ,None
5FRQH-TZDKZ-N2UTZ-6VVBG,None
OMFHD-BD03V-FAMVP-XYIM0,None
4AUNA-HGDKN-GRXGQ-SSCZ0,None
EKPTW-QKTCC-WFNMD-HIDI9,None
H6SFS-AKEL8-IXX2V-GUAML,None
AXCEG-EKIRD-KE3KM-3NUZK,None
NN21F-ZFQTH-DAIOM-ZIXEY,None
ZEABB-VGJUF-QRBVL-CVTER,None
JPUBL-0GH9M-PGK8K-Z1N0Y,None
BN6PV-WAOQS-2PH76-K6D4J,None
A6YLA-NVOCQ-R0JUW-5LPHP,None
PANRR-MB42N-2KGS0-GKUKF,None
EWXWN-TT46B-6ZLRU-2TPTL,None
502AH-L0CHT-4WTWX-KPESH,None
6K7QH-0ADDN-WWBYT-03UZJ,None
7NPRV-EMKDP-7LS3K-N2YBA,None
ATSZV-XXEKE-0DU9D-TUHCT,None
S26OO-CVCNF-ECWGR-DP0W5,None
JPQGJ-SAJKY-HW05X-JWIDL,None
ZBQED-EEW0V-Z4R1S-0O8D5,None
NRY72-M21ZV-U6GDK-68VHE,None
YT3SZ-YRMBD-O4W8R-AIA1K,None
UISDN-PQRWW-OV98P-ZXKAW,None
XBV6S-E4AUM-YK17K-KU6CN,None
L5QI1-XE4W8-DCAMA-Y43CW,None
S2MG0-W0EQK-SL0RY-8JZXM,None
TIQGG-O18WW-YTRLG-LJGWQ,None
ZNBMP-12DHN-WXSNI-DVTVO,None
HRRCZ-DBMBI-P1UDY-IXNNO,None
OXBKR-7NGQB-BBBXL-6WD16,None
VXGJ6-NGHLI-9V9NC-3E95A,None
AN9M0-G1KE6-3DKAH-PIRN2,None
2ATKA-MZFBU-5V9EB-GX2NX,None
IJNCM-FT3P5-KKT0R-ME7G6,None
EJ0A8-LVXJ3-OTRQQ-WX5IY,None
8QEC3-J6XC6-YODPQ-VSZFS,None
IBIRB-DPEV4-IDFEB-YCLFG,None
ASNJW-B2OIC-GQPQC-ITBI2,None
4PIJY-NBUXR-0OLWY-Z3BBX,None
NVOPN-NSJT6-UCSPA-YPU2M,None
8FTW7-MXTLP-LQVV0-CAOPM,None
BIIIS-E7B0P-HGQAJ-3P3LC,None
PBKBH-3CHHD-2FIU5-BLMMN,None
DOMNO-QFQGD-XA7MY-FYM24,None
5LEDJ-JEJDW-QNTWA-3YKKL,None
7GE1K-TGQXZ-4MMZX-MLN7C,None
JHH1X-2RZMM-SU8E9-VLDYW,None
IAZYZ-XR96D-WMZER-EKJE7,None
ZH4HZ-II470-ESGZ2-44RH2,None
EJRB2-HVAN7-705J9-G3NMB,None
TE4VI-K4TUF-TMMFG-81NGG,None
BLUQC-DBMGK-VL2P6-BBJCE,None
08K3M-WE7SP-ORMSZ-AAAOB,None
34F7U-WDEKB-YQH6W-WZDWG,None
GUG82-M9GSO-CA010-8JJYT,None
NG6KV-SYIAV-7V4WP-UP1S2,None
LKD5V-MGVXM-RUDUX-RS7CN,None
7ZXMW-HZJFO-DH7MV-NQYVJ,None
1MXGO-EB9V1-YBHCI-5Q0Y9,None
NEVC4-RFDL8-IELPK-7S1GR,None
RWP8U-BO1IB-GUZTW-J8BQ6,None
L3WXM-OV3PT-RXUMP-1XYWS,None
BKUBZ-AEHIH-GN3BH-CKJ7H,None
LOWKV-LWAID-BKGME-SQHAR,None
D2QAD-7TCYI-DOTGQ-LAU6W,None
B5BII-5S8DR-ZL1OJ-UZIC7,None
UFJKL-W5HSM-EMYQE-SOAN9,None
QY15B-WPHZP-C6LKY-B0ZO3,None
RPOP5-219OQ-GH48S-ETQMY,None
ZYT8B-T4X3Z-JNBYQ-MMWIL,None
FLTYE-9QGHD-XGW3X-SVXP1,None
ECU5W-FQF1E-VGKNH-PCRUH,None
HNA92-GIXIT-DQMGX-B8BC2,None
QRVHJ-HAT8O-HRKW5-DFK9S,None
R7YRX-RH9BK-N4CJ5-BJF5H,None
GHEIT-HYQC5-AGKLA-LALTH,None
0YNO5-APGDW-TGYOP-R1Q6P,None
RWUHH-1IMAB-CKZZG-7SQSD,None
CXMXJ-VQ6RT-ZXELA-EIMON,None
GW5BL-KAX0Z-TX18E-NWLC9,None
XEJBJ-5CV8A-9LU9R-PT9VC,None
AO1DY-WEDUP-DQZCM-M3AVA,None
TOMNT-WNCHG-EIKTG-BQ2NM,None
EXCEH-DFKCF-8KY1H-KUXRR,None
CTTCN-ZEAK5-T1AQZ-HJBCM,None
WLXNH-ZSLG5-KS7XS-6CDIO,None
JOPIQ-EOYWC-BVJJ0-YS4YJ,None
Z344K-SWZEW-NLRJS-ICKUM,None
SJ37B-A4G6W-IRXDP-GERHA,None
VJ8MW-LREOB-YPU7C-YOZEG,None
C8M77-THWWV-QZEWB-U0UPC,None
Z3OBJ-1HEHO-N3MJT-MH81Q,None
JVTBP-CM33C-BY5X2-SWBOB,None
BCALM-DIZJK-LZROH-ZVUBB,None
1IT0P-KYIOX-SZ3P9-P6ND5,None
EUGZF-XYVUB-5XKCO-N1NFR,None
Q1PFT-DQDLL-6PSYM-PVMXJ,None
KGTD4-SHZ4F-GK133-3OHQH,None
2KDHJ-XI643-OMEMT-VS55V,None
OCHKZ-IG37K-RFDG6-FBSN6,None
JZXQH-R6PA3-FQ0JG-HUQSI,None
EQNWL-FCZDI-MT3MN-YDD9Q,None
K3ECJ-QELCL-9HXCI-WPGAZ,None
JGTVC-CBQNF-0JJOL-MLQJS,None
0T3PJ-IEUWB-E0LLQ-LT7RG,None
GDPWL-0XBPA-CMLDE-VHGXV,None
AKKZI-FDTH2-BFWNI-9VCBW,None
YNEH8-VHQBN-PGOVP-YUCKY,None
6ZG6K-RQOFG-JJNSC-GSERK,None
AVWSX-VGFHQ-NDOPA-GVS8A,None
1YQJI-USFVW-SXU59-OTTI6,None
I9OLB-7JBPZ-N9RSI-HDFIS,None
V32NK-WWQKQ-LCESE-ZGM4P,None
NQQEF-KF2VV-T5GHC-NEVDC,None
1GHW8-EZWKM-LOYZ5-8AGJP,None
SCTUJ-NPH1K-5UHX8-0FPRD,None
ZAODY-GMKXX-VJOUS-A1JER,None
SLBUD-BNIKK-OWA6T-MFTYL,None
DLG5G-MZY1Y-IB0GT-LT7JY,None
J7CAL-QLLTC-RITSH-V22IN,None
0NW73-G5EZC-6DLLK-ZJZHU,None
4ZJLP-7LZWY-NRECH-MPZO3,None
P51FR-UETSB-2ASNC-LETE4,None
CFEKL-N8VFA-YIICM-Q5Y0O,None
CITMT-KV9KJ-XUS3I-OBNVP,None
JGLPF-EMFRH-LKTWW-MRKW9,None
I52IC-WFLM5-FWCME-RJAOR,None
IJRQR-9LKMT-URBH1-YBBND,None
7S1LM-E15KU-6B4KP-UHC4B,None
HFEUE-6OKGL-YRAFR-LGI7N,None
NBK2X-GNTIM-HDNZX-MTWWM,None
CODHW-OFWZE-PEFFJ-64BCF,None
1NBID-WPAIX-O7EVM-7NRNS,None
M9J6E-KXLGC-LPLJG-XHQQM,None
5SNPW-AOXJP-L7QOI-THJKQ,None
27B1R-PGIME-GKVB0-9YZBS,None
SKZB2-Q1FYI-OMOXH-UK6EH,None
JIDFO-PK1WS-OVBVX-OD0CF,None
FEFTU-DWTU7-YODCO-ZE2DN,None
AQ6RZ-5FAFY-ESIRL-30H5Q,None
7RDDZ-VA5SV-ZLEER-JTFBU,None
ZEAEH-AVUBC-29VVV-J8HGH,None
PC4KU-MIUME-WRBED-ZY1ME,None
WOYYB-YV4PO-6XM8L-ZHQZB,None
8S9EA-8RFM0-ETWEM-N7XUG,None
NKQGO-PHMLV-SGV8K-ZMC54,None
Y2F7T-HTFD3-2W9R8-N6EXM,None
0YL1G-LAAVN-YX8SQ-GVGCG,None
OH3KZ-CNDWF-5LHBI-XAOY2,None
DM979-XX8E8-CUMEU-NNMES,None
E5AEW-OZESP-LJZLG-HGSHM,None
UAZUA-BF1AG-49AWG-SNZ7P,None
S3BMN-MVPXB-5ROXG-HQGMN,None
WNX0Q-JPLZJ-MA0FD-V2F26,None
NOGAY-A4DPT-JJCMY-VABOG,None
OZFVL-ZN4L7-JHULP-AEKJG,None
GRIAZ-5ZZBY-JEMJC-BS4UZ,None
YW16B-RUUDW-UQLHW-0KQOO,None
3GQEX-SQOJY-DINGR-WERIU,None
QS7Z5-XZRVP-EH0J1-RAFKV,None
9HBHE-ACVLM-FQYE0-7ZWEC,None
KBHRD-QMDHO-JTJN4-WWAK3,None
Y09BT-VZKEH-L9ZCP-JFEF3,None
DGVKY-ICRVK-MAXVZ-QJUOR,None
O2NB7-OBOWF-LO0T1-PT0WV,None
NA2LQ-DFYTM-XFFOQ-UNQNY,None
HTCKR-QOQAS-LCLAS-9ZKZG,None
XYSJQ-V2JMT-1ZDZL-8UODQ,None
K9X3I-V0YRS-NC3ZB-RADE8,None
NVMYY-R1PIZ-XI8NH-8MPOX,None
83UWB-4MWCN-BBUE3-JCPUW,None
FSYPO-6AU7Y-OGSIN-6UITE,None
AIS30-AWCBJ-ZFUNO-DPSPJ,None
C5DC4-1L3S2-AQ0MC-AQCIF,None
L61AJ-L9DFQ-BSJGG-H3JZL,None
SGMRB-BGAO0-JPTFU-7K8UQ,None
4OVFO-RIEVN-WJALW-FHPBJ,None
UO4NZ-4A021-RLED5-QVS1J,None
JSFPJ-TXH53-BMNRJ-OPZMC,None
FFXQV-0QAPU-LVCQL-EO2XL,None
GFQDG-UBZQQ-V0YEI-QB61K,None
TVWN0-1KPZB-M4MVD-A6FC6,None
AXEEP-R45N6-PJJSF-VL9XP,None
0WA8W-ZAPF0-XD0RD-GGPML,None
SHO47-GAO8Z-FJOPM-SONJQ,None
HLIP2-DQMMM-FMJUW-GNF9T,None
MYG8K-SKIEB-Q5MPL-M0IRU,None
2XMTH-BMHBA-LR6NI-DXJ6H,None
VO0XG-MPN6V-IWDPW-DZJSX,None
IBMFA-61OQS-HG7JE-NU6YS,None
90VF1-6XO04-9ARSH-IBBHL,None
3FUQM-5EIKH-HNTEY-KJJNL,None
7GURP-FS8CA-GRDOS-LQECD,None
QIXG2-7MGF6-ZNGF7-3WH4O,None
PT6TG-EAVN2-8OMCO-76HGH,None
NI3FZ-HWEYA-ISVCQ-ZXKIB,None
CYUFS-FJZ3M-VSJ24-LXNT3,None
SQL1E-GEKWG-FOYHX-5UOPJ,None
8TOJJ-UPVSY-WCJTV-ZMMI5,None
RB8GV-2OBM5-3SO52-7OE8W,None
BAESR-3QVL4-NDWOS-HDMZA,None
CR2RG-QXQVN-KBEX8-UN6LP,None
V1RXH-OZASD-Q5Q9Y-GRHI7,None
OBNWA-LMQUG-ZDEZH-2YDPM,None
BXWFA-MRJDP-KKUD6-OHAEI,None
2T1CO-EWH23-1BVQS-PHCCJ,None
6YLRD-OYNOL-4T0MR-0V5NT,None
39YGJ-5HZMX-ERCKD-EPBPJ,None
SKDMN-MOPFR-Z58AD-FSHE3,None
RMLUD-5CLMH-5EKWE-SRBY0,None
4EJUA-DPAHX-CTW0E-QKC5E,None
AUKC2-F5RWZ-EZHNQ-FUJJA,None
ZF1RV-ZY2MG-CKFPP-PJB1Q,None
DSJNE-EGGOG-XBQMK-FJY4W,None
ERADS-CA6O2-GDXOZ-MPCNB,None
V55WA-8ZVAK-THS3O-GHIJY,None
VAUW8-K5Z9A-DFWAQ-H6MDH,None
NNNEG-VHSJZ-ZKWI6-IX3NN,None
BI6OQ-QTPKB-A5WT3-YQYP7,None
ZDAHU-ULFZN-MXFIK-W191K,None
SDWG2-URXG3-QMEQE-S1NNC,None
BGZBC-7QMTY-7K4UT-89GUR,None
LV0P5-TDJLC-D4WVR-WWS27,None
MMZYH-NFFUS-JQ8W8-6H5TR,None
B9CUF-G5SLL-R6APQ-DAL9N,None
WJIZD-IEO3G-ZJDRF-HRMQH,None
UF0NH-K4Q0H-GFWAC-HAVPV,None
YJ7VD-KBDF2-6TYRI-B31KN,None
GL0IU-GNUWX-OLTTN-NZLJQ,None
0N50X-EWM9S-8CJBE-CLJLK,None
Y6G6V-MGJCO-FEBDH-TQKUB,None
RB9FX-9DWOL-OKIFK-ULIHP,None
KMTVX-3MKPS-RGZBO-UIRDD,None
SL3QA-BXVXK-8SXJY-NFGTT,None
R4YLV-K4RB9-G2LB9-ZEAKC,None
IFASR-W2DJ6-M1IVB-VJ1ZH,None
RIUHX-YWUX8-IFGVA-WDHXE,None
XVDPX-NL3BZ-7S8OR-A23LQ,None
PEFER-1OPWQ-0HUTV-Z2OLV,None
2UWHE-AVQMF-9YPNA-AN9WZ,None
CACFG-VTUDW-YIZDZ-D6KNF,None
SRZNB-WTYW6-5V46M-BLNQK,None
F8VQD-LF99B-7AYHA-QB3VB,None
G4MFY-AQLGQ-RW5CG-AFIEX,None
9PIGP-F6IM2-M99EV-CMPUH,None
HA3QZ-RJKPY-AYZV8-B6SZU,None
QTZNK-PF2ED-MZZX0-0YWU1,None
SFBT7-B8YFX-NNGAT-W7CGZ,None
EQYZI-3BNSR-F3CGJ-SA2PK,None
DPSCY-18BSP-2J7L9-YBCQU,None
0SMXY-E3SZS-RPTBZ-WJ8XA,None
0IAVX-XUBIW-ECH2M-PVRUY,None
3QXY4-BNX9B-QTSSR-MLUO2,None
SF1RO-P0YTA-DAKHL-8ZHD5,None
0GHIM-O9RBI-DRUUC-RMEEF,None
USIXC-QLT5O-GR9FP-3CGJH,None
ECJQQ-JIQ9A-WBSHH-9RLVH,None
GJRNO-PKUIU-Q9MIW-5LRDV,None
3A1CQ-WHLUM-LVLTM-UR3OR,None
PLWVH-WART4-PXQLL-P8EMQ,None
NOH9X-KIFHE-NR7YQ-WAGZF,None
KF2PB-GILGA-JY980-AK7WQ,None
KILDP-FV6UI-UKEUP-0JEFC,None
MEOMS-VIVVK-YA0PC-K7M7D,None
OVTZS-NMST0-YDYH5-DGS1C,None
UUMOH-FRKVS-IJOVY-QCBLN,None
RPZBC-LQDC9-JQD6W-O9SYA,None
YDPS2-EFVK4-AMIAH-DQGSU,None
VBDYH-HE8BK-ZVAOK-OIVRW,None
QLOUO-CSESW-B1OOT-CGRPX,None
IAE2S-PCZJQ-RGFXE-FM2IT,None
PTX5Z-CWA9P-SDGHM-LC3GQ,None
U3G1Q-YHOXW-RNPUI-JBAFA,None
ZEQR6-ZKWSV-OJKPA-JWHSU,None
DOLG4-GVXTH-LPEXR-VLGAV,None
RCLFW-PPJE1-ZIKO8-UCUQX,None
H7CMI-RCBPI-EH2P1-SDXMU,None
7IZDV-2FKQT-7HMYJ-FDQ3E,None
I8Z1U-CRYTH-3DTPW-IMCFC,None
2KSGV-OXOJN-PAVUO-5BLK8,None
JSAAP-VOE3Q-NGA0O-W4UEY,None
ROVTR-4VCXU-AX3II-XGXA4,None
CIZK1-R4KN3-13IJK-VW4DV,None
EWRMX-OQOYO-TDJUT-OTAXE,None
AMSWA-LKKOQ-HL0OV-VKQUK,None
HAGEU-KIOS3-VXTEX-FFMO3,None
N9QBT-1JKZK-HQWGD-V20TY,None
DUU8T-WMDXN-KXKCM-7FANL,None
OKMVN-FFPNI-YXS8N-JDEBS,None
VGHRH-ZT0MA-KLD0R-JLOWU,None
IVY4T-3I73M-D7WIX-AYFFK,None
HLHGV-ATKP9-MXI55-TMNSS,None
INDJF-IVYKM-UHPJW-OY5C5,None
3O8WQ-DHUXT-AOT9G-EQRHD,None
WXSHX-6HEY6-HHKKP-F78NG,None
ZNGBC-WDBLL-LXO8P-EIZ7W,None
NLTX8-A6OV0-5RPRD-U8EI6,None
MBXKM-XDNTA-CFEQH-QBTNF,None
QVENH-MRFYD-DFFM0-CHBXW,None
AZKRW-CHCHX-BX9YN-HL3Z1,None
CG2YJ-OFH6G-PWJNC-YJXIK,None
HMDVB-9BRFT-RVRLX-RJANM,None
NGDLQ-RGRQZ-XK9GN-M3QKC,None
WYEYB-Y6FZM-FI218-KBG6B,None
B2LGN-PWRCT-OMBQC-NNZWX,None
G7XY4-LFP4Q-G6DAS-WGVZZ,None
XF7OX-JIRGT-55BMJ-VZCYG,None
4K2BV-IBXLX-SFPF7-EY0KZ,None
FRRJU-XALTT-F4HCQ-2YULG,None
YI5VZ-YHB63-VO6NX-S4UIU,None
20K7T-6RMEQ-EG0S8-0RT80,None
NYPTT-ALF1Y-KY8VE-2YIHC,None
JWMB2-VYYU7-N216G-HTRIJ,None
ZPPXV-WTDHE-0WVOA-GEFBO,None
EZOKL-GJDW1-XWI9U-6XOWP,None
TDI78-DHNQ4-KTKAY-QLSZT,None
LTIZC-JSG8E-EOCXM-BMC2Y,None
LQTXN-17CNJ-FLFKC-D5JTZ,None
A7RZZ-QGDHK-NISLR-QC28M,None
3OZ79-Z1OPO-BC1WM-LO3PF,None
CGUEP-D2LA1-WO0CP-N0HNV,None
YJOUM-TSSFD-5BUSF-UHHKS,None
1EMGH-2NYXV-JL0B1-1U4DL,None
AUCRO-2Z21P-VDS1K-HYO5Q,None
V1NHM-QDGQ1-RNFVM-HDZ7P,None
USAZX-UKDRB-A6P4T-UJJGR,None
E9CPQ-6MJS3-ZLCCN-UVMSC,None
TK7OU-QCGF9-HFAOQ-28EHI,None
EXWGN-N7ZTM-CQKAW-VQAOC,None
Z00TW-RDBKP-PZPB7-RTNT5,None
QHAF3-IVZKC-8EDC7-ZDMFH,None
GTDFL-TC7YB-OI6O1-JCVO8,None
9ZEXA-2J74L-W2GNI-8DUOW,None
LTIRJ-BHRP0-NOFUF-NCXQI,None
9AFRX-KKAEJ-KDJT6-DZLA2,None
GFLTT-IAHSU-OPCNG-UJESD,None
POMDR-7RFIC-9EZID-SBMA1,None
YQNSD-5N6J0-N3YAX-WZMN0,None
RGJ0I-FETVS-BLDX4-GDZKI,None
MAYQL-FPTTJ-S1IFY-EGYQJ,None
R3NR6-L6FX0-LPPEH-XATFN,None
S5ZCH-XHIJQ-R0KQD-SKKIH,None
CPOY4-OUSVO-EL8IJ-GOSXH,None
CRHDZ-FNQD2-JGWVV-A3XKA,None
BACU4-JCW5A-QUWS9-Z2PZ9,None
0C2QJ-N2N21-PHFVR-QXSKX,None
VXVUR-S18M4-3CVOF-9OLAA,None
CL2CL-MSSEZ-B0SOT-BQVNT,None
D8ZNA-MQCOV-FYPOI-HTRWU,None
XYY33-WTKPK-GPPM6-9YEMA,None
USNNO-QSU6X-4YR1V-FNVV1,None
EPM4A-5B23E-DXVTP-APYOE,None
5NM4N-45UOY-CCC9A-PMACC,None
DXW4V-GLDT5-OB9MI-35JCN,None
BHX59-FBGGF-UMSJ1-ODQVI,None
7ZONY-HVNFU-BL9XR-9WSMW,None
1Q82D-B6UBG-V9ZFJ-WELDH,None
S2FI7-AB6UO-OKKXL-MD5SH,None
FBIRA-FK0VG-7LRKK-W0C6Q,None
DDHKQ-EXXUB-I5W2K-TZQDA,None
FDQUC-SIXVH-GOXAZ-5RUGR,None
UHVU3-HFZ14-H2X4V-VZNGD,None
BLRL3-NV8UL-YAJ8Z-0RRQ9,None
70ORT-MXWRE-3FLP1-SQII2,None
KC0GX-GRQVH-E8HIX-UR5U7,None
YCVIF-OL8EZ-ATVGA-NEG2Z,None
0SCAE-ZP2YW-1LI9P-FS5S9,None
KHPGE-KIVQG-ZJ2NZ-B4T5X,None
KQF61-KJSRI-PUHBT-QRUI1,None
WXZEK-1G7L5-CVSTX-ZFBXY,None
JABRD-JYVDU-U3RXH-OAG5S,None
KRPXR-Z6C2A-XNK6V-QX6Y9,None
869JO-GC9WN-VOFNU-MBE2Q,None
IRCPS-RBXPE-LQPBS-CCGPO,None
DEHTY-HU9QR-POPPR-VKPWM,None
3TFDK-M2IXS-DBN2A-BOR2F,None
6WQE8-VBDTF-QXIOM-MGLNV,None
HKKJZ-W3MQD-J1MG3-BY3OC,None
QZK3L-ZVNQI-0753U-TFMPO,None
W2WSD-AIVNI-OJ3UM-S51XL,None
QTRIQ-WHCFC-D1WKX-XBOIK,None
VTWOK-NO3F8-EYYJG-2YGIY,None
SK7XQ-LGOCB-YAOLA-6QSEM,None
WYYBA-MP4PQ-CPKVB-AFMZG,None
VTVMW-6NNYJ-QEHAN-NSHD9,None
LMVY6-HCXSC-Q4D4I-OXZI3,None
QFNZC-PBRUS-VR3HH-IIMBR,None
6OZQR-GX6PO-SZK6X-OFCQ2,None
RSSIF-PPUY2-ZNTKU-I0AJS,None
DZ3HU-CU9QV-PMG94-G3VBA,None
JECNX-YAMGZ-WBZSQ-NGP2I,None
TESFJ-7RRXG-IGXDJ-C9MNP,None
MOLH7-XB5YB-FO8Z4-M3MZ9,None
TWGSG-BQMHG-IRE3E-5G8GL,None
JKZO9-WPSQZ-UU0KN-BDR81,None
THREA-MZTAW-CPIJ4-CGVAO,None
NOZEN-QTJMR-DFQL8-UAGXD,None
LTDFT-DYJUE-VX6DQ-N2L9G,None
E218I-JEQ0Q-RNVJS-CM84P,None
EXJOB-RJW7Q-7EAK9-SJHQH,None
DOAZ5-XUQJR-8G2HG-BXZM3,None
SLEDX-E63VH-QY7KJ-JFV2I,None
FCBFZ-EWM3J-UMFVC-NVTWN,None
9YG3H-FODLK-Q8M4R-GEJMP,None
IIKQD-GJDVL-X0YPY-CST3B,None
IOGQO-LLOVD-ONTQ3-LXTTM,None
SQFXG-WZXA9-OLLCO-3ELBO,None
EEYBM-DOHYZ-CT1AQ-JHGR9,None
JJHAA-KEKMP-J1EN6-7GD5B,None
BJSGG-9MK7V-ATXOP-OQSCJ,None
OOZHZ-2MEJ2-V6MPQ-ZXMBV,None
RWNOR-ZYMGQ-XWBKZ-ZWM3R,None
FKL7P-HC805-MVBTC-EJRG1,None
QYCTM-ED7KO-GSGNP-5I1HP,None
QCHMZ-VSX2W-WGHVR-LLPV9,None
E4R71-5VZAV-P4IMS-HTOFI,None
GENPK-GV1K6-EJSWF-W4SCL,None
YXAI0-E2I7Z-TBUPS-MXAII,None
3AUDS-RNEPL-HMVXY-TADH2,None
RWLVS-KOZVK-PHEJI-ZKDG0,None
WNW3S-JBXFX-IT8ZE-AWNBH,None
OMACI-G04UX-HNOWC-EX6UA,None
H26E3-ZK3MR-Y7QDR-0J2XQ,None
1WQZZ-BTW4L-MMXU2-LWF6I,None
UVRIN-ZHPCE-AIVJO-QNUUB,None
XEIWJ-KEBTF-HJIY0-KFRRG,None
2XE7C-ZBWT0-8MKMN-WH4UW,None
EBATU-E70QK-ULGJT-HAUWH,None
LWQ1Q-1TCLZ-AZV13-RIKI3,None
TCKTQ-E1KFE-PELOO-N5FLR,None
7ZX2J-ZVPFW-EUEFK-OZBVH,None
FRGPO-A6HHU-1L9LB-NGUDS,None
XQGMS-LKO2M-IC5MX-U168F,None
A6QZR-UC8HQ-QRE8S-ULOSU,None
T3GBA-VTVKX-BOJCU-AUWPO,None
LI16T-TBJQJ-RTWWW-TVLVM,None
DBQ4T-HVEYB-RIHQA-ERMZJ,None
QM0M3-KGK2D-WBJI1-OY1JX,None
XPYEE-F0MPP-AYYA0-LSCGC,None
K0GVM-8RO3C-E0RRL-7BK8I,None
YVWGQ-UUJIA-REBPU-AM7YL,None
NQIMJ-KMPLX-WRDXU-KROUO,None
Z5IVM-NCWIN-VQIVV-QQELO,None
BSN5N-VLJLV-MC2HO-6V3ES,None
LFG0Q-YZQPM-IUZE9-QLBBM,None
MBZCO-8IYXA-JQDM6-09B6R,None
9FTZY-QRPZK-EKARB-SHUVI,None
THUDW-QZB6Y-RSNFT-J3OA0,None
CEUVG-HNACF-3SA0X-N7Z25,None
WCUBG-T4WWI-XSV1G-FSKPI,None
6XFNI-M6DVN-1KH3O-82XQC,None
AFW5V-1CQSB-RT3Y7-ZEBMB,None
QP9OD-WEHVM-K8LMQ-EUIEQ,None
OS7OL-Q3TDQ-VI25D-WSTWF,None
RS27Q-MRFSF-CSPJ3-FKP4T,None
85NXY-W2Y7W-2T2FT-BCT3H,None
GYYXE-WJW0Y-B1EOX-Z27IZ,None
4ZZAA-0PVXN-R8N4D-HYIPQ,None
CPFEV-XVM2J-LKUU8-TQICV,None
HL02G-ACGKA-BFN2K-R1TRO,None
KCLXV-SEAG8-HVBMP-UFOUR,None
STLE8-DTMWJ-4SOK7-GOJSX,None
WOEVX-2KWJI-LSSBX-HQQYY,None
CBYPM-YUBFE-U6706-4E9HM,None
MJKKU-GTNUM-ETAXN-XJ8OY,None
BHVZK-RUWYF-LOUIR-0QPXW,None
KG6XZ-D5QUM-7CEC5-46XUA,None
WTCVI-XOKFP-D9YE3-ZCQZX,None
UNBW8-S0XPH-3X5PG-GUXLX,None
UJUGU-NBXK7-OSRS2-HLYND,None
9M79X-RYKZY-Y9QG0-2V0JJ,None
YK40G-6PNS5-QV06D-ARPXC,None
NMTMT-KDCJQ-99P7D-UOEPR,None
W9TJB-IQRVN-WTLSM-G94BH,None
14ENY-J4IKA-RWYYO-ZOAGH,None
VZXV1-U7PPH-DXF8R-SZH8D,None
SQMME-SH15O-MOTAM-YG8ZD,None
RXATE-E2GOQ-OW88L-TG8JT,None
PJ8LK-ABWMS-MZHHJ-3NN3B,None
O34U5-HUIYG-RPFJT-VIQSH,None
KTFH4-BEGPL-UXGLR-ZYDDS,None
HY7IY-IJSXF-HVSOB-8MDRF,None
YAY1I-M6VOO-E0OHB-BWDCB,None
SIVSL-HPFVU-DKCPD-8PPBB,None
ESSDC-6YYAJ-GFZ5B-V5UH7,None
RSOCY-CIGFW-PNYJA-IQ0HK,None
JJEA5-0FJUW-K7P3N-LXB61,None
RVKDB-O6YJO-YHUXK-QBXVW,None
DXNXF-BYZ1S-7QG1T-LKZUA,None
MPHJY-1UCQU-DCQ22-HW1PM,None
U9T1C-PWN2V-TWFWG-TQGPF,None
VEAKH-TE6VS-BZXB8-GYUOP,None
XCDHZ-LUL9Q-LYQ0K-QRZEF,None
R8QLQ-DMYH9-5XHSP-YZHBU,None
5EG0R-4GCTP-KEQDW-KD7Z5,None
8V7BE-S9LYG-2N9BG-CUQZZ,None
JV4O5-TPH0B-OLWLL-P44BG,None
ZX2DL-PTRGJ-NL3XO-PV2JZ,None
PEDQ1-CRXOU-YWEPN-RKWSF,None
KLUXR-3RPVN-G04Z2-JBQDZ,None
OQJOI-LQMFP-KSDZE-GPUZF,None
GMGKH-OFGKJ-64HVQ-9QWWO,None
ERHF8-2A79F-QZWCZ-1Q2YX,None
RKZWH-PK8PT-HUA2T-8MAD1,None
48IVH-SJOZP-IIPQJ-EZVAI,None
VKHGA-URSJJ-QSXQ0-WW7IE,None
MHSYC-MURB3-7SHRM-O4ERF,None
1NU61-DX1EJ-JZOGZ-D2Q6V,None
S9P5Q-RUQVU-GW7GP-6APEP,None
TESCH-KZGTL-RRQMU-84UME,None
5AADD-04OGC-TBQFX-GBTYY,None
XIPIK-JXWHK-JVATW-B8PXZ,None
IDIPI-DBXKR-QFKUU-RAL8E,None
3HKJT-BRPHS-PVLHK-C0TR4,None
QLBJB-WHGOD-G70GQ-OARWR,None
BNQD0-O3NKD-RVGLG-IFQG6,None
OYLDP-RLU0I-PYCZC-LFLKF,None
MTOTM-PKG2M-IHVUR-M47VQ,None
KD0TZ-A9OR4-TW5QF-T7YBF,None
3OIYO-IPELW-RLSOL-SHRZY,None
REONN-ZDDXG-8LTOH-9SZGZ,None
0X2R5-6V5DW-UL5MM-PM2AU,None
D1UT9-IRGYS-KXNTA-6FELM,None
LITBV-SATLO-OQ2TL-X2NKE,None
I9KTF-TANC2-ALBPY-CIYQ2,None
DS73A-ZBLQQ-Q9R6W-NQG8B,None
S5PJ1-8WSBO-HIQ6R-SCJT8,None
2D8WL-NPMYS-CUZ7Z-SGHZJ,None
8FQV9-MMGZR-S3V7C-6XNFB,None
K4C4M-YR78K-XBK3C-UNDJJ,None
QFEKJ-QSYUZ-LTDIU-ESJFX,None
1FHLR-QYZYS-VJCMO-Z5S6I,None
LTXSU-TB5WO-C93TM-FFGCB,None
RE8UF-O14U5-TRL1Y-HIG8R,None
RWWKG-ZMVNY-SUWTB-GQQVU,None
RXNP8-76IV2-WCDLD-BG4ON,None
MRQVV-CM20T-HVYBI-ECVKO,None
ENWCK-PVOHB-DBET6-H7KMT,None
P1RZ6-QICNH-DPSO7-G4CKE,None
JHBP3-T3RXF-6YTO2-FPK3U,None
HCKTC-C52WB-HHA7H-XU9JV,None
TAXQU-QQDBK-SOUW9-WMAIY,None
VD6LC-PT15L-T9X3C-JR2O5,None
D6NRK-FOZ6Q-QJ0KV-IKWFB,None
NXETQ-QHUPP-VUIKX-HHWX2,None
LYIBE-XHSYF-ZSLIS-XEV63,None
LRDSA-DSUIG-A1JEN-Y4SW8,None
YTJCD-N97N5-DADNA-DQET2,None
MURB3-Z4TIR-VUWKU-ZQQQQ,None
Q5O3I-VTWCF-BMGCS-N7V8J,None
HQKSO-LFUIW-Y79MA-TGBSM,None
N1UPT-2GPEY-HJCZZ-9LSNG,None
K7ZJR-68VBQ-D6GCH-O6F5X,None
VEWS2-0AWNZ-P1BW1-DIB09,None
J55DQ-4MLPS-ISTBX-UCARA,None
GL00X-IIVQ9-ORAQM-MAOER,None
RR9MO-K3OLM-OACLC-LZW6X,None
KE45T-PYOBH-RSJZU-KFUFN,None
EKYL9-H5EXN-JAOO6-GGQPV,None
DIV4T-KJUSD-GMO1Q-ZODTT,None
7OEJ3-UAFC6-R2MRD-UTCEY,None
EQCWF-OKA1R-4RQRF-N0U3U,None
IZG88-BNWQ1-HSNY7-MRREE,None
IGWM4-XAZUD-9VBCE-BYTZ2,None
VOD7W-9VV3Z-0D0YN-GWOIY,None
LCWGJ-NOQ1U-RW5LR-YQOKO,None
AKTQQ-VZR1L-IZIAN-DEY1N,None
TWOOY-SKPLS-MPTLK-9JTM9,None
61DJB-KVLN4-ZCIEN-HCR4V,None
ZIBFG-P9HSP-IR0AV-BM0XM,None
LQBQO-OJI3C-RAHG4-IFDLO,None
AAL9D-LOQZQ-MRSHA-MSTND,None
NJQCU-CPQ6J-RGVFA-BBV5Z,None
FEILN-K6KU2-FJBLB-FB5YF,None
ZPUU0-W9LHM-UHYM9-NFRI0,None
QUY3H-1WH80-TJZWQ-LC1G4,None
FETXO-J5DYZ-LHV9Y-IOEHP,None
SUBZ0-ZFNPS-XD3BY-ESEFI,None
VAKV7-Y3TGX-HIMF3-KC0KC,None
ZVMVC-HFJ9M-R6EQC-V2IWI,None
YRMEA-T7FOJ-XTJX4-XJZNM,None
M3LYY-OTPI2-JGJIH-ESO7L,None
LPYNS-XAU5H-N5BXX-KDUMW,None
EOVXJ-QUQBX-1OG43-EJ8FG,None
6RRQA-YKN31-RV5QF-OVIBR,None
0RSXP-DCJLO-CSEGG-ZDRNZ,None
I5LVK-6RSMU-Y3RBE-UJFUA,None
FKJTD-WJJVK-W5HSU-BMDJV,None
7XWTI-DTCUY-KKSO2-RKGVI,None
GIBM0-HNADQ-RPSXB-HJL5C,None
LCOAN-YJYWL-NLRG9-QVPL3,None
PPUGZ-KABWY-JCTNT-NJQDX,None
8ZCJX-3EWBB-OK8RU-OPNYN,None
K7VFU-3EIEN-YDRRB-N2ST6,None
ODUVF-FIEYT-SVL85-PWUMG,None
XGXLJ-A7FOK-EIRH1-H58NZ,None
38CBT-1SJDM-1A7YQ-Y6ENZ,None
MAZPM-UAUHY-TGTPQ-C0AIZ,None
H4NKX-UCDVE-WE14M-MCUMO,None
EXD7N-C0EDF-21Z9H-RK4GZ,None
P9XGP-N3L52-DFQDZ-Q7YBT,None
1J9TL-VSEP7-KYXJX-DZJVW,None
U8OIS-XJCOQ-OEXJM-LCWTZ,None
AWTT3-V3YYG-KYO7O-KPZAL,None
QRL5A-3PKQV-WIYZL-D7YOM,None
6MJOT-FOJCK-AUPIO-4MYZU,None
9Z1OV-TQO5D-NN6AY-CY75M,None
AY8PT-LVWWN-AK2TF-VMIDU,None
MMNLL-PDEL4-AA9U7-XEEBX,None
BLWV1-NVEBV-QLCRZ-PR3QG,None
OPWKY-OAWGX-SU7HF-DP71B,None
TLDCN-YUXIU-9OCRQ-SBLSV,None
HNNX3-NMSHU-AEVCX-IGBZP,None
NOLFW-PXXKE-J4FLC-OVURP,None
UQC0P-FNJQC-MFEXI-VZQWN,None
JBKW9-XT8SW-VBCV7-OB5II,None
LS3LC-INQDR-Q0DHF-5N3ME,None
VVDIU-VTYJG-LRTIQ-QUVZ2,None
GSJIK-OVNEF-73KTA-HYFS1,None
XPAHH-TRG0B-E1OCV-HIQNZ,None
TBUOD-DDGO9-GEVFF-3L1HS,None
UJYKC-IXPGX-3FWZC-GSC8K,None
9ZQGW-X26UA-DKL2D-OW96R,None
S6MIM-SB7H6-30VEX-BEWSI,None
8NWRJ-8YBTK-ZQG2N-PJAL0,None
MBK6T-XGFWX-TKKC9-Z5EMY,None
XM7TK-LVVZG-7J4MS-70FJZ,None
FOYKY-7XHCQ-E0I8E-GNNWX,None