serial_key,activation_key
AL4K5-Y4AQN-5O7VC-MKGAT,None
5Y6K2-KNOH0-CMQCH-UXIQ3,None
DQBY4-JQTW3-OEF18-MBLLB,None
E0TUD-JU9R0-25QXL-ESEL6,None
FK26C-G76S9-XQAI4-ZUZWF,None
NC4ZS-H3K14-QCSTR-SM812,None
LWTKF-CRSLS-WMUJK-EOL02,None
W1PMC-GH5QF-NUKNA-M3NSE,None
UILYJ-RUEQI-JJ61T-2I8NU,None
574AT-0GMTO-Q6V3E-R1WED,None
GYBXY-RCTBE-4RJVR-OY2IK,None
9XQBV-FKPKM-BFAI6-XRVPZ,None
WKBAI-VEBVP-2PG9M-F2CTM,None
TELBX-3QK1L-GLDZN-KQ9M9,None
O8T5X-P3JXJ-HVIIH-4G2B1,None
QYA54-XG2OB-ESFXY-FVIDD,None
K0O2L-Z4OAI-RQ0AA-T4LQR,None
EKNLG-CYSYI-KLNXH-NB8H0,None
ZFQGX-DWT43-KCBHM-C8TXQ,None
OKVGW-SBGIW-JGJU4-YI6II,None
JYRIQ-0KUVI-GT2OD-EOEJX,None
CBI35-RVP1A-BLOWA-GMWMX,None
2XLXI-JZQQZ-V7J8A-WEE5L,None
JUEIG-UEBPR-A0VMX-WCBB4,None
3S7CU-YBI7G-W71MB-MUPE2,None
G7XMD-KD3GR-XIABA-6YVJD,None
N0HA5-YUMKG-DSVQH-WUTVD,None
00X1I-N8FA2-0KUYA-LPCBK,None
H9FUN-LGVS6-O1QPX-P1V7S,None
LIR8Y-KINB0-SSWRJ-QFQOQ,None
QFK6X-PZSZP-LQM7A-QMQED,None
LMFCD-WVHON-FSPFV-MQOXC,None
KAOFW-FVDEP-LPU1E-L5RMU,None
04INE-KAMLC-NNYWK-B2EAN,None
OYO9E-2JKTL-FV8PP-QNJVF,None
DGJAB-XCPWU-UVTLL-ZE6OX,None
E8QQG-D7HZH-OVCS8-OPJUT,None
CGT28-NQ4O8-PFQMG-QAMJL,None
SRG9I-KNM8L-YCTRW-OG25D,None
KZ3LU-IFFVV-M5PZM-N7ZKL,None
A8XQF-HOAJN-JWFJX-JUYX6,None
69A1A-4UCE1-4YKCJ-JQMUD,None
TNGBU-SX0HM-EVM6D-SHRAC,None
0TIJP-PA8BP-DQM7M-XCLK5,None
YQEOA-DWW63-4RCKK-POFAO,None
YJRXW-OFJIE-VHX3T-WKQQ3,None
KPELZ-QNKWH-GJYAP-0JYPX,None
T7IJS-O5IMA-3SZJD-CFVZH,None
AD5EL-P7C0R-VDMWD-FNSKZ,None
VS2C2-MBMYB-73ARP-AVAXC,None
AX9NF-JWJVV-6EA0I-SKWZW,None
2CXKU-OHRSE-JZURB-JBCHN,None
KX708-NHFED-LZDUV-SW7AW,None
WDKGD-CSN4T-BJDBY-IYU6H,None
XZJYD-MHPIW-TYMMZ-8IXOQ,None
VFOQY-K5TRL-ZDLEO-PSR25,None
9I1Q9-QTH6C-AQD2X-NVZVX,None
8H7GC-ILLMI-Y3V9H-ORVTO,None
ZMGGV-0KS7I-HBIOB-O9V03,None
RZJHD-RA8FD-JX4ZB-AJ7SQ,None
O9WWR-OFFR7-SMFDP-3SAOZ,None
3CKS2-PM9E0-RN9JQ-SUERJ,None
6PNIB-RLK2Q-O5NSL-7GFHD,None
ZBCKF-AAHWI-TYIAQ-3P4C9,None
J6MT6-RVD7J-3YX1I-1XOYK,None
RUFJP-U0T1R-VAVKQ-RR4GK,None
KBMKI-BVJE1-HL66R-ZMDZZ,None
UD2TY-GIXZM-HW08P-ERYQG,None
A7NA7-J4WZS-M8X7I-6YUKW,None
CMVNU-NJ7TE-4GOPI-OHBR2,None
TSSUC-PKE2X-YJUUS-BXDHX,None
YYARH-BFWUF-JFQKE-MOEGC,None
BVO2N-9Z0DW-SNAPD-T7IJZ,None
JK3GR-YGT1Q-TKITK-JNYPP,None
OE0E5-0YSWQ-MPDZM-H1SNX,None
1BNTR-LDYWA-AY14Z-OXPWL,None
ZKBPT-CMTAW-ZB7GD-AHKNK,None
Y67TH-CYFB2-WUPBA-CE637,None
8HPBX-ESBNL-YXCH9-FDX9J,None
QPU6J-SCAUZ-3XYVW-ECEOO,None
GZX85-ZH9QN-EEF8N-DY1HQ,None
REFDH-6JHGD-NNORG-K2TOS,None
ZS5LX-3I4IW-KEL2C-TJTXK,None
MJIER-AKV92-TIVZC-G4EUL,None
UR4NR-BIOCK-TPHXT-YD23S,None
WLUIR-Z0SMO-J3QGL-E07YG,None
51SOJ-URHAW-UWXDQ-H3EQ5,None
BFFKA-32DN5-QMEDG-R44LR,None
0VHPZ-NWBJJ-4ZSRP-AGABG,None
TAJUC-DKQK1-NYDA3-CQSAS,None
H7IMD-VWG87-BFAU3-QMPHZ,None
7NV2Y-BECTX-IDPYE-Y8HWH,None
KFVSJ-UUZ22-DMNWE-0Y597,None
W2THN-BLLGQ-IQKJR-LCYRI,None
FSFWA-UVRMP-IMHIV-LMQHR,None
HHB6M-XTJ0X-SLUTP-VS0QZ,None
MKHUE-MGPID-79MA2-MHBUB,None
BSUOT-USNY7-59TGJ-ZZHQA,None
0MNWU-VJVOO-V91J8-VUVHQ,None
NA8MD-V8HK4-MZMUQ-1ZYSM,None
0U7DH-FZ08F-F5BTM-EEAMJ,None
Z938G-45PYL-6IKS7-KFOGB,None
OONSV-CUSXL-AKMBQ-KYBCY,None
CKQZ1-RAQI4-CWBBA-WKINT,None
5QBOU-BV66P-OMHW6-1ILDL,None
NP1VY-OLGFG-JNLZC-JEKUU,None
YKBDX-GT10S-OGXEO-DIVQW,None
QTJBF-FKBE5-KGSL4-RCGEQ,None
RPLCK-0Q0PR-W9WM8-KY3ZO,None
XLWYP-YWGM0-GL4AX-KHJS5,None
Y24LT-P7JNM-3QVB2-9IVE1,None
AHEEZ-NIAC1-HLJFC-XZD2Y,None
D3EOU-JQHHG-GPSA2-O6KUL,None
F08OT-WFSCL-TE8IW-S6NS5,None
UPJJY-XNVXD-PXH4Z-U089B,None
MMSZS-UPWW5-WCZAC-NXBXL,None
NSLUC-3Q3N0-KI2ZD-JY5SM,None
JXHBJ-AMFMJ-CWICX-YXPD8,None
FFBYB-WSZ3N-NBIYU-LX0SV,None
9MU7W-EEX9Y-INDSW-XZSON,None
Z35ZH-1OP9Q-URLZN-FQDZT,None
EVJD3-S0HEE-O75HT-EEUOP,None
1DRW1-OCBZV-3YMJH-ID5AO,None
EPC6T-GHOE9-MMPM9-LUWWR,None
K0AUX-YNZJY-HONI1-CTZDF,None
FA3F5-FRZES-ADJWS-NFR2Q,None
BF8UD-8K288-W4RSP-6FAQO,None
ZBTZM-JOOYK-MCHM3-OJES5,None
Q6KTL-GVIV6-8WBCJ-GUNVA,None
J93DX-ZFKXK-HB8US-DQGAY,None
BZKLN-2V1TF-V1FK2-BAPB1,None
0HKWY-5GWZG-VXDX4-6XBQW,None
C3YDX-K7IIL-SLNNT-F1HTF,None
XXH1H-FZOW2-C1NMC-AAUFC,None
XP8L1-8KMB4-QWFNZ-LQ91L,None
ZP1EG-TNLJB-WTCS3-SG0CN,None
JBKKQ-W3FIO-YJEZW-UI57T,None
JYJH3-Z5BZL-4RPV0-D5JZV,None
MH6M6-UEXXW-RN1XK-PVNBD,None
GQW9L-89CDG-ZGO1J-YLD8V,None
SJNSF-Z4JMJ-XKDTH-Z5DRT,None
VWH8V-0ZDPO-BR9SC-UZP1K,None
CT7LE-9EJVB-MJTDV-ZXZZL,None
ANKUM-ID41X-ZXCHK-SS2SU,None
TQAEM-DHTOL-5FBVX-ASBMP,None
5AHH1-BUVP3-KRBS3-VIBRN,None
I77IN-G4U7H-GPRFM-LEKXH,None
30FXT-EABKN-SQIGO-84HJS,None
KGVV8-4IPZM-CC4VY-1INB4,None
MZLOC-NSUNP-QN397-MQ7SC,None
ZCJJN-9DGZG-T10RE-NT1LP,None
3VMSZ-HCZCT-6SLUO-IKNMN,None
VWHVY-5CA48-PFY9I-1ZHHB,None
O22LM-AGAML-SGPCM-J0FD9,None
LJQAS-FGBTM-YSUIQ-CIOEV,None
O6TV3-3ZZXR-HTM1E-YJWSZ,None
FCQEZ-TTO9N-MX2HX-SZ13O,None
S3RSX-YJHMZ-LP2ZX-9DMF5,None
UUYEV-QXX78-THQPB-YVV9Q,None
HTUC9-A6YCJ-IHOOD-V2G5W,None
UJWVU-HCNXN-GSPLK-JTL8S,None
3HXGO-IAMAQ-CVR3D-ONJ3M,None
WF1RH-UUKER-C7DEV-TLXKZ,None
WFURJ-GNNLL-TTRZA-BDW8P,None
RRNUT-IT1JW-SX2BA-6FFUU,None
LE576-ARZPC-Q5PXS-BDLLZ,None
BKFIV-TSJYE-RFQUH-CGRNV,None
YNHKI-3VCUA-7ATGD-THMZC,None
A3PDK-H9AXH-HBU7K-JRLBX,None
P5QSW-XVAQL-LBX7F-OZCZR,None
2JB71-ZYXJD-UTFIF-5UOLA,None
PEIDB-KLJNH-KKIYK-JRS7H,None
EQOGP-N5QOK-DTSFI-IEXUL,None
FIENI-W9N9H-W3M8S-Y7OGG,None
UCMYU-TVICN-YRJVZ-BJUWX,None
OXEDJ-3PGCS-4SUSI-TAZTJ,None
DODFH-KJ4UP-KFHZS-4BLUT,None
OHSV2-AQP4V-3N8RK-FXVRZ,None
YYPMV-7FU6V-BX0MD-RJBFN,None
4HKMZ-IGJNT-LGSTX-IZCPI,None
48PZS-SGKCJ-XJNMR-N4HZW,None
1KVAH-1XF2N-F0QRQ-6BOA3,None
UOJO3-4EYSQ-UFCWT-ETUDH,None
QXEVT-CO6D3-86WAM-SLSBB,None
SDASW-WOS7C-4F6NK-XVOPN,None
ZUAOW-S1EZK-TPNM8-3FXLG,None
AKNRF-Y13JH-LOI1T-2AVVA,None
1ESQW-05YIB-AFPZO-PXBZ5,None
53JAS-DPOAU-M2MSE-Q6O8O,None
6EGR1-V9HND-QGIIQ-BDNOO,None
KHTQ1-DVWY9-4VDJI-GLHPX,None
6FSNV-MZV63-9SAOC-7ET59,None
GYNQI-A7NDS-YEKCO-VOICI,None
44MZF-5JVS8-WE1N0-KWOCO,None
IIYVE-QZESR-NGFMC-V77P2,None
3PBSE-P2KWW-5WSZC-YMZRN,None
QJSKQ-ZVQ1C-OO1ED-IR4NX,None
KAO3P-7JCHB-8RQOR-4TMM4,None
7UZ1O-J3TTJ-WMI3M-WN1WI,None
GADB1-2QMJ9-N7QO5-GQR6L,None
RRS0N-HIBMA-92QXP-JRSBE,None
Q0POD-6T3KF-Z4FFK-NSNWK,None
KFBZ1-NYIAE-A9OI2-KDSMV,None
QRXB9-6QDI8-VIRUE-SWNRM,None
T07NL-VBR1A-Q9UHU-DMOYU,None
NOU57-JXXLO-CIVOJ-ZNYLO,None
SVGYZ-GP60I-RIJCE-H81QX,None
GGUBT-IPIPK-CRUYO-FSDWB,None
BCAX5-RS06X-GPOQU-SOOIO,None
HHOOQ-DHXCL-QDUKO-8ZFT3,None
63OJO-FFEUO-OONWB-6AQEG,None
SYQWU-QNFMC-EGLZP-Y9CXK,None
F7SIT-GQQ3J-Z9R3T-AWLPK,None
J5JTJ-E9WBI-YDMJH-DMN8U,None
EGPFG-KABHW-STV5X-RBWU5,None
LK1FX-ESMCB-S4VZB-1GS4Y,None
WAFHG-WSV4K-ANFT1-OUA4A,None
DOFOF-CSHOL-HLFRL-ALJE5,None
VD42H-JTHJD-UOVZT-ULD4O,None
LRIYI-EAUY1-KACOO-HZNBK,None
9QGIX-EQ92W-8S0PV-AXCT1,None
OUF1A-WFABE-RCMZZ-C0ZIX,None
KGBDV-O6ZBH-ORLKF-S9AIA,None
MVD2P-VCOZG-7Y7E9-HJQCJ,None
CRLE2-TXHW1-LECNI-B0A5V,None
0RKTA-QUFO0-OBUHX-4ZEY4,None
5I24B-XPBYZ-GGBQY-CEJNV,None
B8W8I-TCSZI-NRQNC-7VNNM,None
Y3S0I-VAYHV-JJLKB-J2HG6,None
IJ8BY-M8RK7-SGMB1-T2XMF,None
XDOTR-ASOZT-OZLWA-E8Y6V,None
X3CPT-W0N3J-PDRED-VIJ3S,None
LZPUJ-UPXBR-TNX4B-LS0A5,None
SVQXR-SMAPV-EOXXA-JDZKA,None
UA8U5-QV13W-KZ8OF-IEASA,None
Z7RXD-P524L-BTXDH-2TBAT,None
FPW7Z-EBWOJ-32BSE-0FALJ,None
SDPVS-AMXAK-AS8MT-QKHOV,None
51JAO-QFZEH-F1SGH-6CCCM,None
B7T5H-FJKPP-G3CPI-PZJIR,None
VNUEI-56JWT-UFNNY-NLK55,None
CWRV3-KDXHA-JNSZU-J03OU,None
XTEBM-5HQDL-9YJ0X-QKNYY,None
ILT3D-01OJY-RY2DN-GPLLE,None
DWDNW-0EE4B-LXHKI-HYQND,None
BF5R1-FKX3F-PR9SW-EU2GN,None
S7TMA-F0ZQ9-8URQX-1NNUY,None
WJAPX-Y4SHS-XUTI5-KHWDA,None
EDNCD-6DHRW-NSDUY-H2J61,None
MHBDK-MLBHR-ANTKE-WVBMB,None
AZO6Z-O92OH-2DPP9-TXNHF,None
ZKUUG-B5OVF-1CMK2-N4QX9,None
CYHFH-BGMIL-J6W5J-MQFXU,None
I1X9Q-9RBEI-C1KLC-1IM9U,None
TOZGA-VIIPQ-VMNY3-RNIC5,None
HMLTS-CWXYN-SN1XY-JDKDI,None
U4K9H-2YDQW-GOANG-JTJR5,None
FQZRN-NMOV3-GROMF-5JL2A,None
13XNG-NSPNI-FD2JB-X0KJH,None
QV3RQ-PYR6J-6CVFO-4Q7NQ,None
CV9IN-7QQPZ-WJHGB-GGQZJ,None
MZVXW-RBXPE-QW0QN-Z9QDY,None
77MHV-3VBWO-FQN0Y-CIZDJ,None
GBL0T-IMPWN-WVRFF-RJ3XT,None
FP4MW-RURQT-00AW2-UPNIL,None
VNGGO-KMQHL-UA3HM-POIEV,None
OUV1H-MP3IA-REFI7-HNKDX,None
P12QJ-DY6NI-YJS2A-9DG8I,None
YF2O1-QYT7Q-3JQGF-VGCLZ,None
GZTPQ-DYH92-NJ44C-WJVWL,None
WYPSO-XMQJB-0DA3K-DTYEV,None
N39J0-NUYWO-QAPOP-6MTSY,None
TJ59D-OMKPY-XNCVD-VBT4K,None
QXHRB-SHN7R-I7QU7-FWAKF,None
BABHI-XWXOL-MW3OK-YFUUY,None
5RLTP-GES6V-CN2Q2-UWZUV,None
RTQNV-SWXCQ-L4Z2I-6RSMZ,None
KV0GP-7NNFF-IGLK5-XZ2WG,None
BTD1Q-Z6DIU-ABH7N-XIL6P,None
1M39N-97G7C-HROUL-9ETY9,None
BWAQL-PRFUJ-Q4TUZ-FCFH4,None
FSL6B-UTQX1-199TF-RWRJ7,None
S545Z-VZNO2-UEYCV-PEMKE,None
QCPV0-FTTYX-SPLES-R9AI5,None
QHK9Q-TRE73-48HWA-VKWIY,None
TSYDD-HAY8L-XLIQL-SBVXE,None
SPD4W-N4YGA-ARMMM-LQMJY,None
WKJDP-O8KRT-VKKSK-GVQE6,None
DWDSK-69BSO-KF4QL-I5WMS,None
8LUY6-GNNYE-DNH6U-MXG09,None
A7BKN-QKYZA-LMPZC-7TVXP,None
SMYE7-SGGM7-YGUPX-0CVWF,None
LKUQE-UQRY7-HLX4V-YG5JH,None
JFJ7R-LGJVK-UVWA7-8WFKI,None
ODAZD-EAMKP-ZTQ3Y-DJREA,None
MWTCJ-B1QSQ-YBKAJ-6ACZK,None
EY4F0-BSGRI-GBPZD-B365X,None
LSAZU-L98M1-PUQFB-HONBQ,None
PIQIS-5EEI6-MXII6-D3P4W,None
QX7WX-YQ2EO-MNB67-3RXP7,None
LRRWG-FBC96-XA2Y9-QDCIT,None
GTK9J-TJYQK-KCY8V-BB2HX,None
CSFQA-TGYTM-79F2Q-WQE1L,None
IS88S-FZUC8-M8UJL-XTBKK,None
6ZPHJ-VBK0U-JRRUS-GRE3M,None
3N0TO-J5SNM-MNIYB-2EF0D,None
QRJWK-23E3W-BLERI-ZSXOB,None
MNYET-9L90X-VVQFM-N2OJ6,None
QUZHY-FPHLF-XMIP2-MMZIY,None
TRN7Y-WXOKQ-6YI2Y-BDQ3I,None
THMG8-TEWPW-5KCF8-GHU0T,None
1ZSVH-BX8PM-PCPP9-LCLQI,None
PDARM-LMMJM-JXPCR-AP3D2,None
TSBRP-QSM7O-TK9YD-H75WX,None
NMVFW-GQ4NJ-DVXYT-RILO3,None
RWCUN-V1FXK-7DPXY-UVUVE,None
UNU20-KMSXZ-SJIHJ-TVUA3,None
DKBWU-ZURZH-YUNHK-CXOKO,None
RGHIX-DGCSW-VO0TC-TBSU3,None
J9TBE-2UXK9-EXECX-BZMZY,None
5JAMX-MOKAS-BJMVN-CMM13,None
Q2D2B-YXURK-DTEON-NC010,None
LYO8J-NHGVQ-XAYQI-QOCLV,None
V1HM1-MRJ72-CYFCE-GMORU,None
GQ67B-OEWNR-S4XGM-WYZBJ,None
EETJG-ETZ6X-TW0GX-JI68B,None
UESJH-O3UXO-6ACMT-SNSOL,None
HU4RW-NOWJN-LSOR4-6AUAS,None
T1RVI-KZNGO-7LEB6-K2QN5,None
LP0OY-NE9PQ-SB6HY-9DOTK,None
ALGDA-3D1DL-CAFSA-GPXBX,None
ZEVMO-PBC7X-OKQAW-JX4PQ,None
TJ7DS-DXBMF-9QIYM-LUEAR,None
HSPNK-EDFUS-8OIGN-BBQ3I,None
WD1AC-RBAQY-75EXA-VUFKA,None
MON4L-GP8K3-FX1E4-LSVGS,None
TNIAA-WNWTP-RZPBL-QYWEP,None
OZUTH-NCXOG-OS4EU-Q73X2,None
QOGTI-WTL1I-66OAS-4UOUB,None
74CKP-BEMQU-MCZD5-KSZKV,None
OFRWR-5WDN0-EK3PG-UCMCW,None
CHCWA-6MXCQ-GKEGA-UEJXZ,None
5MWSI-1XBNF-IJ3BV-QIH0T,None
FJMPE-P1C1R-796QN-MJIWK,None
VJPVW-VOMKK-GTIPZ-H6UZN,None
7OZQZ-CYDVX-CAY9J-YFBNV,None
JNSRP-EXBNJ-WFXXK-M3MWM,None
PWMDX-F5S9P-3RRHR-NEWPX,None
TTBFI-DYCST-SBFDP-GRRHQ,None
5MM0O-EOFFS-XC86C-TCQGH,None
TN8M5-4GORA-2EQVK-RZ8IS,None
FUZC5-IDKPG-MEG5Y-UNREE,None
7RWTU-ZNBG6-FI6DX-PLBX2,None
AZGFI-TWPNH-RG7KK-PXVYQ,None
QJ1JD-ZNZUH-6QKHN-PEIZB,None
3RPME-WU4BJ-6LJ2T-540SJ,None
QUB7K-F65PT-UCTRR-IIEFH,None
NT1ZL-ZN6RM-99UMZ-SAIEH,None
444ZB-9VT7J-JKOYC-A3EDC,None
OKBGH-7JQWB-YTZ6X-OWM9K,None
IL3VD-U7WHR-BRLA8-4JFM1,None
M1XYW-AEOQV-OUFY8-EVV58,None
8QHDL-XOSUZ-U297O-TUJNZ,None
PNOQ2-IAVGK-VMTXU-PQKW3,None
F2KLM-333XD-UWA7X-CYHQJ,None
CSHBF-JLKRT-BI9NT-FD0RG,None
RY86S-AYQSK-7OGG2-GK6DG,None
SK7EW-CYGAS-WQ8OK-UW81V,None
6ORML-QHEYL-5DKGD-TUS7A,None
JGGSO-OZTJR-VT0GM-VOLZ1,None
9HJC0-QQFED-ZI5YQ-XJAQU,None
T5QGB-9N8I2-VQPFM-EUJB8,None
ZL0NU-MILY8-YU5RP-LSTOO,None
T46O7-8PLAJ-3XXY6-K8O5C,None
8NI46-QM9RG-Y1FIU-IVX3M,None
HNJQV-JTZIE-RUDRQ-9OPJK,None
0A5CC-BKCAN-GNFAJ-IQMHU,None
OIIUM-2SYDX-NPBOD-YPNTH,None
QKEMH-LXR2U-96XOC-6SPQJ,None
WLPBP-DQZ8Z-IZR0X-KUSO3,None
VCBP4-RVB28-22KDN-3NAVX,None
ZV0YF-EAX7O-TRKSQ-ZZSQQ,None
4HHP1-XXKP7-9FMAT-0NLFU,None
BIZRI-TKGU4-G0KAL-3RNCH,None
LDIEY-G5OGD-MLFN6-0RWQY,None
QSECS-ZMYSY-O850H-NCUB1,None
BTJC2-FAE0P-E7LTV-XFXE1,None
BKJMO-UGTDT-TBLHE-TSAZI,None
RAR8V-USULY-NXCM5-M5M72,None
7F6IE-SQ19J-Z8WFP-TCDK1,None
GITMC-X63S1-ONK4E-0JABT,None
CPFOC-VQR5S-I4V4O-XDWAO,None
4JMOX-MX37W-DBYCQ-XVRBA,None
LIWKA-P4P1S-7FIX3-8QZOC,None
PKKZV-C1U6O-JH1OA-OTEXB,None
6QCZQ-DIGFS-VRTKE-5QOKP,None
IFNOW-ISP3T-XT6WC-JZNDS,None
F7YDM-PEZHL-G1Z9U-KOHX3,None
PPCD5-6AAYG-ISC09-OM8NB,None
QI57N-FFYLU-QVSFD-WVZCN,None
JHWB2-T7J10-LWLLE-0J8IU,None
ELRK5-HQOTV-PHCN7-OPHTS,None
ENNQV-VNMBL-WXN06-J3X5Q,None
UWY4X-XLZAA-Y2U2M-JHJMD,None
NCCNT-3CODP-HIY4U-DSJ7X,None
ZMGTR-YCBLK-JS5GF-OLOGL,None
LDW9D-RMGJ6-SYL5N-OWYAI,None
CKROX-XUHLT-3F6YH-EOEKO,None
GPJPY-QSQNH-GDJCF-9F5CS,None
SSFQM-V1LHE-CY0B4-DEH37,None
ZXSBY-6RQGX-ZRAIL-JD7XG,None
VZKNG-Z3HOZ-DCPTQ-PDYSM,None
RVVV2-F6UKH-POMHH-UHWTU,None
K8HTP-DPVYB-G5RG1-YVPYG,None
SLG4J-NUWSS-YL0JK-UZVQ3,None
DRCQI-NQBXH-5IT6N-LNC3D,None
76CUO-1H3KW-X9PKC-LKTZ8,None
VHYFT-V7R0Z-IVBLI-MWMRQ,None
IXVNG-CCF5N-Q6OWR-0QX6I,None
USF2G-U8U6K-YIMWN-CRXL3,None
SBMR6-0YQKT-7HMSI-AHUZG,None
EU2I8-6CX5H-GTDJW-YNG3N,None
QQDOF-J5LWU-UHFZA-PS81Q,None
KD6XP-55GFJ-INB6E-80R0R,None
BBWX7-ERL7V-DGBE8-RXJR7,None
VTKTN-OXR0I-YEO0T-LNW8J,None
GUNKB-NPYVT-JO3RN-OJDXU,None
9NTHX-GLUPO-B1ZU6-MITXC,None
JPGKU-OFBDH-NH81V-ATQJP,None
QEFQZ-IQQSL-LGGPG-BSJYR,None
S9COC-KOD57-LXSXA-YLXQH,None
JSTRX-BUZHH-SCAG6-PIAHZ,None
RZA0K-ZWVOZ-MDWGO-URR7S,None
W1RIO-MILZE-AJPEZ-BLYIG,None
8NBF7-MIRSE-8IMVV-RZIRJ,None
FQRCC-MZ6ZZ-7OZUI-SHX6B,None
1YIFX-0HZSR-Y1SV2-XJUKV,None
LRNHR-4GAOM-AX7OG-V1IMI,None
WRANH-8AWKH-J3N5V-T6RG3,None
SV2TS-F08UJ-QOF2B-1TV5A,None
DPSYQ-D4UTM-YVKRU-MY09R,None
6V9F6-FKRUO-EJQIH-IVN9R,None
ORCCR-ZXKUE-J5DIM-QXLAB,None
LPOVH-9C0C1-VXTLD-DTQF6,None
5DCSM-YDBV3-MOUXZ-8LO0X,None
3FEEO-4QPJC-S1USM-TTCKS,None
DJMC9-WXFR1-UHYEI-BQU6Q,None
O4ZNC-UQE1Y-5GY6D-NPMTM,None
AEVWM-OVNQT-7NITU-MXYN7,None
WNH4D-Y1UYC-TTZLJ-KATCM,None
SOP0D-Z86TU-BYUQO-RTZMX,None
MVDTU-HNXCV-AH6OX-PHBQM,None
WKHQ3-XEZXR-4VHIX-BGUP0,None
FRU9N-GEBGC-MDRKZ-0KW9N,None
R7D42-L3MQB-ZD382-KZY3O,None
TNHJ5-CJ93F-VMKQV-PIF0O,None
0JIFS-LTKIS-YENFQ-PDOHU,None
7ZOKJ-OTWZV-RPG6M-VLME3,None
NSW4J-BYPET-YVKMB-NUOK5,None
NHYVO-95XUE-UFDDL-BXEC1,None
RKLEN-TJOE5-W3VQ6-WANMG,None
FYFCH-MIARE-EFN0D-GCZVN,None
PSTWP-ZOZFV-E2WMQ-HMNDF,None
59LGM-AWCM7-EQYBI-VFJAD,None
PBJ3P-1NENL-WTGW4-4LEUF,None
R5EVG-PKXMV-YSAYZ-8OUQU,None
2RRSS-MDS1O-VTK72-XUBCB,None
KJ5AY-PSCDD-XSUMB-H0KWS,None
H13LC-E7C53-HLL15-2RGNS,None
D7RMS-L4QDM-KXSTO-XWQLS,None
U46KS-B6TCX-339B0-XKXT6,None
VOU3G-RQ9M1-ZCIHM-VRKEM,None
GABGP-EC6JO-9XZGP-F7ZGW,None
XZNCN-QCUFR-JZMJV-5ADRH,None
2LP1F-6CU3L-KKPSW-AUTQV,None
RN9WU-LCDYT-QIITV-X12QU,None
C7HX3-IWEQJ-PC8FT-YTCGX,None
RA1JQ-TFOS0-L6WLD-WEKOR,None
FVOJD-0L78G-NCWTU-JWVEL,None
ZX4PA-N1RKG-R86XN-IPF4P,None
X8B2G-REIJD-GRWES-8QLY8,None
WHSNK-XRCHF-OQ6RO-PEA1X,None
HGSAJ-ZEEUC-TJHRZ-5T99E,None
UNEVB-NVOBH-5ZAUE-J1GAZ,None
X5MUH-VV9HA-XNTIY-PI7AB,None
UXLEW-EWCNA-MXJJV-PI072,None
JAOHX-CREJN-08CSF-58IBL,None
XBFUC-NGZ9F-GRBGH-MQ8QV,None
97EQ0-0AGNR-4YCYT-SVSPL,None
AAAYL-RS18O-6QTLB-HWURT,None
TMECK-GI8SS-QCMCE-RW7KV,None
XXE9Z-BYCH9-B26FD-PUSCB,None
6ULDI-STKTE-GYTPS-RKGCT,None
UKOGD-PF2UH-MLS80-SW4UC,None
ACV5G-YRHUL-QVSUD-PVHG2,None
RAFI9-HYGDS-A3CUT-HVBZT,None
60PPV-Y2AUU-IWHV8-LVPGJ,None
E1TOZ-MOZIL-PXAAG-GSUFY,None
JIDED-K1OWR-PFRFS-CCRUG,None
GFC6D-C6WBQ-J7NI6-4D2MU,None
OGSLZ-VQ3PI-ISBPE-W7K9T,None
AAQYR-JO4EO-TXZZ5-EXE8A,None
EEOJY-KLDOK-JCUDR-GXP8R,None
SJ7IS-PLADB-A9KAB-LGJ0N,None
6FGER-5VVKB-AZALQ-P10Z5,None
0JAGI-YPYAP-JEJUR-80JMJ,None
8FDK7-ZNS6X-ABFVA-KNSYP,None
PS7BR-BAM4Z-JMHA6-CCRT2,None
8FZ9O-I35RF-RFFMP-WGLHM,None
JNSLI-13RF5-QGWWG-BSREY,None
P1BOE-FBZW4-IK0RE-FCVDD,None
SNATV-C4P6S-9OX7F-NZQGK,None
WV49O-NQ2S5-YCYOC-HQCTK,None
CR8JB-SBVEE-3GUMK-GV7LD,None
3YNR7-EQWOR-AEI3S-5QO25,None
1YM3Y-XUO8I-787W8-QF7TM,None
VJK9P-H01KS-AXEWH-ZKV9C,None
J2XUS-PXPR0-IJFUC-FHW8P,None
NT7XV-H34T3-XUKJU-X5A0U,None
VUYKO-8PJ8Z-DWBFV-OBQSD,None
OHK5B-BVWAI-RBEC4-F3CME,None
WHUR6-VHIDA-HQF0G-O83XT,None
URTKQ-TSYIM-APWEA-IVPAI,None
AWEZN-YS5MQ-G5J7O-DXXYU,None
DCKLU-USFYI-TI6GF-C88HC,None
N2KDV-HEDRI-GBZGM-LT1ID,None
VF78H-Q0XXG-BQAQU-VKQOX,None
IPYZ6-11T6O-AKYFN-2X2DQ,None
CFZMT-RI53O-XHBWL-5FOSE,None
AENSU-FU6SZ-KIJBR-RJNY7,None
TXKRA-LNXBG-NNSTA-YUL1K,None
X6NXW-I8UFL-YYY2Y-AHXRI,None
8EEEH-CP6DH-S3C3O-CM181,None
OYUIU-GCRER-FCP5L-CXFMZ,None
QKF35-GKQMM-KB8IW-OGUXG,None
AHXHW-JJ9RN-TLMZ2-TFC7B,None
NPQHM-RQA4O-FE9CB-XMQAA,None
FKKUP-TDUKF-PE9MO-UCVEO,None
J2VDY-E5ZW4-DNKRY-K0BFE,None
YOBNW-YR7DT-CPQO6-5OQAF,None
VFMLN-DA4LT-WYVGL-J0AGR,None
EX0JN-4U61Q-4GGRY-VYC2Z,None
FBYFK-IPOPL-Y56XJ-FV4HP,None
BFKZE-MN2VN-N4CTE-JQFHR,None
DK6ZD-CQCLO-THPSB-SJ1N7,None
SOURC-VHO3S-UMI2C-KQGAR,None
WSXGW-ABAVS-IWYWI-D6MUB,None
VRLUK-OY4R7-GAFIO-PIC7B,None
SMHHX-Z40OA-QY5EO-1PDIL,None
OONO8-L7XZI-YJAME-GRLT7,None
9XFCK-YFDPD-RX2IC-J9FSE,None
SWTWG-I0AP5-HGNEQ-VWG72,None
NMQLH-HJMAH-BQPXC-RQTN5,None
TNOTX-13QU6-QFEON-ONML2,None
CRYWM-6YHJX-NSHPC-TH51X,None
NWNMG-EYNHN-OVCCD-2HXHD,None
C1TYP-M15R0-4FKT9-UIKUJ,None
MWVT3-MNXMO-H8UNF-NTTFS,None
UXE0G-GCYCW-65Q37-9SXIL,None
VTHGT-KHLOB-WFGYM-A5RAF,None
DYLI5-CIPSX-7OXKN-A5W6K,None
HXQ9A-PX1XY-R0VFT-MOYJ3,None
5YUBB-GJQ4V-HCNYJ-OH62E,None
VZOUI-97WTJ-HULLH-T50LJ,None
JE8GT-PDLWA-MSE4O-KXJQP,None
GE2WR-7YETL-O2XDF-GVRVG,None
FBGZW-CNR7P-JXMNA-796QB,None
KUQFR-N92NQ-JUK5I-GJAQB,None
7NUVJ-3LQHY-GQB4D-O6VNL,None
OVZSM-W6PJ1-JZPTO-07MPT,None
MZY2A-OYUGB-IAGYU-NW5RR,None
VRKZE-OEOHV-GQ2HY-UOGNK,None
ENKKK-FBGQ9-PF3ZM-6CMNH,None
7XEY6-DVK6O-KTH8H-QOOGD,None
OQMLZ-TD4JY-4QKVF-0XNIX,None
A9CNL-XWVRF-GJPSJ-DFG13,None
GKZHG-6YBEO-ZSR7V-XDHUL,None
PV2HZ-UOHHW-BDGFD-SWHE6,None
AD8QJ-SUEGE-5DXTS-HSWMQ,None
DO99R-24DAV-W8QIZ-W69LR,None
8FI30-XYEHM-0X1SG-8NVLF,None
6BWHM-ZQLWX-UV5IS-BVWC1,None
3BXVO-5KN1W-XET4X-NOZKU,None
DLSJU-ABPOM-PYGLV-VV5DK,None
PELZI-ERKFW-D4D3N-V8EMG,None
LPZVC-38K3R-QAQ7A-RUKUD,None
TEVDI-UTN4S-HGNPF-S6AXH,None
03PA9-NFNXP-JGSKP-RK59J,None
LRF7N-IDHNE-2FVNA-WSNCW,None
KIB3J-RI0WG-P4RQ1-AZIJJ,None
FQP2Y-1MZP5-A0CMQ-HVHEC,None
HMH8Y-SLGQZ-XVL8H-4VZVF,None
KMN2M-WADHH-GLRNS-HXBK8,None
6CU8G-1J61Y-AUKHA-CKGGP,None
EIKIV-APZ5V-XOCRU-MQFMD,None
VINMJ-DL7T4-UC4DK-LYKN8,None
JQHGR-H9FEM-NAD1G-DT68I,None
OHL6W-UCKMG-BBGIN-50XS0,None
HQ6KF-ONLE4-7YJJO-QJQXP,None
LMTKK-ONQUN-SBD24-WD8VX,None
3TFUP-DTJVR-GFUEI-CUTEJ,None
58OES-JCFMR-RAA6Z-RHJVL,None
CCB3L-TIYYF-4DOV6-2IVR8,None
OWFIV-1VPE6-8GQFC-3HALI,None
RNU6O-WPQBT-1XI2G-LPV2A,None
T03OV-YTPIF-TERW0-T2BAY,None
CCIOQ-AYKA3-I7XMP-GB7XI,None
CDLJI-A5OVE-MM3TN-LKID1,None
HF6IH-LR5DQ-GD5VP-HQ5QN,None
UFHY4-OPVOH-DUF9L-CZK9C,None
ZHIR1-OQ6H6-3RP35-UW5AF,None
DO2QA-PQ0MN-15KYD-0LI0S,None
EM6TP-KGL5S-HSX4I-1KOED,None
EQDS6-AJX7A-2NQH7-B1OQP,None
JM9E4-YXPVY-F5ERJ-TSCQD,None
UKPLP-K0ZZS-T6LKZ-WNSFE,None
CVZXT-3IMVW-Z8T8N-DAI6J,None
WEHIT-OEUBA-IUSOY-ETGXB,None
RNLET-8VCK5-4UJLY-BYK0A,None
DAL0Y-ILWAZ-KTQBQ-FOUDM,None
OD0TY-TDBWQ-WZ7XL-HAD7C,None
6FPNI-CFZTT-T4169-HDEEU,None
ZBYPP-MHATU-4JJOC-DLLC7,None
P2X6S-TZU4D-DBP3N-SIQBI,None
CTOGU-HFWWI-UFQUG-L0MFS,None
TDCYI-CG5LY-NZWKK-WIAEG,None
58VLP-CB1QC-G0PYI-NOZXN,None
8J2NM-HWLE8-UDWYT-UOOAR,None
PEQTF-LAAOG-SKSJT-5JGYY,None
UKCT2-RNUWK-OHUWZ-PL8PU,None
XN5UE-3DXMB-HMCIQ-T17ZB,None
3KQGL-NKLQL-EMBAU-ZEODK,None
NBNAL-JE3ZG-ZDGRO-W13BT,None
FQIGV-R1JWT-JN4SV-DD6MC,None
JROFF-EILTA-2E08K-6KVMV,None
OGYTI-BSRQ6-KFHAZ-L2FQF,None
OETT5-9TUL1-CZTR3-WGEER,None
H8LXC-7M9AV-QBGT1-BMWKV,None
MX7FI-PZMCJ-FIWM9-A0GQK,None
YGNNF-GRYJC-9JSHT-ZJAQW,None
CONZZ-2YKBY-JJ7OO-YSSRU,None
8UXMQ-OPKHJ-LTRZW-ACPC1,None
EZVXN-AS6XV-KUY6R-ZBJYO,None
80MEH-HAXZH-IUKAX-O7FTA,None
MBLJK-9MUZF-IDG71-MF2X2,None
VOTJG-IK9OY-DWJAY-AUAAH,None
8ETMJ-NKCJA-II7TW-GRBIR,None
BRII3-XOTAR-BRNKB-NCIJ9,None
D1WTR-IMLAG-F7AF6-W2LFP,None
IE60Q-FYVR0-NSZUM-WB9NF,None
RAZ8Z-GYJFG-S1SGA-JTPO2,None
76F6F-CYUT6-PFZPO-7L3QD,None
8I7AT-ZSHL6-KK5X2-JW0EA,None
YLEQP-B1BDP-AXCFG-THRAU,None
0C5KL-X4H2K-YNWU9-LBWX2,None
H7ZUD-OYJTX-VEQLX-Y33VP,None
MLRZL-PQT2J-WNA8K-5PYV1,None
B1GKY-089PA-JJZTR-H98BO,None
VUFMG-SIRAJ-KMPIB-1HW6V,None
G89MB-C2Q7O-RTQQE-XOEBB,None
Y5PVH-WBAMZ-WNEUN-86JEX,None
RDXUV-HSBRL-HMI0P-TVMF9,None
VUQDU-VYI14-X0URQ-8HCTN,None
LQI5N-RG313-OTPJV-UNMIE,None
ZTAUL-J1CAP-EVTDV-XS5SN,None
21WWP-4SPJI-ECHDH-1VKBK,None
LJNFQ-E9KUP-VTRFL-V9YUP,None
JCUQM-EMPPF-UHOQO-AAKI7,None
YHBL1-ZNPES-PGTUW-YODUJ,None
JVSW8-CNUKR-HNERB-TEFI0,None
FIYIY-1SCRN-U2I83-ONFWR,None
DNCHS-EONBC-BWS7V-ODRWT,None
EE02I-RHCQZ-RKLSY-SK5HP,None
V7TIL-PXK7Z-PBN8D-AWGHD,None
RLQ1H-SOCFH-KZWDU-YOA3X,None
XUPND-EGD7J-JNED0-WZCYX,None
IKE8B-ULNBY-SHABZ-IKINE,None
5AOIK-BNI7H-FHP9J-CNJL3,None
JMXIF-AJSUV-A3GVP-CEI5X,None
JJACV-IY05X-R80KG-NLBRF,None
DAPSS-PJWLL-GQKBM-FHXBO,None
L6YZO-XBQHV-HZ5RN-YNFU1,None
GOTAG-UHVSM-J0ZVU-AFUNH,None
3G1JC-7SKBB-HNAKW-SPVGA,None
YAPW7-GGCHH-IIIXT-LTXBX,None
XRIEX-ZJJ7K-KKZFX-Z2CWG,None
EF835-EJZOV-QCDC6-YFEIJ,None
JTQLA-HGRB3-USQLR-B3EPS,None
JY8VW-NZUYA-HAVWQ-AATVY,None
KZ1RM-GAIPJ-FNZUD-6R05S,None
5PG59-Z8WDC-LTZOV-MUYH5,None
9SHRY-TAKJX-G21YJ-PLCN3,None
KE7JH-FPWLL-MOQ6L-WJPWR,None
UCF0X-CUIUO-ZL9LK-P1OUC,None
QWIY0-BOZUO-BE92H-IYMIX,None
HAILX-IBASA-BHH7Z-NKZXQ,None
4HV02-URZAM-AXZAZ-NKM1H,None
JQN4H-8WVB1-SGJOB-UVJR8,None
LZ7RQ-SGY5T-XXZVN-BDPB6,None
F2ITD-PZICL-T7V6Z-BQ0ZE,None
TLKNB-0W66E-9ZUVZ-7X0JE,None
2VWSA-B4K5H-LCTNP-Q8MWC,None
PYO3Z-R533T-IVS7O-5KSDY,None
HESCE-NJOJP-4MIOW-R41UQ,None
539JP-YSTPE-9F0EH-OYOZU,None
NCW4F-SPF7L-YVM89-O2JJO,None
APCRV-B1UZ2-0RR7R-UBSUU,None
HZJ5K-ORRIB-QYM6K-3UWJE,None
L1J78-WOJCD-7B1EX-HGDJ7,None
3IM4F-DEPSE-PPS8Q-C58BJ,None
DXAHZ-ZTLQH-4I65H-6YGUT,None
3WMZ4-4GNRA-EU4A0-BRR4Q,None
O1JIS-M2ZXN-YIQ7V-F39VB,None
AJZZC-EHKO7-K7D6W-NOLSX,None
8HYYS-CDVNP-MIZRJ-B3JE8,None
KF5LE-IS6M4-BQHB3-WRRBX,None
GJNHN-I6SGE-DZK4K-HOLEA,None
YHDPN-AHWPH-IXMW0-XB76Z,None
UV2ZK-ZTFVT-8WRLL-X1YRD,None
IYF9S-JVCEQ-RUFBP-IF89Y,None
UROS4-L0IAQ-B8PRA-JUPRS,None
YTJT1-DX6SQ-8SE5Q-PWSLU,None
XUF2L-DVP7L-NYCDO-LBIZH,None
NLQB2-LEQK0-OP3UZ-DU40V,None
O9SFE-N2RGF-EYU5D-TUVHR,None
1QTAL-I81KI-XDJHG-QQ336,None
R5DA9-9FRZP-ZZHYJ-EZE6L,None
0GYJZ-6XBUY-8P2GE-XFFAZ,None
P5WYT-KTOXG-LDOTV-X0HMO,None
DW9AZ-JBC6T-PCRF3-AK43C,None
VCPM9-8ANLS-BKSAS-AIVFQ,None
IYGCK-R0QCO-EQMKR-FS7TM,None
1JY48-WYGDL-AVBWM-YHVIS,None
EONK5-RQ6TP-QAM2I-YEREY,None
KLUOE-GABYV-R5SGC-X1INO,None
OUAQT-NZIRK-JJAFU-CYMD2,None
ACHTU-BW7EG-MOISV-WMJLA,None
APZRB-ZU1Z6-H2O8P-WDMCE,None
C30LB-XUJNK-L5KTZ-1UUZC,None
BIMTC-3YTOI-IGBU3-ZLUPE,None
CHI84-SLF9I-SIVUT-XJICY,None
TX9OG-LYDDQ-FWQS9-QIMKL,None
RNASQ-GN4IJ-OQZGT-TSVAD,None
AZLTG-BHWYU-AWLI0-PMWH4,None
P29UW-J5IM9-M6HCM-KOWDY,None
MTDU4-ZYPPU-H68VQ-Y82IH,None
FEMHL-DRPHR-VOWG9-YVNQ8,None
BXFWE-ARPDQ-IRVCO-2ZZTC,None
10EPK-8KNHP-C1XHO-HVPWC,None
NUDJS-4J6TO-XQ9OA-VVJJN,None
EYVCP-SZDN5-I4UYL-MZJER,None
PMNHI-LIQR0-5X7YI-5WQTJ,None
I9A2F-J1PST-WIVNG-2XQUU,None
ZI1KK-H71Y2-XJ2KL-W0PUW,None
H3KTS-UUQUO-FZCCN-RDTXH,None
WZYKC-ZHTHA-NNFCM-JMNQ1,None
DO6AS-BNSVN-SJRZ9-ADTXU,None
T6KG3-0YFTJ-JFS4C-A49YS,None
B7DGF-XP1OX-1IB3C-ZCXTJ,None
64UO3-NOWHC-WYMOI-0KKXU,None
4APAN-VJRW0-J6C64-2C3PP,None
FTKRK-N0RU6-JR9LA-QPGRM,None
RSDAG-PUWQ8-4AR20-BHNB0,None
RTCF0-TDGRV-M5CS6-6FGLF,None
GYXGW-I3LCU-ROVGO-VKVXD,None
3WJH5-DZEQF-TVUKF-NPARW,None
PVLLC-OOATF-0IKCB-CV5RX,None
WSV9H-MA3ER-U8NEQ-O4W5O,None
CIIZQ-BPXBH-ZJR0A-XOXYS,None
KFSSE-QX3TN-WWDHB-E1DEK,None
LFZ9T-IJOMA-H50VX-SCUZY,None
OOPNA-9SWDB-JVPFE-MSBXV,None
SZM4L-RHVIY-NIA48-QPKPY,None
QSBDL-T0ORK-LRUBR-H48JL,None
Q84TT-Z2FXE-WIVTQ-MEIYT,None
AQ9PB-KIDD7-F1HIW-EWGSL,None
UPH87-BKKTP-JBCLT-P92JT,None
FUCRU-PCSJJ-WLWHJ-TVQY3,None
KAQVE-9G3GF-ITDZ0-U5GYO,None
EHV4I-UP1RO-F5XT3-13COB,None
AZTZQ-ADAZR-GBM7M-WC3FF,None
YJ8GZ-Y9HMI-CTXYC-3K9UD,None
C7ESJ-ZBLAZ-GEF5W-PLRH6,None
I4GQC-0LNW3-8PLW5-6UKO8,None
0R3UE-0R36P-QRXLI-7HRBW,None
HFSED-INM44-0OABS-B27BM,None
BPMWL-H8DC0-BAAEA-NA6ND,None
AFNVL-Y2AFG-6S7FE-W9GGI,None
NHJC8-9WUW1-PO082-3PEOM,None
ZIDHB-TC1BS-EVNUW-5GREL,None
OSXDM-GNULI-UUZ1V-W9HUM,None
AFBTV-GKYI8-GB0B1-L1GBE,None
IBTDH-5MXOS-YLOVJ-ITHBV,None
HJRKD-8AAXM-XMIIR-AF1TP,None
HH9ZY-YEICI-VKH8X-OOTA6,None
N1BMM-XKTAH-R2LO3-JQVSG,None
6TGRY-C11Q5-TD3L8-YHBN8,None
KRYVV-94VRL-MXR9N-CCJPM,None
NTUBN-JCIA9-7YJ19-EKYIT,None
AVN7R-SY73S-ZF0ST-1YQYJ,None
JMLAQ-9NKTM-SKHVI-8VYNY,None
RRVS5-PTICB-GWTIL-IGZ1T,None
W62HO-MXOAS-FGZQL-HLKKZ,None
Q1RM8-U7KY4-FSYQL-8FDX6,None
VEPOH-O5MCS-0PAKA-PPV2F,None
R6RGR-NMD84-67DF7-GWYMV,None
ZPQVB-U9IAB-PKBEF-PQ1IM,None
BZLGB-JDJMJ-OWSGQ-ENMJX,None
VD36E-TOJDU-MKA4H-C9QPV,None
0V8N5-LKILQ-QROY8-YGF4V,None
FTNU4-REIRF-UQQIO-IDR89,None
7NFDO-OGCKQ-AACOU-TLPRP,None
GTJMS-PPWXW-TXD1E-WGA5U,None
X3TBQ-4R6WX-HDUJ9-NEZP2,None
QLLCG-ZOSSC-KSGFY-FGYLW,None
POW6G-VVNFN-EA3BP-3AI41,None
HURVS-ROVZ9-8VGPV-HWRCR,None
ZVMQM-JPWX3-HSJ62-JHHWK,None
ZL8PU-VR6YV-CTAJW-GOKB5,None
8QHFN-EVZZA-GFHQR-B04SY,None
HB07E-EGJAE-UQMNF-69UOP,None
0EIA5-0CAM8-IY9TO-FPROK,None
EPI6S-ZB3HO-UKP76-X96BA,None
CJBPS-JYP5C-MPZ9O-KDML8,None
OLEAI-GKHRC-HG1VR-HWKG4,None
OFE8K-BHSKB-UQTFN-VH6MU,None
QCWAE-LHEHS-OBYU9-C0ZTT,None
DDMTV-DMAVZ-ZUVVB-OHD7A,None
ENAIW-PIU2Z-2RHGE-3SWPD,None
7NZYV-DEC2Y-MUTCO-SOLB5,None
ULQ7G-NPRVP-OOGAA-P9LWS,None
UZNC5-UAVTA-I2EJP-HGWKE,None
PDYJQ-LVHQC-WYRBX-TGXEF,None
CPI3Q-E5XMR-69PDU-CKTKZ,None
BBPCT-B4YFO-USRGI-XMOH8,None
I2NHR-YVTEH-SLP5N-H8DRM,None
TH6OT-LQOA4-XLXZH-5YEQ3,None
K7PUN-QDUGS-TAP2C-NFK0B,None
FGTS8-YGXCA-YDKJU-UV9M9,None
A4TWP-UOZNZ-SWM7H-0NMQB,None
VTEKF-FYIQS-ZJDWK-XPPF6,None
2L1W9-2HNF8-YXCKZ-34DUY,None
PVJ7J-MI91M-MT2QG-M7R7M,None
IQNCN-CBPCU-VSPE2-FXIFM,None
0803W-7YQDT-XZ7H0-KRWLH,None
BKXZT-IDDDD-LMOCT-CH1EE,None
C3QWP-S23ZO-OP8F7-DYOJV,None
U2ZNG-DISGV-8UEA6-FXVNQ,None
KGPIR-GKYLU-HDIYZ-BMLHL,None
YBTGT-YWIXF-WTQA3-AHLKR,None
FJ0WL-CMFLT-6FZWO-SCHMH,None
SNRYK-KHSE3-ZSBMY-XAAWF,None
JMVLI-FWAJH-P3U3J-ZKCFB,None
GB0TX-55B8T-Y34BV-2PLGS,None
KITGA-PVVTI-PEOIG-8FPFX,None
14ZXB-IKOM5-NKE1Q-R4CY6,None
O61NM-LDKU4-6RBWR-SF9GZ,None
MPJXD-HUTLU-CG0LD-X6MPR,None
UD3RL-DFFYC-XK8YD-XZUFE,None
HMQ3X-GVACQ-9CNVM-GZ8DZ,None
PS6Z0-J3KHE-Q3U2D-R2SXL,None
6ZQDR-E3QQE-SOKCV-U3HAH,None
XZB3G-CERKH-NNNEO-EZGAY,None
9P4IN-OFKJF-3BBX7-JJMA6,None
VL7MH-0EIY2-GUDEV-KBE1E,None
VT9BR-P47HN-TE2SD-DOC1W,None
HOHL7-JC4U8-0EIYU-UIVXL,None
YBZSL-A9OHK-ICLLV-LYMRZ,None
BBJNP-JFK41-BQL3R-XZJ9R,None
YIOXQ-AOB9F-3ZIQT-NMTQ5,None
XVGD3-RGKNE-S6KHQ-MKDF3,None
XWBXH-JRJVK-DUZ8W-HQEZY,None
UQAZ4-R69XY-ZFNUY-6DBGI,None
NSITT-PZSEF-GTPMH-FAT63,None
VLQ26-HKDC3-XZWJI-MKBY0,None
XSH6J-XMRSO-XK1QH-G16RD,None
KOPZM-0FGCW-AKXY1-VRWEX,None
RYOQ3-UCFWL-YFU3L-ZTIYX,None
6GX4O-ZWFZN-N6I9Z-XFMEB,None
5NWXB-JFEP9-WIXFS-FKJ7B,None
OR8OU-ZMJBK-HWKUR-ZTEUT,None
FGV4L-ELOIZ-5MW4J-OOCJO,None
FCKCS-CMZ4M-GESUU-JEYEQ,None
KLGGZ-K6TQH-0VE67-DXQWQ,None
ZVAMW-EJVEJ-JEY9L-CRRHM,None
MFYES-WP1E6-BLLLH-U4J5V,None
XN8HB-YYN9W-5RHVD-YPFXP,None
GB3DF-33ARV-JBGSQ-TQGJ7,None
1YELH-0BKPP-39USK-QSJCQ,None
GCR1O-FWBIT-VOVWA-6LCVX,None
8VGFC-YVQPF-BCO4Y-FOKKX,None
R97MN-EXNEU-NTK9J-NVPKY,None
0DV48-W1TZ8-IVS0B-V2FOJ,None
RRLTN-YLVSR-0DUUG-O2KP4,None
3CYSB-NVDBI-WDPLV-T2S9K,None
XCTUM-RTTOX-FZPUW-DC8DD,None
AN527-ANTEK-LSPYK-BJ3FR,None
8VGKI-FFYHI-M4HX7-Q8DKL,None
SI0JU-MBS6Z-G7IBI-CRGST,None
BASKC-PQMDF-OUJWN-QHIQO,None
3OTI1-PFESV-RBG3F-JNQ9Q,None
DNMWU-EPYQM-N9HXW-0S9LL,None
DDMMK-Q7WVA-4XEXB-SJDFI,None
IKPCG-QVB1V-QTWQG-EZHZY,None
8QGXX-MJ92K-WPRTE-SJWTP,None
KNMXH-O2LFY-RDKLE-QD9FT,None
BONYL-HZUKL-E44Y9-6MLZY,None
DSMIL-0VDB9-SRQ7T-GK9ZI,None
EMO5N-XKS5O-TRFJ0-JQNTH,None
ABVHW-OED1V-T331R-I7BSQ,None
MTJVO-BEZAK-T4NTN-4LS6D,None
54U7Q-SSJO3-MPQIG-7JUF0,None
2RSW4-SOWLT-BRJ4L-LRR61,None
VVF2K-GSGSD-FECQX-3L2JB,None
S9WZV-01L6V-SCBP2-JM6D9,None
HONEE-DD04T-EZPR4-CQVUP,None
BTSK4-CSCHZ-N1PRM-G6XXS,None
HUFWU-HRW0J-MRIYK-KDUCM,None
ECPJW-VZYBL-ZVVF5-NYGGO,None
HSDRP-FBAAN-3BRHN-WSE8N,None
CDVCF-XADR7-NX1YZ-WN6MY,None
VPRTY-ZQ5DX-G46BU-LZMUS,None
O6BYD-OSRUG-5SBI7-QFJIM,None
ZWYPL-3MSXP-WNLJJ-NNEMS,None
XIL7P-SIQJJ-CXZQG-8VYKI,None
9URYR-80MK2-LZHOH-YVSE7,None
48W1T-WY2HA-9DFXY-3NQGN,None
S4H7D-EV5PV-NBLMS-AFCFU,None
HQXNT-WJEWX-JKITM-DGYBD,None
6OYNU-ZGGQH-RECE7-HGEAK,None
TKQAY-EPWPM-LVQ7R-9Q4BZ,None
MTOCG-XIQDL-NQF4G-J4MX7,None
BLV7K-VHZ0M-9EGZK-9QLDV,None
LA2K3-BQYPG-IQUVC-P0AUQ,None
LINOJ-YODI5-PI148-TT8GP,None
KOOAH-T1ABG-BKJF6-XFGHF,None
F0URW-VYK2A-ORT8L-SYBM6,None
06TSO-K5MG1-PLRWF-WVZ0T,None
SDTHL-KW3MX-2KDNJ-SLJRQ,None
0DY1F-0TYHT-BZUVZ-VLFGV,None
ZIKOT-BHFD0-QUUJO-0J9CW,None
QFQEP-KXBCD-VMRWF-NTXOZ,None
UQAKZ-CWOEL-YSUGN-LZDMW,None
B8VSL-CF8BD-AAUXR-HD6RA,None
MNODH-8PJGP-65DGH-B7RIL,None
AANU8-K7ECO-OFVCE-BBCBZ,None
R4UST-RXIK3-QUY9H-EWLRI,None
KOZ4N-VAU3J-GTUCO-3TNYK,None
6ETE1-5JQAB-KSGA0-T7VIY,None
NOHDD-GK4RI-HRZG9-EW5XN,None
CGK2I-4LP93-IJRNM-MEVGB,None
8KUSQ-IKIXZ-QT2VV-IWB1H,None
ULXXS-SDNPV-KWTD8-BKJED,None
YJVRL-SYYHC-DAAOK-HIB6V,None
77ABG-AMBUI-BJDAB-XH09V,None
1IGGV-3K2JK-ZLBBP-F2JYP,None
FHIHK-JPFN1-JWZZ7-07P61,None
HZIJ7-YNHLJ-GS2IL-71C6Z,None
RKZHE-6J4VH-IRJJ4-WRUGM,None
KQQR3-FRFUC-EB2KE-C9IK0,None
CPU77-UOQAS-AJWUG-TDPWV,None
KVJ7S-6BAUX-FYR0Q-WINK9,None
HVDZI-LBBDQ-FSVQQ-AWAGZ,None
OPJGX-WXZ6N-YFPXG-Q1NTJ,None
RESBU-ADQTP-LS9HG-X8QWT,None
QTUY5-8KYPZ-UEOB2-GXVJG,None
ZDADM-FEB59-TSR1B-7Q0MC,None
JGHXF-N54TO-LZHZB-KKC1N,None
PDEH0-YKJVJ-XPOJR-VGHZZ,None
QWG43-1UBK2-6WSQE-76VSV,None
EBFVC-S1EOL-O3UXZ-GOHKA,None
KBRYJ-FCXNP-Z0UPB-UOQWC,None
UVQAH-V4QMN-LWY2N-0U1GK,None
LWTRO-J9QMK-CGYS7-RJT7G,None
9OPNE-TJGJ6-RVX90-ZUFIB,None
K3ABC-Y3BVC-SPHOU-N1MHE,None
GLBIC-DULDZ-Y4KFJ-3LAUU,None
TFWVS-FKTTI-GG1DL-WIL1Z,None
QLTWP-BKD8U-KUGKE-DOVVV,None
NEJNQ-IUEVZ-KCXXE-R2RUA,None
MVMXK-HJ7CD-TGRSK-1TAK0,None
D2IUP-RYZIY-YU053-B3JCR,None
D1OJB-0JDOZ-4OP3Q-18S6O,None
PMXFG-2UJDV-0BYOI-BR3MN,None
DBN7L-WPYEP-FZUNO-LDSGT,None
K62US-AHORH-RY2YO-ZH5HR,None
6BFEQ-1EQVX-0OOI1-SQI6Q,None
OLGS7-JFEXF-7LBVV-DS1GS,None
MJVGK-DFXP6-FEWL2-XSF2H,None
SYMUJ-A8L1D-AWIRE-YUJVV,None
PL8BO-NLSJP-ECECC-JGV8C,None
9WLJE-DWP5D-KHXQQ-OPISG,None
6WFUM-RDMJJ-P26QT-WBPF0,None
XAQ49-5LHUY-UBTRK-T9N93,None
A7F70-4NTKT-ADD6E-CRZ0C,None
GVPXS-9DG6M-HQ0AG-ATNZ1,None
R0NZK-9TED2-NAFXX-OETNQ,None
RFLYO-X5QOE-3HJVZ-ZH6BU,None
VTVWT-NT636-LQF5B-EDOCL,None
IRVFJ-BB6R1-RBWUA-HKBC9,None
T2SV2-HJPVD-ZZBOV-IPNHU,None
M4ALH-VR2HH-FZFH3-PL9PM,None
FVQKU-WTVRU-NY2P2-WST3S,None
4NIPN-HX2U5-X5SQD-UZGNE,None
BZITH-E9RDR-8ASV7-DBW5T,None
EUDPC-YADDY-HRUSA-LDSA9,None
LSQY7-BVLEA-7D9TB-5DPTF,None
GG51I-0QHKO-PC4RQ-TOYWA,None
SJN6V-N6HKW-VSJ7V-WSXJK,None
UGC8G-7CXQS-6QGUA-1FFCP,None
4R0WQ-SKNL3-JKCK3-CLDJJ,None
VIEZQ-ZRLLL-KSQ2H-HHT1Y,None
PXWOR-QS29A-XKCMF-QVZWF,None
ZEQWT-E2YST-3G75K-EVJOH,None
G0QAT-KJGFO-YZLFO-YXVIL,None
CJZ6W-UJIM7-GWZPH-Q5T0W,None
VRVRM-LAVXO-XBKYO-8GHXQ,None
HB5FY-W6TYI-CKOLW-PWPIK,None
G6UO1-QTAJX-DEYMA-HSQP2,None
HTQE4-4BX2W-C8C5G-MP4HL,None
M6XSM-URIK5-VDTFU-7GGEJ,None
SOXJ4-KRBFM-HSGT9-TRIK2,None
DMJJ2-7BMB3-THCT0-LYSWA,None
5QNKB-UBNNR-1OGX0-TQH6L,None
ME1ZZ-D0DRV-F4E6U-A0WTK,None
YFJ58-Q931E-IEYTQ-BEQUF,None
VEBFG-NBLVA-NJFU8-NPLQ8,None
V97WO-TJJWJ-KRQ7R-RUTL4,None
60J7S-WWILV-UO8PM-DDBLC,None
TZO2F-OZBSH-SI0XG-G9HAE,None
ULYBX-HAZCV-WXYLP-DMWQW,None
SER7Q-XMI7K-PQLR0-5K2EK,None
ADE1C-5I8R3-2UT9V-UQGID,None
PQIEH-VEE2E-EDEQ5-1U7WA,None
6CRT0-0BPYH-BMA9L-OFSCO,None
DW7PY-LU7O1-R5FJT-WOEBQ,None
1N1TO-CIFVF-RYPPY-I3OLH,None
F4MNA-WZOGN-XX9K2-0CGLE,None
JPBNT-7W1OJ-G1WKO-MSNKO,None
OL0GW-JYNTZ-X0RRC-MJVL4,None
SSRAL-1F0FN-NTOOK-KGTOY,None
2SKC9-VOPJF-RQIRO-MI5XM,None
CFYDC-AZWNN-JJX5N-NB8IG,None
8RV0P-4DS4X-N979M-XITNQ,None
2NBMA-K9M5L-CLUEF-CUTSH,None
Q9ACO-YNMOF-NVCBQ-HQWMS,None
MDLPT-XBFVL-STHO4-HVWTV,None
FSCSX-WA1SB-AOEA2-LGAGL,None
K9XUP-LMIQW-GBIUL-OBIS5,None
FZPTH-XM5LI-HSFUW-3Y4KC,None
CMDCK-7XVAO-GIMK8-MSL0M,None
LTVYL-X0JR6-E3VC6-SODLV,None
DA8OL-EZFCQ-3BAVR-OXE83,None
YCDKT-VW0KG-HS9IP-WC7NC,None
AZIS6-MCZYB-D2HMG-RZSWO,None
TVLSX-2YV0H-GPW7N-7HTA9,None
M41B9-AX0QR-3YENO-ERWEI,None
PGAXT-8U5I1-AL1RF-4L0VF,None
ZNXZN-OZSCF-K6HHP-JY1NH,None
HMTZF-NLJHP-8SFH7-S9NTC,None
Z49WV-JBX9M-PHDPP-GB6IX,None
TQV2A-AO1GS-AEFDH-WQECO,None
PKMNH-PNQPZ-DBTVL-ZAJIX,None
YAMZ9-FZQGN-JNKUW-GRIWD,None
ALB6R-GNLUU-3KTJM-SZUTI,None
CBSKD-EGSIT-AT7IX-GXUBE,None
RBVSV-Q7QWU-AQUUD-FV00O,None
LPXU3-KFNCR-RMSIY-BDD7K,None
WSD4C-L7NKN-ER2IM-JIRVA,None
XMXN6-EVCHA-JCCHG-TTEN7,None
7FGS2-POHKP-LWMYF-DH0ZB,None
L7LWT-MKVQW-RXCPQ-E4I5T,None
JG1VJ-W1SM3-MKMG1-0DC52,None
8AJCY-6IE8N-S1RLH-PLLJP,None
NPGG6-4LRWH-HESVR-E4DUH,None
9O2TY-NA8A2-NV9ZI-I8UB6,None
ELKAV-ORPDE-XCDU8-C0DOT,None
CNTMH-QK9V1-2NXVA-JSHBD,None
OENUN-IHHOR-33R75-H8SLG,None
PSWCP-5YWKE-LESTL-LEJQ0,None
SPC9A-SAIE6-ZWUKV-1OWKZ,None
HH4WC-OLLX7-NLOGR-ENKCT,None
VC2FD-0NGQ0-0NB78-ODWVF,None
2N7RT-HTSUG-WNRJ5-8MU7V,None
MB2ZB-WZNVK-K9SY8-I3IQZ,None
Z8JAO-IMIMJ-ZS5WH-CA1UG,None
KXAWS-BJYMI-NFNZM-DBPU5,None
XUTX7-XYGM0-4JS1Y-J07N7,None
2YEQE-THTJC-IDAU1-STIAL,None
DZXEA-MZB5K-7RNWB-6MFN4,None
3RTAN-H8HKX-0HET7-EYZQI,None
IUBNN-JVBUC-IT2FG-UNFNA,None
I6OBP-MI1TA-EPCYL-TE2YP,None
UDVTF-7DI1W-WVACA-EUHAX,None
ZJGNH-YCM21-VPZZ3-2YRZW,None
WVSQB-9QJEW-VUCYW-UXW59,None
5OIWB-6WGUO-H2YDG-7HUGM,None
PI76C-SS297-BLGP5-PIHB6,None
P5ZM1-E4EGU-OA3AD-DONRI,None
7WDNO-1VDNE-PZW91-7AHUF,None
GZGIQ-ZTG0N-SAVOS-LTL3O,None
B0QLW-3YWVP-MIHFM-MPEZJ,None
QRRCX-9EM25-PLTZO-FXNAJ,None
9YAS6-LAFMB-ANPXG-DWVMO,None
GMTDV-QTAHI-WZW1E-1ELAK,None
V1BED-KF11A-NJLXD-VUK3R,None
QCY0M-KL7A4-2LON3-8EDZD,None
KZJ6L-N7VOH-QL5LI-KTY4I,None
I0GYF-PPAQH-J2XCS-YT1LT,None
IHOAH-VQ85Y-LRIQU-INZLB,None
UISMK-O7OV0-CJFW0-IHDQX,None
LZXVC-NPE2F-9FRQM-36EWN,None
SNRSS-NFNFZ-VAJSV-SYPB3,None
QSTKM-AS1AA-EG2PK-KVMDG,None
7MHJN-JM3TD-1UUJT-PSBXI,None
8SPM7-EJ43O-ADMXJ-PFM3O,None
LSJ2P-HRS6B-3HRJF-V30EK,None
VHPOH-1RMPN-SZ2FV-CE0EV,None
VWM2K-ZPEWQ-XDQOI-YW17A,None
3IOTR-GVHFK-4LKXD-QDZHF,None
XQST2-R2FBO-MHJG3-A8RBA,None
YGOH6-LKTDI-FLSRV-HJOI6,None
BA9MT-UYLZX-L63NJ-0VK36,None
THTKK-G48FS-0WZGL-ZJQYA,None
TYDCO-ASRNH-Q0AWC-C9CLH,None
EXPSK-28MBM-PNSHP-WORHO,None
QCGBE-N4VBV-ZQI4U-QIT6E,None
MPWIJ-1HNIG-VRAER-OSFUX,None
QFWWK-JGWIL-MRJER-PC9VC,None
3UZBF-XBEVP-CSROC-WFOOX,None
KLLUT-VBSCB-9JDFA-QCVS7,None
ZAX3K-ERITX-PVDXD-10DHH,None
VWRFN-D3BGW-RUSAK-4CVA6,None
FUTXD-4ACDN-3BEQ5-3DTTO,None
TQARV-IPEPF-7QLG1-0W4AX,None
QBBJS-KGXBJ-0FEUF-7X0GG,None
G1TN2-5BABE-DG0C0-6XPL8,None
AHF56-CYI2V-MH83Z-WZWWF,None
PLWJQ-PJS4E-ZFNPT-LTVOP,None
ZE1LH-8EKCE-YINGJ-69ERK,None
3URKG-AXLLL-QSNGK-WJ0XA,None
PSGM4-THZL0-IVXBJ-D9ZCO,None
GQJWY-TE6QO-ZHXLJ-VV90H,None
UCGWP-PQY8B-SPJS9-2FVC0,None
EEMKZ-TTFPB-D01O2-SFM7S,None
YGD1S-FFRCK-YQZ7X-9DSCW,None
YEL2J-948BN-98BA5-BVYBD,None
3ZSNZ-ZG4GB-PFE8J-17PT8,None
0FLLL-QNQLW-IW7VV-IPTWI,None
ILWNM-WIZ1D-I1NQN-PRRLK,None
OXJQS-P3RZN-IMZGM-JQ5SK,None
DQUNG-EXJE0-IAYP0-QUSAZ,None
BI6NE-BJY0J-2CSCX-FZWL5,None
YJ67T-KGDAR-VBCG1-0RLJF,None
4MNHD-MBZXD-7WGNN-Z5VLW,None
YAXTK-XPYWF-ZQUTK-BRPQF,None
U8ZIF-I6GSK-NUDTJ-X2WUA,None
8JNXF-PSL2S-ZFMMF-FUOBQ,None
YP9I8-GWNSZ-BKGUZ-PNLCR,None
QC2EN-CJZTG-7T2D8-IE4CE,None
LYURZ-FYRCM-CX986-JN1VD,None
HDYMP-QYIOH-A125A-XSYNP,None
GXKVD-BUTW8-29BEW-IRDLE,None
5GQVN-23W0C-VORY3-XRZTG,None
XPOI2-38ABO-JXNIH-YDP2D,None
FXFYR-AODX4-PZ1VU-FU2RS,None
JSMAO-PCEDQ-J1BBH-RFUWC,None
GXT9I-JVFXE-XCPSD-IUUA0,None
AYXWM-ZIB3J-ZNU84-W2JXS,None
EBOWV-VWIH6-2BEAW-YYZ62,None
SOL00-XZIAM-L5BDA-VYPOT,None
R3JRU-2RVIC-TUVFE-XPOFE,None
PLI1H-V8V71-JT9Q0-UMVI1,None
U65WA-IAHOE-SW5UN-OHVZZ,None
W3EGM-G7JP1-HCI3H-3DGD8,None
T7ELY-G8XAP-I4V8B-T6FPV,None
NVDJ8-T5OHJ-2LXLT-EHNKU,None
SA6LY-CSRP9-AEMDA-RBXNI,None
L7XKB-MMHHJ-PQLTK-HBOKP,None
JMNJC-XYE9K-HJMA7-DRU2A,None
UVIHJ-OPA2X-SCEX1-W99AL,None
AJRWH-MRUPH-SBDLC-3OSK5,None
WXFMX-XBHHO-YMSRX-QCPIB,None
MJP77-VMAYP-YO9KN-AZUFR,None
6THCH-QZWNK-00DXR-ZWLXQ,None
LJOGX-ADO1P-KBMRV-IY8VD,None
1YPAG-JUCNK-2OTZT-TABJW,None
EP9IE-JLSUY-JGRVU-SAFGY,None
WXE5P-MN1D6-HJLFK-8HT1Y,None
YAMQX-8DUKK-EPBAN-DWUJX,None
UEO1W-6LLQB-KDFP5-AIZHM,None
HFS4C-ZEIAX-FSPIT-AFONO,None
8E0MS-IKX8K-HZLUR-PPM2G,None
I9KNW-YWTRT-EYECH-02JT6,None
NTXKX-J8JJV-X20NY-XICWR,None
L7GQB-8LLQZ-I7WKA-CNRXO,None
OZQLP-CJZMI-AGY3G-7YTI9,None
4JEWG-1RBRV-PUMES-NLKDS,None
DSDIQ-CCLQE-O2GVU-AKET1,None
RDXN1-F5MV2-RUIGO-TMH1H,None
AYZGY-A4VQA-VO2DX-XNXKY,None
Z10TR-UKZXN-UFR7F-PZAV0,None
GMHZY-TE4WV-JVLMW-MLEXU,None
NVNSV-7EOJC-YW4P2-2UZBP,None
FURSI-RPI4U-BL794-LVAZH,None
BKQD9-NYYRJ-J7DGE-NTQSB,None
JFUNU-0TMWC-D0BS2-ETUS7,None
QXHEN-ENHZT-GLT0X-CT2MW,None
3M61U-CH2Z9-PYACT-PMYVM,None
MUTHM-BAQDX-CUUNZ-XEHF5,None
Y1ZKI-B1BQD-7VQHB-DUWAU,None
NF6LX-RQLHB-3P6NN-L27QR,None
RINTN-WL4WS-K1FWF-KGYEG,None
YRVAQ-ORB0Q-XM4BA-85ND1,None
KD6ZH-NANXS-BGBSY-JTLOC,None
I5IYD-SMPDB-BDMIQ-ZCNAT,None
NTPKO-UNOJV-9HG4L-UD3UI,None
XCAWQ-EKR9D-CMYY6-WAWUE,None
MHXSY-CSCSI-D5CU4-ANMN5,None
XF6DB-PCUM3-HWDL3-SB5Z5,None
JD0DD-IKD77-WBY2Q-QTFDP,None
772JM-1AENZ-WZTJM-ZVKFD,None
DY6HL-UFZSW-RUXUS-NZNG0,None
DNDLD-RB4QE-8FELY-ME6VB,None
GG68G-OB3OJ-MDASC-RWDQI,None
NYC6G-8ZZNJ-NDVVI-DO3QF,None
L6HJA-3LZNO-E4DCS-9AL1G,None
YXGYR-B0TYQ-3JS5D-YP1NA,None
JZ9GY-MWHAY-6HESM-WVVOV,None
CZQB7-VB2NS-Z3WDX-IP2DA,None
DUXBZ-RNTWP-36EXQ-VTYCI,None
DZNKU-1YW0X-ZLU3N-AYQNS,None
SPXNV-SA8NV-VRJZ3-YQDAA,None
SHMK7-W2UUB-VXQWL-13ZAA,None
CMJN6-RP2J3-LXBED-EFARX,None
VDF8Q-9RWFW-EBAOJ-UTZQN,None
EJB3C-CFBDQ-X6I11-8H7OA,None
HEVVW-FW3U0-X6IJS-5RFTP,None
S3IAJ-IPBSS-KSY60-CK1GP,None
NSKJU-XSR78-US5OY-9GBYY,None
P9T39-7K7ZO-WK1PR-URZ5O,None
LMXOQ-9IK82-WS0RS-SF1XG,None
CYC3Y-OO9X8-NKLDY-7L2Z1,None
UHJOG-8JUKQ-HHJO5-RWJH7,None
OXEQE-BTA2V-CWACR-ON9W1,None
LKUIP-D6U4C-40O8X-GEG1H,None
SM4BS-CILT4-NEUKH-AGRQU,None
YJ6HQ-XDRRT-IWWOB-HZGQQ,None
L3RV7-Q4JK3-UW17K-XKQSL,None
I7RZH-I0CDL-IMLS6-8GQUK,None
Q3BGQ-EXERT-V1F8K-T9V9S,None
R8IC0-EIYGI-7IRWC-ZUKVB,None
BBEPD-PMIGZ-NJDIS-BZ4O1,None
4RLYG-SSNTU-VDEZT-OK5WN,None
UIE5O-5TD5G-9HCX9-EP9GG,None
UQTHF-1JMRW-LDFLF-RHAET,None
P8OSD-Z2OE6-U96RM-X3CKV,None
DHWWJ-SIOM6-F9SO0-8FO3P,None
DNE0R-HDVJN-YKZNS-IL7UW,None
PFAHS-SUTJV-BDXWV-YFR7X,None
8DLZL-R8OIX-9USIF-MIY3N,None
MFJDU-EWI7Z-KH0ZU-AJBLK,None
OXHPY-PUKD9-EX6PA-MUNZP,None
COSAQ-AT6XY-3FAJJ-9PXM5,None
W4WBJ-VB6YQ-KRD49-C9WN3,None
OLAGV-BGQYT-LDSZP-SIDDX,None
EFUX2-9QCDF-KICS9-FJPPO,None
YTKSW-AVYCA-DETB3-5L58M,None
DJFTX-UTI0W-CJ53A-78R6R,None
KXHCT-ZYQRQ-MJZFA-QZKXG,None
HGPAH-AFXKO-Q36PJ-SHFF7,None
ZENSK-6ZPPT-7W0TP-NAKCX,None
VTQHD-B7E2E-GXJAP-BWF09,None
5PLNV-CSDTR-160PI-0VLMJ,None
O8QGJ-CKPJR-CYLXD-ZBOGA,None
JFBQW-KAOQX-TQBMZ-NYC98,None
SI4LV-9L0XK-BBNF7-JEIQX,None
OASCP-NYKPM-DJJRH-H4QEF,None
LH2MX-JOW29-EJIU9-AGO8K,None
JEKJO-X7QXV-ZFR30-UYWGL,None
Q4BY1-LSBN5-BYW7I-HGYRZ,None
NKPZF-UZXN9-IUSI2-RIXXU,None
XDYOV-A4HTN-4NDGE-XJW68,None
BNARG-3LCBV-VPVJR-7NCPK,None
AEYLZ-OMWUM-DWHQN-FXXSM,None
AEWOF-IEOCE-GJ7OE-JFRLC,None
JY04Y-HNSI3-NDQDO-1OJ28,None
XLZU0-EI9PZ-4QQO8-14TCU,None
TN0S5-GWI1J-JYFY1-HBKXA,None
NEBCK-FOBEZ-NMFQR-4KIUZ,None
IDW74-EN5KP-1OINH-OP6UK,None
U8QKP-APNIP-0MKAK-6QCSG,None
PQJKZ-TEN4A-WDO3K-Z8XEV,None
NFV3S-THQNY-3KU9T-EZLGA,None
DJ4PA-0T9DD-XWHLV-HRWVX,None
DMSFH-WRTMB-EPANU-MXBYE,None
NXRIU-MUVAF-2EQL6-PBWHG,None
HVA5Q-80KE7-PY9G1-3NH4X,None
RZY7E-UV0BH-XTJAL-LEAWY,None
BH1HJ-3TXMN-EGCST-OUSCW,None
3RIKM-0FIY6-FQRU6-WSVJZ,None
0OQET-AIN8Y-NEZQS-FWUE5,None
GRXEP-ZLOJB-AXWL5-FR57A,None
VPITP-01VRF-4MQFO-DWCMR,None
KKCCR-1EYO0-XS77S-Y2BTH,None
LAHKB-9HY5F-RBWZ1-0ONUG,None
5F3EE-YVVJY-FGP5T-ZLWQN,None
UACSD-SUSW2-30NDG-T8CZ1,None
NDUMB-MELR5-FYK9O-ZAOYF,None
GMGNM-48U7X-YARBD-SQXWQ,None
WZDI7-DX9LJ-2KJVO-OSEHZ,None
3HPJU-WPHTY-33UQV-SC2CW,None
SRGW9-CFXFZ-ZOMSC-DO0AF,None
CQNM7-MDVTL-ZOG68-JIQF1,None
DEXDN-4BY8M-SYYCM-FEAGI,None
5FR4E-AA8VJ-XGAUQ-VDSLF,None
HG3FT-TISNK-0ZCYT-4T89X,None
9WYNX-EESGG-X2A5T-RFRKN,None
OTR2S-EVHLC-4WYBZ-VWGH8,None
OATCB-JAXSH-WJ9AJ-C46V4,None
HDACK-BJWDP-CSRRS-GI7EU,None
R1FRG-5R4BQ-TKCR0-ZVBTW,None
NWQQP-0XAZX-T6WGN-AKERY,None
OMIMQ-8XZMT-IK9WK-BAUXD,None
NPGX0-CTHFH-YMCM2-ARUOH,None
3M4GS-JSUQA-TG8G6-QBGLS,None
4RJTZ-EZAE9-UUP2G-YQILC,None
BZATN-QFHXC-HYHAJ-2NM8R,None
PF6QJ-V5G6E-TSKJO-QATAZ,None
UON2N-BNW83-PMQGU-HPFPN,None
RAPQY-GOZ3A-SNZKW-SRXTC,None
Q0BOS-WP7UD-BSKQW-OJPMN,None
K1YJZ-FYRKA-63YAG-IPBMM,None
FL04Z-MWECA-RHGNP-IAN0N,None
PKVZB-1AWEC-TJOS8-JLU1Z,None
SX7SP-JUORI-SPVFZ-DTIBQ,None
J4SAG-KRNHK-0AJAK-EUPOW,None
4YKFE-1EIDN-VZO0G-B4CKS,None
21NES-4ODZ8-KIJMC-QUQBQ,None
6XDA8-T9VQN-KGB0V-DWKFK,None
NMUMQ-FM6VL-ZQYMB-4Z3YT,None
KI0MV-9W4MN-AUEGX-WYBQM,None
XQGJB-OV7LV-SQPPJ-MZVV6,None
MR62X-SIXHK-IVSEF-CMPHS,None
QRGIZ-BPANY-SDQMR-UBABV,None
LFVE2-CDJGT-NMSQG-ONRHG,None
Q2FAP-D1VIE-ROLRF-9ILN7,None
DWMXO-ZLZPT-UTVM1-T1GXX,None
X0N3H-PUKTM-SPATT-F5CKP,None
4L2CK-RUJRU-FSXOB-ILCMT,None
0Y4FV-IIVF1-JSBNG-SUZMU,None
79DJK-VVDBF-QB35J-ELOAS,None
B3DX5-VVGNI-RVG3Q-OIJNU,None
VT3Y9-XV4OM-UV8GW-OYMSH,None
N3TQM-V6J9M-ZOOEA-RMYHF,None
2EVYK-2NZUR-C4L9J-T7AZY,None
BNOJ8-TYVD1-YCMTZ-22KIV,None
DXVEG-DRHEU-W1IUF-V8XZN,None
MMMUY-LCHPS-KYFTS-QNXCA,None
DQ78J-BPBIJ-XYDVK-REFE3,None
JPP79-UNWGA-ZNFEL-DYZ69,None
4XJY3-3UG4B-CGRVU-GDWIK,None
EHJZW-YD2NE-LP3RD-4NA4I,None
6STMN-V5VDZ-FPMA1-VP7KR,None
0VMAO-3POPI-SIMTP-JNJD1,None
AVKAH-BGEM3-6WSMD-FWLXF,None
MLZZU-MUTDW-L7NFV-U9CLX,None
RYXRZ-DB6JX-BAMZ8-RKXI5,None
HMRET-DVA5M-3GSCE-9M4KN,None
ENOR5-KLWRF-LZXUJ-Z3EHO,None
PCVZJ-MEHKW-GG4CX-TIFHF,None
WWV3N-LHQZZ-C4KV1-OR4T2,None
FGSTB-WCKOF-JC1IF-TVKDQ,None
UUA5C-8IRZI-KVAED-BTVQD,None
TTAU2-HXYVO-9HW9Y-EIBIB,None
ZTKM5-APMGO-NMOFI-GIASO,None
AOOHG-KGNHV-CW2WC-5FPHZ,None
JNM15-URCKC-CKAZH-WGYLY,None
JSTD7-R4CAX-QPDUY-NGJTB,None
XJFD1-ESB1A-FQM2G-YRBJM,None
IDTPG-RRS1U-DIMTG-SNCTP,None
HKXMG-YFHFR-J0CRO-0XVI9,None
ASNYF-5OFSD-Y7S9S-QF1TA,None
KON1U-4WZLX-PPOK9-8VEAI,None
UCDFB-VMVPM-OAXCV-AUYTJ,None
RVZGB-CJGIU-ZLX9S-IRWKB,None
DPY24-EB606-8R0PM-DRNCP,None
72D1B-P4WJS-OHBPZ-OOAI2,None
FDIKT-7WHAW-OUSEP-DOOOJ,None
FBGQI-FAG8Z-TZHF0-RY8BA,None
QV36F-HV4TV-EZCYI-INHF1,None
GBKOA-J34MH-WUC4Y-9GSKC,None
RE8JJ-A7AJO-NBAQJ-JQST5,None
5SWYA-3ZSQ0-VTDCG-ZHQ12,None
7OF1X-R588W-BMA2H-QBBML,None
BUKQK-KOO8R-AYIQB-RKPPJ,None
USSTA-VOCZH-6VDJW-PRBVS,None
DDG9A-QF17L-GZFJM-1VHIB,None
E0UFG-IKKKR-3NUVD-Z2RBO,None
FJTLS-06RMR-I9CP3-UD0H6,None
EZII9-QOUEX-9LOTZ-AVULK,None
SPR6I-2HMKM-WTBTZ-EZ8IV,None
DGKN6-45YDI-E0XRI-SXBNL,None
FWBHM-JAJAA-DPZEJ-G4RM9,None
BXTXY-6TGET-773PF-HE5TO,None
KH48M-CNGDP-OIBX6-8U729,None
XGSJ4-4QKOJ-OA65U-0QXVA,None
SZUTV-1V2SB-M2GAF-GCESP,None
JFANC-GHPMX-2SIFN-Q5GWG,None
2T4GW-KH4KV-TXSHK-64SAD,None
AKSZZ-VJO6W-ILWLL-UGA5V,None
3CZXR-EOPEN-CKH0L-EAODD,None
MZ5PQ-0MTRG-HTSK6-P3DNS,None
XGGYN-DYZ2G-VA5MU-XGMMH,None
FJPHF-ESBWH-YF1TZ-FZUYR,None
SHKDI-XK6TM-MZXT0-6WALZ,None
HRXC8-PB8FF-5V7QC-IFYNZ,None
OAS2Z-P8TP6-ETFIQ-LOGFZ,None
KKRBK-X6BQT-AHSLV-SXHY8,None
G3FZZ-YF0BM-OWFOK-OY63D,None
EA9FW-N2D4D-O6WQV-KUHP3,None
6Q5GV-X5BEQ-TISMY-OMV3H,None
6SRKH-JUKQY-IZJCQ-EJRZP,None
4LKKN-9Y2UM-0MIJV-L6HIQ,None
0IAQB-WUYZB-OZKLJ-QGQC1,None
THPD8-T7KCP-CVHCO-9WYWQ,None
NVVWA-Y4INI-X26OV-WHZGP,None
WFZH3-E8MYY-85HZ4-TRU0W,None
3U0YT-VAXWR-SMYKE-I2M37,None
62QL8-P8CWQ-667TT-4O2OG,None
GZW0E-J7OZG-NLX2Q-ANSH0,None
GGHNX-ILWP1-UTRBX-A5PRK,None
SD1IG-IOVLX-2J915-MEBGI,None
IPMEB-Z1KZP-3M3WT-ZVRZV,None
HADWQ-3XDBV-6047B-IF1YJ,None
OYITH-D53QK-ZMZ2N-TB4LR,None
R0PBL-VFBFE-ECTK5-FVCPX,None
ILOFQ-4WJXB-BV0SG-KSCWM,None
XYDXL-PZWAE-HTEIG-UVNXP,None
94IHW-8SX0P-4V1CQ-5DD3Q,None
ITEXP-LJKK1-NJZGZ-AJAMN,None
DGB5T-DITYK-PILNK-HRKH7,None
YZYWD-XXIME-IGSK2-KTZ1Q,None
ABG1X-AQCSJ-ZNKYW-ZNCJZ,None
O7WNA-MYCM6-GTAZ7-NSVNV,None
CBJWZ-KQHDH-IZODM-LCSSB,None
PTUBQ-NS7OL-K0DMJ-DFR0N,None
LX9NK-U4OSL-PNEZV-Q1AVE,None
FNJGV-EFJHT-PEFJK-AZ8CW,None
LKHZT-AXTGD-A3XEB-WYHUE,None
IO3YL-AE96H-6PWHS-1WLIR,None
MGMMT-DWD9T-KIQG3-W07HH,None
0FYTT-B7WS3-QDAKT-SRCYI,None
UHSMY-STR3O-WQQZF-T5NQQ,None
8WIGG-LRIPN-TOVIV-GHSBM,None
LKB3I-NYA1Y-KHYFD-FC7TG,None
STIIA-IBP7X-7XT0L-R9OT4,None
VYHT0-3JRLY-2AH65-E2UZZ,None
N5K2L-W33BC-T68CE-WQXSG,None
AIQPP-6XULM-LCNFA-1S0A6,None
WYIJB-HZE0Z-AFITY-ATDRC,None
KFSEQ-QLIKF-N4E9T-YZDWV,None
AAYDU-UDS0Z-JNYAS-W9E5S,None
MLC9V-QDUM6-RB5D1-WXMYI,None
N42YB-HI7OR-QBNLD-OPFSC,None
GRE45-KW9L8-EOSNM-DJUER,None
V3NGC-CRDI5-LSIYQ-PJBKF,None
HAYAS-KDJBF-B2RZB-MBAFE,None
XGJRH-N5PGM-XAU3B-PVCBO,None
JIFMK-LT5YO-PASYA-UUBBY,None
EQVOD-3NIDA-KI0PI-ZOROX,None
EOIWF-K03FD-WZY7R-7IDR9,None
TMJJX-GQRMR-EWJNY-CKT9E,None
HSCRU-Z3M3E-9DTKB-MUFAS,None
7A6CL-95PEA-FVOUE-FXGE3,None
NOSOS-LM2PO-XPQLU-F4UQS,None
DFR9G-SPMMB-PJESN-NNXQV,None
ZTWQ8-ITZHV-OSDJB-EWPK5,None
DUQH4-LFQNR-SZQGQ-VVABG,None
R1GSE-OCXPJ-XTCMP-YAIJH,None
AMIRS-VXVQ7-NTO2S-2V6YG,None
PYHEQ-F7REF-FOO45-HIIIS,None
IGA4T-CFGY8-K0BOI-LYHY9,None
0GT4U-NFIMB-4ICRI-NPWP6,None
43UHM-EJBPX-5LZWF-UDP2A,None
G9KCY-OU1OH-YXUKT-HI6JP,None
GDO2W-WDGFL-A7MRP-YSZ0M,None
BPH62-ZEXFA-MA5L3-KZ9K5,None
ZCLI9-V1HU8-VBUTN-QPM2E,None
M5I6U-1UY2A-TPOQS-EOH0Y,None
CAEVQ-VUNQS-HSXKS-XFXE1,None
THP4M-U3XN3-QBW8D-P6YPV,None
1NL2M-GYBIC-Q3QGL-XOCXN,None
B5RBX-MAUKL-G0CVT-APBK2,None
BVAUE-RV50J-ZJRFX-ZO6F1,None
LVWPQ-4J8C7-3ZHR5-FBZZW,None
LHTMJ-PWRYM-HYJCQ-MI7TG,None
QTDXJ-0XLHE-ZEGTB-6ZLBX,None
MWUNW-NO27U-QTXM0-V09AH,None
LE1NT-WMQXW-VECZU-IZ43G,None
MKEAJ-UVEBQ-LCWXB-QCUCR,None
ON12A-CUQ0A-S8FZF-RYBX1,None
PSAVC-KYEGQ-X89FA-51SML,None
N9OB2-DM6RN-DGGHC-071NZ,None
SVBWQ-PQYZE-WYDOX-G2YMB,None
J45DI-UMAYB-H97NT-4IUOB,None
KCHOJ-AY9WW-DLLMN-W1IEV,None
Q5JQI-RL1KX-Q3LGY-HGGY4,None
ITQOL-0AZ2G-4SKME-RJYWM,None
RAXFI-5SLDP-DT5XI-ARLNQ,None
QQH1X-MBPRH-QKE4I-XSCW5,None
9DWZ0-9IMTM-8AOD6-B9MPN,None
EAGVC-P4GYU-QR34U-2KFPY,None
5NJPF-CCCOU-LBJEE-OXMGE,None
NCPMD-YVZYP-NOPMK-JNVRT,None
1JCGK-JZZ6O-NDYWZ-GXDLN,None
FZFZM-Q1MNS-NVFSK-GKGDR,None
ADDJO-AMFFN-YDST3-ZPFKM,None
PQVGG-VSRII-UBXM5-U6UFU,None
QC7ZS-J5NL5-7YJIC-DBJUX,None
ZZQMA-RHKB9-A9ZNH-CQETX,None
HUNI8-28TKE-YMR9I-ZS4AB,None
TLJNA-R8MR0-RF6ZD-IYE0J,None
2TWWX-YBHNS-FASGE-1D2UK,None
J9A7T-MATXJ-YSLLO-6MNOW,None
PRC6Q-WGOCC-3YFK8-UQTVY,None
5DYDG-COFTX-NIDWN-UAJLR,None
X5JIV-PL1AF-GH7LP-SNKBO,None
BSUL8-TK8GX-FG84N-NJACG,None
SY1HL-NKJFD-LOBME-SBWIB,None
ECLTM-PT3DX-JF7SO-HVTXR,None
35BG3-F2JP9-TFQBQ-BWXLO,None
KGEEY-JZ5Q3-ENSMT-RLVXV,None
EHUSD-L71XZ-HRORW-6EW1H,None
KKZBW-XKEOO-TPPSE-JTP1C,None
F1FAW-3HCYP-91LBB-3KBKF,None
LXCTT-7FE2V-3L0ND-DA7H6,None
BJCLH-D9FD6-XKZ5Z-4AGEB,None
P2YBL-WLHUQ-LLKLC-KMO8P,None
NWU7Q-YRJUB-VRQN1-RCWGB,None
9VIN6-ZG4NF-5VWIL-GD6DY,None
PY7EV-6AH9N-WYYZL-5RHGF,None
1SUW4-RRKFB-4UNK9-8EAFP,None
KHYBX-CI0I7-PZ7AY-8VYEG,None
TFTFO-ZXEQQ-MDPHR-OJQUJ,None
OE8J4-XLHXI-UJTYH-RXXX8,None
HMF5E-CWQJH-T6ZAK-LRNXW,None
SFYB4-QLDTK-UYHKE-UEGCP,None
FIRSE-WEL1D-X8HDA-OCISS,None
3MEUG-0CA8E-3NXB9-TH7JN,None
OOYHI-2HUHI-EUT1H-XZTTW,None
CVY8H-RGJ1W-CVAVL-HYJGS,None
AASTC-01UES-MP0VB-OX4SG,None
J7XDQ-0UIPJ-A5MOH-AMY7O,None
SPD79-8BMKU-TSKHH-7ZL7N,None
A0GWZ-65LPA-JVVV0-AUUOY,None
D3HW2-GG9DI-U6WZT-MUWVC,None
RGQVA-F7PXY-8TDA3-WJV6R,None
68WUO-8EFJU-WYWWA-TDBIM,None
UZJN9-0B6GP-OURAQ-NTXME,None
PTBOL-NHQ3S-BEDOP-VKG91,None
IQGSJ-B7LDB-HFEIK-VG9HT,None
CYBR7-IGJMT-BBQNB-4ASEG,None
9UGKG-HLQ0I-JGAPL-9PMG9,None
IMRC1-HLEIV-LMQAL-UDT6T,None
W2VEN-TRQTV-R6OQQ-IZY68,None
MRVA8-ZLVVM-UNDUL-B5Z0S,None
Q1XXG-4LNHU-ULP8C-PLWWX,None
1MQOC-M9NFI-4IRWO-YSYZW,None
MB11U-47TIK-JW1T8-49SWX,None
8TY54-ZEAE7-LUIG8-Z8HEE,None
EBNKV-QPE9C-EFM3C-C1BD7,None
2IWPQ-XIIIR-HUJWM-ORNIW,None
CO6KK-NAH6D-GIZLG-O7AKA,None
WATNK-TIAKB-CTTQW-HZNAM,None
VJZ5H-CEWF7-E3UNK-M0SAF,None
NR0PT-M36VG-3NT3W-QACKZ,None
KZTEG-N10UQ-EVS3F-RBVKI,None
IQFAU-YGLGN-5XCVN-KJPSV,None
RHNDF-DL9B5-HXP3S-6KS0T,None
SDZQQ-PPOXP-P0URG-Y57X4,None
IGB20-5DRNR-MDIK3-08ICG,None
M5RQ1-ZIFSG-WTZUZ-OZHQW,None
GI9SQ-AT526-NERM4-CE1MV,None
ZTWIL-ZXX2G-W2FXP-T6GUF,None
H51LY-L0JXU-OQPTL-5KVYC,None
3IJ8R-XWRXG-XHRQA-UQTL8,None
JWCDZ-4OVHD-6JDWA-SUZRR,None
NQPPO-BJC9N-ENDL9-P8XIE,None
JA8XH-DAIPM-SEBVD-V2SYV,None
NE2IX-NF7CL-0QBRA-921OY,None
4YDPQ-XUBLQ-PVYNR-V3398,None
ML5W6-BX9PY-0PGAU-QPSMD,None
VYRO9-OSGVL-LB0L4-P4Y7C,None
PBHI4-ZPA8X-AQZYU-A79HD,None
P6DNC-TENVE-GYAJR-FIJJX,None
P6XEW-ROGUD-1LCRM-8ZYLI,None
4LSXQ-T8KZF-NDYIS-CT0VP,None
QMP37-GUQB7-RGLRL-TS7LJ,None
LTUCP-Q5AEP-GKFCO-T0JAQ,None
RB7HH-5QFPF-JX2W4-WAKBI,None
51LK9-7FQNB-AERQR-B7XHV,None
BDRND-VKCHO-CVS5O-YCD5A,None
LEKYL-COJZR-8UV00-CQSUX,None
VJT7O-ZAC1D-PROR0-NMXBB,None
KW042-OLASW-I4FGY-1V3SI,None
L4WXH-SUR2G-EHJHG-GF3PC,None
O7DJ5-VPUDR-FLPEI-QGZFX,None
7A0TJ-JFZZV-ZIAFJ-MRXTB,None
SMOPC-JUSY5-6JTTI-I9VDS,None
95E5N-OUQDV-63QM6-KKSTA,None
SLRYK-VTTBR-TKOTM-R2MBL,None
ZFJBG-BXTEK-IVP90-PU3EM,None
RG6OG-SREGW-NND2A-XGEUN,None
U8FU8-21G1P-ORRDV-WSBVD,None
HYZBT-TRWDQ-SXUXP-53OPT,None
NEBY3-5ROMA-RSQP8-CZNMR,None
HNE2R-ILJRW-ECPPP-JA38B,None
ZUYWO-IICA7-1V3JA-PXOER,None
YGE7W-IQUJG-ZKL9W-KVOD3,None
DLMGP-6BLHB-SHNAI-0T5G8,None
NNBWI-YQIYZ-SWNOX-CMVYQ,None
CE2D9-QAS6J-XUKEE-LQMDB,None
CHKQA-BFGVE-B3ZRA-BF7MA,None
GN8U7-DVQ6E-OHXJU-BMLMJ,None
GJ9H1-WTDN2-BEFLN-U9TUU,None
GSBPD-LMW4I-QVXTJ-ACZK9,None
S4VVE-RGGKK-HNTWD-NN0RR,None
WSRXS-UTPG4-2NPJ6-JVC9V,None
5QFZ7-SU2AH-FJ8IW-3MBY7,None
T3Z48-NGLSX-5FHSH-W3VAB,None
DGT2C-7GGRH-VBM0L-6XVOL,None
9EUHA-GREZG-R7YTY-OOZBQ,None
YW4WV-ZEKEA-UNKZ3-II2HO,None
QCULU-UU5AX-DA4XY-L74YS,None
WD6WB-9SQGD-ALGSW-9HYM8,None
HPYLA-I8DPQ-ZJMVK-2HF7L,None
6OJJC-RE7YI-SJASP-GK51A,None
PGS8H-BQP58-FMISP-KVDCB,None
HLDRR-YZXJI-S4BPS-THXZT,None
ZGSUG-3LISP-37NGZ-8DYZ1,None
AE6NO-8ATQY-CZROZ-I3VUP,None
AKRPT-QVMHX-YR9WG-VXT5O,None
G7VKB-RML3G-0RYPT-I6MX9,None
QBPJJ-UURFM-RZHNN-UMQYV,None
OIF2Z-TYL2I-XMV5G-I0VK0,None
GGC6Z-K31C8-9S94H-N4EWS,None
4SBD4-OWYRF-MAWOI-S6Q47,None
DA1YP-0IFKN-DF2GI-D0P8B,None
YXG1U-QNILO-F7STE-MLABR,None
ZMXSX-W3B8H-CP6QO-0DFPY,None
D7ZG0-CY8MB-7SKNL-PVGC7,None
FZTGO-0SBAX-Z64BE-3PTDN,None
AYP7O-HWFUV-IXV2A-J4NGV,None
GM1DX-OVNZ4-P41GF-TR1ON,None
BHQML-QFBKE-IFWCJ-AJPCW,None
O6SRS-0FKQ1-VUWMF-7XBHN,None
VEKLG-8EPLI-PXXRH-EAB61,None
58BCH-W7ZP0-DVYML-SMHGR,None
MD9HF-CMK5S-WOPOW-TCD3J,None
3X9DB-TIHDN-AGWWZ-8FZHM,None
YZLVG-1UTJJ-JXPMF-VDYPZ,None
8TM0P-9HPCY-EPDCO-UPQ01,None
0URHH-GY8DQ-AZQZZ-RSAXE,None
TTIKT-XFUOU-K0RUN-JER16,None
E27QJ-GF1NX-8JTUB-RU3L6,None
AKCXO-PUD4R-FQGUF-XHUZ1,None
IFSUP-DW2FO-PK9DY-IHUYY,None
EJ4AR-FUZ5V-YLQUS-BPRUB,None
YTJQI-ZZF8H-HYBDT-IOAGE,None
R1N1R-U6LHK-J9W4F-YQS8B,None
8QVK2-QDVCQ-F10AK-J0RU4,None
6TMT9-BGVSJ-PCLJY-Q6ET3,None
T0LZL-NDUOF-42KTG-BNFQ7,None
XL3PZ-ML47K-DG6SW-IR2JP,None
FLSQH-LACEU-7RWBJ-EJ5RU,None
IRVXJ-25X5Q-LVQ8L-TGSXM,None
XLVPB-AYJUH-IAVPJ-0L7HE,None
YAWWN-BPKKX-L48NS-MACGY,None
5TYW5-QKVNN-A7OER-8OAZ5,None
VVYPI-7JMAM-JHUB0-A1M3U,None
EMZMB-RY05M-2ADUI-X5DNG,None
ISXF0-TANWQ-HLKKL-YVQVA,None
WSSDV-CDQGE-ALWGN-FHO9F,None
T39EL-CORBX-SW9CR-YV3VR,None
OORDY-XMP4N-PLASJ-QIYXK,None
7WES0-BENM4-BVHHA-HSERN,None
QCHLZ-DFHAQ-IDURA-ODIY8,None
SBFE0-GM4CH-LPRG1-JXKF5,None
YMDVJ-MADW7-DK4AO-AAZQV,None
IGYQ1-O6748-R8UL4-4QYQA,None
DQGYT-L4OK2-T92OR-ZSEKO,None
ZYULY-ROOWE-OCH7T-FHAGP,None
UFWR3-CRQ3H-3CY60-DCDKS,None
UEGLR-VQLKE-PXV8W-JMIK3,None
DSEJA-ZYSCX-Y5QPT-XH2UU,None
3VASY-JWHQB-ZJNRN-SAMXI,None
IPAUW-UASCW-PZ6SV-XN3HD,None
W2H1F-FVUM7-BUAFY-BWJ8L,None
9IQ6I-TR5K8-QKY2T-DGSDW,None
ONCLT-TTLSJ-ORBES-8TNHZ,None
I5CFC-MYTUT-LAUWA-EYINJ,None
KTJC8-PAGVQ-QAF60-PSHFI,None
YJGU1-FJDE6-YM1O5-IUQUQ,None
2JASI-ADU5Y-FTQUU-1QULQ,None
6SVYL-HHQ43-TKIFZ-XVUY7,None
COY86-WPERQ-DCG88-ZPYDP,None
OPPNF-IRRTX-CKRST-URAF5,None
KLSRM-2ULRF-CLINJ-TZZBX,None
QH887-NGGPD-Z810V-TQBOR,None
8YDIE-HCLS1-LUASC-CPUZC,None
ZKJLM-AZOND-UDCBS-Z8MKN,None
BELFX-1ZFRK-91HZF-66Z4Q,None
RIEIO-TQTDD-Y7IEP-DUQ8E,None
POZ2V-Z98WJ-B4TPZ-JU5XX,None
XOPMV-1WIDE-PBW0F-FEZLT,None
5IDDZ-JUV4E-C7GGD-TEKWN,None
VX97K-6RUKS-RGRSY-DLKEU,None
YGPTG-PPOKQ-DUCYH-BQU7Q,None
XCKTC-6PK7L-6KWFU-30JFO,None
JQBTC-LGVE6-AR4OV-ZX3DW,None
H8V7E-JEQPI-8LU2L-NXJCO,None
IF00G-6G2PV-LWQLD-AGAG4,None
9RRAY-D0EX7-ZOZU8-JBSLF,None
IDJ2O-O63N1-LAJWX-EKOCL,None
TZUIY-J6UML-MRCSW-CSXOP,None
JZA2A-4XNUK-KUS1V-JBKQQ,None
EWIMZ-IKV3Z-U13NZ-RQEXM,None
7S26F-9M4FV-BVJK7-90JKM,None
COJBA-P0YY6-HB2NQ-MN3ZD,None
CGUYZ-3DKDA-XDVQN-NPLAW,None
43YZV-J6XXO-9SKNT-YFSHE,None
DYGFF-KCHBT-XZAZJ-BPP0A,None
LH7TH-0WOGF-RSVAC-TJCDO,None
FMX7I-SPJE6-92PX6-H2DVL,None
8NUJ6-WXLMM-EDPIM-FWR9R,None
UJO1J-GULLS-MI6TB-FAA9B,None
BM9A0-QNC9G-WENRC-TEFJE,None
K1O2C-UHLUL-TZK1D-ARZKD,None
O2MLU-FGO88-AZG0H-X2NRO,None
MSNT8-K0W8X-RAOTT-Z836P,None
ZE4RR-KGCUU-S9IKE-XVUGG,None
JCSMO-LUQYS-2EORL-DHZTI,None
NXZBC-QTEM9-G9VC8-HE5CH,None
UXZYM-MRLO6-4IJ4L-XIEJF,None
JVRXS-PWLQT-JGCSG-MODO2,None
JTVRN-TXGEJ-YJWYI-FZPHO,None
UNWVK-42TX4-TRNOP-IXZWU,None
HCNLN-QJW7H-5IT97-ZUMSF,None
D8LIX-JCOYK-EM5VH-47PKT,None
3MQ7X-CWKZZ-QXHRX-XVEOW,None
QPGUQ-12KWQ-TJZZQ-VNBNX,None
7QQJ5-QZUQ6-YKHDG-LRQOI,None
4FW6O-90WV3-GOCTF-1BXYI,None
YFWRR-55L2X-09OWT-7TX55,None
WG5PW-1T83U-HR9J6-7KQSS,None
BC2LK-ZOKNU-CCRCE-GID37,None
6OQEW-TATTZ-CJC62-1BGXD,None
VEUVG-S1FEJ-2WB7G-MYBSQ,None
KM4RH-ATDF4-XRNEZ-1GSZW,None
9POPZ-EF3VY-OQL0W-PCJL3,None
MXSMK-S5DFA-W0MVT-PFPJD,None
EGLRV-GNRUY-CRFRE-VIRKO,None
LJWAT-YR1TX-BMLHN-BWA03,None
NTCOX-RXJT7-HBMFU-Y7YNG,None
Z8KOU-QHIGV-FKZN0-MWOJG,None
7ANGK-3KICQ-V71V7-FITII,None
Y5RXG-FDUGX-KZKOS-ZBF0J,None
YNMAP-O86RT-SFE4L-K8UXO,None
LSXTC-CNSCD-QGDHT-LLN7S,None
0JLZN-BHJBR-GTDNG-DRIWS,None
HHDNS-QB732-MSUKQ-T6ML4,None
2E0QT-H3WVR-MGQ0Y-XHVFO,None
77THX-0LF68-ZXOIP-7VMJJ,None
DKHGL-QJOYC-MYHFO-G8V2L,None
XDXOZ-E7YEZ-ZP05C-FWJVL,None
DAG4Q-XYOGV-JHKHM-C8XSB,None
WLHWB-5BNJK-CAS5T-LRFVZ,None
LGNKH-K82IG-MQBH6-KXCWQ,None
JECXX-7HZEQ-6ZBYQ-RCI6L,None
471MN-SDQ8Z-FKGH6-BNOQ8,None
MIA4R-WOKY1-AAQZG-A3S8H,None
759NZ-INCFI-J2BFB-MRLGS,None
TODZT-SYCPL-KWVIS-0EV8N,None
7YTTN-HAUG3-UWZNG-KPKNT,None
ZO204-V5O6S-XKIFX-L6ATL,None
RVMA4-XFEQP-8RPEP-BVBSP,None
RQYLR-0Y22G-YVPPE-E8YZO,None
TXMNP-EW1L4-2OYDZ-HT6KD,None
BXNJI-CU5UB-HREUA-VOVZZ,None
IBXUL-SKUZ3-R3VBV-ABPFY,None
MJZJP-2NN1Z-9YBON-LXM8W,None
BXRPS-GOTPM-5JWAM-PFRG8,None
IQ8NB-QQGFR-OEIRZ-ZPQ1V,None
YIKEF-QLLCJ-RWRUR-H1UWN,None
ILK4P-XOBXA-UT5P8-FRTCS,None
IHHL3-RLP1W-0OORV-QRR3T,None
DM1IB-7DEWH-2EJDM-RZEVD,None
APRS6-TRQOQ-ORER1-HYDYI,None
UHGFH-DXW8U-RJGOD-QWVZX,None
C7N1M-BDMQI-JUOFT-6BAMO,None
7RN7Y-RJMLN-MT6CP-OIO3P,None
6BP8W-GAPYQ-DBKJL-NX6XW,None
CCAM1-EK8AG-YC7AI-N6ASS,None
VSTBC-TDVVG-IZKJE-GLTMQ,None
2A3U7-DZN9S-1S6HC-RCJHJ,None
2VEJ5-3FVXN-SFZRS-8LCRK,None
DIZQK-LXUCB-LRFZP-RMR9F,None
AXBYO-3NFLS-UH6IO-NWO13,None
PDRUY-8GLW8-NXZLN-PKVJB,None
ATUSN-MJDJ4-EMSUK-5T2HQ,None
5OANU-V3RWA-C0A2J-C1L6C,None
BVMYG-HSKDJ-WKCYN-QNTYS,None
HP528-EFKQU-QKDTZ-K0TGA,None
U8CQD-H64KZ-SK4VH-9PRXP,None
P6O9J-KZIIU-HVKOV-7NAIS,None
HSWX9-U0ZBC-31FEZ-FN1UG,None
3UDAU-I6EMQ-SUJDZ-5RJ4Q,None
XAUHE-EGHP1-QOEMY-BLTJN,None
HNDWV-TV2HE-BRYRG-ZAPF8,None
LMYLE-PITOE-MXCSY-6AOBO,None
7OXI2-32HIT-G8Q4J-ACTAG,None
UDVT1-ELGES-XMXAU-IWQO8,None
NJF9D-LS6ZS-8HTBX-CRBCB,None
TNZ0H-SV2WQ-TZXOH-IEQUR,None
SP8YD-IFHEQ-FYAF0-CLXO4,None
DXX11-NWGLT-SM1JW-SDXM1,None
EEZFA-W3VMO-67LMV-MVZJH,None
1JJDB-G5QH5-0D15T-2XI8N,None
OHZIN-2VDXL-H0DBP-UWUZ3,None
WD56D-NASZ8-XNMQG-0NUFU,None
EANBY-YJGFM-FEHBL-QZLLG,None
0BWM9-HQZ6J-ONDMO-I8CVQ,None
ZWNDO-Y2VQN-4KJQM-0E6AX,None
8HLPO-0WO1T-NVXLQ-PPI84,None
5Y0IT-5O6OF-GEE9Q-RQ94G,None
4LFRU-YZG79-4QX90-QCLOK,None
YVBKQ-CM6SY-PLIRT-QGHYB,None
KVJON-O9DWU-86NGN-YOKWN,None
9QWOS-22HFB-T7MNY-LULZR,None
MFU2N-N5YNQ-8FQXL-FSPR7,None
MB2CB-VNNKY-A9OJM-NRRBL,None
OIRMI-8PP3M-V9NYF-NYVOL,None
RLJK5-WXZEW-F7FMY-WHR8U,None
YGLBF-9VLOO-Y0QG8-QK5CT,None
BFTJY-G4HBI-WRLNN-LVI3Z,None
9RFTD-I9QQQ-XIDFJ-HPWN1,None
YAZYA-5MLCB-Q6RRL-K7T8H,None
0ACE7-NJFUO-JXMWJ-QN38D,None
Q1OCF-I54UM-AHD2J-GVULS,None
MYJBN-OGPEM-IYCOO-UNA5Y,None
OF9BN-8CSSP-P9Z7P-YVIB6,None
KGMA0-ECMBM-TLMGT-9DUBW,None
YS4S7-ZAU3E-E9A5B-XH786,None
QDJDF-DH1KX-XFOOM-MJUDB,None
SGIMF-WSSJE-GPYVU-68DDX,None
OWSIH-KASOE-JLWOC-8JSZ3,None
ZDL36-1WMU3-RHP1Q-P16JW,None
AXP5V-URRYN-568WG-GM4PS,None
YGKJL-MV6M8-MTAZC-KSAGK,None
NSBJY-E0ZHK-9F4WN-5NZMX,None
RMN3T-3SEMM-2GNUL-EQRAX,None
DVRXN-VXVTX-DBPNK-QIBZO,None
UOBHH-C3KZK-TVPYV-CHIKT,None
VSQBO-G0XWV-JZYS6-JWRSU,None
SRYAX-YI57K-IWJO7-AGOFJ,None
E0TUN-BZTGU-OQ1BI-R9XTD,None
IOHM3-PO2PI-57ZYP-IZMNH,None
FVHTV-WUSMH-JUFDS-OHHKC,None
YEPBD-HI0C5-FLI2D-VX7VF,None
MDHM1-AEHIE-AWH1N-EF2ZX,None
LYXOB-7YYY9-H03EL-IOYPA,None
UMVPJ-TM5TY-XWGGO-RIMUR,None
3FW8C-KQYFI-5O1BA-KHS0H,None
NHQGI-SJZR1-ONNZX-MRFT6,None
2XHMG-WTWSJ-3GYGS-PNOON,None
7VXWZ-HBNO0-H5O9P-XQMGV,None
XTYTQ-RP4NO-N0EAL-FZIMY,None
CKZF8-DOEAS-EL4T2-MEIE3,None
TWXO8-XN4W9-LHYQB-NPIGA,None
TNBR4-PGKEY-CTOFU-CT6W3,None
NM9OS-GR1BY-A3HKY-AACSF,None
R4AQZ-ASMNU-YGNOU-8ZZKA,None
DWN28-IREZH-TUPS4-KDX6U,None
MH2RH-QJGHO-OZ0LT-ESNYG,None
IGX3W-5URG1-O3PI2-AUVDD,None
SQJWN-L6PRL-L5UBC-DRFT6,None
L3ESE-5NCBJ-PJSBO-I4LOO,None
EBJY4-JHBS3-0B7J1-N0JTN,None
GWLOJ-ARRVN-J0EC3-3PGCG,None
FXN6X-JYZU3-1DXDY-ATCPN,None
PBNFS-ZHHPU-ZR6DH-8WLYI,None
CKZUQ-B46LV-JD25F-2IZLO,None
OLQIL-DAJDW-6XWEW-BJTF3,None
ZTSX4-LSD2F-ORZFB-MRGXI,None
9OTV5-GCDFO-4ZZUJ-K1NBY,None
GKZIW-YIYST-0U5SY-VPNVR,None
UMDXU-70QO4-RORSK-8SKKQ,None
FULYF-A60MI-KCJBO-ZFJIS,None
ISSNP-N4ITE-1SMTV-VEJV3,None
RMUIZ-DKIHR-RAY3B-RJW3M,None
KK4OX-YZ8I7-XZ57E-JGAFO,None
K9QFZ-ZUGSL-NKWHG-4K3HH,None
UGV9Z-1P3P2-UMVTQ-D3QQN,None
PZQU7-67OGZ-RJNKH-HEJWX,None
IUXVL-S0PYH-14WWH-BMIPX,None
E9YZK-MSEPI-HHHXB-OLMO8,None
VMMAK-OQREL-3ICSV-KPZBZ,None
ILZT1-PSGPB-KJLPG-JAL6V,None
7XNNZ-7PPK4-RAV21-6YAMU,None
VCARA-3SQMQ-QWNSS-NRSYW,None
VMBKN-5XXIO-0QHUW-R0JOH,None
MNSQK-9TZPU-OS9FC-QCQAH,None
CVPEQ-OFNKA-NIZPD-40KQZ,None
TPAJL-G0ELM-IQZXS-LQP3K,None
OBAPX-RCSXG-QA34O-RYRQZ,None
5TP1S-GLDFK-HH8TU-FHMUE,None
6BPII-JWJVO-XJKNP-RNZUV,None
OGI0B-FMEZ5-XWXB2-YXTUJ,None
QZH5J-NTWL8-QZIZO-VMT6B,None
JSCJX-5ZLZY-PJM7R-KCRKT,None
8KUIX-MYQ5J-WTRTF-OF84F,None
WJJRI-MLA8B-BV8HF-DE0BP,None
YEHLB-0HYE4-EULTM-O5CMP,None
23XZU-FJDD5-AX1V6-VJWPF,None
05MO9-0OYAM-YLKGR-OMLFH,None
ZQPPM-ACSHT-WEIXB-SMLPZ,None
5HDAC-A6PVD-B4W58-3MJ41,None
AJWNJ-CACOQ-QHJWW-JWEH7,None
VF96T-RJ8KO-ARNWM-ILA2G,None
3GVHM-3IMPU-M0QNJ-IJMZI,None
DELWV-IYZJT-3QKXE-VGU0T,None
F1KGB-KIOZC-4GGIZ-DPKL8,None
XOLYP-XKDJN-CFDLU-KSB3S,None
KALPT-JRET4-T7DOL-LCHZD,None
G5UW2-EHYVV-KPS4I-XVVIY,None
BCJEH-2BP1K-L8J15-TSJDA,None
ZYOHP-QCIY2-5CRVU-HB06E,None
WPRWZ-VAEYE-XYDQ0-GHUFH,None
3W7GK-SCEGZ-PFEXA-2S9YZ,None
FBRTL-BZDXE-JLCT9-NE11R,None
QVHTM-AYNIW-OQ1HY-TLQ0N,None
KAAYY-OHKYC-E2KFJ-8NS2T,None
L78LP-O753N-IJ9VW-MRZLS,None
ZF9VX-FEA3W-RYK6W-AC6GB,None
YQNGY-PZPLO-LAWVF-ST3ET,None
Q0GXW-MCOW5-VAPWW-MNUXJ,None
GDJM9-7EMZH-ZVWDF-BFWRX,None
OCPYK-ATMYM-2GJKT-W1BCG,None
TMLTJ-JJ8MD-PMP8M-ONQIK,None
JYPLP-OX0OK-QPZGL-1E95T,None
L9HNY-MOCBU-XWRSC-3JRN6,None
GX9XO-A7AW8-PA6CV-NHSHA,None
BHBMA-NGEZV-YM57S-AIGAZ,None
JXXPH-YL8YM-7Q2KY-ZMSCH,None
V6XDT-FO0UY-AGARC-YIIJ4,None
0RTAF-HGVIG-BJ1FH-TNQML,None
PRLZC-VPUD4-PWIYU-I12T4,None
AVHL0-BERPY-RTOYK-M4MNT,None
FYHFK-NAXEB-RJA2P-XKROE,None
Z7WUA-QVWEQ-SPJL8-MLS2B,None
DWOLK-832OF-5IRFL-2KJKC,None
U89YF-6FIHI-XCUVX-MRQVI,None
33HC0-RULJI-AP9HM-LJATN,None
MNQDM-RPPPA-CL6MR-Q8GLK,None
VXFRH-BE3JL-U5D6V-JN9ON,None
RZGFW-2HREI-6OQSK-5XEUU,None
FDSIN-XALFA-DSIHH-O0VLC,None
U43LN-6TOZV-8WBXK-3XOJO,None
1NEM5-ZWT8I-QVRDN-QFWNV,None
TMHKW-1RUNC-WQPSM-BAJE6,None
6RVCD-DTPD3-ROPK2-BDBBK,None
ZRKVU-HFVYH-AFBMJ-BICHB,None
NUEBN-UA62B-VMXRP-NHL7A,None
DSKEQ-8E38K-QO0XV-NOHAM,None
JVQGH-S8VJW-WDAQ3-D3Q4H,None
RSUVU-D1DAF-VNHBA-WVRKD,None
E6HUJ-M5T5I-NOAER-AXFOU,None
D6DCG-MMAXT-COQAJ-CCJJN,None
5UZAF-KJQQG-OWZP6-7P5WE,None
PSZIP-Z8GOC-CQOW8-BFJR8,None
CBKFM-74QQB-WIBBB-QLKLY,None
IPDHO-KIKOL-M1VHC-HLPLO,None
YCKGS-21WF5-6THUX-NF54P,None
DQXNP-ASPTQ-P0PHM-ZVJFY,None
SGCTH-ZNNSE-L5ALZ-RRWO4,None
GI6WB-HQLV3-1GX02-ZQU5Z,None
FIYPA-GDSNI-FBZE9-GRBMO,None
KWCUY-CUKEJ-PNI0K-L7VEO,None
A6UNG-KQD2U-SNN4J-O4KZM,None
1SXDS-YYF9B-BVCIS-8PXB0,None
PCYRL-WZYNO-HXKCL-9EFWR,None
U8WTL-YX0RO-P7PRR-AXP8D,None
KI2MD-LRD41-RPPVF-ORJ8Z,None
VJHS9-RTUXT-LEF8A-G6W8A,None
6L3GU-IM9QT-EQZB0-Q2HZ3,None
6NUFU-T9BFJ-XZGUB-D6GXE,None
JLOQ4-BUGCQ-NET7I-Z4OCU,None
XB7E5-LS2S5-Y1G2B-D7LMI,None
CFJYE-ARXT4-RP9PB-2J58U,None
Z7CZZ-XLK0K-O8UMV-KAYDV,None
4O5EE-0UMWK-ELO2C-WIMAW,None
5FOEM-LR4XS-TZLSY-TVLVO,None
PSSHD-C2SUD-08C9Y-JPZQG,None
UOUUQ-EDEYC-N68XS-FMPPV,None
2RCZ7-NWIXM-I5L3B-AEHE8,None
8WGHF-H01F2-CBHYN-SFHUO,None
LJJ26-DTV7F-MTYMW-3A1GY,None
NO6PI-UF9FX-YBNL2-VXG0W,None
9ZJOM-5IPUO-WFXIB-3YRSY,None
ZCD4L-2YIHS-FDVJI-LR9RT,None
PCZV6-H9OMQ-XTDDM-W8TJT,None
CM6VV-KMJBM-TUEBI-BJVRM,None
I4GH5-HS8BT-GRGAA-GHE6U,None
K7KLT-ZQQMX-RGJQF-IMZ8P,None
3V7E8-ATMYH-VGCL7-YBDRT,None
PUPBH-DPCJD-ZDOM8-E4ZHH,None
ETSXK-JZ0I6-DGIFJ-2IVUM,None
7JXOE-QLDEX-FCCYO-CQEOG,None
HEPAE-ALSPA-NZBOO-YQB6D,None
DIES1-N2XPA-4ULMC-MP2S5,None
SUDQA-81LIZ-EU8JX-BOSOX,None
8QNTJ-5KQXY-GUKGJ-UULSJ,None
WBXMD-A1Y9O-XJHGV-RLWG3,None
90A1S-HBM0Y-URJHX-ZV21G,None
HXBFM-KPZBR-1VTAC-0FAJF,None
GMKQV-EJ8AS-KPCDR-RIDE8,None
RVIIX-91QQR-YBYNT-TXNZR,None
JQCX7-WZQ6O-7EJZP-UUQPG,None
AI2PZ-UYTJU-UDONH-FWS6F,None
42EUZ-BDAIO-FVEOY-CYVNX,None
76TZK-B29YO-A2K1M-LPOOQ,None
Z18DA-RE24F-5MYP0-S7IV7,None
LJZIX-HJP7P-YRTWO-LVKDW,None
49MMI-TEEYG-DI1XC-VK1JG,None
KX9ZE-LH8DA-BKT9Z-S7FDB,None
P0NYH-TBYMT-2LZMQ-AGPHZ,None
UQOAA-4ASPO-TDAFR-1NQ50,None
R41TB-ZFZ9I-KEMG5-6OL5Q,None
LPJYY-A75RC-RKXIF-AZACR,None
FDMGD-YJ5J8-SGHIY-NZBLR,None
W3VNM-RBDIU-SH8YX-SECPX,None
DLERQ-OIXPR-FSXYL-CHQDT,None
WTG7X-PW0B5-8AQTC-LKDOZ,None
BWQTT-9WA66-OGW73-2U1HH,None
IQYHU-BI6EM-JKUWO-FMIGG,None
PKUCG-RK48D-0HIRF-DQIPP,None
PFKPR-BEH99-FCOVZ-R49XX,None
9RHKF-FQ8DX-6KAMG-ZUDKI,None
Q8MVI-4JC0S-IM6NN-HAVYC,None
BLLNI-FWW71-2EHQA-ENCLT,None
9XPP4-QLPKC-FH8WX-XSOMS,None
DXHZT-IRFSC-DGRNQ-HAQTG,None
KRTAK-INU8V-QKBWV-VOHYW,None
C9X93-UHMBW-BB9KI-JKZ6K,None
VNTAA-ED0Z7-RG5F1-25GAI,None
1JKEK-RW1DE-U6ZPQ-DIBG1,None
GJ3OU-CAWPR-XQZT8-O0G5V,None
SBXMQ-STFZM-J7I6S-IFXNU,None
QVFML-WWGDO-55YVY-7HM5M,None
VROXM-PU78C-LO0N5-NKVQR,None
3XGQK-ZGEJN-UDJVG-9NBHH,None
YXGWJ-ZVYEB-AAUPH-A4B0O,None
UUH23-U4BKX-Q56IG-P382N,None
U9WGY-PBRL4-3SFJG-VMFSF,None
KNKHE-69HRA-GTNCO-TLEPP,None
8XQWW-90MBZ-0ECBJ-HR5CF,None
UMVUW-CGXTM-LSRQQ-ESCVA,None
AEFWU-SEUQT-GNRIW-2YN5G,None
STZCY-ZRTX7-326QI-YZXYR,None
R6FTS-03V5A-EI27A-SYHLH,None
XV3D2-MHFWD-ONXQE-OMFCD,None
ZYXT0-E3T9Y-NFJJ9-6E6PT,None
GXPFZ-TS8UH-QE3IL-JDVXA,None
NLNCK-DNTBZ-8OEJX-RD8CJ,None
NEUFG-ISJ0J-DG5XA-CZDGA,None
TUAIJ-TNCQH-KPSXG-CQYKU,None
DF3EX-QIJ1K-HBNDI-9XT7L,None
QFPOX-5OCTJ-PFRJI-KFWP5,None
YZR73-1OOXI-9HFRS-4KII5,None
HT5BX-MBUAJ-BRZKM-ZAGLW,None
15GBS-XQIVB-0SBW8-IRNUT,None
SIHZ9-A6A6Y-TIKLD-KDACE,None
VPC94-17XR3-MNIWM-TDDVH,None
S8LR4-SBOTK-ZSRSL-LXAYC,None
8PSPA-37FFR-0HPTW-UKTQE,None
71H4C-7NAQY-VLOWB-FDWWG,None
IAW5D-QMXG5-TYGY2-KTCHK,None
WBPFS-G2QEE-KGTG5-W0QAL,None
NMBUP-RCDE7-TJLYY-WOPSX,None
1CVUJ-3ROWG-PCYQM-FKLUY,None
Y9YLZ-K9TNQ-5IP1K-UVCBJ,None
NSSJK-0FKUK-UHZBR-V1XIY,None
EPN8V-RY2UP-BI2WJ-MHTNQ,None
W7K4Q-NXDVW-S06GW-JSAIA,None
JQH2C-LOQV0-PJSZE-NWX3A,None
WW4OL-ZJ04D-8GMKU-1VBEP,None
SRFW1-CY89E-VWNSR-9LTZ0,None
SPF0B-TOAE7-MB0ZA-WRD8W,None
17AYM-08HST-UYYJL-GF1Q2,None
D8SX4-ZQZIC-1INPV-UAAG0,None
QOWZB-4AFZM-EZLGP-4LLZZ,None
1HWB5-5LRWK-CXP5J-5GAJ0,None
X1PZS-NEK1O-LMZKP-BCFMS,None
CBDZ4-ZCNX1-XKRXN-OYS8O,None
0SYTL-1PZIC-KU8TJ-V47FZ,None
RVLXG-4WUMB-0YC2Q-HQLX1,None
1VFFV-YWGKK-O4PY0-AN5XK,None
4RKF9-RD9W7-D6STI-5AH2Y,None
GNCPT-W9QOK-ZYOWG-5WXGF,None
UVOVQ-EAHY9-MFVEZ-LB6HF,None
MVAEZ-OXGWO-D2LYE-QRFQQ,None
S6USS-SDZ2D-UMOTZ-5ASAM,None
ST2H3-7E2KC-LFLGO-HKZY9,None
RIFAF-FT1O3-SSLNF-VGXQQ,None
JMDTP-UVUWB-CNV99-FMH2D,None
KKVZJ-2HHUS-EQRAQ-LQGTZ,None
O1WGR-WDPW7-OWYCS-SWRIC,None
EFSOW-2ZOWU-NOKNF-ASQKD,None
XKKFA-SAXP4-N6PSO-XY2CW,None
RMDLZ-C5J7I-YEUM5-HCYKM,None
58BXM-NQHDN-TGDBL-DFK09,None
EG7JY-BP4U0-PMABQ-HU9FG,None
FUTGE-LHVDR-C7QZY-OZK3U,None
YHG9V-M8PA6-TKMG4-4RI87,None
VP8WF-ZYBLK-EUNIC-YR3AF,None
WPUSF-20D17-XJBP7-QEN07,None
X27VO-GZAU6-QJKJB-S1P5Q,None
KJYFH-BA163-M7P5Q-OIML3,None
BRCIP-RMOSW-UEXWF-VJHOM,None
ZGHPK-IEKBZ-U4HJU-ONMGR,None
SJAUR-16BOL-H8JZV-I3OEL,None
0PMHE-7ZRTJ-8ZRS2-HS3IP,None
OJXWR-NGF40-L9CAM-2R1AS,None
VUBI0-ILFWN-ALHK5-N60PN,None
DAEDX-JCVXD-5YEQ0-49WFO,None
ZDNWH-ES5SC-NONTO-58MRM,None
UXX4Z-3AKGB-YYWTZ-NNKBZ,None
MVTGC-SBOWE-5FG25-UJS0E,None
EYGFH-WAONR-9ZLPU-QI6CS,None
J7EIZ-WSXOO-DLMFM-4RKBK,None
FBN66-ZQ0WA-VUZVJ-FW1QD,None
SBG6X-F0Z8R-ZT1TO-UEVK3,None
CYR7Y-NXFJ5-UTYTP-M4HTE,None
P4ER2-PTLSJ-IXXCL-5R5FU,None
7NY2N-HQ3BC-B10NK-Q2LUM,None
9BNXO-TQVDS-OSYS6-BTUM0,None
GYRKL-GAADQ-TIQVD-VPTVO,None
ZGJH2-KQC6L-MSDRA-EZK6O,None
IPNL8-JHM9Q-5DY1O-WKN6Y,None
RFUEP-LEWGB-LLIHO-PJ6BG,None
03CQT-MAK35-TRPLZ-1E2DQ,None
NQDK1-GIKAG-FSRD7-XWYGQ,None
RQ5Z4-IRPCG-B6Y5L-MAENT,None
IZFGF-N7ESG-KWWQD-5IC3V,None
YT9CQ-F2ZKH-8GMBA-LMBIX,None
YPAFR-KF9N0-NUANY-ECZBL,None
JQTF8-2NA2J-BBP8D-B73TX,None
KXPTX-DHMSZ-FHQOX-QE4G9,None
XLQPL-AMSRG-F5BOJ-XXYK9,None
YI2A8-GVN6O-KREII-1N8VX,None
GRMTD-JKX9W-DJPTU-SX2AT,None
AVOOY-OXMIK-JXNTL-EXFDR,None
7J2TJ-YWNUU-03AJV-9QH82,None
LMCPI-QKHNT-NTPQU-CPMQB,None
UAL6N-X2U3H-HJCRE-YNFGE,None
KXG8L-1QBOO-5MXKP-YYE5F,None
VWY5Y-QKPED-VR5KP-KYNH5,None
X7YHW-F76SY-81GQD-MN0RS,None
ZG3VC-EFK81-YYQ5K-IUW0B,None
80QJC-L3EA8-N1DXM-IOQOK,None
2FYIU-UIHGK-OELJG-G0ZWI,None
XLUFX-X3639-2AMIG-UHOFD,None
YUBXO-0R1CE-UBHJN-HRAKP,None
C0VUP-LFEV1-ZVW5W-VWY8G,None
BWQZL-JVHKV-OLRGG-LQZGP,None
XKEDR-W6XAK-ZG785-O9X13,None
UVLYN-V2NDL-GG4CK-KLPGI,None
8M0KB-QM686-S5RK3-9SNIA,None
EPEMG-JJCBW-UOWRB-IFAEO,None
L2TNU-LFXVP-L01HM-QJSLT,None
GYTB1-F59BL-MZM5D-U0JRA,None
LZHXT-FEUDQ-RR8JB-HXVOZ,None
EIJA1-3Q09E-DAGMR-NZWZO,None
XJJGV-VOHW2-ETJQ0-FQD5Z,None
JMJOB-JDDZR-EEM9O-WJE4P,None
QSPNR-EPHXT-LELTU-HEIOF,None
GMOAL-5EZX5-OPIIR-JLGWQ,None
JKU3M-0M8ZB-FGGCE-MYOQQ,None
A37HG-ZKSX8-PNOJZ-SZPDI,None
0XUV3-3QJA4-LNA31-YVY1T,None
FIPXZ-YGLTK-ULPWJ-NXLGG,None
NAQGG-LSQH8-W9M6S-T7INL,None
HPGM5-8O9RM-XKM7X-CAMMH,None
1CDUH-LPMYE-JHUXI-C8EGV,None
3FVO9-9RWTW-C4NKY-4FESA,None
QI2SR-DRONW-W4GCN-J0GJN,None
ICPPS-TEBMO-JKQSU-DEENY,None
FDZJW-DPWSJ-C28DO-ZITC9,None
RYL2U-TNO7W-LHAIW-6SUJX,None
NT1MK-DJ2FU-UX8LR-OKYWQ,None
BHPGJ-UHZN1-WY8I5-TIL3B,None
CUKUD-T25YK-QAIC6-5Y9ZN,None
HKKEK-1IH38-90QQ8-SSX0F,None
RYBLE-3XA9W-F16LJ-EKDGU,None
UOINI-1NCSE-XNLC8-COA8F,None
BR64Z-AIKZI-LVBLM-6TTPT,None
SHDCA-ZF1HF-ULBCW-MTGVF,None
X6YR1-ONAEB-F5K5V-2506X,None
ZU8L3-CEJF5-23KWR-8QFOG,None
ALOE6-VEVZ1-OAI7O-6PCMO,None
Y9OBF-GUO83-DOBPV-9X7JY,None
K4CD2-UALAD-IFGMP-HFQJ1,None
0C8H5-K5D6K-U5IY0-0I2KO,None
RCLDU-IGCJF-DNL0H-QGBLP,None
EGOXM-PJDLV-RJSZE-JY53I,None
TZUQL-QOU98-Z15FX-T6NPD,None
MUQXO-CPSKN-4ZFTW-LSAB5,None
VKE4F-JYD1K-1MUC0-8U7XL,None
ROYPO-RVAYR-W9FQ1-DYRNV,None
59SES-LI0P9-NEGUB-AVPFS,None
TACED-9LXEE-IBRQT-XSDLP,None
CF1QS-9692R-EISQG-GXK7Z,None
YSHCU-AKPDT-KLCJN-MWOJT,None
VWOYA-WTOR3-CH8SF-4QJHD,None
N6ULO-XPTUF-JNPHJ-GI50G,None
86JEP-FMCTU-OYHWY-INVSH,None
D61UE-JK6WS-9ESVR-6OGY5,None
NUFZX-MS5LT-CELXH-WUCV4,None
M5FP3-SSY35-BDIFC-OUN6T,None
LIVGK-SELWK-2ALZA-CGTEF,None
QJNUA-XKQAT-LZBQT-NYXH7,None
F8H5J-LECWU-281HZ-IGHAT,None
WCMFJ-FHNIP-ORYET-QMIYF,None
OPJ2V-KULW5-V5NDE-ZEKIE,None
IDZMO-VCWOR-YVQA9-XHJTH,None
WF9Q6-G3IQS-OPPOW-DO21W,None
43GAT-JOKCO-8S0OP-PBW2K,None
3NZKF-C1BTC-OB6UP-YOWL1,None
R3UFR-KEKEK-SIKO7-FTGFD,None
YVN3F-K3WI6-GYPIK-VIFTN,None
IWBCJ-SNRXD-R6EH8-VDW4U,None
B5GLU-B2Z3T-XVYM3-WH0OT,None
BTKRI-IIGWJ-ZRMAW-EQTGI,None
WMW1H-QMKYR-A8WMB-TFAKP,None
2NZER-W0RZF-5A5MB-PD8SL,None
VLR9L-28GRD-ULATV-H04GC,None
NI5OV-QQ3UK-S3VGE-J0A2U,None
OHC1K-YDMDW-OROH5-KOT9O,None
F5DJV-LZFQ1-NK3NF-GFLQ0,None
64RHK-173DM-DXDOH-4JBDC,None
G2EYV-9FWVK-G0JEM-ZTPFG,None
RXG0J-XZ9CM-MSVPH-JF648,None
PJXND-CT4JI-QFPUN-6TF22,None
BBDHE-PW3OP-DOO4O-IGDCH,None
KZLYI-WFRGV-FPIWL-IA5O6,None
8JRLR-YKEAF-ACLKR-HDCIK,None
096W4-NRQVZ-G56N1-VLJ53,None
0SNCI-B4LJL-0QZDB-KUQUD,None
1I3BQ-54RPX-1QSJX-XVOAB,None
FWSAT-B56C6-XY1OK-G3TY3,None
DG8X8-8QNZP-RQPB4-1CGLS,None
6S7CY-PPG0J-ZMS6D-FV8UN,None
DPDVV-6Y9RI-XMBK4-EW0CF,None
HGQWW-OGPPJ-95UX8-NYGIM,None
6VYMU-ROT6X-FIPQQ-FETYB,None
OS03D-S15XI-F8MOV-M4YAE,None
7YRTR-9NBPX-R6WDV-EGXS2,None
2PCKN-4GFK9-JCPUW-S7KNU,None
73VYB-YRGCN-FLHKA-JSTDO,None
W2D7L-UUSTJ-WLBI1-CCOER,None
SRNLK-BUW1K-ALJIH-19RKD,None
8TTEN-I0VAB-6QOQJ-8JBVX,None
4JKGQ-TSLKN-S0OVT-DZLVU,None
QGI9F-T2DAV-BUDN1-6NN87,None
P9GBN-IGXCJ-RA37U-AX4CT,None
KPLIJ-OLFKS-KFU65-KGKUB,None
UCHKM-19MV0-XXNEF-DOMMJ,None
18SAY-ASCVL-1MIO6-MMIK2,None
6JPGG-TW97I-OSDWX-9XPGQ,None
OBWD6-2VQJM-KYS36-RIFPA,None
V9YIC-11KUR-C2836-RWRV0,None
ITSYE-TZ5V6-OMKHM-S4OXM,None
TH2SC-JGI5V-GK3L1-P4LDN,None
C2TKH-IWI16-ZYRVQ-FAGXD,None
9OHD8-VV2R5-ZPHAD-2NL1F,None
N6DZH-YNP8H-SX0ID-JGLAO,None
6LGWD-OISRN-QHAD9-ZEZSG,None
7DTIG-YNAMG-IN48E-RM9NT,None
8Y4TT-3YOAE-KXT81-RSZT5,None
3PDE6-GYQ8N-WDOBP-ESN6R,None
ZFLME-SRZSF-RUCCN-UHRWQ,None
IFIJQ-6QABS-LNTSC-JZ9TK,None
OYSJA-IUTUG-QAUO6-EIPJU,None
3AYB2-HKNJ3-L5S7Q-JAZQL,None
MTGXD-QVXBC-DV6TC-4TA1Z,None
KF8TW-XTGXA-V0JEU-AN0LE,None
CW7DG-JPCGI-WERMF-KRW3Q,None
LFSOP-LX1JE-PNXY4-6B70R,None
W3CBD-NHSVS-STTDS-O6ZOI,None
RPG3D-ZNV6Z-S48EL-L0HNY,None
SW5MD-YXUYG-GLRGL-UZHNZ,None
GIEGM-BGM7C-7UKMU-YH6XT,None
FMZC0-J0TUX-KM9WX-W18WI,None
NALB8-Q0TQX-HS9Q1-BANVT,None
8J9LJ-JYID2-04NFK-5YOPU,None
YOECY-O8UDO-4UV2W-FSBSK,None
HUFIN-8MG6F-LKKFE-RFIKV,None
HDT8U-M6VPG-94G6L-76DGJ,None
9D0CA-LW3QJ-IS739-IPGUR,None
T1TN9-1HMWD-ZLNX8-TXDWC,None
D6I2P-JGY57-V0CMU-XHF13,None
YNZDR-8QADJ-V65NQ-KQQTN,None
LUFKA-5V0FT-8ATXR-CHPZ9,None
FTVDW-UW02K-EO4RQ-VFXNS,None
C0GQI-IVCSK-SLDXG-TWPLV,None
ECUHW-FXFUT-I7UCW-ST4SN,None
9RWHM-GMRLF-VLJZ7-CZWCI,None
PQXDJ-8YGMM-K5CT6-POQTN,None
KW9PT-DAX8H-7IDGI-ZFKRB,None
ZVHTQ-OSJSB-BZUA4-DA26P,None
TKDHH-HSQUC-NKKEZ-7Y1N4,None
1OUB4-SKGPU-KYWA3-TSYTR,None
EHKY0-O1JFL-GENF4-D2ZRQ,None
G5FIJ-JIHCW-SSQSU-KZPZT,None
9C9G0-KK5UX-TZHEV-8CYVO,None
09ULQ-PWW60-PAEIY-LSZC3,None
BDS51-6IHZD-UPYGK-X7MS7,None
VNPLS-HGXV4-UKJNU-EQ7S4,None
PQNX5-Z0OKO-K0ZZM-AQFZI,None
BEGSK-RNIB0-O19MH-HCXIE,None
BYAQ9-LMJJI-BJ8M5-LEYUG,None
8ZEOI-VLUNS-ZX02I-ZXZIV,None
YIXBU-OCDBQ-MVVJZ-KA5OO,None
SW611-QWQRC-XVTTL-E9LKR,None
BMU3H-YLZNB-GV3QQ-STIGA,None
7QDLH-RP2CU-IKMJP-AMOGT,None
3D6BQ-D3WHA-Q7EEF-CJ8TW,None
ZD2TG-HHXR8-G0UVC-E1PNH,None
DULDX-EW8QG-EGXFC-ROLH2,None
IJSMA-T3OX3-5ESVV-J87VS,None
PF3OJ-XW95E-XZG65-DASPM,None
OPDEY-O6RIF-RFJOV-4IUQX,None
2OVMK-M3351-L4TPK-P1BJL,None
R5I62-AMAUQ-GGAMM-NKG4T,None
4JKJE-DTRQH-VDTUW-UIASZ,None
E8K2B-WAQ1E-TYP5D-L5KFE,None
UFDGJ-1POYZ-997UM-JQENJ,None
GQO8B-0UPUQ-BM5PD-QO9FZ,None
5MAKL-YWYI5-R3CZB-W7GGK,None
0WYKK-AGIVU-JLMUK-BEYH7,None
ZIZES-G2HMN-KSI5R-KMBVX,None
FQBIC-3D67W-AQEES-FYBG4,None
SZ9AT-REPKP-9CZRA-3RBHO,None
SNCGF-USTBN-OKPLC-PXDRR,None
UEB5O-PFFCL-U3TXV-XIOJK,None
I3KPO-KI7TX-NW91L-RJINO,None
LLL3N-3KU33-20KV1-5TXDG,None
0LCDU-RE80T-I5JBK-G69DM,None
QTQCY-UVO90-OJPRH-CNYDC,None
FPEPX-BMHFV-6V4VN-8JD5T,None
3J8KD-RGX1D-RDPAQ-ZZPHZ,None
AUJGI-AHPKX-H3QC1-RUTN2,None
VTUZN-HWPXT-CWB4W-KAPXA,None
YNKBW-U3SYX-3ITGY-CPY40,None
YAPFA-7CVJH-E12FP-I24HK,None
38O5J-5XIZF-W6HSU-29FQF,None
7FWRH-WPUVM-TCXGM-NGEH6,None
TLNMK-FHVSP-WGOKE-PVRPK,None
KA7IK-K7ZI7-FQE76-UPIPU,None
4RKC0-PUTP8-PPFXN-MOWUS,None
TQWMK-V8MQ5-AEDXR-Y984M,None
VDGLD-IVAS4-TI91F-A6PQN,None
7YPGM-GAWZL-ZI2I5-WMROH,None
YPIEG-GU7IR-RRDIL-GNYQL,None
JH9ZD-S703D-IF9C2-SZQKW,None
4RWFB-AOUSS-JYCRV-CDFJE,None
QSAP1-BOGDH-PURJV-IGDGB,None
0NNWE-EDS1K-N1JAK-L7DBL,None
ASAQ9-JPGXY-HQSGL-R10GS,None
ZTRYA-1H6C0-C9UCR-RWARU,None
R17KV-DGDUP-SZ0TM-BBFMK,None
CY0ZZ-0SDAQ-HWOWM-7ZAHC,None
73IIH-KRHMT-QSU4E-08LXG,None
WAS7B-TW2CT-FW4R5-SIEA1,None
7QLWS-YBBAS-BDJUP-VRQQY,None
GCNZZ-AS0LE-NHQE2-VCDOZ,None
67CSN-AIFKR-GRAWS-LNMED,None
A5BKY-LFDPI-C1T6O-1UQNB,None
ZU6NO-JIAO2-WBXEP-UERYP,None
GHMYT-Y98LA-IHL64-BASIB,None
UPY6B-QV5Q2-GTKFM-EWPSB,None
3HIKA-ZVHRT-7VTBK-H4WFH,None
WYZ1L-LJ3QE-RCGJA-OAY2F,None
OQCV6-FFVYW-97Y27-FLNGF,None
WXWPF-AGVAB-PVTSG-DYXPR,None
VNZBN-RI0VK-VXH7V-MQ7D3,None
YVFBU-IQMQT-E8LB5-YSASJ,None
ML83Z-LMAWS-B7UZH-L1RO3,None
11FQV-2FMCS-PMJBJ-377XE,None
RSA0C-OC5XG-USU9T-JORTW,None
S9NAB-KDOFP-PEJOR-46KYC,None
63Z2C-GBR3U-PRTPF-0W05E,None
7QMDS-V47H4-S8WTH-DNMVJ,None
3H4QX-KUUK6-D3OSP-YQEHQ,None
C6UUN-WF8SH-GR0EH-P9H4V,None
CYKTL-SBQYE-7GYHR-0BAZ2,None
WUS3S-VEPHS-ZXORZ-UNABJ,None
JNYKO-1ETGL-LG7IL-F5TQJ,None
N2NGU-GZUWX-KMQJJ-XQ4UH,None
UE1AV-ZPVDE-Y8PAZ-NMJ3L,None
O8S0G-X3GD1-TA1VM-RWGME,None
HCZ8O-3VE4X-U9XJ4-TXZDN,None
7UWJE-MSNL1-0JAH7-HQLCN,None
YNXV0-XE4TZ-FM5IJ-D8W8Q,None
UN5RB-LBHCJ-FFNHA-FYVWL,None
IFVOX-KK6KT-RZMRZ-DU0QT,None
CFFPZ-KE6SQ-0NNQX-OVSPW,None
6BCR4-ERZ4S-KZWAO-YAGLT,None
3QXAJ-6V5DL-WGO5E-JTYWR,None
38WM9-8RUDR-VNIJG-CPVCC,None
OS3CZ-DUZJX-MWGDR-UYDNY,None
PA96I-XSDWB-TB1T1-R1WPY,None
V7SAU-VM0ED-UO9ZM-ZVAD9,None
2YFKU-D1VOO-1ZEIY-ZGUZV,None
F6DMP-MJOJG-R5ZPP-KHSWN,None
T1NJT-WPENM-OO5R0-LRJTY,None
PPEXI-846KK-LNEKZ-YIAX6,None
JDH5Y-O5M7W-6KSL8-FKVXC,None
DKV5S-CGOAQ-QJNOH-737M8,None
TZ3SF-YM80R-T3OUF-FXHZC,None
WD07X-ZKX2Q-LOHTS-HOY8Q,None
WSPRT-SCWCW-40IHS-ZSQJ6,None
UEGTA-HOBTF-Q9E1K-UHCHY,None
UK0DI-QLLXK-J5NO7-EJMUH,None
LIDDC-VIVHK-BOPLA-DVVHE,None
URHO7-IBHK0-DRTOP-BWXJ5,None
FI0QL-B9ZF1-T6IFU-48USK,None
0ITDY-8OPYS-ZA7MN-N0AKL,None
8TPSR-HKUAB-6K6NS-N8XPF,None
0OTMF-QJUOW-FRU3E-Y5PDZ,None
IEWST-KJGCR-S1FUG-AFKLL,None
JUFUQ-IOFOE-41TIX-FWXPK,None
MQWAK-25JSE-5EVN3-8RKT3,None
RRN64-AJVHK-MMPFQ-LTLC5,None
QR03J-JKWHC-UIJVU-WDRC5,None
6ETGM-JQKSE-PFIE1-VRAWR,None
2PIVU-48OKZ-1X24B-L8TAS,None
18WYW-T9GUD-4KXWT-N2EUL,None
X84PM-DCVOQ-PGRTV-IQSCD,None
RO6ER-OTHAN-3QU3P-EERQS,None
HTYKP-U9ONM-TJMS1-UXTZR,None
4AQJU-V1XLX-LIXTU-KHC0K,None
IGRLY-RRMDU-Q11DN-TMZBU,None
P9N6A-OU7DK-IFTZP-CKIBK,None
2E64R-PTHBX-X9CFB-O7UQG,None
HXK3E-XZJVX-HQAQ2-NKAES,None
QZGDM-OJTSX-9TD4Z-7SY6M,None
ZC2BV-7SAE6-HF0YY-Q0HGR,None
HIOLF-W5JAJ-DIXDK-DIPGZ,None
IEKMJ-KBKTJ-FNDKP-V0M6V,None
NGRPE-ZP6IU-CCTDV-1U4H6,None
RIYV6-KBS6O-DGJI3-JTPGV,None
GQYEH-AE1MA-K1G4X-G1MVM,None
TIR9W-3OXFJ-P2P2M-XJEYC,None
OVR5Y-UWHEX-DVDG7-XZRM1,None
HTLZP-NVQID-XL8ZH-3PSCK,None
3EXGD-CNDDY-ZAJ6V-WS3AT,None
NM9GW-WAFIQ-USJSW-RP9B8,None
WUPU7-X3NHP-DGJEZ-BALEF,None
XMLBN-JPYNG-CKWZJ-I7E2G,None
2KLQC-C9Q2E-J7BBQ-L8ZKT,None
GGOYS-GSFOM-VIKWF-AVIJN,None
D36EE-ATY00-8Y0QP-D8RH3,None
Q0TRD-XQIOX-5LOZB-T2CX6,None
BOAV4-Y2YTY-7HNHB-0AZRI,None
LKZN5-LJSWC-G1H0E-8N448,None
QR3AS-7QPWH-OFEBD-WBFMR,None
8GPC1-JWWAR-M2C3Q-WHDKB,None
NNNYS-PH8TI-QWOFV-RJNZC,None
PIG1O-L6SMG-PR6OZ-YRSY3,None
S07I4-APG8Z-94XZ2-APEIQ,None
RU58H-T2VPY-9I5V8-RPHEA,None
YHQFA-6DXAF-ESSM3-HLSRU,None
YHSHZ-45GYD-TOCBI-2VECG,None
LLJ0Q-3FU4M-0WCQG-YA6C0,None
O3UKT-IOUHO-FXXFW-56IDI,None
E2DFD-ADWCC-TMG8I-SEGAF,None
KVGJC-MHPX0-1J1O4-EQOOO,None
DJWUJ-VZIXK-7HP34-YSW6V,None
RKMEM-UIRNA-M5GM7-IU7YD,None
5SCRY-ZPE1E-EARK4-RE63U,None
B7DM6-CVAR7-FBMLG-TCWUG,None
UWRXX-C4L9S-HUDO4-VOP5D,None
SC3KK-LKPFP-3IHRJ-0YARI,None
18GOZ-0EU17-INHO4-7IVL2,None
UHP4L-XHBUM-U8ANY-DORPK,None
VBGZ7-NAHGU-5STDK-FQAS9,None
YQOTO-GMO59-HEH0A-X33TV,None
WCXQP-RCM1U-GXQY0-RVBLT,None
ZFYXH-IZGSE-UK2LZ-AKGGE,None
EUGZI-CDQDZ-LV9UQ-LSPKH,None
HEXQY-YTOOI-4GTQH-JECEE,None
QBV7E-GPARH-4RIRL-BBGLL,None
VG1ZN-AIDU6-I0PVR-9HGLN,None
ML3AO-KOOM7-GY3FE-CTYOM,None
FAK9H-EUUPZ-WCVBO-5ERJJ,None
PO4FQ-ZHUTX-04BSB-OEBGV,None
4EZMH-RDJ1E-ZVQ4H-BC07M,None
8QV19-FDBKG-WAB61-WH6GH,None
H20S4-W7VLV-XV4YM-SUUCT,None
9ZKCO-X0NLO-RCFBT-1UA1T,None
8OIU3-GABGD-PMOUQ-VHNQI,None
LLIEV-MLKCK-DMMGX-RGDZK,None
MVJ54-KRBHY-NEHQU-4GUGQ,None
PUPZ7-LQVZC-ZAFTM-OX578,None
NDWV4-DYOKF-EFTDY-PEPQW,None
WPQAZ-LOYZC-KWV6M-AB7PN,None
YDVLA-D0YLO-FNEVZ-O2LG4,None
MUMCK-5QRBR-UVPI2-DL1XJ,None
WMACX-SWXKJ-RC3LD-EZKDI,None
0HMTN-D7HGU-8QBWB-BNQY3,None
VWISZ-YJQNF-FU5ZZ-GFPTY,None
PCOFZ-OFZYL-WVIAG-S5LZH,None
9YMKT-FGQIP-8BWN6-PAEX1,None
RRDPB-OPWZZ-ZF4DI-JAKXA,None
G4KVR-UAJTB-HODGC-G3TFF,None
GGZBF-IEJIN-UBHRN-2N84B,None
YYETP-BUPXM-VKXFQ-QAIIR,None
CVBFT-X8LVU-XXXSB-WXJ7C,None
RI6J8-DZFBP-IVQQS-FNPUR,None
DSSEY-A20FF-0ZOSI-6U10M,None
LQRPI-OOD1P-9GHCR-2UYGQ,None
XMA25-EUSDL-LT5JE-BDFCZ,None
9BI6K-BNBSR-NPJEX-BJ4RR,None
GWCNW-NNXUH-BSZDA-SNRSP,None
APWKD-RROSH-DC49D-FUIQR,None
JZS9X-PEXUM-V249C-STJZG,None
ICZRX-D3U0S-D26KZ-08A0P,None
LEDJR-XOWAU-OQR1J-XWJMU,None
16TOZ-BDTTT-BU7XX-PWP1N,None
QRIYM-2ITVZ-8K5ZF-ASUSI,None
WBTRV-UPQQ4-YDTU4-VJ1IT,None
KYIMP-RMA9L-Y1PWM-SZT3Z,None
7BKPG-HSP94-PBV6F-J2KVT,None
3Z6ND-9VWFV-ANE6S-U78UH,None
4L9ZM-PEU8J-BYY1V-3TVJI,None
PFONP-Y9WYZ-DXGIU-ASJLU,None
JGEDX-DMWAU-DY7DL-ZCQ0A,None
JX8ZU-YUIH2-VKSU4-OX1DB,None
AYKT0-OPKQP-JA53U-HW9TN,None
ZMA2N-H4JUD-QO7KA-TIKXB,None
ZTIDH-1VLP9-GVUKV-1MINO,None
IQQQT-CZJNO-LTVS3-RSWVF,None
ULYWE-GJYRQ-9A15G-77EBS,None
DGDSQ-TYXZV-H2HAA-KXY6Z,None
QMALI-7FTFW-ZKPJW-R8HZ4,None
IJHOT-UY0DX-VBUYK-JU6RU,None
89YH4-ZHOXU-HRL9O-NUGYJ,None
7DBGS-KL20Y-VD4J3-MI7HB,None
E4RCL-XMFZ7-6UWEW-SOURJ,None
TCFIQ-HOB0Q-S1RBS-R8LF3,None
53ZH7-ED2UH-DH4PG-0YED5,None
H16L3-FSNGB-GTIES-R6TMN,None
ZO1HK-VCL5P-KJ3FW-800UX,None
JJ5IA-629BW-HDCGT-0YRKT,None
OCO4S-AZCFS-L8S1L-GBS68,None
2QGYL-YISZP-ROUJ5-CNAHZ,None
82ISI-BCSKO-TW0UN-DJQ9F,None
RTDF7-WWJO7-WNXIC-D6DQH,None
NO0TV-JO4BX-0IOB7-OHRTK,None
N4LPZ-ZAVGB-E9TW9-XXAHO,None
XRRDX-CFFXW-HJFPM-AHPGV,None
JDW06-BHLIT-Q74DG-XINKJ,None
A33E4-UN0GN-LBUID-ZULU2,None
FWIU1-DTWKC-UETWC-JNOSD,None
S7QZR-EVI4F-M5NDS-YTLDG,None
VCMBG-PC1YZ-6MY5V-ZVKKY,None
EDG8D-L2SYU-CQPOR-MY3GG,None
3Z5EX-0F44T-258U3-YEL4U,None
YMWKS-KO76M-63PAR-3LESL,None
PJEWI-Q12YI-CMYCW-NT1TT,None
8OOQI-L8EPN-DZVRW-3ZMHE,None
1SXXS-N5EOM-WJQ8B-R5VIF,None
HFVUJ-HDMLH-HZZA2-VNA7Y,None
R2UDB-FOJT1-ABTZN-S5ASE,None
9RPII-MLSPO-CXPMQ-FNBTM,None
P9LYZ-DEOGZ-WRYVY-OVVO5,None
RHMZ7-JAF4P-YJFMQ-P8SBT,None
CJDUT-3L0TR-HNCLC-8QNV9,None
V0RCD-5IUYQ-2HHFV-XURXB,None
H8HTS-TLBEP-7QQMJ-EZX9X,None
JZI5P-HOFA5-74RPZ-L8CWP,None
NFOAO-HEFWH-IDZUU-DZREG,None
VIKYW-NMPUA-R86YQ-HTC7L,None
6GNJD-NLPRM-KUNA4-HWHBN,None
ARV2J-MRNVL-ZNVNS-S75K2,None
TDIHL-OI5TS-WUKI8-HYHP5,None
9ZLYZ-YFQOB-K9012-NWQYG,None
VNXDH-OC8HV-3COFW-KACGE,None
OBCOO-NIHRU-YE7D5-EHOEJ,None
KX2HW-7LHE9-TLRSU-3XAKU,None
6YVHJ-YAAR3-8ZYGP-HPQH2,None
NCTDO-OQFOB-GQCFE-C0U0F,None
BYXRA-9OVEZ-ZE6LQ-M0C0L,None
Q2KAT-V69V7-47U5E-SC6EB,None
JO5X5-HLXEA-BQ1MM-BYMYH,None
WS6BC-WFMII-7OMAS-BMTAO,None
GGSIP-SGWQV-QAEML-TM7TY,None
K9BPW-U1UH2-YUMC3-NUXUF,None
KDFTC-ABJD3-J8SNO-HXUTA,None
FFEST-FKTUI-QQXPR-OAGWE,None
L60C5-LJ4XO-1BV09-QCZSS,None
3RFD1-RAQO3-MEQEX-LCWVI,None
UKTGR-MPUXK-ES3DJ-HTB0O,None
VZ2ZW-RCREY-7DLCB-EBFTC,None
Q8U58-Q806O-8IUZI-QBTLP,None
9KHCI-LJPPS-OTTZW-HHNDJ,None
BK0Y2-DYYFX-7DVKT-UVZAP,None
D7X1H-HZAEU-UNS4V-U1MSD,None
UMXSS-RJIUY-8BZVE-V7UXA,None
PAKUJ-OEVCJ-MQOA9-BVPY5,None
Q0DGE-RFUDP-T5YTH-1PUKY,None
BD0HG-UDLEF-JPYZB-YEVIJ,None
C3VGZ-8XM10-VH3BW-HX4S0,None
F1JF3-IAA4J-XF8YN-ZBT54,None
6VNMT-FOYBH-JG8A4-Y3KE6,None
PZ9XD-OZT4R-ZS9ZW-GFPXT,None
7KF7L-ZWIOF-5H6QT-WUWMC,None
RTW87-PWMZ6-NEBL3-X89Q4,None
V5HEY-1NYES-VFA17-BRNLB,None
87PFU-5WYN2-DQMK5-VCCUQ,None
LRTFO-Y090D-6X56T-8CIDN,None
TMOJZ-CK7LK-VUQYG-6GKG4,None
LLBQY-TBMM6-MBLZG-JROKU,None
ITD9A-HLBG5-IIHNA-QNAUE,None
RGDRK-VU6FP-YSKBI-4NDC6,None
TOQKF-3ARRW-LSGUF-ARAMB,None
HWUKV-QJ97N-K1WVI-SD3ZP,None
HL4HI-DMNB9-0B5VR-8BVUX,None
WEZ1Q-WIS18-O6XPX-F8IHP,None
ZWRJU-0WCMF-PHDDI-O1QOC,None
DUIVQ-71RK7-UU6EO-RZOBL,None
NCDCE-D3PEM-VQQTE-QADXF,None
PRY6J-HWPE3-L06HL-IIH31,None
1MPX2-SATHA-AAET5-ZYWCE,None
YQJUB-32FDH-QGE5C-VZWMA,None
YABAT-QJY6D-YYQIA-LAVJZ,None
U03YI-FXJNZ-XI229-FDYZK,None
IRHPT-DUAAU-IEGR4-HOGZZ,None
YCLCV-GBEE8-YX8P8-8ZFB3,None
HHRYX-AVPCT-NLODP-ZD2KI,None
0LW9J-KKJD5-H5J6Y-WFNP2,None
AG2GG-QZJ9R-LT5AR-BRTW4,None
ZJ40O-T40YG-UV9KC-OKS9G,None
PZZHI-UMSYQ-U0HK6-E8LU6,None
TH19B-Q4MMI-DCE7X-DTM5D,None
G4SKF-4XE03-QTAZV-C8GWD,None
2LYHD-NXTU1-OFVYT-0C4SE,None
Q9ULM-VPHPM-JS9XL-OCNSK,None
NVISV-8WXHZ-LPODX-I9FIV,None
UB2W1-GE8CP-WGXYR-YW1P8,None
KYHA3-GJL5K-TSBNU-NLWM8,None
UUTYM-UL3CV-C6QUP-BQ13J,None
DTIQH-X413Y-MPS4L-4JS4Q,None
ZX9A0-JILMC-8VJMB-Q70XV,None
PFDVE-D8UZA-AOPBQ-CUFYI,None
RI7GS-YEABR-FP8UP-U4RXS,None
UHNGS-ZHGX7-DBWZV-ID0LJ,None
15Y7A-HRZVI-MCXTM-NPIPN,None
AXGA9-83VVY-XQSSX-ME3NC,None
5Y4UD-TJT2K-A0AYW-PAEDZ,None
W6ZTH-KPAS7-HEB9L-IPCI9,None
8W0PB-VDGXY-20APZ-QGX9D,None
QNMJ9-FN0NJ-TGNRH-RJTDL,None
NPVG6-D7L3B-IUGMX-D3FUE,None
LZK7X-3RUQ7-F46WJ-7N5GW,None
9KQXT-VQA7T-UPLAZ-ZVQKG,None
SNZUH-6MBYB-DZJCS-EYQOP,None
KDTEI-RXXNQ-FK6TW-CXFM0,None
MZNK1-EOESS-R3N5K-EJZ1B,None
NNLDE-XOIZ3-YDPOF-XNYVX,None
0EC8V-EDYD2-WYBXO-TGNY9,None
837NT-8YHUE-FTBXB-FSUXC,None
W21TK-PRME0-2XKTN-AM7KQ,None
677YW-DQNSZ-OEDS0-8QUYQ,None
HXPDZ-0ZKUQ-2VLDB-JBKMS,None
MBQJ4-JBP24-QGMVM-AHHFI,None
9KZMG-QAWLK-RKZDB-XXBEN,None
0EMDR-TSNPR-ETCDF-6A6L6,None
D8TBZ-NQS2Z-SJURO-NJPKL,None
LCUPD-OSVWN-EER9Y-0FEES,None
SUT3J-JE8UF-YOQJB-5ND1E,None
D9XC8-BEMHQ-BPVMN-GNVFN,None
YPAS9-YGZ1E-36XWV-11LV9,None
ELZBI-TTD9M-5AZR3-NFP8W,None
OFMQJ-TXH6A-AGZJ6-8AHH1,None
EAABD-PJQDA-PZNC1-YAUHS,None
T7UKM-NTCUK-HCQYD-58MVO,None
YJYR1-ARXDR-OS3VL-TBUN2,None
X7PT4-SUDJY-FRPIA-7QAXX,None
NAMDK-DZX0N-CXTOO-12MMN,None
0TYLL-QF5QH-N358V-CZVH6,None
OMA3J-UF8VU-AOB85-IUKLF,None
QOH3T-IMA9M-IADBE-39CNJ,None
ZQILG-BUYLN-NCFTH-MCZH3,None
DJ3WE-CBZLY-F1PI9-A6SSJ,None
EXBAE-SRZ2J-QQV5S-VGAIJ,None
ZVSJW-UVBFK-WRJJ2-LJJVH,None
MQI4Y-5IPXA-4WRR5-RJE3D,None
ETQYP-TAJJB-YO0HN-SVYKF,None
PKECT-F0LAH-BQTPT-VJTN8,None
IWJSF-QJKOR-ANPEM-TICAF,None
WZFBV-QQRDL-A9IVN-CDQJP,None
Z2ITJ-XFML0-YZCNQ-XUAJQ,None
SGJVJ-RIQDJ-OEXME-58ATE,None
JRSZH-LTAUX-WAWVG-6EIOG,None
JJFZF-TJILS-E4JUG-M4HX1,None
KITTT-DKMI3-93YD7-HOGRX,None
PP1X1-NRC2Z-NFQVC-QQEVJ,None
BRBJO-DBAOL-BPHSN-FTV2S,None
3LEJH-AAIM7-4E1SP-UBGCA,None
XFDIV-SPP3P-OKQWJ-DRPIK,None
2Q10Z-4JXPX-IQ0DP-U3WU8,None
MR0GP-MOT35-WDR5O-4B20I,None
SQWCM-XTAWU-RSQCK-MFE4Q,None
TR2CH-DK4UB-WWGVR-V9E5X,None
N116W-S8E3R-ZV6IC-EK5E9,None
THQIL-P6V0F-ZIHS2-8CBBT,None
VFSSI-NHPXN-76ETD-VBLKM,None
QIGUX-TLG4G-BUGWA-AHOCN,None
QQPNL-FZ9H5-JWYSI-71IPQ,None
ZE8RF-DSUGD-EXHJR-24EE1,None
GEOB6-TGVC7-PTIEU-ZLBEQ,None
3ILCS-HHBBE-4999N-U7QJD,None
SBSZS-D8VIW-GGRLI-ITTYS,None
1U7VK-AUV3Q-CXZCE-W2YZU,None
YFBNB-5P5IR-GBZ9E-6ZFSO,None
Q4M5L-9IQ5U-BLZ7T-FNQ6J,None
ZGPDL-LWWBL-S7CN8-MRLRQ,None
2YK5P-VAVGS-SSVJ1-VHOY1,None
TGNW4-ISRBF-ZCOMW-M2WZI,None
A2MXF-DUDXR-D5CFB-X1FZK,None
SRUXU-EDYFH-NHVCE-ACGC4,None
3NOA7-FXHHN-75HY0-ZGREV,None
N1W3B-LZR7Z-K4EFZ-RIDUV,None
LE2EP-Y7N7Z-KAOYF-UW4CR,None
2EEF9-MS8FC-9V6M3-3GG3I,None
ZFALJ-6UG7W-Y5CJY-ZSVJH,None
ZZB97-ZBF0V-RKEDP-TP3BK,None
0A5L1-VCWCE-DCEKC-DJ1II,None
LIVVU-KTEB5-TCUBA-DNBPK,None
ZPKHI-SR6HL-DOOGS-XUURK,None
VD4JZ-SCCY7-EKEIY-W43P1,None
KUBUL-M4XGE-PHBO0-KZLHO,None
6SOM5-BIPM1-P5BO7-E4XHJ,None
C1QQO-N4PDI-SWC08-NWFGL,None
FK7AC-LGIZR-B4I1N-RDPBP,None
TYV6O-ZPWBO-CGMXH-RHX1M,None
QUU1A-ZFL0S-RNPH3-FXXVU,None
AJKLX-XZGSS-XBQ6R-DKPAZ,None
6PJAM-BYFYH-GQUTR-IFE92,None
R3U2T-JSIHM-D5WI5-PIN8P,None
S6GEM-QTJX9-JAZU6-RQSLY,None
SXGGI-LDQOB-RRQO1-CDEMY,None
VIKBY-51DFR-BCMAC-BHPHF,None
LISYH-THXOZ-8KKOC-ED8T6,None
MBGB7-LMLXN-CKEX9-YC4N3,None
XLSYN-ZENSA-JEFMA-O4WGY,None
JBGZC-ZWWVR-HM57I-SD8FX,None
UG0VL-BBRVL-NGOZX-Y10CB,None
HE8GL-UHIUX-N493M-CUTFJ,None
DUNTU-AMFY0-LSNO9-NEOZ1,None
VZXWX-EJXYG-LEVKF-XWJEE,None
D3H4I-Y81GE-ZRKHM-QQONW,None
3AXQS-63UR0-DJXMV-BE9CU,None
5RB0T-EFDZJ-0UCNG-OEOW2,None
BW7J7-FGNSR-AQCBP-8GJUR,None
2VKAN-ADKXK-2XI4C-8IEMC,None
PGUZ3-Q0LDN-1TEHD-HSFOF,None
OUTZ5-SFZDV-HDBMY-YKOXU,None
4FJEA-KQ095-26WGU-XW2AK,None
P8AQ2-BOXXF-DPDLJ-ZQCYA,None
DG6EF-07FK1-YSZAL-ON5SL,None
KIIRB-0WYKP-ZMDAX-SK46T,None
JIHGT-9WZUH-1VLIC-TRXUM,None
ZP2SS-8FHQ7-POYFR-ZXOF4,None
RCAOY-RPUZS-HMVSD-HRZ4J,None
3H7V7-2WPEV-3XLJV-RRJ6E,None
SAMET-MUXZN-Q6ZF1-XD8AZ,None
8BGTY-HOKEG-GB1CC-LMMNC,None
GFDTV-FAS5O-XRBZO-NKJDM,None
4M6S2-MWVH6-NH2FW-YMSWQ,None
Z5B2C-FUYRT-HR2DQ-6CPCH,None
NCUMZ-3XDNQ-4K8YQ-WJS0G,None
BKULQ-7LVQT-RF5KA-OBBJA,None
EKGSN-H3DTR-RLXOJ-4K8OQ,None
MY7NF-YZ5WL-QGO16-KAFBF,None
7GSLT-DVFME-HIEIS-GVLHI,None
PLKLB-10TBI-BB4SR-GDZW0,None
6KWXT-5IP4E-BQ2W7-F33LS,None
ZRAIE-FOLWG-ZS833-EKTWK,None
CN5UJ-BDA3R-20EEF-YFOGH,None
R6CIC-U9R7Q-JNNUT-TA3WX,None
2SXDZ-DA3OB-WJCFU-RWLLB,None
CQLVE-E7WBU-CAANY-EOFJ4,None
DNR4I-LMREV-FDXK5-E25FN,None
EAT1R-RQIUT-SFTOH-EOKJU,None
42UUB-GLVCZ-OCDMH-3RMLB,None
IPA6V-0LLA9-1TIX3-VMBVJ,None
Y2TOW-QWYSS-J8LRY-BPLIN,None
QG1RJ-W4LWE-WTOVL-QV8UA,None
JVSVO-MQ3TB-SDICG-ZIZAB,None
YDFJO-CVBG4-C1I10-U3XQK,None
Q7I4Y-UCF7M-RJ88X-O0PUM,None
TPN1E-SXWNY-WGCBX-BPF18,None
UQAE2-EM46I-G6CL8-FGRDE,None
J0ZPT-MQV7S-AB3WY-H7WFM,None
LWVJ7-K1Q8P-NVRFI-GIUS7,None
NM2J8-KIRB1-IKRRL-FVER4,None
WZY5F-HZTZV-6QQWB-AHNLF,None
76UKZ-91ZCC-FKIGZ-VYWSM,None
BUSXS-QZWZH-SCFQL-1AGMB,None
5LWBQ-I5A2M-LSBYJ-QDRBX,None
HXFHD-E2CPE-XO6HF-BFS1P,None
PGRKQ-QIEGE-ZQ76B-IHI9C,None
OCFVZ-NDRNS-BTIVI-FKS48,None
OFUV8-SJJHG-O8UOS-QCBPS,None
K7SBR-BXWDB-M4WNG-ZYGRB,None
9CKFC-LXYWF-SYV0A-YXBZK,None
CWD3V-MJ0YP-P2OPK-2MG4H,None
Z4TJU-H3DRN-O9LYH-FYDD4,None
5Z1MG-X9DVK-GMXBE-4JRS0,None
6ISSY-6OIRJ-FQFG3-YB7ZG,None
9LICO-FKPXW-EAY1S-EIQCX,None
HMPX7-M4X0M-Y8NEZ-2WZBX,None
J53XV-J8BZW-TSXYX-SSIFA,None
QXA97-BFNRC-T81VG-L4KCN,None
QP20C-7UOPS-FVNDW-IJO7C,None
VRW1I-5S9OP-WEKLC-40KPW,None
HNNOU-MFJ6H-BA2VL-RUPV5,None
ZOMP7-9IHFF-DRTEG-IOTZC,None
V4O5J-RZP82-OL0E3-6KW9M,None
BJZ0D-YH519-GSGRG-EJWHA,None
LDGTF-R1SMY-HZRXC-3L572,None
SHNVR-BDCUR-KVSXT-8NQ0M,None
3MHU0-MEDPT-073TK-BGWJE,None
M8GSR-UJEY8-JBEVW-TFG1A,None
FE1ZJ-UDJKB-CTHMN-2XZ2Y,None
GBRFV-7SQJX-D6VYF-ZKZTQ,None
FRZC6-BMXNF-UCRJF-AAAJW,None
K1RTS-NGDBP-JSF7H-BRZOC,None
Y3GO9-KBOUZ-HNEYR-ID3W8,None
MRGTX-KUXP7-DGWZK-MHOZW,None
ZPDQ7-EGDJW-8AYUV-ZZB4K,None
DLX83-BWCGB-VPYMK-USPIB,None
NE0OK-INVLN-1PPAR-GY5DI,None
HIOCS-2O4ID-FXSDS-GUHNY,None
96XK7-NLXLJ-USKUE-LXWTF,None
UVGOS-SLSCF-OKPGE-HTOQJ,None
V4MAX-ZDPA0-MDG7O-JZH5K,None
7ZWYN-RNNIQ-PMAPT-0AYRT,None
JAK2V-D5UAU-I7YLN-NGFDD,None
LEDCI-03ENR-XZAJH-9F3QB,None
ZDQCK-EG8RW-5QC4B-IMEDN,None
VS3UB-EQFRC-O6MWQ-XESU6,None
N9SEG-EAJEX-7SMGC-KCIJS,None
0LQPF-X3MPJ-HZMFR-OFOGW,None
HLQDG-6C30X-UH9CP-4WHSR,None
SREIQ-8OZEN-5PCQN-JKWMR,None
HGWJZ-OLSWB-TZAB0-YMVKE,None
OYZGM-ZP5IV-EEWTQ-9OLKL,None
IGI6F-51UXB-KHD9Z-ZOF8N,None
3C66E-CPU5Q-UPOCJ-FX7JQ,None
2Z2PX-QVRXX-KKK7K-FJKFJ,None
4JNT6-SUZQF-JXJTS-LLI0J,None
LLGXT-H78IL-MONKH-NAW0B,None
EB0G9-VIM4U-X1ERD-B33F8,None
XLWQM-49YRZ-CJD9H-A6YIQ,None
GX5A8-4IKNE-XIHXK-74Q2F,None
IPC7P-WZWXM-403FF-BXJDQ,None
Y8L0H-KSJJV-UX0HA-3DL0S,None
DVFAA-ZYLCS-LCIZX-IBWO9,None
EWNYA-FBBXI-AUH2M-QHY3H,None
BRZND-GJX8R-MS2K9-TIQEA,None
0MZ5L-8KYEH-DV7SP-RMJGV,None
STULU-ALX6P-AB9LO-HXBFY,None
FOXJY-QXZOX-1PJ3Q-UEP0F,None
HCTYW-GRYJ2-RYXGV-0BLWD,None
WFK38-I8SGP-LCZGQ-MG3NX,None
YS6HT-TLE6O-2ZSKJ-EJAGU,None
KSVUS-EVWM9-LTMA3-QNFT3,None
BRCQF-IDUD8-2QFQQ-T57FV,None
BLK7H-D9BBL-UV5FH-YWAQV,None
CGY5N-NVRVI-RNZQN-PR9ZP,None
KSIAV-HLHFE-EAFFY-TWXIB,None
TAHMR-SRZPX-KHZXD-6WPED,None
JIOHZ-6IWTE-SHF7N-XQ0TL,None
OPXTN-4Y0ZJ-8GKJM-4GKPZ,None
FS9NB-PKFLG-J3WXY-DRZ3N,None
90JBM-NFHLS-YOZZG-WDR0Y,None
KKTJW-HAF0G-DDCJP-GZSO5,None
CXVGE-C6N2A-TH58W-C2ZSP,None
QRAFM-Q8MIV-PILAT-ZSPNY,None
4J739-SFHKA-1VH12-WVVW5,None
QA0YT-3IXPN-B0JGK-4BF30,None
TFN6B-QCZ3U-UE1VF-7MFEH,None
DSMR5-KCFJK-GMLWD-MLZAP,None
B8EJC-X1P7W-USA7C-M4RA7,None
1LDO5-RDCRX-ZN8YE-ECQOM,None
07RJC-EXFDW-NC0WW-IUFLU,None
LLKRE-ELH8B-M9TJW-CS4VE,None
4OWBL-NOXK4-DZBDF-SFFK8,None
WJPZP-FOFUY-XKDHU-HNHFJ,None
6NQYN-OAESA-11F8J-CZMFU,None
W7XU7-3SGRT-GHGQ9-MM0ZR,None
UY83C-NKVBG-PHLZK-OGZAO,None
CNQFJ-YFDM9-RFHOB-KQG6M,None
PRRB5-DT24E-Q3UK0-HXLM9,None
CI3BF-IZ2TS-P1JGA-PWC7M,None
UBUWI-V3HX7-RUQIH-AUHJQ,None
8OCAF-25XXD-QU1D2-OZSFJ,None
VJLIW-L4JYR-1FW9P-AJZTH,None
T6MOU-9UHFF-6CF2C-WCVSH,None
8RWPW-D6HNP-W5EDG-UPHF7,None
LCT12-XTEC2-KBMAT-R2IWL,None
OVVQL-QDLSV-IWD5R-YF8PE,None
6CL1C-AFRLB-F1URL-SKVO3,None
NDXZG-WKZ5Q-AOI9K-RVSOK,None
5O01F-HKT2I-KUDLK-ZUM9B,None
DAMSC-R3WJM-KM7KY-QCJR3,None
IG0AS-MI5TY-NPSXI-QO1PV,None
M6FU0-8ZV3H-ATZF2-YVP1W,None
EKLIP-K7O4M-0DO40-K8PBA,None
AYAL7-DGW1W-FBQOV-PXV7S,None
YDHL5-OUULC-QYIDM-7YAF4,None
JNTPD-E39F1-7UQTE-ADAGJ,None
KZLRK-Q0HCD-KTKIG-GQVXB,None
C6ZAO-VYHJB-XUCTM-23PNS,None
KIEHN-DUUCL-YQDGT-XIIPS,None
4NXHG-UGOIW-6FYNY-3B3JX,None
3ZGUK-BE8LT-EMSNR-HYYUF,None
2ATGH-D9ADL-6UDWC-EAH2B,None
HVEAZ-XZLGA-K8WNK-QGAWX,None
UQIEV-GFHIC-UIOXW-U6QFN,None
KSFAM-HEJ1Q-LGCLN-NL2L8,None
LCWCR-TVPYT-FQCIM-OIYUI,None
O59HT-NUKZI-VUZQT-VDTYK,None
OQQVK-SP0FC-TMCVU-BAT91,None
SQM9M-OOER5-FCNOH-YIUEB,None
HZPKN-6HOGH-TA3IQ-4CHBW,None
HD2ER-3ZWQW-3P5V1-CA32V,None
SFGKX-NPK50-TBWPV-5ZQE7,None
PPCUR-4JMBG-ULXQA-DROTM,None
C66LS-5APNS-LWPZW-YPISF,None
V1TRD-EK3PW-IF6AY-GD5W7,None
M0WMF-JD2FY-NWBWX-CFS0I,None
LJGTX-NPKMI-YNYNE-0Z4HG,None
0AH7L-FIKHO-CJSOH-Q7CZI,None
EJ8BF-LCWFU-9KBZN-AJG2J,None
JMJKO-HGP67-0KJ1U-OWOET,None
HU6T2-ZUP8H-YXAWZ-E3RYC,None
GTVGN-WDJG8-MPYZM-VM4G0,None
5OZTE-B6X4X-CM61Q-OXVUZ,None
CMTUK-5WIY2-WAKVK-MAJOC,None
WVSPO-GIM86-TODCY-GVVUO,None
CUMNR-FY4G4-WBCTX-8XXUZ,None
YKLLS-SYSLZ-URMMA-J1AL7,None
8HZOV-DW1HM-4CPNF-YLJPV,None
DUDBO-OJMI7-24KWW-V9E5G,None
ITOVQ-D8MFD-USFPI-S6AGB,None
S4KS3-H7TRN-XQIMB-TGMTJ,None
PAB9R-XZNA6-B4UKK-UFCSY,None
F0NQU-QL4IO-LZYBE-2ZIB1,None
9JTMY-QRIOE-IQYN5-ZBQZ2,None
GGJBQ-JYIQL-GDBQH-BAAT8,None
2WBZN-TZZUX-N9KKK-LBUYZ,None
IVBXH-OWSJR-ZCCY9-RZRTW,None
ZQZ87-XJHPJ-6ZJYR-PTQMN,None
VSNOZ-FWUWJ-9G6ZB-XTGGR,None
RWOM5-23QGN-5R63J-GSCF4,None
TNUNS-SAGDL-CYIES-AP7DU,None
BOFKH-FINF6-32TX3-JMXRK,None
M3OA3-N2V6V-TTJ2E-WJIWB,None
GAMYC-YQSCZ-HYFT0-DP44S,None
ZBRZ2-16P17-OC5RX-IVRXM,None
ZNFML-JWMVJ-I7IWG-PMOCR,None
S2NHZ-UI2GY-SRXHH-TGDRO,None
LZG2H-5Y52P-WYYWD-KIV8J,None
FFZ9R-US2AM-U58AF-G6YPL,None
2ALGM-O6CIV-BZT35-LXAME,None
IPNFI-QMCBD-NZKMT-LUYCU,None
YGGOH-CECVD-ESIUI-A18WT,None
J5UYT-2MWK2-1TKBF-1P84I,None
7BSJ6-62CYU-ODILH-YUSQG,None
W4CG4-YQDP5-PEWOS-VTR0D,None
NGENR-X56SG-Q7ZL7-QXZCC,None
ZKQK8-XAE5D-3IH5Q-2A67I,None
IHE63-JRBJV-4TG03-WA4KS,None
1B4UQ-KQDH9-S8USQ-HTHLD,None