serial_key,activation_key
XF5YU-W7VNO-WH9AS-I5LPD,None
J0MYK-FXLYY-DXQG1-YOJEB,None
FR9S4-YDGIS-RLFXO-U7BH3,None
WTWSV-UJCZV-FDFHC-MBCNR,None
AJQLX-XQPP1-X2RQF-M3PY7,None
QGUUL-LPJ25-BW6J8-PYFJX,None
SGB23-ZHCR6-UJTHP-P9TLQ,None
TMAQI-3QGSK-OJRFB-KFR6U,None
FKVM1-BBOIL-BTGTJ-JPJD4,None
EZ0E1-UDNUE-PV6AX-GJRWE,None
2DLOK-J9HD6-FE04R-YPTUN,None
QRPTI-M6T7Q-68WLC-PPN22,None
0U35G-RUEE2-LAWK5-JT9JB,None
SK0BA-VNQOM-VWCWF-IJ3DX,None
XVBGP-YSJHW-G3CTF-9GM1V,None
XVY0M-3IXRK-VYWOQ-TNLTN,None
4DS3T-ZN0CO-IHCFT-F61QL,None
JIPTT-YI5KO-AM6LW-RB8SH,None
L86Y0-FMKVJ-USMSZ-GJVGL,None
ZHJFB-HYSNU-QDI5P-8596C,None
MFBDD-W17CM-VJ9UT-LNGEN,None
RDJ7E-QAZCI-5E5NX-AGIRR,None
ZDMNA-VLOMU-FRGC8-TR58A,None
RUSDC-I4LMI-ZJUGH-BFYXI,None
QXWVV-TL6DA-UK1VQ-VCBVO,None
HDMQ0-Z6CAE-ZN3VT-W0XZJ,None
LCXX3-YSTKW-Q55WR-RHAE3,None
IWSCX-XHY3X-Q9BTB-XONNX,None
XMZUX-TRVC2-XGYMS-NYCCX,None
AOOZF-5LYEX-ZXLMP-O4FJ2,None
HBBMP-VA8IU-X8XAJ-JZ76L,None
LPR7W-EYNEI-S7V5E-DDCEC,None
QVZYN-QONCP-5RPNF-J9G75,None
PWSJ1-GZ930-OZQZJ-FW5ZA,None
NFGYK-ZIMDW-WWHLH-CF0WD,None
Q22S6-6JBVF-NWTKT-ILCPV,None
E5QXI-X86SX-I3MOJ-QDXFY,None
FPQ57-TOZBQ-LXV01-JO4RI,None
V2S5H-JMDS0-UUTRL-8FS3Q,None
BTVEG-HEICG-I7UIL-HRIEV,None
GON19-SCXVT-PP1P9-TCSSL,None
XAJGF-UCOCJ-0HKO9-GBQRX,None
N0VO7-UTDN9-WUVVC-TNBTI,None
EOPHV-JFIWM-YUIPU-DJNYL,None
MQVJH-5GATL-FNAQC-9JR79,None
EF2RQ-SMR87-NALJ9-LF22I,None
V4X3S-ZVEZJ-VZRYY-YBBJN,None
JDQKO-31DH2-FVPTI-KH4JK,None
NVDNN-VVPM5-RJHBL-5GO3I,None
SKFWX-URUED-TDBFV-G0Q9B,None
TJBBC-PVXQP-EDG1T-PK6VL,None
VV7WG-WYMZ0-RWFCO-FFWMM,None
PDYCC-A24WR-R53LM-LEAQM,None
4ZR85-EE3NV-EVGUU-Q204J,None
JNZPI-ZZSA0-JGZHB-ME2JH,None
NK54D-BUPXV-5KSZR-V2KBM,None
6I6RX-AWCPT-X2LED-S0WZ8,None
8VD1U-JPSW0-HPA0K-KZTOX,None
0UU3G-TASAV-LWXW6-GRGNB,None
FH7XU-FBF4B-0XPKS-Z79WB,None
K9RYP-QGSZO-NYQRQ-29BFD,None
DNCXT-9YR72-0RAWY-J2CZU,None
WCOL8-DBECO-KUVYZ-4ETX2,None
RNPWA-NJWBK-CMADA-DJ0FT,None
O5VA9-S6KKT-MDMQQ-RIPK6,None
SFZ5L-IPD0Q-BVBOG-SIMJZ,None
E5FLC-WLF4Q-XT7VV-GST7P,None
LJQVZ-ZJBSZ-WZBNA-PZU2Q,None
FTIHP-0KS23-BCFBG-IG7OU,None
DF42D-DUJPS-Q7RLB-DKSJJ,None
OSAGG-HX6AJ-XBLJ7-G5XXW,None
A1T1M-WLK5H-TNME2-VMCKK,None
7XC7W-9PK1T-ZLRX3-IDETM,None
G8PRV-L45XF-0VRIC-2SEG0,None
OBNGP-AN9SM-JAUKX-LWMYJ,None
YA2FA-ZCJKU-JUOEJ-U0KBB,None
DOWFT-HC3KQ-DSDO7-QOTX6,None
XX9HB-R4HJW-HL85Q-WWFG7,None
KUMRG-AL45B-TII3J-TBTIR,None
NOAAH-QXWCU-QVU1X-IN4QG,None
QNURE-ZR5PB-50G7Q-2GZ11,None
6IOQS-6AVC0-HXFVV-W8JGP,None
3EJFT-0HYQG-QRMBA-OSQO0,None
3JVA1-JICBN-LXF7M-OUWSX,None
O92WC-IT1N9-CSKRL-KISFJ,None
MHHQO-KH9ZG-YOVYC-IMEB9,None
MNGCO-IRXGM-OKUIJ-SGMON,None
48BCH-VEMN3-EVDQF-KUKTB,None
4IUJI-CHKES-7PKAC-1SMID,None
IWWQB-4WYCY-CQPDW-EWQMR,None
OPOE9-FTQ8O-EAAMH-9APHI,None
LRAI7-7GWKD-F4UHG-RORKV,None
QGJAZ-AW49D-HNWNI-BX310,None
4TTOS-FHYPM-NQFZ7-2PPCW,None
XLG2S-SQFGI-M76IS-VHJTB,None
XMR0Z-ECXSP-FB8FK-QLHFA,None
M265S-G0JYC-A9BKU-15B1P,None
FVH3U-ZQ8JC-1DVP3-TLLCZ,None
VJUDA-MWECD-VLYYP-PRMMU,None
FB7HT-UEATV-QQYKC-BHTD3,None
QTCDL-IMVZS-D2MFA-7JMPD,None
9MCLH-RYLW5-5VXRV-8CGKL,None
XW1Y8-JUCUS-OYPFR-AXJHB,None
CYG9O-ZWYJD-RDBX4-FQCAM,None
BWAUK-D1BZG-IQUUW-ZPIKE,None
A7H6B-NLGW0-QHJDS-1O9SN,None
J1PMF-315TL-VEZII-S9BJH,None
ZCAWQ-ML3HE-JHBBU-6MTLT,None
JPZOR-VWV9X-WDYS8-U48PP,None
D38C5-JBTWH-5HQ41-DP9BV,None
ADYCK-BOQWW-WOF2V-KGI9B,None
PLGRQ-DGFGC-817I2-QPS8D,None
V7VXE-ZUS5C-VOKMA-JTCKA,None
HKKDH-PAFAB-IE1EE-FGGTT,None
TLYYD-LSFRP-Z4W0M-TPQ6O,None
OPFFT-L69QS-PJYDQ-UYFXB,None
TG1VW-XAXA8-XMMA0-PTTZK,None
KNWM1-QVKFC-QNNHE-PRGUO,None
Q6D1E-A17EQ-9SXTD-TCDTT,None
OIPAJ-7GHTG-NVEE9-CT8CL,None
4YLMU-RK7WZ-XVMBF-JEUFZ,None
ISZYT-HLSFY-XPDGU-GBPT9,None
L8YSZ-JJD5I-UKZGD-QTWJU,None
Y8TLV-G8VLP-LB1TM-TQINS,None
QQQZC-AGEUR-FB81M-FKPBX,None
V9BGX-RYQUT-BARZP-9DRCS,None
XNBCV-J7TOG-Q9KWR-ST1FS,None
BDQBM-QWBWT-ZLP7M-5SUQK,None
NVEEY-FVPA6-TW7T2-ZFD3F,None
HSHGE-JT1FY-0H0SX-IRMEK,None
YSDZP-NZNBM-0HAII-4KI9Q,None
5WJ4O-SG9VP-CCSKU-O67XL,None
S1JA2-BXXTC-XCSC9-Q5RXP,None
CVVYJ-A3GQS-Y8CMW-A0TER,None
GXBNB-JAFLP-TMI0B-VYVM1,None
AFI7A-NY8M2-ZXQF3-LBBWA,None
ES7SW-NTXNR-TDSAO-7HTIK,None
YJNUU-AV77G-NI7K4-N9JMV,None
TVTZL-XVC84-6VVAK-E8WNA,None
UL9ST-TBGOQ-HOGW8-IFKPK,None
BY7AN-CB71O-ZXQHD-ZDZLP,None
NZIB1-DDXLP-AJ08U-CIEOY,None
OUMU6-RMEOX-0N8SN-YDWUD,None
VSVFE-DSFRJ-54SCP-PXZKJ,None
XJ4OB-SBVJO-HD1TL-SMDJY,None
5STQY-JXO9F-JGEPT-KEAZA,None
XH6EU-AOZ9S-1YX6R-STDMB,None
JCYFZ-QRADQ-0PU9X-GNDPF,None
TK91P-OIUDT-75WNY-WMSSM,None
BXDVZ-GJF9Y-GPNLD-Z3VYF,None
6BIFB-34QSG-D6FCB-RF6T9,None
KYUIB-MRMOI-HYM0X-WRJP0,None
HSVSL-MTVAI-JB5UJ-R7QI4,None
ZUWQ9-USK2S-6N16C-Z4EEE,None
HASSK-5ICBQ-3WRRL-TJZBU,None
7UT6P-JNC6A-FGJUC-SGKZE,None
XFCPC-QJYXE-N3FSF-NHBYP,None
O6OVO-KF6A2-5HQUA-FBSXW,None
NZ7WA-P9O2D-Z7M7P-CEYEW,None
DTWK0-LHQUV-6S7TV-SLE8D,None
ZAHOU-HIRRU-UODGV-SHAIV,None
Z9LH3-S69EI-XUQIY-M9BEW,None
BX36K-O2TDO-RCU5J-1LGGC,None
0OYCP-VAODY-YSCFY-MVRPG,None
U1PJ3-NZLUT-UFPC6-5CQHU,None
WCWIL-YM9Q6-X8PA2-KWHB5,None
YQIZ6-A4SMN-WD1AE-FD6QS,None
MGHLT-VFQFV-ZAGH5-U48JP,None
OO25N-OACKD-77JAY-DUZ0T,None
KXWZS-ECE4R-6LWNJ-QIQGZ,None
95VXG-T3MOH-CUL12-JKHRW,None
BUHWG-J9WCU-UFXWP-KGNVJ,None
ZSFSR-Q5RQB-ESO3J-XUZSG,None
AYYDK-VXBCI-TNH9M-KC5XW,None
FVG2Q-BD86V-C8KNA-M7Z83,None
OJNSC-XJGBA-6I2ZK-JFMGX,None
KKKVD-YL3JB-GSPZA-B9XAT,None
CQA3M-EHTAR-VNJJD-14YVI,None
UVQUU-8OBOD-LVTNK-DPDVA,None
UGNYR-AIXYJ-J1L6W-LK9G3,None
CDZZV-EXCWF-V0Y6V-5HCQZ,None
6FEPB-WAIUV-TK3E6-HZYSP,None
67MZF-OH490-AF8WZ-Y551F,None
ZTOZT-LRE91-GUW16-31TUZ,None
V2VCG-4BPRF-LR0W8-HCHME,None
3B91D-32YKS-2AENI-7F4IS,None
PVBTE-HP64Z-FWES5-GVKNV,None
ZNMHY-SPORW-6RDD3-AKGFT,None
JRXZ2-H0XRQ-IFDBQ-H2L2N,None
R1OXB-ZKI3E-YHAHP-PXZWP,None
YULWU-ML9GB-E5SIV-7F9RW,None
OZXLN-ZZZQQ-XOPFM-8YYG8,None
AUACP-BOEP1-QJXUM-VZGPC,None
A2XFP-AAHAX-GNZUA-CXEYA,None
P4MWQ-3VVJ0-NTPT5-9ZFYY,None
RYO13-TFHDD-AXM0X-SSL2C,None
KXES3-J7JGH-JPPL0-HBI28,None
TRFMH-RUOCE-BQIFY-YB8XR,None
FFAWH-KXZGF-NZF98-ZTCUC,None
ZNLBO-1JEOO-AAJJ8-XV8XV,None
OFOSH-R221T-KEIX5-ERQAN,None
RNUI8-IHISE-UGXK7-RTLS9,None
W95SP-YDUVW-RI6VX-PLWZO,None
7AZXP-MFWOP-MCI4O-S0W24,None
ETZ0S-EOQUR-BCL7Y-BQLDL,None
UCL4Y-5AN1E-ONP55-1QASD,None
XJDVI-HNJ1A-W57DO-LXPBA,None
1KBTE-BVCHS-DUHBH-TWYKX,None
HLTKY-GK53V-TTCJG-VD9PW,None
1NAID-NHVHB-N60D5-K9D61,None
HRZEY-5AEXH-TLJJM-X0SBU,None
CPOOD-NX5NC-FMAAD-V6ALT,None
HCGJT-54FUR-RCMXB-JYXMG,None
T3LHQ-Y5GAA-BKKWU-YM5TD,None
QMSYV-UBPG2-NB0N7-SUUI5,None
WBRQJ-N9APE-PB3C9-6MLFX,None
ADK9C-PC6HH-V86LJ-LDKP8,None
ISQH0-YYZUB-8YFMH-KAHX1,None
UWIT2-MGJXW-FR6MV-SNGSK,None
B9LOA-BBNSS-YNDCT-2REH8,None
WUCXB-62VHY-JCJAM-BAQCL,None
ZAUEH-DQWJY-IRKVE-DGC2A,None
VQTCB-JEWKX-1WDXH-NFLGX,None
ADG6E-XNNZ8-EDXHH-7YFZP,None
5OPBX-YMWBP-4O3IR-PYIC9,None
LF5NH-JGXUR-EPZGC-PPTCJ,None
BPDTT-HDT7A-143YN-XQBKU,None
GSAMY-ULA7Y-JJDJF-PJYSJ,None
H2TJI-H296B-R1PAP-SKINQ,None
DQOTU-E9MLQ-RZYDJ-SZWLL,None
POF6C-5HJ4Y-LXLSD-R9ZXG,None
7UKE7-3KQKX-CUPC0-SYUFN,None
APORO-B4XIL-GFL3W-FPAN4,None
QZUVC-53NXY-TWYII-6NULL,None
4GAJX-VVVKI-DMCEW-I9OJZ,None
PDAZC-WTAKN-CBQJQ-G1MAP,None
3KIYT-RLHCE-QSZGH-JTPBS,None
ZWODE-CNL93-CDXHY-ZVOJ3,None
KGTKY-EV6LH-PWTUC-UDZV4,None
3EDWK-SROEH-TBIGG-HGYJZ,None
CH4JG-EQE5F-2YLJH-OUAI1,None
BQ1V1-JYAIU-OP9AP-0SSGD,None
8FLCI-AVIOT-JGICB-D00BM,None
2CHUP-A5HIX-DJRRH-6RNPM,None
URACA-80V5G-XA7J0-TTK6M,None
KI4NC-UESBB-QV5HY-QQ4J2,None
ZXPC4-DAJIU-BYWID-AI27O,None
UCCPL-KJLLZ-VWIDT-QODCC,None
KGYMI-FWVY3-6JXU5-UAMBI,None
ZLSDO-CXPHB-N6QBM-XTT4M,None
JBPVV-E5IFH-4K3EO-65MLE,None
VGDMM-TG46F-DOXW7-QAW8Y,None
2ZHYN-YZ4WJ-H3H4I-LY1X3,None
12H8J-YZZJA-G92BF-CL6N3,None
8FZWH-W4WZO-KT1IV-1B0KN,None
QTOV9-0QXVK-NOO21-EDO0C,None
2OBZ0-7LCLQ-LMH3S-LFAFB,None
YUJGG-S8HUH-L9K3B-EUCHX,None
MHF23-W491P-SDBYL-8TBEY,None
PR2FC-ZQGEX-MAEIT-FJ6ZO,None
IKVAS-GZX2X-T1YWZ-Z4FI7,None
RYSVS-G90TC-LYGFD-WSGTS,None
JVFKT-YPUUT-MVA5O-PHHSD,None
THZDT-7NNRX-T6WQI-WVXOJ,None
KRSBA-W4SSH-J9GJK-P6XLY,None
JGVGS-MFMLY-PW5WD-LFLWD,None
BHBQU-YQY4G-VHI3O-MAU4B,None
MOBTS-UHYQS-CGRLJ-TUE08,None
IMRGD-CSCTJ-ZRMZ3-655R7,None
RMUCG-G5JEK-ZWTKN-LDOFW,None
OKPHE-MF287-PCQSA-2JBPF,None
ZXDXH-KOOXQ-RCANI-SNL2E,None
2M5YW-FMZ5Y-QXEKG-DXYFB,None
CT2LH-X8N5W-6LU6A-Y84S9,None
OPRPN-TXMTL-TXW18-H1UND,None
OXEIC-S4YXR-ZTH8Z-ZPDCG,None
5CHJX-R5ZIC-VA56F-RG1YC,None
VYRXS-H0RJO-Q3YBT-QQOEC,None
0EHUB-5ZW3T-BDMKQ-ZWBTQ,None
AFQHR-8HYCR-RS6QO-QXJER,None
DU1RC-1RY2Y-YOXJ1-K5QVO,None
ZKMDA-5NER6-EEYL9-ZMR0G,None
LPDKU-EWJBS-M7PUA-0ZMND,None
LJESB-YWEC7-ER4EO-JYOBU,None
CFFYL-LVKVT-YMRBQ-0TRGF,None
RESAZ-MZ859-KB5EO-UQIH2,None
YF8E8-YCAXM-QBQYA-B0X6G,None
XAWUD-BZHG5-NTFDB-XJBVF,None
EBSZE-SATJY-6ZA5I-BAKCI,None
S4LKJ-EX9ID-1A8CI-KGFQG,None
KWQHW-A2XV6-ABCLR-SYUFH,None
UZLQT-R4HNQ-M8B7A-NYCFF,None
LKGN6-86PAY-AGRVH-DSS43,None
DFCNW-BAQ73-NKHP9-OBTOS,None
U34CR-LVKLH-RZCA6-GZRM6,None
6MKZG-KVSNX-ZONRY-ZOL08,None
H4IUP-ZCQDX-JFZWK-2RCVJ,None
LTTVD-YYYWY-FHAP7-MPUAF,None
TNESF-VTJ5W-DFHAB-73AAH,None
BTTUR-YWCBU-BLRXY-FKODT,None
QYEO6-DNCGU-ZY28P-WVELG,None
UV5ZL-9FFV5-5T1SQ-FXNGJ,None
VUCDM-YFV0G-O4MZB-OHRLL,None
70NPE-82UKV-RSUMP-WH4GU,None
AKFCZ-KHJFC-UAI7Z-ZUOI3,None
EKDOD-VG1YO-EDSMX-QLM8D,None
CEPIO-CYZ3C-9LDH3-M8I3Q,None
JF7Z8-LG8DA-WZ5Y8-DYPIP,None
MDQXV-P9ZWA-BHSKK-IDZWI,None
WGT06-5JQHL-TQSBI-WMYZL,None
MBRPA-NA4ZV-LTDAH-EOVTU,None
ZK4BM-HZXDB-0EUTK-7IMK1,None
Z7IJL-PKLDP-BMVKL-7BRZ5,None
5GHIU-DOAQT-NUU9M-3BO0C,None
RGTEZ-YD2XT-EIUXS-1IQHB,None
QPWAJ-4LHT6-NGVTO-KDHYE,None
PH8TP-YRIP9-K6RX2-5ICFL,None
XJHQB-HOOCD-6XM2Y-JUDEP,None
7FG7Z-IT43Z-YHCIF-QDZU3,None
PWZLH-Z6CPB-ZMCCZ-23DE0,None
LHIZ1-HVDEJ-YYVJC-GRC9P,None
GAHHH-L4QCT-46A88-2PQ8Q,None
ANGPU-OEENL-QISQH-RWLTC,None
M5YR7-EREJE-R0GCB-8RNBU,None
ODYQS-RKDMQ-SZZIE-IVRWV,None
UPSCB-ZKBWH-OQQQC-QQDWH,None
XJXM9-TDA5P-OCYLD-LIW5K,None
HSVN5-V5KYW-DCEES-JAJB3,None
HHYWB-Y0CGF-4CSRN-NWV1Z,None
SHOLP-TBAP6-OOP4N-TYSYC,None
8UL9I-CS2BW-OVFHF-6FBJU,None
OVEZH-KQFCU-2JOP5-FGYLM,None
2T1EB-L5XKZ-BIRZQ-BRJDK,None
ZS2YZ-1DFQK-BR44Q-DX64N,None
FPYNE-JWNZY-PUDDS-RNAG6,None
0MA7A-44T5X-QJS7B-PUSIH,None
L7FY8-OWWJB-S1J7B-AEZLP,None
9OLVQ-C2JOS-A63OD-JUJQD,None
TT0NR-RVD4Y-H0NZ4-4HLE0,None
EMZOI-CTS7I-AFDMD-VFJS2,None
LRCYR-9FQPX-M38WT-J2MP8,None
5ZMMU-KIIBB-YLDG6-8XAVH,None
QELWG-EHZHI-F0FEZ-CP8CE,None
9ZR3T-HVMJI-IVZEP-GAIFB,None
SS6UQ-JAVOZ-5Q2CG-0PHXR,None
4ZJVE-46YUH-UB4UQ-YZUET,None
9HEOT-6KC86-GBSKX-ILVXA,None
YKVOJ-EAODZ-XSNS1-OJHCE,None
WMN1Z-R8ZS8-K4MWS-YRMNN,None
QH16H-BWHDX-6DU6T-7LRZX,None
U9DCT-UM4DY-2TL1J-GTZFU,None
Z5MWU-CTSXM-MMDNU-C3E4N,None
1GLQ9-VA75H-AOUDM-MQUFL,None
PYOPI-EMN0D-QYTJ9-QPCRU,None
Q5YZE-99ZFF-J7LXO-YIEAB,None
GL8WS-UMYEX-QJMW8-SXJHJ,None
BIERS-PJXKL-OQBJ7-JQHYM,None
CHYWS-93BC6-T9XDX-J0NPD,None
HDVYN-S6H7R-PCGBC-EAJTL,None
8TB6E-YRKUG-MIZNS-7019W,None
SIMMY-WJAYI-MXITQ-GOOK6,None
T4X20-ERVLH-GWGKK-YS7GQ,None
VCVT3-V6W8P-AXAX1-TBPV6,None
RWMAT-RFZKX-VLXUE-CFD5Y,None
LKQSO-JSHEE-YDRGN-MHGKO,None
NTJTU-K7CJR-3XCDA-P27ZJ,None
AFQQV-J3FWI-IFGCY-7JAL5,None
SO6WK-ZIKG8-5TL7E-HTKCP,None
PL0S0-LRLOB-WF6BT-LNSOC,None
NY8KR-SRHFH-LOKJR-KT2UR,None
JLAWV-SHEMM-6WCM1-LK7ZX,None
BQQAE-CVFJX-LQQ8K-GWTM4,None
XSIYI-CIF11-OHXEV-XW8NG,None
YLPV0-XLYXQ-7WCJY-PN6S1,None
O3WN9-K2QD9-PF2KA-ZPVQC,None
LPCCQ-9OTBU-SI97M-B21VA,None
WUVA4-PXWTS-2D4QD-M7PN2,None
JTPOX-ZTBFJ-45QUJ-VQPD8,None
KNWRW-9WROC-H0EC5-L38CW,None
WIKCJ-F0M62-J7QPA-QNZON,None
XAQQZ-0APZW-SEGFG-XSOJ0,None
MRH1E-ZOWNG-AR55L-5R6PZ,None
AW45M-KOESF-WT1FD-IBBFA,None
WSVOE-RLGKO-JL8XE-C3GSE,None
TVXVY-MCZNI-DVGMJ-YOMKK,None
HC1P8-EFEKU-MXXJN-XWGSV,None
VQLET-ACQBK-HRHYZ-L1JIW,None
IQRBO-DDEDH-OQS2P-BE7TX,None
JAFKX-KHV87-XSLL6-WAMDV,None
95SYZ-YLKX7-64J9L-7BKUV,None
HJERX-FFM5S-ERAL2-R2RUX,None
CGDQV-BEZ4K-6C0ZM-FQIXZ,None
EWO14-M33GE-4P4FF-X3UG3,None
9J4YW-2XIER-JM2SR-QSEEJ,None
ZPITK-YPOJM-SSBPE-BIRRV,None
OSFK3-XRRCF-8RO9B-4Q8EZ,None
3WIKR-EYNXX-3HZZA-EIMQG,None
JR0K0-Y70XE-QXDMD-FMEJ7,None
VRDFG-QV5CG-PNSNN-YJCRZ,None
K7IPX-F9FEL-7RUTJ-GDTXR,None
P44W6-JXJME-9QVS5-V7TOW,None
UX32Q-8AU4O-8O0ZK-YDM7Q,None
HNKL1-0XN8H-NGSQP-HE45I,None
G0FYD-E2C67-UBO5C-FQVD2,None
KQHEX-AR76M-LS1OQ-AMHA5,None
SZREH-VPZUE-N7CYA-6ZSRV,None
IX4FQ-BXOV5-0MMNT-U8RH3,None
Y0UR3-VNAG5-RACHE-E8AD6,None
QCHW8-JHORW-WB4B6-YIIED,None
ZO9I1-KXR6L-RM6NM-WKAYS,None
GX8CD-G2OJW-YEBJR-FYRMX,None
UUBEU-HBIPQ-0ME7G-DY9LQ,None
4TRTH-LZ8AB-ZWVXC-AKE4X,None
MXHPG-XXHVY-ZLEHH-FQ6A0,None
YHURM-7WVQL-PXQCO-VND3A,None
3Z4Z5-YAYFZ-KWQJW-ODDO8,None
G4DJD-DZUQD-DCNBW-GIME0,None
X1B2D-AKE6U-JJBKB-PIUGI,None
S2XHC-Z0TYU-P0KDG-5P5SV,None
JIL6E-9N5C1-MR4MF-EGTJN,None
U5XFK-RLRKK-SY2LF-QNHSM,None
F7FWL-UMRRN-DL9ZI-KTYBO,None
UMIPU-KO8W7-ANGZS-BHQPC,None
2YEZU-K5PI5-ENFGN-EZOBO,None
GZUV5-RACRK-VHUJH-ULSX3,None
MDEBJ-FBA6R-GZ4BV-3EPF2,None
XWICO-7B69G-WDMRX-LTZEG,None
TRUAK-JGYIX-XUL3J-RBJBI,None
PVOLR-ZOKN4-UQZ4S-VTYT5,None
ECKZY-PUV8J-EHZ0Z-ZTGTY,None
GPMDV-7LFMC-K6KJB-GO8F4,None
CHSKG-UFYJW-HOMG5-IHDDE,None
2TXM6-2HABT-BK5GG-KO0EG,None
ZGM94-YHKF6-DHPOB-ECK0P,None
EDHYC-7AQZD-5FLRJ-ZEN2Q,None
AAXSM-XG5BZ-TOA3H-0KQND,None
YBMGN-8RN3K-EQFJI-XCDIU,None
QMG6G-RAWMA-UHX5Q-HYCIN,None
FSVXL-JUQQF-ODUGW-EXQ6K,None
UEFZQ-UEYIH-XKRLV-TW43A,None
L5LWH-KCQ95-TALIE-QQADP,None
FRLLQ-NGYIS-CJRZI-UQNXH,None
G8DKW-I3EZB-HE46W-GEEHF,None
ZU13H-LP4CM-CSYE6-JQXMH,None
7YBXW-OH8YU-MPIQH-TTNPZ,None
17JZ4-VREWV-JRATP-GZFB4,None
GUOYX-GRPBO-GDZZI-SWP6S,None
HOXUU-HGASL-YDVVX-2X5SE,None
AXQNH-1U0W9-BBEH3-IJ6IM,None
WKYLT-IZESU-SRC5N-GTGC5,None
YPQUS-YNK2L-A4VK9-9IHV6,None
DEDVH-UYTBH-8SZLD-MECXT,None
RGPFY-4VMM8-W4X5S-LSLBC,None
HVXBP-Y3AQA-4HPW9-HN3TV,None
BTYJX-4MQRF-UBF4H-BK8GP,None
MWOGK-YAEGI-E7SOS-ZKE3L,None
OM89P-WFCIO-XXQYO-DAH5T,None
5G8OG-ZXGSP-XWH0B-HDPJB,None
BZRXP-SULMD-5ZVJU-VNXEI,None
KECKN-IHKMD-ROKG3-YW4Q4,None
GWJWJ-UVPDV-ASVOQ-SY2YB,None
NDAWP-ZJFAI-RQ4LE-TVLM2,None
YT6XY-IX7LM-OGLA6-EPCI4,None
EVKE7-1ZFCY-00IG7-ZGEU3,None
0KZX6-KIP6A-RSKUQ-5HESJ,None
PCQTU-KZXAD-YAYMS-GBR3P,None
TSLRF-3THFD-GMVWN-HCGR2,None
HUGVD-VP8PO-0WCBZ-OZGFO,None
BDVKA-FL0CD-MRHZQ-RMZJ0,None
RPZEN-1SZUP-AWOGQ-ZBOIL,None
URXPF-1XSJL-10H7V-YGFOJ,None
TFNOL-XGMFM-NFJRI-Y1KTS,None
9NVHQ-52LRT-5CBSV-TM855,None
OYOI3-ROGBP-AV9BZ-T5IL4,None
AS8AU-8BRJD-7QJ8F-JXMHF,None
UNFTK-UZZN5-SIJTY-TWFKA,None
JSUNG-YLA1K-3Z5YX-J2UIH,None
AAGOX-N3K6I-RUH0W-QUWMH,None
JVYKE-G3W4E-LLTEW-XM24I,None
RJHLB-YFLPP-UP8YN-PWKUT,None
NVPCX-IYFWO-SUNLJ-G3CNI,None
DJCVM-NCZYO-0M27N-EQ0NQ,None
EJOS5-XLSDD-GBJSB-VYZTT,None
8RNPD-HUMS1-VICGS-Y56RE,None
V0U3W-AWEJT-B5GGO-NCBAG,None
DJBJ9-EVY6W-9UY2M-HDTJ9,None
QSPU0-VQCCU-VLZJO-8P7LA,None
JPD8B-W4FCG-7SG0O-7Y3BF,None
XUNFQ-HVE1K-5WOSQ-5FUAI,None
FV5JB-WAJPZ-JIZMT-ZC8CX,None
WTQRB-71CBH-TBBZY-A406T,None
B2QTM-06ZJG-RYRR8-RO133,None
YJLQJ-CE7MF-BIFIV-8JXOX,None
MMUBO-JF72I-EILPM-3N9SD,None
RYVNG-1TDZB-2I1HR-O1SDX,None
YPSYI-BRQJW-LSGJ1-OABOP,None
DS563-KSEE9-KBZ1Q-F4AXV,None
6LM4Q-66IZE-SMJEJ-MB2DZ,None
DTANY-0KGNQ-MMHEK-USKL4,None
GTGB2-PLG2V-0Q6GQ-B4YM5,None
75QPE-QIRFJ-YM9OQ-JML4W,None
IQKQX-PQ5OL-U7FZI-ATXYN,None
D5OIS-SHG8O-BTFC2-HIO09,None
3ZDTP-AIBWJ-BLALK-MMDMP,None
VBDSD-6SNAW-QX0PY-DN1GZ,None
XPKJD-SXRXU-9ZI3E-AS0KN,None
ICQA8-CCDMD-SISDX-7BD1K,None
JYIYV-2PCBS-QXJT3-PWX2V,None
QKRUJ-EM8KG-SCIZI-SF81P,None
DBSY7-03G7T-GUHTK-FVQ2M,None
O24CT-KMOA5-VSLIV-FPZQB,None
3YU10-H8VRJ-3H2XQ-C7MVN,None
6RTNA-SCUQM-ZH3JD-YMMVN,None
1J82R-ULIKJ-XREHY-NLISF,None
WZ0MV-TACZ6-HBDFD-CGXVK,None
TKJK0-9SX8Y-FPNON-X2GHP,None
TR6LG-GYYKG-CB1YO-YYCCZ,None
S58KV-KR62E-ZMDUF-CC54Z,None
IMJL3-TTTC7-PBRJ0-4YGPD,None
UGJOF-CBW9R-4TGEY-EUV72,None
BGYJG-HM0L6-2AFBR-JOB0A,None
XT0EA-TTRZS-VDCIP-UEAOK,None
FX7UH-UTYAN-CCEE3-KXGQM,None
BVJLS-P6HR8-XUYFP-PVCEF,None
RESHD-PBDUN-YUBYV-MIV6D,None
ZSS3W-SXEUX-0RGRC-LYFGB,None
LJUK3-AHZEP-YE5HR-L5RGB,None
RUORK-XBOT4-JYHEW-RZVIF,None
WNFU3-XUODF-69RCG-8EOVM,None
OGDPS-JXZEI-7IIY9-XBJMX,None
43UUV-JOSRI-D2FRD-QOQCI,None
GV8NE-CUO3D-ONH07-TVH21,None
STPRQ-0FZBZ-CBDNU-4AGI5,None
4EM2U-VTN9Q-UULQR-FZGAW,None
1VC75-C2A3S-TKGTJ-A8O09,None
81BQG-KTQJC-0KB9Z-CPN4P,None
63VI0-OKRFV-TUV6I-YZTXO,None
MPJMJ-0437Q-NBSX0-SFBRK,None
QWPRW-YSM6N-JW5ZP-S1NIQ,None
GRU4T-XLFSL-QNRLD-2600R,None
8FD1K-EREJI-CEOHZ-BTSVW,None
F0OLI-DZ7FW-LSEMX-ZR4AR,None
E4GQD-9J9GQ-RB7XO-8C1NO,None
HUMQ0-ZGQNL-5PKX3-L7EDS,None
JV2JR-NSSYQ-OAHJ3-Y5WAF,None
UXAB1-C7TMN-YHRLT-RUBGR,None
QNXNU-HTJSZ-IZOUU-J82OC,None
UGE3I-UW78V-6EIWO-6RN8U,None
EEYX2-F1D7G-IKLZK-BDOH0,None
YZYAO-5YJZV-KP042-EWNN9,None
CBBAA-XNOJY-QYQWI-HS519,None
5HXHI-C1RVK-LOFHY-ZDXDR,None
NCYOX-SSWEX-FOU69-UWS4Z,None
YVLXN-LSPLF-JDNGX-0RVWY,None
WOH84-8PHDY-HJTU6-6DSS8,None
BAKIB-OD5TN-DUHWN-F7QGT,None
5NYCI-IDGBN-T3OFB-S1KWY,None
MW8H3-ONDZJ-JF3XE-NDCZV,None
UY3NZ-VL1CV-2VIQW-QTJOR,None
HQB5J-ISBWF-3SKCA-AKNAO,None
AJ9XB-LFESK-SS3QW-2SZ7C,None
PUBHU-WYC1F-DHTG7-5JO77,None
ILBS0-TA1SP-QM1QS-LT71K,None
KV5AG-BZAI8-VBRFF-B0N5H,None
CLWXZ-XZYGF-N87DX-YKCCN,None
3BKYJ-VECFU-ZHELD-TAW5G,None
RYE7F-UR8WN-3EJKH-FIPPI,None
5WIYV-MBJNY-L5UNY-4CPX6,None
XV33W-ICF4X-E66FD-EJ65G,None
66O7T-BI4WE-O6UJK-LB3IH,None
QD22L-K4DMW-QSUYJ-TL0J7,None
1DA6P-5HCBM-SWIU4-PMKNG,None
VYQNQ-LO3RA-KVUOC-GIQI0,None
O60RB-DBHAP-C2ZTF-EMKDY,None
G6AIO-O4Q4K-K2SIV-GQXC7,None
7HQWC-Y8GNK-CKYH8-TJU69,None
LAGED-NQ8XU-WWD1G-RGXF0,None
EGQZT-ESY8V-EDEOQ-DHDER,None
51E1G-TQGI1-V4XGL-EZXDV,None
AKYTR-BHJW3-IALKT-KF5PY,None
L86YT-NF1H2-UZT6N-SJVBS,None
KLMGH-TVCKW-ZXZ3A-INEK7,None
AGFC9-8XYNP-F6NNM-SILTQ,None
VATMJ-6GFVY-USDYJ-EHGLK,None
MYEVO-T1NLJ-WGFGT-EHEDK,None
ATWJ2-NTYZS-TUJ5N-PPMQV,None
N2NDJ-4OLMD-Y7AAH-RC4TE,None
FXQHI-BSOU1-4DXV4-MWRCU,None
4FAAI-2G1XL-0PQET-ZRIGT,None
KPLMF-ESM6W-TJIYR-HUHI4,None
KRGPL-0VKJB-B8DRJ-MVFKI,None
4PPOE-1IWS0-RTTE5-TTRUT,None
4TBT4-A9QFQ-NBQKX-QAWYX,None
IJAF2-LC3G3-PGMWS-CGACF,None
LV7VT-JFPXG-ZTAWY-FEDPI,None
KZE96-C2IDV-CCUPN-GDABU,None
UJYE4-PCJYI-U59LZ-PCU3F,None
VTBZZ-GSXY0-FBPOY-56FHP,None
F60XD-MBE8O-XBMQQ-BQLDL,None
U4425-59JJZ-QRCYW-MHJLX,None
J0NWJ-KOTYP-RUMAP-3OZTD,None
MZFKQ-Q1EIU-VNYHZ-K7RG7,None
V9INB-VQWT3-NLPIA-RBG8H,None
DDIFC-UEYVG-WL5TR-TMMXK,None
2PKFW-7EXE8-8QOTF-UPDHQ,None
YUUZX-COTH2-GDKVW-U91XZ,None
GDMSC-1ROD1-NDFAI-TJSMW,None
SH7VH-LNRQY-14DY7-SHLXF,None
Z8HFD-DRF2P-SW8MF-LTM9S,None
D4W1R-SRBXJ-QKW50-EYG2Y,None
QUERG-SZU1E-M6ZAN-CJRZC,None
JRLVT-TESAU-25QNQ-B76BC,None
2MBNT-VIFNL-QLDC2-6K4G0,None
TQPA5-CBXFI-BNJRL-ZFNMX,None
X1QIM-PNBTL-7T93G-IEJM2,None
KXHVF-6WWJS-TWWXH-WL52K,None
IECXZ-7FIMJ-E8BFU-MDYHH,None
B3OR0-D8MPI-FW1MF-YVL1N,None
ZMTWM-UK8MO-BEGRX-OJIC5,None
QPW3Q-DPT4Y-MD4WO-FCDRS,None
W7ORH-Q0YFP-7NK5D-QFIWR,None
XMQJV-CKDDM-FHYER-GWCGN,None
JVDCN-RZG0L-ONVFB-U6UBC,None
JEVQG-EDKIB-JC9UU-3LTGK,None
GIK0Z-2WHWS-MGMLJ-ISUV8,None
SJXQ5-X82KG-K3WLM-K64D3,None
RBZOP-QNAF5-XOZOV-NNV0B,None
OO8SR-7KSLY-VZTVJ-EUH4Y,None
NACJI-YOWFT-V22MD-IT1BK,None
LFEUN-PT3QD-74IG0-DTWOJ,None
Q9DWU-PCGK6-D5K3U-R0M4Z,None
83SBD-XBOWY-91Q2Y-JCH4C,None
7Q1CI-P35FZ-XGNHB-TYB1D,None
4KJN3-VTZZC-EHHK3-TH0PU,None
QRSAP-X6BRM-IBCQD-8DSLQ,None
ZSIL9-9YHHX-KQDBP-NDA5Q,None
X2SPO-ADTCS-DE1QL-UGZI9,None
XMR4P-JIVIH-F1G7W-BFVUA,None
2SL8Y-ZSMSG-V01EV-UMWDU,None
GNWHX-RTAJY-3VAOV-415OM,None
T4FTY-FHSRR-HJED2-XGNSS,None
IRTZ6-CYXPK-M6CIT-SEJWA,None
2DHMW-WWQ1O-TER4S-BQRPU,None
1GU9K-2OJH4-BJFE8-HPYNG,None
QKSS0-AG8II-GNRFY-Z46N4,None
IEK0B-W6CBQ-A5S3Y-B3BJE,None
MRRSS-6G3HW-OYMCJ-HGPEI,None
6NPLH-5LSPF-HYKKP-RVJNL,None
ZWTAT-YLZEG-KDTGM-EVAXF,None
MXDU7-Y4EIK-QZF5Z-CMO06,None
EGFKW-BMBFA-ZU0X2-7FW7W,None
3EOEN-A9T9E-J8S6V-SEH0X,None
VEPM2-NBDF0-IWJ9T-0WQFF,None
MMTOK-LGGLW-NSQRL-POK8I,None
LN69Y-0RDKA-KWMVV-OYYSH,None
QLJ3E-2T8NM-FFCS3-QV7JC,None
D3CWA-TUBDE-QQ0GD-QYXAG,None
VYS4B-2JZI6-VCOCV-2QMK9,None
8ZHEH-ZMXLN-AS6HX-ECQFP,None
DGBDG-CTT44-DGV8P-YOOWH,None
WTUE1-PGTVB-95YL8-FLBCN,None
C59QX-ITBXX-S2C2B-O8XLV,None
PZ9GO-E3OB3-KGLSI-URLGE,None
MXOQN-QPQKF-MTJXG-BJZNT,None
8BAZ3-IIMPZ-ONFDC-YOWT0,None
XSKXD-DN9YS-EPXY0-DYCHO,None
YHMN9-G8ORK-FQO5V-NVCOI,None
NAKIX-QZ3MG-DONRS-789JD,None
SZDCC-HN8MA-PLJ6L-YL34L,None
S0HPQ-NFMID-MIKCH-CZA92,None
CETBW-HDXMB-MCBYZ-JZQRQ,None
NOFLO-X7D8C-UFWI7-GP7AM,None
EB1XT-D6EME-2AXDK-5VTEK,None
QWC5Y-NUT0R-0NDGE-VDVQW,None
GRACT-F04KM-ZU08N-0ZMZL,None
EVIW9-Z6BNT-2BNUY-0NN3G,None
1UEYD-Y1DLL-WHCNV-GHTT0,None
WTACW-HXZ9I-OSQCU-PTW7M,None
2AGXD-JEFBB-KCAZA-OLKFY,None
70JGL-XWQDN-CAZYN-4NK5A,None
4ZDKH-VNEDJ-0X0IX-WK90P,None
EM0TF-FPCMA-ZA4BC-TQTPP,None
VDVXA-QRGTH-HALKI-OTLG4,None
8CAET-TQTJF-691KX-7CO9I,None
OQIUD-PMI3U-VE9SI-RVQZ9,None
XAROH-02ZIP-SRGCP-DUFAQ,None
W3XRJ-7MSIC-JMJXK-BVSLR,None
2HASO-44PSB-QLVHX-MQUYY,None
Q5US0-SMUGN-RXVVV-ZW0A2,None
X02H9-FZIHP-G5QKS-LUJRC,None
LO52X-SGSJ0-1RGH9-L9YT3,None
Q4AY4-ZV79L-8D02K-EBELW,None
SD1PH-OJAUJ-GHXFF-78T65,None
TQKLT-DSSG6-LUDTC-O81PN,None
PUYV1-EGGHX-DA4QO-ZHOEY,None
YDPFT-VSOGU-4WEBP-Q79ZE,None
6Q6GZ-S7HZE-0X5LW-JUFFW,None
7LGMC-OOSSE-1AXFJ-MGCJR,None
U2CS8-TQNXA-716F2-HEN3U,None
GIKMR-WYSFZ-OD7LG-HSWMQ,None
C6TIW-JKRMA-ANAWA-5HIIB,None
JTA6D-3MRE3-CGULC-SST4Z,None
FHAD4-OHDPE-Q4UMI-C3OWM,None
UDEQ1-KRFNR-L4FZ3-B48CM,None
TGAXD-U7ZRA-TI0YK-L6BEH,None
HXSUP-LXYHZ-KCKUA-FVKOQ,None
BSDBH-4FHMX-CSEWG-GKHZA,None
NS6M1-JHBX0-5FD0T-M8DWJ,None
SSUAU-BIN1V-09EYW-QPHYW,None
BRTQA-S14MI-DW1EO-Q4YYD,None
YHNVA-T7PXS-THI4X-BFUEL,None
FUCOR-3JDEV-QSRIQ-BUJGV,None
VBDU7-UV2AS-JCXQF-CKMVN,None
K7E9X-1C6ZR-TJBOX-GTAVF,None
L93WT-PWWTC-PGMEV-J0QG8,None
WXVVH-PAQVM-V5NDS-L6PBW,None
OVQFV-1TM8D-4XUJL-2THIL,None
3YMPD-52UNZ-OXNCF-FQOXC,None
E8JV3-J9JHJ-S3DKP-1UTKH,None
SFKR2-YHQV2-G3EFA-PCSF8,None
PKU8G-FSAXW-CC7WE-S9OPB,None
5PFVE-GF3EL-OTTJX-OAXVL,None
PEYWP-ZI8ML-Y1GPD-7WLTC,None
APYXA-BTZON-DCUGR-USIDE,None
1LDNY-WWEXY-7ENJC-TU5JB,None
UHEM5-5ARSP-UJBFA-2U3EO,None
QGKRA-TR1XM-9IUFU-QXGIO,None
GVIIQ-82PWR-F89VG-YQN8F,None
ZW5UL-MAT2B-OD9CE-KLRBJ,None
LHX0L-KT61Y-IOHJT-IOQW7,None
1WAYE-GK4EW-0OPUK-MOGRO,None
T6YOV-7ELWB-GS12S-ID7FH,None
09D2Y-FDV1D-QZNL3-XEAW3,None
TKMN3-5SKXD-O3PYP-IGOGN,None
4DXFJ-4BPAF-DWQBR-LLL57,None
0WSEE-7EQUP-IA6RU-GLKAB,None
TTI5Y-UFLEJ-K3DYJ-TAFCA,None
GMDKS-PQJAZ-OT9KH-LPDNJ,None
G1JVU-JOEYT-CZSJE-JIO9N,None
MKZD6-HIZFJ-MURMU-ON0TY,None
PMVTY-WUSGO-TIP5Y-L5S2W,None
OYZ0L-ACJEZ-MAGYO-1GF5S,None
NA4CM-1UPDN-3DF7B-E8LTH,None
OZIAT-4HLDW-EINEX-VHBOB,None
SJEB1-GJSNQ-8ZRNG-QDNSH,None
IDLRD-FYBPH-3TM0V-RQFSQ,None
X28UN-MLXFZ-KY7VR-VV1RJ,None
F6NOX-FA9CP-ZXJQT-XPVQA,None
XCUPY-BSUEB-QSRRN-1FD9O,None
OCO2S-2BBGM-PYJSJ-LRVZE,None
SW7Z0-NZPRO-BEUHQ-H6YEH,None
5XHYA-P7MMU-9NMIH-BBNZW,None
QIGEX-NLUPI-UMJWA-JU4H7,None
2EEZC-Z5T9O-RCRNQ-6N11U,None
HUIGZ-CAEKZ-9QC9L-KMPSX,None
NTVTM-EYOF3-YBBKG-DG8DS,None
S6EKT-X2RUW-Y0ACO-S7OFP,None
N7NV8-ERJJE-CGOVT-OXQVR,None
O7BHY-64RL2-3FG5H-PUBYJ,None
OKGZN-PAYEZ-VR9CP-EZXRF,None
ROVFK-2EFOQ-PI7GX-TDNUJ,None
XXRTR-8J9W9-HJNEM-PDZCZ,None
E09PF-WA4PC-TT26L-BBOUU,None
XVLPY-I3VB2-VTOW9-7QQXV,None
BBUSE-MX8H9-VGDT4-0JKIC,None
SDW7V-4TAVU-RZUTW-OFGEL,None
POOPX-S22ED-LNC61-F2TQR,None
O2QIU-H5S70-S9T9H-TXF6A,None
NNOZT-OIKPH-FGOMX-5TINP,None
XSPPF-XBOW4-DDH4M-TVFWX,None
NVLF6-ZHTJV-Z7RJQ-DNA4U,None
THAWL-1ZAMK-UANXN-VB7LR,None
AJQCF-YKQ3R-I40XP-PIGYD,None
PJNZO-SUVLN-XOPI8-OHROJ,None
X8HDT-6CYJG-I0M1K-RYWMA,None
SVYFS-C0CUG-7WG3B-AKHGJ,None
JUJQE-WTQY6-5GL0Y-Z40JV,None
NPCGV-O1ITM-PIQVO-UGSPD,None
UIUYM-QJQ0B-A9ZXI-PKAGB,None
B4MCX-ZZGIR-CM1AT-VUZ4G,None
ANCIS-VG0NM-MKXCA-RJOQC,None
JE1MG-P1LBL-JHCP1-3KKBL,None
DMTT3-RAS8T-MXLB9-G09FC,None
0OWD1-NQWM8-AGX8N-EKJJS,None
3EKPV-7BPZG-GT4ZZ-YKGPJ,None
SFDOC-2MTKJ-CHSIX-YS0Y9,None
YJXVN-JZGWJ-RZARR-D5ZK6,None
ZIDVE-FT1PS-QUERF-MEV22,None
LZKB2-CKLZP-M2AO6-JPSW5,None
JUW5O-WC1NQ-UBXZG-E8MBX,None
U9GBS-WIKAN-XNADC-KIE9Q,None
TBBLN-0GWIR-1JNSC-DLAOI,None
3LRJQ-DU0KD-GKAZS-VQBGA,None
J7H6S-16IMR-SHRRW-BUJTY,None
XUGGI-3OCRL-3VTGV-RC4US,None
SDPKL-5VISN-HGJ7N-PX0N0,None
SMAPB-IWSI8-YTHFU-PZ7MD,None
LWGVA-OVQXM-NRZFK-TDJZO,None
ETSOJ-TEPO7-RE3UP-N6UHU,None
ELHPN-KCAB8-VE98H-SYW9O,None
SEHIW-XPJAE-GWUMN-RMCSR,None
UN7MQ-4ODMQ-EGXJY-ZD1XG,None
P1PW3-LJLNI-DWQQ4-EM1JI,None
NM4J1-KBCZA-YKCEC-SYO5I,None
KUYVX-1VGJB-EYDSI-7RPRN,None
SAZYX-49ZU3-RDTQQ-VER34,None
N0RPI-TJBEN-EOIVK-FI0LT,None
TTN3F-VV8NS-IAHHZ-T45UG,None
HJ3AU-CBIIF-SX7AV-CXEKL,None
LOPR2-TDXD7-RB6P2-BI3PD,None
P6KEV-8OPO0-I3FGB-TVAU1,None
GAXXE-DVYMA-LHNKS-QR26U,None
MFU4T-C90PH-RFGEY-XQN1Y,None
KUOEO-EMZJK-FFSFM-VIRZ1,None
GK3ET-0MLZQ-FCCOK-G6SQY,None
ATXWK-NPIIO-OCCJO-ISBEB,None
TJ9MB-AZY07-4DQAH-WXDYO,None
Q0OAA-PFPKS-TRB9A-X3PJX,None
KOLWQ-KYXHC-FNZEQ-O2DQQ,None
G5AMU-TTTLM-OADUW-7DBIB,None
8TH08-JKUXS-NNFEF-YR7B9,None
TKZA5-JJHYF-PWMX3-S2KT5,None
EITQF-E5H06-8EL84-4HK8H,None
TZNFT-0VDYL-EVZJU-HKXQS,None
YZWDC-QM7YG-YTMCB-OGVMO,None
SEFJ9-C3CBZ-KZQHP-2IVJN,None
SDKLI-1C4C5-RK0ZE-LURKO,None
2PDVW-IAIPY-JF8H1-OKMBR,None
QZH3P-UPSQV-9N1YC-HELNU,None
SMEGZ-E8FJM-A33WS-3U4L4,None
IC4E5-F0CWE-EZGMR-ITXRO,None
FNV1J-VU4DM-PTX68-OUM8I,None
DB68H-14H4Q-XKL2V-QM9SG,None
TY7UN-ZSBI8-A9V7Q-VSZV5,None
VX9W1-RUESE-DI70D-HMAAO,None
8SA5Z-VG5OF-F3QP3-Q1E0P,None
ZYECO-S96TS-XBDCH-P6M3T,None
P0TWN-KDZNL-REJ2Q-0HQGE,None
CDUY7-WKDGE-WEY2C-JT2V8,None
JB8YO-2556A-ER0F6-AWUBP,None
XCVUB-RUNIA-UKQXN-KMF8J,None
TVVQQ-TQABH-LCXDS-I1SIG,None
XFXPA-LOSWY-O8L3B-WNU6C,None
OFCOE-1HKVU-9EE2T-TVS9R,None
LWC4X-BZ37J-EVFNE-HHFAG,None
YHKO7-WK0E4-QW3YY-KPYXO,None
JMDOQ-UA44X-C0OMG-GF4BG,None
WXNBR-ZGA8C-PWBDW-MWWKD,None
3F8MJ-VMRZD-7JBWX-PCCXE,None
JBC3Z-ZIZSN-QED4Z-M47KK,None
BW6RV-B9RWP-XS8D0-BFWNP,None
ARR3I-PTQIW-CEY9G-OUHVM,None
QQJWU-NSF6O-OITCF-QWFYB,None
Z5FDS-H2VWU-ILJTY-RZI1J,None
ZPDMV-K1ZBN-BGZRC-FP4ZF,None
ZMMIH-KFK22-SWHMU-9DCMJ,None
L6CWX-KAK2G-RHLM8-UUP0R,None
OFX8R-KTMQT-RIFSW-U79HA,None
9UHPL-VGPKQ-XPOK5-XR4UH,None
KBV46-FYLEJ-7B5PA-PTJRY,None
5DBYW-1SWEK-WD6QK-QG06S,None
O5WUR-YYHTU-KLB5G-4KHNO,None
H35D1-WIWQH-T0AX2-BSZDF,None
5DUWL-AAH5C-VMGGB-BSNJT,None
NXMIH-LDFLE-KFFAE-OLZR3,None
QAXMU-WGGCT-R5N8R-FK4Q4,None
EROMG-VLRF9-LPTZ4-ON6ED,None
6R6UF-RA20E-YRFMF-MKA7Y,None
EC49U-N2FLV-0JAVT-B4QAM,None
RFR4Z-V3QID-XWRUK-EN4SC,None
7AQ80-RHQVU-MFJRQ-IDVEO,None
CNXGY-W0AVN-ZFXJU-VSK0A,None
INTE0-YCZWO-JOJ6S-8DZCP,None
VWKG0-VP51P-NP1AA-2WHXO,None
BZ3M1-HCRKO-BV67P-XU9YP,None
6WQK5-VZJK2-2U5FR-D9HVA,None
KPZEB-W6YRL-WPOE8-PRQNT,None
WGGPZ-QU9VO-3Q4CH-HGDKL,None
KLK98-PBDLG-CQPPI-IRDTO,None
6UERS-DRGQ8-SCXTR-GCLUE,None
3OEJH-CHYC7-HSW2W-YOEP9,None
NYVTU-EEFNV-I815C-33HNV,None
IVWNI-WLKXC-ZZMBW-IHLJM,None
WSIMQ-LLUMK-X8ERW-IZZVF,None
67NHZ-BXWI7-SHIS6-O2D8M,None
S61PI-552NH-ZTWRJ-LE89Y,None
3AJG7-XVOFS-H9FWC-ZXSKT,None
NG9BA-VGR7V-FIUEO-WCYS7,None
MDGNX-1MUZI-ZD5RJ-EC7CY,None
KSO5W-MK8JX-Q6O2P-XUW1P,None
9MFFY-DHT2V-KW7RN-NY4VV,None
BIZPL-QXQZK-0MRYJ-NLD5K,None
OBZVH-QNCCK-WXZD9-CTRUP,None
PFDSC-BL6MQ-OUW6X-9CIGI,None
N4NLL-BPZXG-TVOZH-RZ6ND,None
BVQWQ-NOMHY-77ICY-NAUBR,None
FZKZN-MRRCI-GCNA3-VQURW,None
V1FTS-QGVTR-0DR48-7T9VJ,None
9GN2R-8P3OO-SOZQP-MVVSX,None
0Q275-733QJ-MNVUD-3CQM7,None
N5HQG-UO3QV-5MIG6-Q8XBK,None
SHOWP-SEPHM-YVARG-3M0N1,None
IEIRK-DMVDK-1AZAK-VVH34,None
TKOFZ-G88JK-SSGKY-JGEPA,None
P7HSM-DCSSB-CET9X-FU1FY,None
NLA1U-PWAKD-SVFXX-6R7XQ,None
VAORP-QTI6R-RFBDW-OKJE5,None
HQUBM-B8UH8-7BCCJ-UOXAE,None
CBQVM-ETHEL-U5LKB-ZKBHW,None
0PFY2-YHBEW-IEWDD-NOQWH,None
DDKSH-IPNYM-OOGLS-3PBTI,None
Z9FNI-XUJE3-IBRHP-AX5N1,None
FHSH4-NEKXH-EBGTN-BOXOO,None
O8ZSC-ACKFS-D3ZL4-HK4OG,None
MRA3W-ZSEP9-JDLAG-TQCOR,None
T9FMZ-CQAMK-H2XAL-YALSU,None
EYVVQ-JAMQC-OOL2O-SE8YF,None
0GVGR-BYTOF-1KNQ6-SN87L,None
J0DQQ-CGXGI-XBPHP-Z0YAB,None
SSE4C-47PFN-SELLS-IYZXN,None
PU7EO-TCVJR-GHWVK-1TIRD,None
P9MQP-SOXF8-FGNCU-VM2FO,None
KAEM8-M7GHG-9MOLF-IZR97,None
4UMZP-KOVMO-OKC9D-PTSZK,None
NOBXG-VDFPY-8URRI-FYCZS,None
PA2H4-V790H-RRBV8-W3CLO,None
BYXP9-O4XRD-APOLX-RZQHT,None
49CJQ-HIGTT-TUWEY-WGJN7,None
D8741-D4LNA-4ZKY6-PGQJS,None
WWPEA-THQSJ-F0YQH-KBD4B,None
TENLY-O41BM-0CVYW-EIMCR,None
YQABE-RQ5GP-BP65K-U25U9,None
VWDGU-BGABJ-MRY8O-ECLP5,None
RHTDR-HRLBE-1TDED-VRGIK,None
ASYPB-IM0FU-N9FSB-ZPHVS,None
BGQDS-CPKGY-JCZCM-DNNCT,None
TVP9B-V6GMY-CSJHT-D3JAS,None
QS6K4-3VOXM-ZQYCK-WTVUV,None
WL2F8-LIVH3-LM20I-OKUUL,None
PSPXU-RZ7OM-KWXY9-IJFQF,None
STTMZ-ZGJWB-AV2UK-HWDCB,None
RTLLX-COCQX-SEXE8-DLZ0W,None
QD9EW-1BPIS-DZG0S-AE5MH,None
FYHLE-1OMYF-X72PA-XSMKS,None
XC8PZ-WDKFD-WASEL-C0OFC,None
SBOXB-EP3EB-YX3Q8-N6AZA,None
LIONL-GMEKY-JH3HU-J23ZI,None
YVMS1-GZZCC-PQHEI-BZWZ4,None
RHKIR-RZLKK-VYTHL-XXKHX,None
12N3P-RHCB7-JCEI6-NJJSL,None
KKNIK-GWGP3-5Q8RH-3CDJJ,None
AQS13-VFNKL-OUL82-H46RL,None
N8K3C-XK16G-WVS1V-GAVN0,None
FYDZN-18M8K-CTYZB-RQNSC,None
TCDDN-P6KWB-TOQJW-CDQVF,None
EET5F-VRT7R-UVWCY-4RY6W,None
RILIG-PSJDU-COFXO-1PI4Q,None
8L55H-ID5G2-RB7GC-VRPK7,None
2VNRB-8NUHP-J6UAE-UZUAW,None
UZWDS-B62EW-NWMH3-MV0J2,None
KWZYH-ZP4AK-I6DQ4-AVPIP,None
O0EH6-SYHBF-YLB6A-GSFKG,None
OGV1O-PXBMK-QPXCK-GQF2C,None
ITZRO-XGHVZ-HZUMJ-MKRGE,None
06WQH-BU1KO-ZTYLU-JRZUM,None
EQKDE-XLOML-4JHTD-EOPG5,None
LK0VV-LCSBJ-FLZEK-SXFBY,None
GT5HQ-KEY7G-ETWI5-YCVGQ,None
NOXTM-BFFZO-VDLZI-PAADD,None
ZWCSS-6VBZS-JEQOA-YDDII,None
YMMOI-YN3AK-GRXCW-EOGKV,None
SGXST-TSBRN-0AP75-U9LQJ,None
WTQVO-DFU7W-DP3WX-K4UFI,None
W0I9A-FOEZB-ICO8N-DCMHD,None
IGAJR-MW6ZM-0ZWZP-EIYZQ,None
SF6WK-R0ZA2-EFGVP-VD5JO,None
WQ2VP-MBB60-KCYYW-VE5U7,None
LH1VA-NCDJM-ABLDI-FJH8G,None
FJXCM-JWV1E-HBTCP-4HZTK,None
YG0OA-H1FTC-BJE3V-CEHKU,None
ASTBI-NSHXO-JGT2W-GBRAT,None
NTQ9U-WMTYE-C5UKT-VDH1U,None
UKCO0-N2BGU-XY9KZ-4M35P,None
EQ3LV-YE8XX-5KNC4-YKG3M,None
S35VR-0YM78-MCKTJ-VLCX4,None
AY9TQ-FPR0S-QTXAH-W3NPJ,None
BPI4C-SZXXX-1ODK1-PFXTB,None
OSN8X-WVNGE-ETGGF-B7HXJ,None
63V5M-B8DJR-9ITSX-WSG1H,None
G6YVX-IMT0H-B9IVY-OYVOD,None
OJ45C-UY3WC-RHYIG-QYPTQ,None
CGREI-TAKBQ-I5OOD-17UXP,None
6ZWWN-OG3TJ-18NOO-CBDDA,None
OO3AE-5LBRY-WMHOC-4F2HE,None
4GUTQ-MW0WP-FHA6D-JPJNZ,None
B9ONG-PRP6N-UOIDG-QKLGU,None
TQKXA-65OLJ-TSCPT-TXWKP,None
SPANN-WJZXY-QP1RY-V5IA9,None
QPQKL-MWFK9-NPAVX-UTTYP,None
CIJ3J-BHZVE-CXXV7-MOWZZ,None
V56O0-9LCYR-HCWU2-ZE9CQ,None
XQQTO-NX4UE-2OJUW-IBVIH,None
3IKDO-EMRFZ-EBSST-FIXH8,None
UD0OX-S8NFK-CE9PO-QLLJS,None
SBNKS-5NBW5-DTRVG-8XREL,None
UGQH3-KWG1M-WWKDV-ED5JF,None
UKSRX-31MIR-A63MD-L5SAF,None
4TEYN-TGL5B-TGVTV-LA6SH,None
EQCFX-ZSNQJ-QSW0O-S3CZP,None
LYTJA-N8JDS-NA0ZE-HNR0U,None
9ALF8-HAGWA-CCQNV-RKZZK,None
LQJ2E-V1BBI-2B645-Q9XLW,None
DHFHR-BPG5Q-6O365-WENNB,None
IWYWX-LH5KO-QNSYG-UXQYR,None
WMAC8-D9L9K-ETQND-XQ9VG,None
EX9GS-LSAPV-FCE4D-XFT0D,None
OU1DQ-XSD6U-AT4WW-RMZ3H,None
4IELC-GGIUF-HUOWY-09VER,None
4N7MQ-Z5YRL-XHZQO-AWWTO,None
IJXT3-EF1SE-Q1G4R-JVCMN,None
SOWWT-1FSH4-IYDG7-KZCVO,None
AKYGK-F6FNZ-JMFEI-XZC81,None
4QWVJ-BMHQJ-LYQ0D-M3F8C,None
1VVSM-51R4L-YBSOY-87HCN,None
QNBJV-X818R-SK3LG-ZMJJY,None
SOUZT-R9GNA-MVGW7-Z81FN,None
AX0HN-9LUPR-VG4RX-GQUPX,None
JSGQ8-6J3RA-EEVOI-7Z3NN,None
QJKTI-5EWQM-8TRHK-9XUK5,None
90DOD-UNJFJ-XYEDC-AZKHR,None
IZHZG-F29HG-VIJXG-I0CQH,None
AHIZA-ZVQB5-K4IRV-HMYQ3,None
AAV83-CYCYZ-LGSXU-ZYDZI,None
0HXDT-US0E3-LRFG9-I7LNI,None
JQBZD-FDUB5-92BWC-II48X,None
9XNFR-UHKFY-IYJWS-4FPZA,None
XTXJW-4Q2YB-IZYXI-NA4B0,None
H5M1F-72TP4-LDS9F-V0AQM,None
WPQXT-FSZ1W-QCQPM-NICWS,None
P3N7M-CAC8Q-FUBMR-ZMLS0,None
HAYQK-GW0G8-NRK7K-R12OZ,None
YSX9O-PUELH-ZYTOG-MGAEM,None
SD8FC-ZGVZZ-4BZMI-1MKUB,None
JYK2R-5SX8W-QCEOI-5GBGF,None
SCHP7-HU7D4-GE80Y-LGSNB,None
M6RGT-4B3J3-GRZZD-LLLDI,None
ZOVFL-0YFWU-9SQF8-0PRM4,None
ONHSK-OVGTY-45LSH-FGKU3,None
PTERA-YLEK7-H7KJV-SCVSB,None
KA7DW-Y21GL-VEG6C-Q7PRE,None
GA1NB-GAWY1-DXCZX-7CCLI,None
XUJ8L-XEGW8-T7RH1-9COPA,None
3HENX-PTJV0-BG69S-OVNPI,None
WDE2W-ME5MQ-BJJ43-YU0Q2,None
JQHXB-ZYOYN-EKJIE-HADF8,None
2O7R3-FNIPA-AGWW3-B2IVB,None
VJQPM-LNXKL-5GLHV-NTVNO,None
LS8SV-4L6WH-NWLR8-R4Z50,None
ZYVMK-CTY35-8KP53-VRNYL,None
5BUOU-7UBLN-VNKET-GC5JT,None
DEDFK-JQ4TN-IVNIH-2CUDD,None
1JCSF-9O7K5-XQZDV-C4SKX,None
BZKQR-PSZ2I-6PJOE-FAJ6C,None
T0YVK-XVOZW-1WDFU-ODA0S,None
IQ5O5-JPOAS-QEZYE-RGTKG,None
L40JX-FN9DL-QD95V-WBEN9,None
N5AAZ-3REDV-T9X5Z-Q8M9F,None
PBIYJ-XCNXW-SHZLW-R40WA,None
H8KA8-QLOVC-3I8PZ-FYIGW,None
FT6HX-UVD8V-QZV2C-DK6RU,None
49CY2-IUKEJ-CSKW7-3MGB4,None
OL8U1-V3IKV-GDUXB-HMEC3,None
D7SHU-XYFR1-8QFPR-VLVQE,None
LUSJS-2DHKR-JHTSB-ELXVM,None
HOSFL-V6QR1-C94CV-GU5C6,None
LLEQ5-DSR1P-3JZCR-KCIGC,None
O2EAP-FN6WT-XOB30-OVKZR,None
4QIS5-ZFLJM-MD5CM-IEBJY,None
GYM6I-6SO6C-X2GEI-9NTKS,None
V9NE0-CAJGP-W5ME5-77HLH,None
OIEQV-JZWJ3-HVXOT-0SWSM,None
DVW1C-NXEYI-1MJWL-00GJW,None
BVS4D-DLRD2-DYG4Z-SHG9F,None
8TEKK-QND6V-W75TZ-1QO5E,None
UZJBD-ULRJY-HTLWZ-LGQYM,None
FGFUV-M7PTW-19KJO-UKBWW,None
BYE2K-CDKTK-CGAMR-UPRSU,None
WB6KV-4TAQO-R7U5S-I3N4Y,None
9CXTP-Z9XZX-HWAYU-ZMM13,None
OCTHI-RNNN4-RTPXI-MFHMH,None
Y0FV2-6O3OO-LNRZR-TXOGT,None
ZG7ME-8JX0K-DAZTJ-D0LWJ,None
VMYI3-ZRXSK-XRYJJ-KSXKM,None
QWQHS-FLWUS-0MIOV-LTCUA,None
ID5QG-2MKY5-UM8SB-0AOS8,None
FWVQH-FWVNJ-VQ536-PTGGA,None
9ZBKV-JYVCB-SYVQR-Y67ZV,None
HXQY5-RP1BR-NTVBL-A6N39,None
ZKL2X-RVJ2K-3GX96-QJHOP,None
EFPVV-LVJTK-70BES-PUBPS,None
JO167-XDTZO-DFO2G-82W3I,None
AWOWS-OBXCM-6HJBT-J6LID,None
AWNNH-QMYOF-FGERZ-MVPBR,None
FC97Z-HB6LF-0GLOL-MTHZL,None
TWC3Z-UJSSF-ZDRHN-LFQOU,None
4C8HW-HXA05-G9AVJ-0NFDE,None
LP9T1-XMWYD-WCJ4Q-1EJDA,None
ZXYJT-TGS7W-5PHZD-FCI1K,None
Z5YD5-0ZVPU-LNONE-UM7WL,None
Z4NHV-VK3SY-XVU2I-4NKRV,None
PGVCS-BUIPH-2TCU8-DETHJ,None
YQKGN-4W78Q-AS2DK-W0BMM,None
7ONYI-FZ8SE-I7VSP-CQGGT,None
2TH4C-RYKIY-OJ1BB-ZFDMI,None
A5KCL-H5NDP-QFCFZ-XUBGO,None
N1CVP-2J8FH-MB5JR-5GGU5,None
UF8VM-F8IXJ-MYFAA-DNAQZ,None
RMBH3-IJRI3-NIUYV-DAHBE,None
DEFHS-QK2QZ-RRZRN-BNFAE,None
TB26B-2L1TV-NI3HQ-ZZ3QR,None
WZQA8-TWJY2-2DBDP-MMOKN,None
RD4AK-SPFW8-VP9YI-TBYLJ,None
A59VM-4GJW8-VMYUM-B0CWV,None
JT1IO-GGF7M-VSPUV-TGEXE,None
7EPTH-8DDH2-YTDSJ-7ZILX,None
VK6WP-TLANV-V8XLK-UK8PT,None
JUTU1-SKJXO-9ZI6S-GYG6O,None
OKMS4-8KRPD-NQDAW-WRVUQ,None
UMNRQ-JQ9NS-Z0FT3-GXNZB,None
IEHOI-U022J-B5VNC-YZOWT,None
NSH0R-QGJZU-JLVZC-XNBVX,None
6ESUR-QZGON-RS5NY-LDZFX,None
8WBDA-DBQX7-OEINX-IMBI3,None
U75NS-XD71R-IQIE5-JCUOJ,None
EBGM2-BWJGB-GUWFT-GOWYU,None
OVAFA-YX73G-1HAJZ-LJCSJ,None
BAIXD-QB1DV-LQ71A-4BAMR,None
RI7ZP-QVRZJ-2WV7D-MQQWH,None
Q2BZE-0PRYD-ILAEV-AHK9O,None
CRCU7-GIJFU-J1F4Q-3WSPU,None
YHZ7Q-FNTSB-SAOKC-8AKZM,None
N8RHF-FIUX6-WCJS5-92G79,None
NZUL2-8CQZL-YAUVW-MRDZW,None
OTKTF-N4KSG-SJF1L-5RBIC,None
BDFFQ-SLXCI-GO3EO-AKUAK,None
6JQZ4-J7LEA-M6ZA2-RGJHZ,None
EU0IS-4IONZ-N9Q8T-UB81E,None
OK3NZ-YQBRP-UVEAC-1QYOF,None
CRWXD-TCRA0-DGCRM-IRAFR,None
FBRDS-YO5AG-TZOUU-XB20E,None
LHLR2-ZCNJI-T5JLQ-RBBNZ,None
ITBC6-KY5YY-BT94W-CKVVP,None
FJUTS-AXV7A-ID6TE-RMX6D,None
VYAWC-MAFQ3-D0W4T-ELAVR,None
THLSC-JMKNS-4CLQT-XL8HV,None
3YJEM-X18VC-DBBNL-B7IZP,None
2W1CV-64PXQ-ACF97-I0X1D,None
SOIMC-ZJYO8-F36O2-QIH9J,None
Q4NHD-FNOF6-764EH-TAOV2,None
F6G4R-U1AQD-CCAPC-EOXAG,None
O0GXK-BSAKI-WCEPW-WVU72,None
EHEUG-B9KJ5-HATPW-T38UZ,None
5CMWC-NWGML-I6D33-1HEVQ,None
SQIK8-VWWS8-PVVWA-MHBCJ,None
1XY36-DCR05-OSNNT-QON5X,None
VSRP9-OE4VF-DYTXN-1JISX,None
6KY21-ZLRFE-DNWFU-0QRWI,None
ZRPUQ-TNQ8L-FA0TW-U6J1A,None
BROP6-CMEHQ-33LOY-ELSRV,None
QWG0R-FCCZS-JG3SX-PEHBH,None
NYGTG-NZANF-Q34KF-X7DQT,None
8IRMW-PK014-FBMKU-X0SK7,None
629KW-WIBJ5-HMBVT-VBHYG,None
DJXYO-TQQR6-F9TSO-DF6ZC,None
QXLJW-ZBY69-NPMEW-VJYTQ,None
8MKMU-INXBO-EXO7C-7BXMN,None
6Z2TF-1HQH5-QX4AC-87X6X,None
DHANR-U1AP5-HBDIX-JJH0C,None
NIUFY-CNYF7-VKND2-JSZMI,None
7T1JF-HSRJ6-XXHIE-7BEMV,None
2WP6S-SNQT2-NEUHA-DJYLX,None
XJBWW-YLN0C-ITIQO-6DCFB,None
L0ERO-MOXIA-CTKN7-XT6QV,None
ZVN1N-FH4DI-JMIHV-NRNSJ,None
0ON7N-IMCDF-MJV5N-7XW7G,None
OJEA5-FRYQI-ICYUN-W2ZYG,None
UWONI-XY9SV-MCMGJ-JHEUP,None
P15IU-2EU65-GHMYQ-1ZWTJ,None
OF0YF-U5SOF-HHOJH-EQK7F,None
01KDG-E6WYZ-FVUYQ-TRXQM,None
6K9II-YFJ9T-RLNAX-BZNMP,None
CY13B-L62Z9-F0RLM-C2DCQ,None
EU5KB-CQ0UK-JIYPX-HMU8J,None
KNUWH-J40IO-RKN8J-IF15Z,None
LWX3V-AXGUG-WW5EA-QKBUC,None
7JCOY-ZV7TO-UBKY9-KYYY9,None
DOP8M-U9VGM-S6VNS-NBKZW,None
TREVJ-RGYDU-YXKB6-YXCBI,None
VTM4X-GSGH3-BWWDP-CXCMW,None
REI4Q-RNIM2-ZGLR6-TLJGB,None
CX2ED-SARZS-XAVCJ-2JZVZ,None
BRBK7-AQHQ0-IS9RP-UFYWD,None
EUS7U-ZXWVM-VFGTU-T63JL,None
U7AIJ-LXSIP-ZW6VQ-ZZZL1,None
47IWU-TZV9P-ZQW8Q-W2QGA,None
3750U-HKVMP-ITXO9-YYD5D,None
TY8AJ-8ZTSM-DRVAA-TXBQG,None
DZNJJ-VJRT1-VDCLP-ES9IB,None
RCI5R-X975Y-NONEI-DZDCP,None
YGMJK-7PFUS-B8J2Q-QRB5X,None
STH2Q-LKSE3-XPUXJ-S2LQQ,None
BZZX7-U8Y0V-YJXCU-GE6IL,None
NA82J-MOGHK-ACBST-3LN7O,None
AULFP-9WRXQ-WXUFL-PFKM3,None
TT8MT-HH5MZ-8YGVG-NPT1H,None
4SCZA-4T4US-N2XBA-MK8NY,None
5SG9K-HDVG3-2SCYX-3VA5L,None
JGA4C-OB09H-HWQ5F-B9GWG,None
PKWSB-SNMRJ-CPUXD-PZZUW,None
0V0GA-29R2B-RL8XS-H0GC0,None
U5PMZ-LTZCA-YDS09-TVO6L,None
VJMCY-T9Q7Q-MMFDO-EQKSI,None
SSETA-JK5MP-TXBW2-UQMM7,None
MJUOE-8UPWC-AORRU-1VAGK,None
ESKJQ-WM6SQ-POS8B-XVJNJ,None
FENRX-FHBJ5-GB52A-WHAKE,None
LQISN-L3CX5-EQEQN-AAX2Q,None
YZFSG-MJPDK-3OGDT-GO0YH,None
NREDL-8JCP8-E5J6E-P898L,None
YTVG7-V0KSD-DVZB8-RZOR7,None
Y2IX1-4VSHN-HSAY0-ZKYJ0,None
DTBFQ-2NHWT-KV5HJ-VOGEL,None
KVPEU-9GKND-DSWOK-EIMVV,None
9IFCQ-BBTJO-RF2CQ-R3KVY,None
TCQXY-NXB8T-ZQIN3-UMEYC,None
2IODN-SHLJP-UTNK2-ZZIJ4,None
BCZEB-GHEDE-XYSHF-JARYQ,None
8QIVW-J7M1J-DE395-ESF8V,None
MCFEP-GR14M-OS7CO-AC5T9,None
IEV7M-ENXR4-R0AAP-LN7HN,None
S6CV3-XLCGV-JIJNF-YNBWZ,None
7M3WH-DEAA8-FMOTH-ZFZKX,None
W7N9O-2HNRH-HNUWG-MPEVR,None
MXQRI-9IKT8-SQGB8-DTFU3,None
N17PO-I9BRO-MUNTA-1HD1M,None
WSVQH-XEFIW-YORJ7-LCWAQ,None
QCFWM-VZGZ2-QDHUW-RPAHP,None
3PHO4-UBAMR-L52RV-4MPEV,None
RZ49W-8SJ2N-YX0LT-KPZG5,None
RMQEY-CLQ07-5HPZL-UGAJT,None
SNLYT-BKPPS-KJCRJ-XRC6F,None
3MCGL-OHTKV-G9ZIS-9COAH,None
SYYO3-YHPG4-CZDPP-P6EDV,None
ROC6Q-CXPUZ-2YI4C-OMMC2,None
0LAYM-UKYKM-7GDLK-SIYIR,None
WK3MX-CC1YX-4WQYU-1FATW,None
6GIJW-ARLQC-EBWFK-S3ZRA,None
FAWHM-EHNLA-ZD1BZ-EGZXT,None
GOXPH-SM6QU-WQWLK-WGI2Y,None
SFILI-GTOPG-54BCY-3MP3K,None
AFBBG-BXGQT-YYLXC-YGSVF,None
ZCLXM-4MCJT-KK5WW-9TQ6T,None
Q34GQ-CD4IA-K5QGR-EVKWL,None
7CH6V-CLTW0-1UYRU-GYAUM,None
AUWNC-BPI2L-BTQZR-L8ANU,None
P3I3V-P71UZ-GFKTI-4UL5C,None
IKH9W-HED5Z-XXYRB-PR8PN,None
MBEGF-7BAIK-HNJSR-6JDUB,None
0M4N4-MEHW9-OTWIG-DATWD,None
LZDWN-QB62M-REYSG-YMCAE,None
UP7TC-BATTS-MFBYL-SPVUG,None
CD8W4-QNVIB-SZS5G-GLOTY,None
O4QHR-0ODSP-RD5KA-0G4MV,None
CGTHN-FONJW-1NT2T-ETVCB,None
OM7SJ-6YZTS-CCFFX-TK7AA,None
3JYMH-PKXXO-A1HTA-PDWOY,None
MLMEE-JOWHZ-NR2W9-NV6NH,None
NMKXU-6ITHD-AYY7F-FU6TW,None
4P9MP-LZ5AJ-S4VQU-MUQJA,None
DBPJH-UTIPA-MTYTX-SGWNL,None
1SEGZ-WKKTA-ZGUOQ-RVGQT,None
SP0BB-HYSKK-FBTUU-XBKXP,None
DNNIQ-IGMSZ-2QNGY-BGMWI,None
BKNTM-D3RFY-X6N0Y-Q8KDH,None
DJIZ8-KT34L-MVX0H-FBL6B,None
5WGO9-MSGV5-G4PDT-VLH8S,None
PUOZG-6RM9K-O57AD-XJ8HJ,None
NKR5F-9ZWGW-USC6A-OCJAG,None
5KSBG-I5USP-WIZZF-GFGVB,None
UTDKD-AWUEF-UNLRT-CNUDZ,None
D9H3X-IUSCF-TFLRA-RIF4U,None
SPQJJ-1TSFP-LN9AY-70VTG,None
HX5FS-BCFIL-YCIKZ-CBC9Q,None
NNPBS-VFIQN-VB4YO-ZXWKW,None
U0CWL-AESXC-C4J25-SHNQ8,None
W4CSD-EQ5BP-Q32O6-QJ5PH,None
DFSWI-YI3LB-4FYHF-MR0IJ,None
RMVBU-WZWGV-FVH5L-K4B7N,None
C1ZFY-PYMFL-PHHXP-OBY0U,None
V4NZL-GEZ3E-RYMTA-4IIVR,None
A8OMX-8YBS0-YUH3T-BVHNW,None
QHSSE-NKUZW-PTOZZ-QWXFB,None
TUDPY-LFKB4-KEQXC-4NMLX,None
GJ3JB-N9OBF-BSQGI-AXA3M,None
GFZYG-PGPDD-ZFYEG-9P0EE,None
SM1E3-C2WDH-T3RMQ-GHJDC,None
HO6ZQ-WTLLY-TXSZM-9NAGT,None
JGNGI-AOCIX-NM895-CNK6R,None
25A3X-IOWRQ-DMRCD-K2KBU,None
SMYBI-HPWTY-VD4CR-OSRNZ,None
AOQAN-I4MH0-Y5W2E-CPHD1,None
VI5JN-6IBON-0NGN4-MLULP,None
7CHYK-PCJVA-QDOIU-EDNTJ,None
VMZ83-S8AY8-5UTI8-IDEML,None
CG8ME-0SQQZ-BQAPU-KPYP5,None
DPRER-KJNQK-OK8YL-ERFFP,None
XXV9V-0ZY3K-I2WH3-GUTRR,None
7RYTB-VPLFZ-BI2X1-VJYNT,None
OO3CH-OQ3Y8-GMNDZ-ZZVSN,None
0EDTF-7KOSU-RGE7D-GMSRQ,None
ZPZTS-39HGT-GIEGH-R4OID,None
EUAHR-JIYUF-3QAST-E2JYQ,None
JLU7I-SNPOK-5JGPU-63J9Q,None
BW3DS-ZQNN3-UX6NS-BWBYC,None
TTTZ7-FIJTV-2VUN2-IORGB,None
HYVAR-SWDIJ-BWSMH-9B0S4,None
V4RFU-Z0OCP-CRTKI-2BNAC,None
XGGW6-69PPK-LICM6-MAICB,None
8SKTU-EI5L7-1OJJU-CKBFA,None
VAR1B-FUU9T-DAASU-OR4HK,None
T1PTR-GVEOW-EO65F-ZJEMA,None
WFCX6-QE24H-OW5E1-SO1B3,None
R4SMP-OWT40-AYE1F-PK8I4,None
M4PSB-E3V07-AHZPN-YN2F1,None
DKHPZ-3Y7U4-9BNYK-N5P26,None
IDCVB-DMCL2-SAPCW-C4QBW,None
NPYOO-0YAYX-XJQUQ-KGD2G,None
NILLP-RDCEQ-XNGHG-TQQCH,None
HSNIU-XKYDL-YXZAL-FFKC8,None
STW6B-IJJJE-LQYLC-FFKHK,None
YKH5B-N2CKN-B5Z2J-NWATO,None
KBYOW-OC98O-0XQTD-X19J2,None
G8P2V-WUKJ5-WPLWR-P4OB2,None
0BWDV-WXZ1P-LCMBQ-7NCGC,None
MPT9R-VU2FL-ODA9V-VUB4C,None
XMUAO-3GYLL-VPY3X-BDZ5N,None
5ITHW-LGGYM-R1ZCC-ZJVPF,None
GMJTC-KMXR0-GRL0B-IZBBB,None
UUHEX-NFOXB-PQEEA-FLLFD,None
D3EJR-V6MSJ-NH5LM-KOODY,None
1EDMV-JVL7M-TIZGV-UWF40,None
MC6K3-XPD9Q-Q9V7Z-DHNV4,None
NBRWC-TLUBM-YJVFY-JZCAQ,None
GA3IU-QO9EE-YECRR-CCSHI,None
DAB9C-HYTTD-XTVGP-1CQ7M,None
RA5R0-IJHUI-RVMQC-1FYMD,None
TB9H6-HN1LJ-6WMVC-M3GIZ,None
4NPFU-ALXOY-VMZB7-BVGSK,None
ONGKS-4XGKW-6OAX3-QS43A,None
UPRLP-XNISW-H3KBO-YVMJ8,None
LMF1Q-F95PV-HC1G4-TWPTQ,None
G6902-1TT23-XB1LI-JRVVZ,None
83CLP-APZSF-3XPFW-YGWKZ,None
JYDBH-TEDLS-PAM40-O32YI,None
HJHDF-GGTBN-TIEGE-BMSJJ,None
DKT7R-L84X0-QIXQS-8Y1TL,None
9W5ET-GNLXK-GDISE-2OOR6,None
JX6P6-RNH31-VPTHI-E2AAS,None
NZRNL-WZD3W-EWDUJ-LBC9V,None
KEPET-LCQKP-SXQHX-GFHQL,None
GVBY1-MUEAJ-HUEXJ-W5E8S,None
3EUJL-0ADFD-FUGCF-UHFHU,None
SX6Y3-ILXPS-HJXMH-JF78P,None
YJ7WX-TFHO5-IBLVG-Q8GKW,None
LDL7U-UY62J-CKLWF-12MQ8,None
MATPB-GIS12-BYGW8-ZCTWK,None
3RTI5-95ESS-UAEAE-TSLFY,None
9VNEJ-MPFE3-XK9U5-UMQ6M,None
V3WHL-GWXTJ-1QGZW-WTLLC,None
BJDTL-1K5GI-64RYF-9V1EH,None
F2HBS-PBXPV-OKR4J-AYEBQ,None
4S2CL-GMKDN-W5KLA-5UHZY,None
IPAAJ-LSKLQ-MUBJF-PKRXU,None
A989U-HEGKU-60NZ4-FMFZY,None
0R9XF-RUG2F-BQCQT-RCRUF,None
KCDOR-DFIMC-ZBCTR-JCQGB,None
2HRAN-8NUBA-7EDLB-OHTHM,None
X8HDD-QMQFR-DIHIS-7WLS0,None
509D8-LT1RY-ZR7CM-LKFHG,None
RNPBY-SZDFK-PPDI2-JXUFJ,None
WU2JC-CPKJO-JCU6O-H1HQ6,None
INTG0-LB3TM-L2G7I-GYXW2,None
TH7YO-ONC3Q-CTLAW-EFGC8,None
VHS35-QJTBZ-QMA9L-7RSPS,None
IXAWJ-SL0GP-AZ9BF-KTMQF,None
Q1PXK-TPYB1-TYFY1-LY0G2,None
LRFIZ-MXTW3-CAH4I-OLSOI,None
HPUWK-NNSW6-UI76C-GEIWV,None
R13FR-AN3VK-KOBBV-FTSXY,None
9HS18-F5MVP-T6YKC-RCAPZ,None
4ZDUE-BPUKQ-QWOBM-RX5PG,None
9Q5TO-QYZJB-BQNPI-KEKXQ,None
T3SMW-DKOJN-ACRXG-OWBCR,None
SSRR8-G6WQ9-FZMGU-HLI36,None
USAVL-J2IKO-SG4BR-BYPTL,None
J8NRH-7PMRY-Z2DUQ-5EWMB,None
TDTJS-KUAQV-RELPQ-LCJL2,None
3WKTN-UHFI4-F8HQL-P5L0A,None
T1TNI-UQPPE-Q7WVX-XKZCF,None
JALKT-SYL0K-JX1RK-2FJPF,None
6UHNR-96W5R-GDVQV-AJRJ8,None
TJBNV-6IAQ0-X4LZV-MQNE9,None
0HW6Q-ALFHP-QWOHY-PPH8B,None
GJZHB-UOIKV-OZGKK-EYUBG,None
VUDK1-CQATO-QQG5H-0O5HO,None
EVQCK-DXLML-NM2JL-4NJBA,None
T5NDF-N0PII-VVS7I-R0ICX,None
ZOWOD-PDAOQ-MVNLY-HLCQH,None
V1GLN-7AM7B-7QBKB-4R9BP,None
RYUKU-QZWRE-KTUXK-EXXPE,None
Y9KV6-PNWZL-0FA4G-LG3P3,None
SWBXE-YZZVH-ZPKNQ-SEWNE,None
XGZNK-CVJ75-O7F1C-GEAHC,None
EBBJL-2GWUR-4C9SP-JBJZ1,None
WV8UX-MQZHQ-FENSX-B4ENF,None
UN8XK-KHXIT-VVNG5-DI6CD,None
NIEEK-AQPGA-GP86L-YZODY,None
EAP3C-TNOTU-NFGPB-RL8R0,None
XMABS-FAF6I-STYMH-DRPNB,None
KNHHR-3H90U-UBNHE-F0W7K,None
XMSCJ-DV8SS-YYBX5-79N2L,None
NUGXL-1TCHG-JQOZI-4FPBD,None
30K5W-CCZUW-2ZFAE-JSKYH,None
NAJY7-AGRDA-E6LD6-VMMJ1,None
KUAY0-97KF3-KQBHD-UXCK8,None
BCNH8-JTIEA-3R7VO-OLVWS,None
QYLW1-Y1FGO-HN60W-683SB,None
5ASHE-BGOTL-JCXX9-DTSFB,None
ADTDW-UGCLU-L3XE1-9VYGT,None
OWLUF-HO0JK-IB5ZB-J2RWH,None
DKMW1-XXDS5-275Q0-XNC1B,None
DZEFQ-MMCZR-YVITW-G1NIV,None
2US89-NFJLL-ELVQA-VIHB1,None
DVBHZ-QHD64-5F7AV-D9FZR,None
JEADE-P1HUW-XZLKL-P9CJ1,None
2OWEG-BNUMB-G5YTT-U9PPJ,None
YQNKP-P3QJ8-FNQIO-SR2WG,None
DU39J-2FJSL-F52ZJ-TIECN,None
BBHOQ-KEWE0-AWDL9-RFEYV,None
RJH2Z-4YFXR-EFRJS-PL6FX,None
Y8NJU-YEQUG-PCRUR-8VKXS,None
TUARE-8LAHS-80WVU-SFR2L,None
LS07N-LKDFB-LEMBZ-2SMM9,None
LRNON-ACZSZ-IRWLE-MDPEW,None
RRUF1-YWMWL-3HN4X-GJZE0,None
UH8YC-4QU9H-PYDK0-C86DM,None
BBRZV-M7WNX-DEYN6-QPVBH,None
ELFLM-RI5ZI-PJYY2-1HNW8,None
BDGXH-2KOL9-S2HBK-IKWQD,None
IUOF7-K7F6Z-EW9SC-JO3HW,None
XFM6F-VFYGF-XNNNZ-FHKVI,None
SNGG7-Z7FB4-UKENX-EUSR3,None
WSYG0-PGESL-TTAT6-ZQQFI,None
UJRCS-NCIXE-9ZX4C-WXTT9,None
RPRJC-XUDSD-MIZCP-KOG9N,None
VKQFM-XTNZE-VXIFP-WSP09,None
OOBPP-COHCU-8CGJF-YXSNJ,None
XD5NN-RVVGU-R8NIA-LVOWJ,None
7UE5F-JY34X-LIRCH-QQ9GP,None
KQTCI-30YMW-M400D-R5GZL,None
KAOXL-MKLDM-W1UOK-BZDDG,None
ZLOIF-TXTU7-KBITN-K0KZE,None
JPXEI-NIYRP-XMJZ3-CTPUX,None
UPZ0C-SKGF0-VYQDW-FI5DA,None
3YVI4-MATSY-X5M4N-FG8EP,None
0FSRT-12QA8-JOSS3-B0A0V,None
4A6WS-SHYIT-SUPDI-BVFPD,None
ARCE4-IMZMB-XMPBC-9WKQD,None
EPU9W-CGB5J-YBOJU-6OOG9,None
AP5AL-DEH5I-P325E-VAHCG,None
IWAGO-BQVQI-MSP36-BFSZE,None
GSBLC-GH8P5-LWIBF-MHXPV,None
TURGK-2GC7K-HN5SW-IIUCG,None
3WT8G-RS0XE-70RDM-P7MJE,None
9XP9A-1HY6F-A1N4J-ANPET,None
YRI1S-XIEY3-CAHC7-AVE2X,None
JXP6R-LXWTX-8KFNV-JOVLI,None
MJLDZ-PA8BV-S9ZXZ-HOPT9,None
6F4KM-WKPCT-YEQJO-JQ9SK,None
V8VB2-IQC1V-DECQN-OEQF0,None
LREE3-WOWBY-MZKEY-UVRYD,None
QQTUO-RVDHA-VZNZI-UALWX,None
ME1NQ-32XC7-UVWPC-RYMXB,None
TCWJJ-CBETF-K93Q0-OU0DP,None
UCTEF-XWQUR-NRPN2-5NQC3,None
LSPKB-7QPKV-RJSBA-UNWBV,None
F3V6I-CY0BW-JUSFH-MOSRT,None
A4INA-XL0TL-XEVY7-FYJVB,None
9F3JS-WCLIY-WFOIO-WBBZN,None
EFM6E-QYL00-NLQCC-ROUOO,None
9JHDO-BRUVJ-98MBS-ROUSC,None
VUTPL-OX2GH-XGEZ8-6SLLJ,None
ZYYX6-YPLZG-PQXFU-WLXWH,None
9URLV-FNPQI-ND1KE-7SK4C,None
AE4UX-6IGRT-0LNXG-PEMEB,None
6AU1G-PXSVU-D0FJO-1XBIQ,None
JE89T-CYTKP-ABBKW-MLDP0,None
AQGLD-2SQQP-QQKZC-TIHXM,None
BUER9-OGZAC-CQVWM-XIPRD,None
2VW66-KBBE0-L27WM-OVXPR,None
VEVKN-UQAAC-57BWJ-LP9TT,None
SIVGE-8TRVZ-TBWOT-BF7G1,None
GAYCM-1IU5V-RBBYH-KUYXY,None
R43XX-UY49Y-RTS5Y-ENNHA,None
4DOO1-EEMRI-ZYP6E-IANMA,None
2P5S2-QXZKK-NRPU7-76YUP,None
TUTCO-DYHKN-JBMGP-HYS9I,None
8UAQ5-JFGYL-OOYPA-DJ2HG,None
IBXOY-IX2IX-Z4IIN-AJWXF,None
5372M-RPRS9-VPSJK-SBKK1,None
LWI53-ZDOC5-TMPHA-47UYZ,None
C1JNR-4HUVV-GAJ2M-NI26E,None
G7H1N-XYZXZ-FCYP2-99QXZ,None
X01UP-SO461-8RWBA-JPFQM,None
TLDRW-74R1K-RBCXL-AYBG6,None
7K4C1-3NOZS-5JW3P-1MAFK,None
1PKNZ-BTKYX-5ZSJT-VMLFV,None
M7KVI-KAS7H-K8E8J-L1BW1,None
YJO8I-VGCWI-GZHLT-RW19F,None
LWG4U-J7RHH-NYM0F-WO0NG,None
HMTSW-DATJB-AXAGH-JR4BZ,None
I2IM5-DQV4L-MVLR5-T1EF6,None
WENIJ-NO718-P4EX2-FH9T9,None
0KPCB-X9BIY-CVTBJ-SKJCT,None
YBRGA-KA2CB-VU2WO-SPTLK,None
W3H43-ITZ8X-TWV1W-A8JQB,None
0HSPN-YUADD-RUSPX-674NP,None
BB2QP-19PVM-GIJGG-L96DA,None
FPHVY-GTLXJ-TMUTL-NMBH2,None
TRZPI-UCEQW-CUEH4-X2LT4,None
LMHQP-OV3XO-YE4OC-HS2QV,None
Y8DYY-UKWZ7-G5VCR-LFXPB,None
EA39Z-Z42YK-L9LD0-TT1GN,None
FYDDP-HXCBS-TC2PY-PBY5T,None
2XSWD-3AJDF-0IQSJ-PDPMK,None
URXQB-SWQC1-GQIIM-9LU8M,None
CYBUS-QZSVD-MIUIR-N97FO,None
ZEIBH-KNJGT-PWVCJ-QVNRY,None
NJBT6-IQHYT-KIKDY-N2ZT9,None
4MHXK-Q9SAX-4TGAQ-QHY4G,None
UJQ7G-KSHPU-BOVFF-KTDOX,None
YAMCS-JXXX8-E8CCO-GFCFC,None
VPZTG-49MG7-C7TGS-APNO6,None
ZI8MJ-GGBWT-ZOIET-VUTCD,None
AUSGK-6AARS-FD2UB-JARLZ,None
CM9DR-OZU27-BJSMW-ASPAL,None
QVSVO-9V7ZB-SRNVO-PDQ5W,None
PF5DF-NZRHL-LILMR-8G409,None
2CCMU-73THV-KV71O-EAJHW,None
V3TEN-JEQWJ-85REU-VUCP1,None
VARFQ-LLTXA-GDZED-YLD55,None
NXHAQ-FQMTM-MO56G-WNYVR,None
VI9IZ-IPGLS-DPBRQ-FR1VP,None
Y8LCU-W3U4R-5EVJN-ZYWD2,None
KL5HH-AEVKI-XYUUH-4FZNW,None
OLZND-8OJLK-PWLKW-0TKYX,None
JXPMH-HELZL-PKXXO-U6YLS,None
1PFMW-LOWPA-PVGPV-A537U,None
EBHF1-I5ZAK-CU364-KBNH8,None
YGXDU-QUHON-GUPFW-VVOIF,None
GRSFY-R8HGT-9X0DG-ORZIL,None
UVGIM-0Y6XB-GWEPY-ISQM0,None
EX7VZ-UCGEM-WO1XD-JX2QL,None
H3IAC-Q1GRJ-1UTFN-LOAJJ,None
4Y1RR-DJOFD-RMAWR-RY1TH,None
HHJLO-SWUNG-ZO4DF-S66NL,None
WACJJ-6DWOG-L8GRQ-7ZBR0,None
7TPN6-MHSNS-VDXY5-8SB5P,None
UNCHU-ZPIR3-BIBDN-TAVJN,None
IL5W6-IGKHZ-NNRJZ-HEXLW,None
AXKXY-0G1BK-NJDLG-BUERY,None
WLH3P-FW8IE-FM56D-SQ87Q,None
TWXFW-LZ3RV-J4RLQ-IBAAG,None
FBWHZ-FTQLN-UMPHC-QWDPN,None
YMTDO-7EL33-XQI0E-6UZRP,None
YBOKP-SCVPJ-WVVWD-VHUNO,None
QNRPE-WDGXL-4TQJ1-OMAOG,None
AQ3YJ-OGPMX-AGHZ4-7KMMS,None
TRZ4N-O88PE-L2G0X-QJNEJ,None
WSPSA-TIKXG-W1NA8-CFOOU,None
TYNP6-PHABK-HFDEC-L87HZ,None
HGNIT-A6EMG-N66EC-6ZGV3,None
5AJ1G-UGMC6-FLYVK-ANHZZ,None
LGVZ5-BUUYQ-O4KBD-1C8GL,None
MMBPS-BTANV-9NRR2-OHOUL,None
LYRYW-IDYFL-WJ58B-M4UU5,None
SFMRO-GEEG2-7PMQX-OU09D,None
AW7YR-AWBZW-WDZOA-TMMFF,None
ZGG43-COGRK-WUYYL-8IVWJ,None
8P6IN-GAADQ-4FZKN-3PQKZ,None
0YOQ5-FQQ1E-FH0IO-0VS87,None
SXRMS-YHFHP-5LITX-WXU0B,None
IYL69-1JQLS-NUJEO-W6TXE,None
IUBP9-GIUXW-UZXJO-PIBKS,None
R424D-7ZUOA-SDP6C-8GKXM,None
FSW1Y-IOAKM-74UDS-JWISI,None
I64C7-WTFFI-SRMFS-QBN9B,None
WIVI2-XT9SY-PXZ8U-BXLUB,None
VUTIR-PNT56-PC17Y-A9RYX,None
XQUDV-MIGLL-YRL4X-JY3U7,None
IBGQA-0GWE1-5OMI8-FGNSG,None
FHZWA-QX6CJ-7QFCN-OILGZ,None
PYQXL-CLJQR-MN8OH-RUD0C,None
X2ESN-EOGCV-UQJOS-2YKCR,None
WKHLD-P7B6I-5AYE4-G02J1,None
CQDIG-JOUED-ACG3H-SWQPO,None
5W51C-HBFRJ-ILPSV-C4QO1,None
KEWCT-EMYKX-DT8PM-9HSXP,None
G2G6B-AADQB-U91MX-DE32N,None
S2CH5-DWBSY-IUZMB-KEYPU,None
OCFWJ-O9ILE-O95JV-6C0AV,None
NSJCQ-FXCAY-MDEXX-KAGRM,None
ACBCZ-ENVN3-IXTAG-O1SUX,None
9TPT6-0SDHE-OGLQM-HHMYC,None
ETTJR-RI6JK-DQXJA-A6APG,None
3RJ3P-BBJXR-MCSQF-TOZTG,None
PLHAS-2EI89-4J1SV-UEL1K,None
L3RQK-MNUHZ-N7NH0-0LWAY,None
IZR8S-JX6E3-MWGZY-VAGSJ,None
J8C0E-F3EMO-HGSGI-TSRW7,None
ENOZ3-GCCDH-CLICU-KVBOV,None
EMBW4-TEOQT-SHZZF-QSZFD,None
KE2ZY-LUTGT-8BGGG-GJ686,None
ZHQYD-DBUYA-QO0HG-IMXVL,None
MBQEL-B2YPA-M06MV-WY41G,None
D3VHE-K85WD-SDLBO-IQIB5,None
IFGLU-EFGYJ-MOG26-0WWMY,None
SLK0Y-BBGCI-USQTB-BVG09,None
0CIEN-PY2LY-ADPG8-1FRIH,None
B2KVF-SKXO3-WLJ4M-LI8QA,None
ENT68-FIUFU-CCBU3-O5349,None
LRIF4-9IOIU-M4XRF-HRLOM,None
1Q9VV-Y9DZH-9IDLB-QN07B,None
TKCAY-OAIS8-S5DLM-Q4KJM,None
PPPFN-MRSNY-TIMID-2ZTKA,None
NNGHY-EKO3E-JIPRS-0XWGY,None
ZN2CU-JPLCC-N8E1X-5HZUV,None
XTQRV-EFQ6Q-HFMVU-DQVA5,None
ULT8T-CU0HO-LOOTY-PBXEQ,None
0L1PN-JSTND-4UVCI-WQEKL,None
Y9PSS-YOYDT-XL26Z-IWXB4,None
B81XR-WP7OV-XPLY1-3A1HF,None
ZDKA8-QTPUW-TZUGZ-PAN23,None
JEVBI-RVD3O-4FDXH-HFRG3,None
6OJSW-MPL7D-50P74-YVW36,None
RSN3X-ZEAQ5-BNN9Y-YB4TD,None
SCCYV-OQ8ED-B0ZPE-DLWXO,None
M5MQK-MXD8A-7QSKC-K1C1N,None
6P0KZ-FNIZH-RSMJH-58YZQ,None
UGBKS-FQC4R-0E6SC-ZXYMN,None
QGCGD-QTN9K-WO4IQ-4FTBF,None
SSVQM-FOED4-JKR7N-MNJ6X,None
6ZNL9-PJYME-M6PQD-U3ND3,None
ISKSS-PGDPE-RXALH-YASYC,None
AG5VT-YM5C9-5QDJY-ZH2ND,None
WKGYN-ZTLSB-6QG0B-WXNYO,None
QEBIP-ZMSKS-EJQIE-NFSTP,None
VSI1M-7IPXV-CFNWL-ELGIM,None
7REXN-KSXU4-SQV0J-8P3UG,None
1XQWB-0IEAT-CYWP4-OBP5S,None
OLLAZ-W9FDQ-9OFCW-XKFZU,None
KBKQW-E9GPT-YZ7XP-LYLMS,None
5ZVGM-EWIVN-H5X7Q-N3BKA,None
A2ZYB-UTJAT-YFDLC-4NK6O,None
PBAVG-PR7SR-ERRVN-XVLSG,None
CDEBI-ZZIGG-RNDFM-7FDZY,None
UZUHJ-VKMSI-K64TH-CACF0,None
1NN6C-CT19E-HDAJP-4HGDA,None
QXNRX-IXTTJ-8DRUE-KY2BX,None
EYQ9R-XDDSH-XL0O2-SS2GT,None
MUBLY-0PANW-KRSPL-UTINX,None
W93NZ-WFQ7M-IRRCN-WWF08,None
ONYB0-DMAME-1U9J7-W4YR8,None
VKLIM-UHXUL-HMERX-6MT4O,None
NHUL2-9STCG-AAW7E-2IGVS,None
GTZA8-JW8FF-SBVGW-M4P3O,None
W2QIC-OTOX4-N0IYR-FASXD,None
UUYNB-IRXJK-0VLWT-ZSOUU,None
OSRQR-OJ6EL-TXSB5-SK3RS,None
UUN2J-1RC90-TPUFB-PMK8A,None
WSXQ0-L1NHO-VORWZ-UZJGW,None
NOXY8-T6ASN-LBUGE-NRMHE,None
TNFJQ-9PRQZ-NMJ6K-J9YTH,None
DQNNG-SNFCM-TYQ6Z-31GPL,None
BTQMY-UXUKB-KWR1U-GCKKF,None
9VPBG-JI25U-E9FIO-YBG7J,None
77G5P-VWKGC-WSWYP-DVHZC,None
HEGOH-0CQQS-I6YDB-HG2YB,None
CZ8FF-DU0MS-BBRAY-8PA2Y,None
IXVAE-RRDM1-VYQL0-1P43O,None
WWLKZ-1FA53-SNQDQ-MFMT8,None
LZ4QP-YYLJX-F6UNI-AICHG,None
N6UY8-GGPQM-SKPNO-BOVCQ,None
BINP9-U2ZGQ-HDKUC-OJMYA,None
SFGJD-Q4MZK-T30TZ-7NEXX,None
ZLCSZ-OSOB5-VLQQN-P5QOH,None
CJSUI-JCZTB-YD60D-Z0DOC,None
J1Y8B-OVJPH-Z3B4L-IIOAV,None
5FIB2-M9H9M-96TWA-ENRC1,None
PUZJ3-4T9IN-JE2TJ-LBNJL,None
4LCHG-NLXBI-YTJVV-3NLZW,None
L8FHT-TXIDC-ZTN5S-SDLAY,None
UHVE8-NRF4C-UJTMG-JAINI,None
JWSR8-75QFC-2EZ1P-7W3LI,None
FXQ0C-EI7JA-FAF23-HZUWI,None
B4BHH-NS5AF-4DJHW-ZYT8K,None
4RQDX-W7B1F-WDHQJ-OITIM,None
QJFHA-ZNK1U-PQEHP-IRUSW,None
69NYI-ZRQV2-GDCFR-WHB5F,None
WZW2P-WZSPY-ZZSGL-HX0SF,None
GFPGZ-YGYJV-FEJJ3-CNUJ5,None
3IMXO-KC6DO-70NCB-TDPAW,None
VSBOM-L6PX0-WMYQK-ZZ2NC,None
WIGDF-AYRUM-CEKOU-V8VMW,None
DGHXC-KOQ0H-ENVL5-GKMPD,None
H5LXF-1WDHH-PMGU9-A38JH,None
PYMYB-74OXH-RNJQE-FCK7S,None
DHYIH-FQ0LU-HE3RS-KT8NG,None
CEQPQ-6WBK5-11Z1P-XSXHW,None
EZFLB-UVZIR-AKJT6-TZHPG,None
YYMUN-LLEJA-L1YGH-R8KJA,None
FWS0C-PLZFH-YXKPW-YYNHR,None
EVHKO-X0RLG-C0DWL-YR92L,None
JF0AM-AHNL1-THXQB-LFQQ6,None
ZDAJG-76ORG-KYXNG-HVJYB,None
Y5WUK-AKFOK-1SPX6-IMTWC,None
T0YQA-UGTQQ-GUGPB-DPCRF,None
QFGOQ-RBWBN-YUAKX-5J6BK,None
HYDW7-W1P2E-KUGTT-RMFO1,None
0IJMC-PXKKA-8CGO4-PA9WU,None
O8KOA-KKNQ4-UYY6R-UHOPY,None
61B8C-1SKUS-MOPSA-YVFHL,None
LN3AA-4H6BL-NGEAZ-BMYQC,None
SELQX-A4ZVT-V66PG-XDEVA,None
60OPS-ABRF2-GYLQF-JRNFK,None
DXXST-9ZFMW-W5GJL-BPYZX,None
JNKS1-OKEFD-SB4NB-JMPRA,None
WGYM6-7HMBK-BOACX-O76CJ,None
63ZFK-BHKDF-VTLGD-LTCCG,None
HJNXH-PAEXV-IO76R-HPDLB,None
RZP8Y-2SKIN-JAD8S-GZJFF,None
H9NW5-EXR0I-JFBHO-YYDGA,None
R6HJQ-UVQNQ-UQW7N-B49Q7,None
YWZIA-LUKL6-DK8UB-AAA1G,None
ZRP4X-0EY8H-CZOQ5-F0H7O,None
J5QG4-HMG3M-6RW8H-YJJJJ,None
KSPT5-7LLCG-MSCVA-Y3YO7,None
W3XOM-6FERT-YAWYE-1ZWMQ,None
AU8EU-LCVNL-UQQWI-ALTPL,None
I1RTZ-Y0XT8-NTKDI-ORP2L,None
L9GMT-HB6DR-VGQ0R-1PQE5,None
A72GU-966TQ-QMOIF-GPFLD,None
MPMWF-BN1GW-NEWAV-AI4FA,None
IFIHB-ODGTS-ICL6W-JMKQA,None
767HV-TCPE0-SAXFU-JRDDZ,None
YBTXQ-PAXK0-ORNXK-SIHS9,None
K6DPV-8CLB4-XT1BP-BOVGW,None
W42W0-L9NWP-NARSL-IDNGD,None
RJIAV-K0NDT-EPTST-UPYPG,None
LLLI1-SQEMP-OHPSS-XMSKX,None
PESWE-DG6R5-LPFWU-MI3VS,None
PTJRC-UGOAM-RF2US-7KGV7,None
9JKHX-SWFE3-FFITW-MIGGY,None
YBSIC-LEZDU-4M1TN-JXKNJ,None
RKZVA-2P7JY-WFGPA-ENSNP,None
IK44Z-V81M3-ALX7O-6OUS3,None
NNI15-GUMQL-DRBPA-KESBK,None
2LXN1-OQS0Q-QIF23-UBJKX,None
5JOHB-78JMD-WGFGX-8BMMJ,None
AZQFE-J2DIO-6WFGH-6QLZV,None
QJCFR-XQIDX-YVZVV-IFNRW,None
JJJHW-1MKLD-0YHGZ-IGTDR,None
TV9BP-5AVCG-GSLZE-QLUEM,None
UYED3-NCY23-CTGFS-TSZSN,None
RR2A1-IEIYE-1Z52V-PSCBM,None
7UDU5-L06II-CRLTS-B7WBQ,None
YM6YJ-4NHKE-83EGJ-3Y5ZS,None
PQMPL-8YUOD-XY5DO-MZRSB,None
OQFEP-WDKSB-GXLHU-FDKAN,None
NFCQG-3ZGKU-F6ZJE-VBPJ1,None
AKZMY-1USCG-KVSHZ-EZI3H,None
UV2RO-MDYFL-F1DPR-2YTT0,None
CU9FO-R1DFA-ROXXJ-3BMPE,None
LIRRG-D2FWK-SYFXA-HCY7F,None
SJRUL-LME2M-GDA7L-HGJTZ,None
S7TGG-HCVK5-ORESM-OLT4V,None
QRJQK-Q4O9H-DKGLH-R6AYW,None
QYW8G-M5UHK-MTVRZ-UEPLA,None
NVL9J-CXH1Y-ED2WQ-HCEHD,None
VRUWA-BSAGX-WY0GZ-QBP4A,None
4NRUN-JGPYO-AK1NR-XJOZX,None
BJIB1-4DP3P-FZVXP-FY8RO,None
CQZVA-WRBFR-RI8HT-OEORK,None
3WKCS-4G3SV-TT68B-PBDRG,None
YSQ0H-Y34BU-G1DLP-FECDJ,None
36BTB-CCLG0-1RR91-M8KCT,None
WOYAR-FO2CB-QUWGA-OUA9L,None
556RY-RPNSS-4QMZY-EAZ76,None
ERZ1K-T7YRL-DZXGB-LDNXA,None
4OSZN-ZCO77-PV4U4-PCG5R,None
NKYTX-LXUV8-KIYYA-1CBIK,None
2FKHF-EK4MP-5NFVA-LCUHC,None
BTPIO-8QNJW-BSTSL-ND2Q4,None
GWQBA-82IJI-MEHQG-ZYQ2H,None
KHPA5-F9XR2-AVPSV-EHX9Z,None
AUP2E-CXFKH-MWSGS-H86UV,None
XK69O-HVOPP-S6VNF-Z1A6F,None
5PO8G-WHQPY-TXCI2-S6MM2,None
EBV0Q-MYKGS-ZXIAM-M3N5Y,None
PIFVQ-8BSCD-DT48J-LNGBF,None
4TVZY-VX0HL-72FLM-3G5ZV,None
3SGFA-1KHTP-BI2KR-FLHA7,None
9VXUA-DSTTG-UEQJR-AVPPI,None
CCXGT-KSA9R-R6HI7-SPQEG,None
6MZXK-GLNNY-KK0HH-5LGLB,None
40ABP-SGNB1-KS3LN-MQ20W,None
MB9NG-M5FIO-ZQQUR-O6A9V,None
ETZY8-DBIBM-2E2CD-2QZWA,None
7VIMO-KAAQ6-CIGQQ-JBDN5,None
5AQDZ-EGBX5-BEIQ0-JMJSZ,None
LWXBQ-O1AEK-JMCIZ-APYGQ,None
0O02D-ZUNTR-KFGM6-DLH4G,None
JIB34-VCJHE-I5DS6-5SVIC,None
QAEWU-NITPB-BLMQX-A9XA6,None
R3MAG-OATVH-UKK4S-0VMAO,None
16EYB-JEWNA-RNK1V-QFHAT,None
5AX3P-UCQES-61SCY-RO2MB,None
6KNTM-EEV3T-N4QWR-GCU79,None
L5FEA-HAJ3Q-P1IDM-L1URA,None
ANU9K-YNAJB-TYB7Z-M2QYP,None
8ZTKC-1AP8X-SWZZM-LN4KK,None
GZUZX-SO2AR-GWRE6-KWHJG,None
JXEMW-EYE1K-Q3TYR-YG0QF,None
SQZJH-JODGE-C1MTC-Q3A5A,None
OPOHD-LPIQJ-MMH8P-IJCSV,None
OZJLR-9IHLJ-OMVWN-TNPIW,None
S4KFU-OOE2W-VH991-J57QZ,None
KBDPF-CITRA-YI49A-XDGQI,None
R95ZX-N1QUD-45QOJ-SOBIC,None
Q01L9-YRDNL-DBEET-FI8NM,None
EEJO1-AEILK-I3LEK-1FHVM,None
UW6PE-F4KNC-PUZWT-QX17J,None
ZZPOG-XKBIT-SSJYN-J2WT0,None
H6Q5T-BKAEG-PIGBT-NB25W,None
IVEQM-ZTZGU-XBYL3-NTYJB,None
FBAFJ-GTYTS-0YXC0-WLGAI,None
QDZYH-TW7SV-MNW2X-XC3BJ,None
YWZTY-WJYTN-KUUDG-EIJLF,None
RAPHJ-933YC-RB4DI-XGBIV,None
MLCRM-DSXVA-SR9CB-DXL6K,None
JE4UR-KVHSP-H5EI4-ZQ1ZN,None
JB4QM-PEDMY-LNH99-1OPHV,None
YUUG6-L6BZY-FRP2H-ICSXF,None
NBYPL-FP42J-FUQLC-WQWDI,None
RJTBA-IHP4F-CTZI6-HRNPY,None
KXKN6-TSFBQ-MWOGB-VHBCW,None
MYTJM-RBLPE-4JYOL-TUIHL,None
7JOVF-RZPSC-HRF0D-QWCPE,None
XDK5I-RVEIQ-D0QWV-E7OEA,None
ULRGU-38PFJ-OYLOW-OIATL,None
YSK4W-KOCZY-ACJ82-LPRIS,None
UQVBD-PMYWP-NT9VJ-YJ8ZC,None
KOXXJ-XGJVW-QOALA-QB8JB,None
LMHZW-P7GKG-7NXWM-O9ZGY,None
FRUPA-LHPNU-RSIP2-THAMJ,None
3FNBC-KKPPN-9OYUG-VN8LO,None
2BCN6-WACU9-0XOO1-R11OL,None
LYHPU-1IF9I-0SSJ0-HHN71,None
EZ3KV-HOUGF-BIDYK-YZCE6,None
CFEU2-PSEUS-NU9GN-Q0MAA,None
JF9FO-HR0LH-XMNHV-GKWOX,None
8UAZU-4GWPO-ZYXDR-C8I77,None
QSLTU-M37VK-RT2C5-VBGNI,None
OSXFP-98EB5-JBG1N-ZFKMJ,None
HPUWH-1FZWR-C9UHS-G2LOP,None
5LJ9Q-BLAJ4-KUU7T-CIY8X,None
XGL2R-UCODP-6GRBU-L9LZS,None
E7HUM-FAEVH-94FJK-OUGOM,None
EVX0M-KFYLI-RP2UU-LLKCH,None
IDAYH-8OYXR-16VZY-5XQM0,None
HNBFO-3MJGE-84XIT-ECVZX,None
9UQ4P-NYYBO-YOWI8-M18KG,None
KFK4J-1VPD3-CX21U-WBSUO,None
FBISL-CJKJ5-GGGY4-Q7OMR,None
WBL9I-VNYUQ-CNE0X-MQBJ8,None
8Z5T3-UK3MG-0HRIB-QXPZB,None
XMGPB-RDPTT-N6PYE-HBHQA,None
CDIJW-TFLFQ-WFREK-RHNLA,None
NNFZZ-FBG6I-DERPZ-N6WVM,None
DSUCD-MIMDZ-L8UHY-BHTPQ,None
3ABCA-WGRCW-OH5IV-HROZN,None
VR8MS-PGHL7-OWFUP-JU39M,None
DPXAU-6QESS-AGWIX-ERUHM,None
LIUIT-0C40A-PWM7W-XNPFY,None
EQVYO-4T2HI-WHKHX-XU2O5,None
DTXNT-EEK0E-J13JT-DPFDP,None
SVTXN-JLPQA-TXT56-GPZMI,None
YIU6X-ECFXL-WNI8G-BM0OR,None
PWI5O-HTUCO-FM4VF-W7DI6,None
FNTD2-ON95F-FX1DN-WLG6I,None
4A13J-SIEIB-XRQOF-1KQPD,None
D5ZSY-0L9M2-0PTLX-CR9YV,None
OAP4Z-FOZIC-WBDG0-MURWH,None
714BJ-KDHJI-ZNSBR-BG1U0,None
BYRLY-C31MR-INXOA-90OSW,None
UYLGC-Y5DEY-9STFD-QHRGI,None
AO2O3-R78KJ-XJ7ME-JCOAI,None
WCF8A-6DGDU-FWHL7-CSSRB,None
OUNIE-MQ208-UK1GV-NQOGL,None
FPWSC-7QLA5-Y4TH2-RHKUB,None
24ROK-HDDI2-UMR1P-J2NT5,None
JPGCU-QTQSQ-UCQET-XNPEL,None
KTDOD-SNVO8-A6MP8-4ZGED,None
TN6XG-O2AHO-Z1XI0-Q38A7,None
QQI0Q-NM3JJ-EBUH5-5ZQVX,None
TR4FF-UPB7A-8XWJE-VR76B,None
6AF1J-FVE0B-RGC0L-BVMI3,None
RGGI2-TAWBE-997CI-LP1YX,None
PF5QO-DNUDC-OKELU-LOGJV,None
URP4R-TGJ9E-MPHNR-BCHI6,None
IIDQK-2806O-GKSXT-VDXCH,None
UHTWF-VFYE7-FMZEI-8VWH7,None
4A7QD-0HHHC-1GISD-XOKS5,None
GE96T-HUSEV-MCB3M-SNDNO,None
DJNBQ-C3BAE-469BX-PFEJO,None
X1IFA-BDQPO-SUGBU-QCY5F,None
UV8NZ-1BHQJ-ETKGX-6KC0C,None
TKR1G-WCWVA-FOKSM-6CVEE,None
X6YS3-GYNVS-GVZWG-9YM6N,None
DV5ZE-F5YZZ-ZWOHI-NPPF9,None
4BKJI-9CENE-2U1P4-31CVZ,None
U9HWJ-ILQOE-ZYYQX-8FQF6,None
OPKBJ-KEGLB-X2BCZ-9ULBO,None
ZTHDG-R5KY7-SXCXR-Y39RS,None
WFLKY-LFVUV-SYPKH-WUHQM,None
GV8BO-P1G1Z-I6RTJ-AECQZ,None
91H9V-6LJQJ-M6KIY-VHDGX,None
P6HAP-RXG3V-3TZHJ-KUTDN,None
FFVU3-LXITD-WR2BR-ULW4H,None
2PDZ6-IUKN2-UAZSR-8OPTX,None
J7I0T-CQROO-TBA0Y-BPVJE,None
D6E8O-FKIOW-BC8EO-AWZSJ,None
JMWKY-G6HBJ-SDLMO-IQW1I,None
JFDQN-8DJ8P-LILJK-YWUM2,None
BSQSM-GNK0T-ZKILX-67WUC,None
C10SW-FOU4O-YL9NW-ZUK1P,None
GNFJV-LJBTN-32JJB-AACOK,None
K4EBA-W8PPU-B5HOT-OLALF,None
N6XGH-DIG3F-FDZMG-UWDTM,None
YHN3C-5BSAG-JOKIL-FM6NM,None
YLFG3-GCWAP-4EJXI-35CEF,None
F5FI8-JJ0OO-Y5E5T-Z33WP,None
SJNC9-OVBST-OFLFZ-0CPEU,None
VTMEU-DFTIN-PP1JH-SYM1W,None
RXEGS-LOXFM-GIN1K-4STTT,None
CVKZG-ZK0RB-UTLSF-YZMKG,None
YFNJJ-ANSVR-9UHCX-FZJTL,None
6TVMB-ZUE1I-IUT8V-T568Z,None
QHITY-GKTDC-SUUXY-CRK9Z,None
G7GYZ-XZEAS-2ERPC-YRIF6,None
Y3EPQ-HFYYZ-VSEMT-39KDU,None
79S3D-AEBSC-LWBLG-LOSYS,None
FOT1Y-56YB4-EDMX7-QCWGF,None
BWHVU-QD57H-QSZM9-UJCSP,None
ATVV1-TPAEO-UZ96D-UPLMO,None
UMB6S-ZMPUS-YYTHP-UPW8B,None
VQQSF-HOOMZ-NFRYG-FRGNQ,None
BKQ53-LBRT0-0QFUX-TIOKJ,None
RXIYR-TTAWO-8ISTD-DJCNH,None
NZHYF-GNUPE-S4LZ7-EFMBK,None
3760O-XMVGZ-M9RZW-P0HP3,None
D68ZO-XZAHV-WXWF8-BWBP0,None
GG6LK-AKIYT-UUCSO-2ICNL,None
ZI29Y-BNKIG-BNAQB-JGKMI,None
CIWYU-QLEWU-EDLKL-2WV9H,None
6MSBG-RYUBR-Q8BKQ-UVL4K,None
OOB4L-TEWEA-U26YV-WCY4J,None
MLUDY-9QLBQ-QMJGB-N7XJI,None
QTJYG-LPO0J-1VDEG-5BVZO,None
8Y2PK-VL0GN-AUFZV-PEWIE,None
DVSCE-0ZCOS-ER2WR-YNDHR,None
EVK7Y-41AQE-GKBSL-MMPPL,None
9LYR3-V5DY9-QEJM9-5IS4M,None
Q3NXT-QISLH-AZXGG-RJ8YT,None
XI2FN-RQSQY-Y9GQQ-DJ3L4,None
UYD80-KRLDY-VCU1V-VRKJA,None
YCVEE-C8HFG-SFLF5-Y9IKM,None
DLOYK-SNS5Q-GV54Y-FYTOQ,None
ZVDMH-NAJAG-3YXLY-MEMAC,None
FYNF7-T3ZVP-LU69J-NGA5Q,None
R3CFE-F9RPM-DNOTB-RSFYM,None
GJSAZ-9HLRF-V1P9P-YW5US,None
BHKP9-EVHLA-UHJTW-XW0BE,None
JKAAF-ULFEJ-TKOUW-WMO24,None
YJRSZ-STPDG-8MLPU-LIDN2,None
SYJUO-PE3NM-TTTAM-EUHTH,None
DJVEF-R4S0B-QKD0A-LR7C7,None
RIPUP-2I1IH-LTIS3-TWWOM,None
SVSZS-HNBJQ-WFH35-IJVX5,None
QDWZG-6RWIQ-CFLYH-PIGCW,None
FBZGY-8VWQ0-R0Z25-XNHOI,None
ZMK4F-SCR9T-3K3HR-V8M7R,None
Z9CP9-KQKA5-B13MQ-7UKP9,None
3TKIX-6JN7T-SEYD9-PAKSL,None
ORD68-SEVXE-BHAP4-22XN0,None
I1TTF-FJDBK-7VPQW-QHOWB,None
7A6KF-7L2WU-YZE5J-D3TLS,None
SEEHO-3MMW2-R43PB-V8C4B,None
A4HD2-YV2J1-RL16K-G1NQC,None
LNW05-WRGMO-GO523-DQ665,None
ANZJC-8AQIJ-T50UT-TJS92,None
RGX2Q-DZQRT-FPXBY-7BN0L,None
RB7F9-WVUXF-JMMOJ-IGEJJ,None
0LYRK-LK8DO-CR2YY-X5IWR,None
46G59-WRGDN-MXJO5-WDZJL,None
AJINO-WOLHQ-ZJSPE-HVKM2,None
D4RDO-5ZT0Q-HXUEG-BM1FY,None
NKLLP-SKTOS-GXI7Z-GI6EV,None
UB1JQ-QYBQJ-8WKKY-BZYCF,None
874BO-U0VE9-DHCEZ-SGC2K,None
F6AAF-JUTZ5-B4XPF-75ZXB,None
MSU0U-SVC3A-F0UGC-FL25M,None
EKDUK-NPYJQ-D2EFI-WPK3O,None
IVSBA-M4ATW-50TRN-IX6FS,None
L83TS-ZHS2A-UXFC8-SNALY,None
RPIOF-OSEMA-E4DYE-JZVQ3,None
DLROX-YFH2Q-OCSIW-AHJFE,None
LQR9B-QAUOK-EEAQ0-CTORN,None
HEF0L-U63UR-TJ21L-JZO75,None
UFI9F-UNMIP-EOXVV-QJFWX,None
MR0Q8-Y7JYW-WNEYP-N15WQ,None
FDOR8-NQU8X-YGPHY-2QSGV,None
W5RAD-TN2HM-SOBSV-FZJHK,None
KSJPU-PFGYE-3OZF7-H4IRC,None
NO5IK-1FPJZ-GPBYK-EVIGE,None
24QMH-ECHQP-PJE7X-TUOW4,None
DEASR-JEU7L-MLSTN-8SPXY,None
K2MD9-BYHF6-HOWNM-TQ2BY,None
MFSE0-QSSL1-IGGWM-OQUPJ,None
OGJEJ-L9N0O-NYHF5-ZJJA9,None
LKY85-E19ZA-OIPVJ-MIEJV,None
YTRJI-OVCCX-IW1GA-KCRBI,None
EJJHW-JAMPA-RO6X0-S5ACU,None
WUMMD-HH9Z7-EJKOT-O2MKP,None
WZM6F-A9FUB-OWB58-0LRWZ,None
EPTVU-OWIEK-QOEAS-IVPUE,None
QLDGS-ZEIH2-NWQBJ-RLLNV,None
CQFZQ-QHJLP-W1WS4-EPHQN,None
EI97B-U1T8T-N7UCU-EZ2WY,None
RJYXI-VPBH5-ZN623-IVB1S,None
Q6IZ6-DQ1NR-YUJRX-6JDOU,None
P3UYC-OC84Q-YVIZL-GVPKL,None
177WG-CNE8G-39JRM-VLEYW,None
PDY1R-GNWJG-8AUVU-Y5PTW,None
6WY2D-3NSVM-4QY91-EMPJM,None
TGLJG-DMUJX-VTMLC-JTK3U,None
ZUALY-BGKCC-5OUMT-U47TG,None
XDK3R-FMZJQ-1NV9I-ANX16,None
6S6EZ-KUYBW-CSS2F-EBOOQ,None
VZ8UJ-TIRUF-1MD90-MUDNF,None
YDZ5L-M4EVI-8MUJ9-BPCDN,None
ZECCD-BHZ9L-5CL5Q-ADMIX,None
IQGPZ-GJGDM-VMIWW-XNYGU,None
PCDPU-DZNLI-IDXIA-IIQZF,None
PHPNQ-I8OX4-UOWHW-JAFJP,None
AIRDQ-S8OOA-UR53T-K645G,None
5JON3-BY1X9-95IBO-B5N8Z,None
BENNF-DRYHW-XFVR6-OBXTO,None
HPWU4-VCDTG-VAOKU-XFLVZ,None
ALND5-ABES8-PXSCZ-I3RST,None
AEZUB-APB4T-LG9CU-QG2DY,None
MGYIV-GQHKZ-NQNGI-UOTRB,None
P8PDP-54NGX-KEFRQ-YGCVC,None
OXCDS-WE38B-EF678-THFDJ,None
7B3JZ-MCY9A-SHZEX-A2PSS,None
N4G3J-KQY96-NUPRD-4TRW1,None
IFTZI-LPYQ9-1OGZN-4GZ8E,None
9L5JL-DRYJI-GFCER-0PSOQ,None
3DWT9-HT0UM-DPEIU-DZDKD,None
PA8OW-EBY1J-7YYD3-4NFHZ,None
IGKGO-0BZBZ-VZPB6-AQN8B,None
WJRBW-LVF4E-NNP6L-UGQGD,None
771KX-BOWL7-PCZX3-6KVGY,None
QAAJF-RHPHS-FBYXZ-WYFPF,None
M4XAU-ID0UB-LG409-CGL9B,None
MZL63-TIMS6-Z6AIW-MCHNS,None
DMRZV-YU49F-5GSAO-T0HRP,None
AAX3U-VZY12-QU9LG-SHSJX,None
J4VMU-WRHII-PR8LS-DJTLU,None
CWKLC-PDO9G-73WDZ-OVGED,None
VQAYW-EFM5R-TL5AW-CVBN8,None
SUQJY-L0GGJ-WESG3-P2FMZ,None
BBXTT-E3VVV-N199P-4K3PI,None
LESZV-PDZHM-VVPPO-8WWGL,None
3A3XT-N0VSW-SFCCG-VZ5MU,None
EHFNA-J9ZZP-4VYXV-0XKR1,None
YR6C9-LJXWY-BBQ65-GFCMP,None
WLNOG-S8DUF-PZUVP-TWWEC,None
WNROR-K3N2S-VV4E1-PC9UH,None
MZDDC-2FGCS-Z07X9-UIDJX,None
I8O7V-GGKJN-VHG1R-JECUN,None
IZFXR-IHHRL-AULI2-DVFA4,None
FPVDS-FOIWU-WOVN8-GZH3S,None
VELID-ZBPZV-JI54Q-ID7P4,None
MCFO0-NP6X8-BLQRM-KSXIB,None
RPXRM-1S96D-S73SJ-3SIPV,None
TADNS-XSCBG-QCH2I-GFPB3,None
4WGSR-YG0VC-ULPPM-E7NSL,None
K2EPK-3JS1K-4XQZW-NXQZF,None
WIJNG-RWHNH-RX8GW-US5U8,None
GF2SM-EWOYD-V2TFW-NN8JH,None
5BTLB-FXHMX-XHP0R-BGYWL,None
LGDHS-Q2KSF-XEF0W-BOJQK,None
BDA25-TFQR0-OMNFC-RNYS9,None
9XUMU-2KHXJ-BAKUK-EN1TW,None
QDP4D-MUHHF-EJQAX-YZRKR,None
CKPS2-GYQT7-UXYC2-MENHO,None
EE3HC-3O9EK-PHSN9-0KRUW,None
V2DFE-DHL2B-QDEJ4-BAVNK,None
NISNQ-W1RGL-QWR9P-WGRYJ,None
HX2GA-MLJOG-KHVI0-HMGFB,None
RDNAQ-G3JSS-ROQHM-NYNSI,None
MVLF6-MMKGA-RXBGC-E2S8L,None
M22XT-UDFFS-G6EHG-GEQHF,None
XLT87-PBCKV-RKQWV-AFRK9,None
ASDR2-EXIUD-QKWZG-DP7IR,None
G057J-5YLTA-WXFPD-V9BGA,None
BYZ3S-RTMTT-1PIVQ-6GPVB,None
PSOWA-9P5H9-8UZJK-31PXM,None
NKFLH-AQDGX-MWV1H-PCYRR,None
DU48O-0SWTH-6RLCY-MVGE0,None
AAEMG-QXA08-HLS9V-LIJ7V,None
BBE4M-K9NWI-KEOGB-JRKVA,None
GCANZ-WCDOF-FELAQ-BOHIF,None
D8JVX-KWLM8-YNLEQ-WENEL,None
ASN6E-SQ0OE-PCGJO-NXUUO,None
F7EQY-TONZ1-MI0D8-Y1S9O,None
EMODZ-PKEP0-TVJGX-OI5WK,None
VWWOP-U0Z2H-VFI7L-CVTWE,None
CAHO1-K433F-IKYTF-UPDR4,None
NFZWI-66A08-RKSPF-6JEKV,None
IX5LL-5F2FN-IVQGE-NDIKL,None
N43EV-OIZAI-WGZU1-ZPAGH,None
J3TDM-JIZGI-MXKGJ-N6G6D,None
GWKF7-FZE3R-MFYGC-D9AZO,None
DER2O-TUZOG-2YMPW-WYZIR,None
PR8SA-FAAOW-TLPIT-M6KAY,None
CGULV-5EAPE-9HOW7-MAS44,None
7YJKK-MRKVS-HSPKX-AZYHT,None
W2DHL-B11DJ-4FQFX-6OCDK,None
KIN1B-YQAIC-OX7CV-N81W5,None
GN0ET-EOQN9-LDPF2-RTUZ4,None
NXVEO-NCSBH-LIXKC-9ZYLV,None
QCECQ-KMVMY-UF9KB-OLGKV,None
0QRIB-LZIO2-J1AIB-M9CDX,None
MJ593-FRDIZ-JL5RG-WSAYO,None
85EJO-RMHNX-Z9QW9-KX66B,None
UFAWN-ZVUW5-YMORX-F8LXW,None
QAESZ-3GWGT-FHPJP-SDAYS,None
G2BUN-LFLZI-NYOUT-QDB5N,None
5ZI86-JWTXV-MFUXO-FM0ET,None
DVLMC-QLFAF-BR0JE-CR6VI,None
DPOJV-UR2VW-AONSH-NYYC8,None
9WXP4-TNDL3-COGGF-YPHWS,None
5STXB-KAAZM-2WFPB-QM97G,None
HNLSA-XNCT2-3KI4P-DJIHE,None
LJQZ1-A9YWK-XIKAH-7OH7Y,None
Y2UEU-WMABM-KUKO4-L4C2I,None
OEVUA-DDAPF-01PGK-BBTHG,None
NVCJR-NTIMY-JILFQ-1A5PY,None
PJ614-CEAF3-C1ZYD-MAK0Z,None
5PXGH-NZDJP-1BX5R-Q89KQ,None
RJ6NF-CHQJ0-RMWNH-5T9MI,None
TGFUL-IZ3PH-OSX64-MUCZC,None
GRCWK-JYMRM-W90JH-KARON,None
C3IGU-KXSCD-UNZFX-DD817,None
A94JU-BJZZ1-WZ1O4-VZ4UJ,None
Z7DOX-Q96HV-BD0GH-OMBHY,None
V1JYA-LLS4J-NBYK2-NUPB4,None
BLJCU-E4EEO-3D1TG-1TRJM,None
VTIXI-NPBYH-73H0M-RTS5F,None
HXUJ5-42B3J-4ZGSE-QTN7O,None
HQO5B-W885N-RLONL-FNMRH,None
8QUVK-DDUMT-LTPD8-8G0DI,None
02RX5-EJ3DU-AKZ9L-M3IYQ,None
4F0WT-NQESU-OJGSB-RU4GA,None
WV20N-Y8BQQ-3SJKW-ZGIK7,None
VNQVC-XX0RD-LIUOD-ZCYZU,None
KARRB-5ZZ3P-5YUKY-O3Z7X,None
CICY6-N9LBB-8J0Z4-VXDX7,None
ZMZIJ-2TWOB-WBVTZ-RS2ZQ,None
DK3GI-BC2DF-QFQL5-YDZBB,None
HZSQD-DUC0Q-5RJJG-CM32L,None
NIMZT-YUW73-LFVV7-BYY1Y,None
4EWHX-0PWLT-9LVOX-AWEY6,None
UVLGL-9SRZ4-RQJWH-MEU4H,None
RAXOD-6CSXW-1ORYF-6L7QY,None
TTGQF-MZPIH-433ZB-3WZ3X,None
5RNNZ-3DRMR-VYKTY-0QRAT,None
RGNZB-QU9QM-CVVBQ-WJHXP,None
XVWQ5-EEPCA-VSKMH-M1KXP,None
PFVKT-BKWXQ-MCWRG-U5FC9,None
QCQP4-DDFEV-KSSCS-YYPHA,None
4CSUA-6FY5E-YGUIN-WJXHO,None
C50E6-8X7BF-N9SOC-ZSNOH,None
OZP0A-XEDKJ-1PTRA-YEPSJ,None
HQVFP-5IEC4-5ASOO-3UHRL,None
YIHDB-X0EEO-4EBJC-AGFOF,None
SCTQJ-LVB5F-ZVEX9-OYRF9,None
KF9TU-K29KK-WDVBQ-XIMOU,None
N9UXT-GUFGX-YF6GY-BSSG5,None
YNCEG-EUGPW-WNKSI-UZO0Z,None
A4HXV-DIDY6-TFSWS-KHNRH,None
MGSJQ-UWNVO-FV9MJ-KQEBI,None
5RD5U-GXSS9-9WEXR-53C4Y,None
NWXVO-6GCTD-R8H5W-MECSB,None
QJB5J-IWVIN-0KK0R-EFW5U,None
FD1AN-CKXOQ-OROTN-2JVCX,None
FTQPM-5L8VY-SNRJJ-AYYSH,None
MNWAL-9BZID-KFIVS-IUQBC,None
QHHTO-DXQCG-VPI1T-IIIAB,None
2JRZM-QIMWT-JIL5Z-UO3NY,None
6UPPL-ESATC-K9F1L-3FLDY,None
UNQEY-R0BAY-DYHMT-QY0UM,None
RXHXK-K0BAZ-8PQLA-9ZB17,None
GJOOX-YSCPB-B0XF5-FNADY,None
JESHQ-T5CP9-MQAHH-BNLQD,None
3NTB2-MXX8Y-IUQAS-OELZW,None
7GC17-SIFII-EWP1N-H6NEP,None
R61QX-UGPOQ-XI4MG-CS8CY,None
VHRVH-6OO3R-5GMFC-GEHA5,None
QWPMN-UCOUD-HQ0FS-A8OFR,None
LWSNS-Q09HU-VB33L-K0ZHC,None
KTJRZ-MTQR0-MIBSW-UXWGG,None
QVJSC-OUFHR-7RBEN-FW81X,None
KRNOU-1HRPP-XTIDZ-3VAQ3,None
NTYAO-OV3GP-V3BS3-I8LOE,None
LIROD-KG6TI-HGM2F-NSDGB,None
PP58P-8DDZP-OQLD9-EALVW,None
UKGGA-WL9VQ-QWAAQ-IQU5E,None
BKDXV-WP6KP-OMRV8-HNOWK,None
6SPBN-3FYTY-15NYG-HL9AF,None
N655C-78H7Z-OCHTJ-X6UZO,None
O9XJO-LF5PU-XQK81-JPVCQ,None
JSPEC-C4C5M-D32LA-DGUBO,None
IAUFH-K1AOG-WBJHM-MGLI6,None
WA8XJ-E0NGG-7GNS9-WKKYA,None
FIJUU-TNPZT-NRIBQ-GX3PH,None
YN4ZH-KGBFS-BN5CT-TJU32,None
MEPYG-UT9KV-3MZQV-B4XCK,None
C3V8H-RVE1M-D8YKC-QCIVL,None
PAASL-K4IT4-PQDER-WQDUS,None
YWNZL-OCEFB-UEVTU-XZSGS,None
9JTRG-YAOD0-UZETM-EWVWF,None
RN206-QEZHR-AORSE-BQXCD,None
70ZOP-VEFNE-9JCEI-YT2AI,None
ACUUB-VSOV3-NHU5S-HCMXF,None
EZMIN-6QHQA-PZM1Q-9A6GM,None
DFTCL-ZBKNO-CM9NP-LVTH7,None
JUMOL-QIP5K-V47L7-BIUHU,None
7YEDQ-ZQU5E-CO0BM-ZVKSI,None
ZAJF5-TO7GB-EOVPG-0CCAK,None
PJFDH-DOXG4-YSMVK-HKDMM,None
ELAQL-JAFT0-QXOHH-G3460,None
FBP9L-BOUSV-4DZAF-AVR6Y,None
2WP6X-RR9F9-C0HRP-IN3H0,None
M4PEO-DHGRH-PF6MK-LL6MT,None
IIIP9-GIV55-IGJX9-5IEKQ,None
YGVQE-GSLYL-XD8H3-QOPMZ,None
ARGNX-P44VW-QALNH-SXJE0,None
GDISU-JDN20-TRJ6S-4CBJZ,None
JJHGB-FDUKT-FA4ZZ-GO1BO,None
46QDG-OODVN-K8UR2-YIV6J,None
UDJ38-UCCDW-9M2CH-MIJD7,None
YVGPT-UKURR-30OXG-4DW4O,None
WHI0T-TOCKO-FLLN9-FR7CC,None
YBYFR-UV1BX-3UYQV-OYX8W,None
ZQRGV-QVWNS-XM7TH-UGEOW,None
M403Z-TFPOS-OKULM-GDXSN,None
BDOGJ-ID3G6-SOUTF-GZHTL,None
EIXR7-JODGT-7QMYV-KTCLH,None
WLODZ-UJA49-0NJNX-GV5KJ,None
JGTGW-RA1AM-MYSFA-ULETI,None
XVWTW-R8Y4V-DZGO8-AOODF,None
J6ESE-LKAJC-7CEFT-FPGTV,None
FHO3N-CBO9K-MSMFF-16USP,None
PCASF-A2C6R-5RRTY-CYTLD,None
WZQ3Y-TJZ1C-2PQIX-GVCSQ,None
6PLX7-OHUGR-VRFVT-9EX1Y,None
5MXFH-OFWAJ-CJZJB-RARNJ,None
0HCMN-OU5AL-OCTXO-HB1UY,None
NN5NZ-WT6DS-HRWF9-MOVSZ,None
7GWN1-MKONQ-M5E3A-XLMUZ,None
0ZDLY-IWHSL-OW5XW-144PU,None
K2MXK-OPRY4-B9ZHH-BWYID,None
SA6DG-Y9FYX-EOTIB-4A8SL,None
SXGUP-SPUIH-ACV5M-JJESQ,None
5EE3W-RX1JW-JJNVW-ZTEQ8,None
X5XIB-VYQCK-ADSZT-ZZVPX,None
FZFIM-OLBCI-RQB7E-OPA5D,None
ABZXU-DLN9B-ZBHBT-C9HPA,None
CN6WW-LSVP0-NDSFD-1M0FA,None
CNR41-RAYKQ-CIPMQ-NT7Q8,None
T05FL-EMKNS-CVBZA-NFLUW,None
MSQKS-O2HNI-6UMNE-QT2PO,None
OC4XC-ANYLA-NODB8-S7VPD,None
PGK3M-ABT6Q-YHMMM-9FRLR,None
Z8LRD-HZ8KZ-4VROB-PD7V1,None
C8XZ6-ITJD0-QTO6D-A79PI,None
IOXKQ-EFXLA-RTC5K-W6IFI,None
TQZPT-ZBFE1-HGPUL-RIX6Y,None
GLAT3-WOBUA-VOF0I-QAFMQ,None
GLNJH-PGYGA-G3KYO-1XSRD,None
YMZ5L-OVIUQ-O1TFR-VQZJH,None
K4YV1-4CQPX-LBDVC-3QHQV,None
YGAUI-J9PIV-YBGFX-WEZMB,None
BNCHD-AK9PN-PIXDE-LKMCU,None
QALZN-F6YSJ-EUT7X-3GOXZ,None
YUBY9-7E7LQ-EPWJQ-6DIR1,None
ZCN7B-R6F7R-UKFAK-DTUS7,None
QP7KQ-KAC7W-DSVZJ-BJSGS,None
PTAW0-81BTQ-YLY9A-PWLPH,None
LY0EY-AHFDM-UQNIY-FFRLR,None
HAB5F-GVHIO-FOPR7-PLJGT,None
54QMS-7FQAT-Z49YY-JY4V7,None
5VOXZ-CZT4U-C6PTQ-IEGQO,None
1ANM3-JVCB3-KLLMT-0C2YX,None
TMIK0-FCBIN-JUZ3W-KJOSG,None
ND5KC-1IZSS-D4MEN-G5VAA,None
BREFA-OKLW3-UNW49-BWVPP,None
AA0MN-LEH2D-W3G4L-MINDB,None
B8KLM-5TVAB-JMXIC-0ONZO,None
I2FZL-3TKEO-1DYBD-OQAT7,None
A2KUC-Y4V4G-QNKSW-3ZI2R,None
8DYIA-B1ISL-ML2KM-KCLOF,None
DLWNT-F3D1F-FYUGR-4HJ7V,None
WFICQ-ML8UV-QD5PJ-SCX1T,None
ND5OO-6U0GM-7ASW6-7RNMF,None
9DKR3-4PMV0-XB3MX-WGU9A,None
30JM8-XVWNW-YW9BS-BKVXX,None
9MMJ9-GEUHU-41QYI-6WCGN,None
T20P7-NY0JQ-KIIJM-AWSM7,None
UZLKR-AJFPN-G5F8B-JISC4,None
2HYHV-UWX46-U1TZ0-EP1BM,None
8UGBD-CITGB-COX1W-D84XT,None
SHXVO-CKORX-ZEEPO-Y54X2,None
ZNGPR-SAZT7-KWQAH-UATUL,None
JHYRE-HJFYO-SYJA0-WQLXM,None
LNVIN-VFT3E-GUB6K-UHJDE,None
SUYZ1-RFFO1-E33LD-WLJA4,None
HED7X-UEWYM-NHP8G-HXAQL,None
AHI84-1FHHL-K5GBF-KJI63,None
7G6F0-WCYUS-31RSI-XEWUS,None
BZB4R-FYN4Z-SWBPN-3DKIA,None
3DJIU-MPERM-QW7YH-TR0DA,None
ORUIM-RPUO3-E8QCE-WZS0X,None
5E4V7-8CJAX-T0LJD-JWW6S,None
RW0GB-IJEXW-DUCY2-XHM94,None
0V9CG-ILNS8-VMZOZ-EOMML,None
UAKXW-VX0PY-CJVDO-MSQLM,None
YANIL-YH30C-Q4LPT-SE39H,None
4VONP-VZRA9-NS1TC-VFY60,None
SKEYY-CNXFV-LCGL7-5XRZH,None
9YN48-QZGM3-SNSJP-SMZSB,None
EJYZD-EUVL8-MBS4L-6NZ6N,None
MW0XB-UL583-JROTI-2QE5F,None
3FDN4-1HZCB-J4AMC-XQ3VB,None
HFHOZ-KRNMV-3TBEE-X3UPJ,None
H1DXX-TQRZS-YLBK2-YRO3R,None
CUZR9-Y9BBD-OMBJL-GFFAO,None
IHCJD-I1MIZ-9YCNG-VECEE,None
50UNB-VAGC0-EI1SR-EQQTE,None
QJUVR-53J7P-7U4JI-HHPQN,None
EK3OJ-FKGGH-TMIUG-K99TG,None
YXU7J-YRWCT-TPBGO-TWLSN,None
VSXAS-2FVFH-VGOPF-PL5CW,None
ENAIZ-KGQDX-YIQ2E-HZCBK,None
MOJB6-ROA96-QQZZE-WQ070,None
DEWH0-WVYGM-UIY9M-2FRW7,None
CCGZ1-GIHKY-DJ4IO-Y37YJ,None
IZTPG-EIOQN-GKBUZ-TQBRV,None
2PMKR-EZFA3-WXK9X-KRAEB,None
KN5XN-NP9PH-C8XHX-WUCVB,None
1TEKT-PHM8L-15VV0-YB32G,None
7F5UQ-NVHIL-PXGI1-K2VEC,None
14HFP-IZW1K-JBCTW-SUCN7,None
ZPB1T-DWZTD-J9DGE-HQN7M,None
8L7YI-JUEMW-PUVPP-FV60B,None
JK9RL-CKKI6-ZR8IK-LGGPH,None
7UUMI-UJ9U9-WVARD-IFZS9,None
JGKYX-BOSQW-ELEES-OL3OJ,None
ZCLBG-G8QA4-C8IFS-YWHEV,None
UMG2G-GVPLN-WKZMU-B2GAX,None
LCCGM-5DOJW-ITSMW-VKDLQ,None
KKR0M-OMCZX-CTCET-7SCE7,None
SWUV1-WPK49-VMGNT-SDWUZ,None
QNQTJ-DSKYY-7CL7K-2FEPP,None
W2ZNO-RBWEW-99LMC-TXRV5,None
FYRPP-GRVI7-N7I3Q-U4D5E,None
3MWU3-VHSE8-YBRZV-ITSAZ,None
FCQ6P-IHLB1-WQGZ9-BZHZL,None
XRUFK-JRCX4-YPNUC-GWGII,None
8XITZ-TMTOE-HBT9A-03X92,None
L4OJW-WGYFV-USYVB-0LJDP,None
QACBK-RLIEU-KZMMJ-4IK62,None
J11QV-CQFGJ-C2KUA-WZMKA,None
A5OMB-4DCGM-UNWDR-NQDUP,None
W2IUU-I7R34-SVGL5-D3YOF,None
NPHDP-ANSPN-GNJH5-TBEHU,None
VHN8H-NN6JC-UXW8S-R5300,None
GWAGH-7YAMM-DENT2-2QM0B,None
V5KT8-WLOZX-PQZID-SAAHZ,None
AF5IN-UAKOB-CKNAS-9XRLP,None
RMOWI-PRTOV-ITM1X-4FMC9,None
SW4MI-XTG7M-QCDPZ-B8YQQ,None
M9UXW-GDBN2-H6NSI-TUICY,None
TFZ4C-1DBGR-P3BP9-FUUDJ,None
7RTUK-P56UX-OO6OV-QVWDO,None
AAADQ-WWXV0-ANRMN-JYAGO,None
E2J2X-DKLTR-FSQWJ-NEGGH,None
NWD8J-85DEK-EWCFS-BASNN,None
NFJQ8-1TNFZ-XNBUQ-OZIIN,None
JSCDP-EIGUZ-4QGMX-ZTLHR,None
WPWTE-IR5W2-BVYYE-2FBHQ,None
6C2AP-QMCHR-ECATA-1FWKG,None
I7UXP-KKU3J-MCBCP-D1PUS,None
5WU1B-A4RCU-O6ITM-EOU6Z,None
9YEIP-TXK9W-6RKCE-B91KD,None
9YXB1-AWW5G-T1LKZ-U6AB7,None
AXWOO-TSOME-APZN8-MAIDX,None
2D6KE-PH7AT-XOBVN-DRWUN,None
SJRWN-RZYX3-FY9BT-SHHR6,None
Q9GFW-C3D3A-Q5UVN-8UTH2,None
QP01S-NBIWA-XHPPS-XAHOA,None
WN6V6-HB9BK-DVK0V-BGY3S,None
4FQOD-TIFT0-CJFMU-1BDKA,None
EYWEW-VKTFJ-XGHI0-VNA30,None
KRK8U-MHOG2-NHOZJ-P5N3G,None
JKUWB-L4JHU-A3L5X-U5RGK,None
RVIOB-SRUIK-KVITT-YOHI9,None
QTPDG-IIDCU-HSTRR-U3KSN,None
PZHQI-B636V-QJT9H-NYWXQ,None
CJQVB-3MBYP-FAAS1-SJW0X,None
G5OGV-0J9UI-SKJZS-Y3QCK,None
VZRDI-K8VRH-ERHRZ-BHREK,None
YPGBE-MPTD6-TRSSD-KSUEZ,None
WD3UO-V3VK8-TYVOG-IKOSK,None
HPHYG-IAAJS-3X5QI-CY8RU,None
KS2MG-PEBTR-NR88I-WXEPP,None
E5MT9-SY9XC-RBTKH-DNTFU,None
DC2DG-UPWIV-ZUQOE-7X1UJ,None
D6J3Y-HK3VQ-4W6LL-JTQ31,None
TCS4G-ZOPD3-U0FWN-7HFCU,None
QGADA-S6OCY-EZGBN-QJG9Z,None
TOVBQ-EDVA1-5VSVA-E4NVJ,None
YFGGD-Q2VFV-E4ZGC-YSISN,None
2HUVL-YRFR7-SCTZ9-XOXDA,None
EGAWA-FUEO8-4GIQK-WGOAO,None
LMA8C-EJYUX-T7CJG-9IWUZ,None
KBOXZ-5LHCP-VKQKA-HK6PW,None
HLMTE-R0UX0-G6GSN-E38UA,None
9VTJM-91M2E-DGQXI-RHZAP,None
BKBWQ-C9PJC-Y7P2L-GINVE,None
PP6CT-DSHGN-EU0FI-EZNAP,None
YRZJU-L3QBH-13ABG-N1RR3,None
WEI6N-0174T-M9EDZ-C93UM,None
B93CY-9AQN3-QRU17-XFF2Z,None
NJFCR-X9RDX-JEUJT-BMOS0,None
DZTVK-HW34T-ZSQ6W-KO5QA,None
DLQB1-MX5GC-QP0MA-CY5GX,None
IARKH-4DA4M-RTEYB-APHVY,None
EYGIL-3CTPN-AV9YC-VRJGR,None
UPOLH-ZBPLF-4TLX6-DMAXZ,None
GSEYC-7YVKW-URWAQ-SOVPP,None
OR3ZC-NI6W3-Z94AR-MVHSR,None
TBH4X-UDKGF-F7JDT-IDL1T,None
W0QQV-9Z3IS-FNGLW-VO967,None
0EIRW-QMLY7-IWKAO-DJ0G5,None
IR6Q6-SCIA4-BW66Q-JD8Y0,None
KCY2X-0PV0U-4PUXD-3UAJ8,None
A4T34-0ZI0R-3YO7D-SUHAV,None
EU5OT-PCCUQ-17CFB-1DQAG,None
ZOJOQ-4CJTL-3BT0V-OLFA9,None
PRTGA-IVZK9-CDCBO-BFKQF,None
DOEWN-OOWJV-BZJOP-OIMNP,None
YSWPM-9EIRS-W3PEV-P3RFN,None
N9AXE-EP6IU-HSHDN-PVBMT,None
B9SLU-PTKTU-DJ0VU-MIJFT,None
YB0ZV-8TK8C-XTRI0-K3JTX,None
EGHFY-VGTQH-5LBKK-RM871,None
PTIIB-ZYJCL-RNBEM-DC556,None
E8AWF-2WQ6T-RGMQR-FR832,None
JAAT1-WGCWB-O3CJO-XROEH,None
L9YDH-HZNPX-O25U6-HJIPI,None
EUNAU-FOFEI-L1XQT-UPILC,None
UQTYJ-MM1JD-5WJUY-SF0AB,None
1YCFI-VEFGK-0MDWK-KX4CN,None
WFVQP-AOYIM-I3XCL-DRBVS,None
ISWTD-N9PK2-QWOFY-LIPSN,None
LODPV-ETO0L-H2O52-OY3A8,None
GZ8NQ-6NBK0-WVS2X-918K0,None
PS39C-TQNNE-YMKKI-FXR4V,None
RETTB-DKR7N-KOPA0-SUIMA,None
1JKNL-HF8PG-LTKVK-4UE8S,None
MHVPC-STIWA-MQQRO-W1IRN,None
VDZXT-BAKRH-VFPHA-BKYYJ,None
XCLXW-JWOYJ-FUXWX-526DL,None
G2OFZ-JDDY5-8TMMO-VVWUM,None
KJITN-R66AQ-YWVG2-9ADKA,None
BWRLI-GZ7BK-SMHTY-Y3N17,None
D27XN-LPORY-TG79B-AYBBQ,None
KWNBX-TNM1V-AGTX4-Z8V5O,None
QF4X7-BM8LB-CNIOE-RVDYG,None
HVYDB-Y0XYC-2XI4N-XCFT9,None
OFTW4-KKBIA-CCXJA-9DTEO,None
U5QRD-UP6OQ-MNBV0-A0OLO,None
5DPID-UEKWL-E4I9O-DGTOG,None
9ALIC-PFESL-CAPXC-3PYK8,None
LILZY-EDXWF-T6KXR-XB0LW,None
MI592-QWAPF-NGAZA-JBTP6,None
U9N2P-SRGDR-D5QMW-EWCXW,None
MNFIM-FPG5L-A0LQ6-BJ1PY,None
U8KAJ-7K6AC-TT606-XXX8P,None
RY2K2-MBJH7-W9RXC-A8XTZ,None
9FCMX-FF2QU-BJWTH-MXJWM,None
UY8ME-DVVDR-G5IOK-QIWTL,None
6PWJQ-JZJTC-DWAWA-KTJEN,None
RIPTH-OAXFA-XFV1Z-RBZGS,None
2YDBO-FZ1VA-YNX9M-FTUJE,None
53UFX-FDQBU-R3KQO-RZTHG,None
NVY19-OAOLB-0F9BA-PWTVH,None
PGRWB-MVLIL-W9ZMG-SNFCU,None
OKYQC-MMILM-TFE0G-SWEN5,None
TBDKV-JUCS8-KXBQU-8NOBK,None
AMRGA-HKMN5-V929Q-JHANO,None
ZVKDQ-B9NFE-MR3QK-8YOVI,None
YV3TB-UKLMA-XEE7U-VXXFW,None
CUGMN-FC5YW-ZJBJL-RYNG2,None
B4GCB-ZBQBT-79U9M-YFE8N,None
P24SK-CKYSF-HPPD8-DCTGJ,None
3LA0B-IVKBT-H1NRB-DPJDB,None
2FYRD-QIB5J-GAA8K-GRKVX,None
O1UYO-MFI66-V7BHY-POF54,None
LPGAL-TGGDX-IJTIU-RSMXT,None
MW8NV-JSLPF-WRSCZ-212UM,None
8ZJE4-NZGZI-NJZ8L-HVCGT,None
J8523-V1H5X-KZVQ9-FBS44,None
RPG74-NDUEI-CPXBO-TZKCF,None
JPHZI-03IIA-Z4AT6-FYYMA,None
0WMMS-CYEHG-D8OEH-L6F5P,None
YCGTI-P5QOH-KFDZ7-OC77L,None
7FC07-V1FVN-Z5ZMF-4T1CB,None
5PKKP-SHSTD-MTEZ0-UOS3G,None
STNZP-OSGRI-RPHX7-SFS7X,None
OEBDF-5SW2Z-DD5T8-S1DHF,None
AEGI4-ML5JB-4Z77O-EDKSP,None
L7UKJ-WBDHB-YAPRX-XFW8C,None
QRCDB-XEWCV-13TYR-PNJXH,None
0YHLC-GTVGG-QKVSS-AOI0S,None
55IKR-DSBVY-UUBL4-C5GAO,None
RKHMI-YIVD8-YBBAV-SDLZF,None
Z8UDZ-GTNPI-0SJCC-MZOOV,None
UWUCF-KSUSE-C4XW6-QWBVX,None
8FKJU-6KNWV-F0TM8-8GMJZ,None
WKYWE-NMNFG-QYUUF-EZA6P,None
ICXII-N7PUZ-DBFNZ-QSJH7,None
BZGIR-56JKN-DR0BA-I0NQL,None
S1VVX-LDX0P-HHLPY-OZCWR,None
FBPOX-NFH4F-KXGVY-LXKTN,None
3UD2W-28KF8-UZX3Y-KSNCK,None
ST4YI-O4WJC-A3VJA-WVAJB,None
3IYNS-HOQEL-YBMCB-VYBTI,None
8DEWA-VOO4Y-KBFSP-JDUNA,None
F7FVJ-SE2WA-QKBCB-NNFRT,None
ALBWE-IFVCQ-PARZF-EIGRE,None
6YAWY-SYJEF-SROW1-AEGBR,None
NPAY4-6CAYE-OQJYO-TSCNS,None
JU1YZ-H1CI5-HPHN7-RE9KD,None
SFT5L-Y3WCS-QECB5-0C6JF,None
JKWSZ-OD6QZ-H6HED-LUQBP,None
EYUXP-MH3H9-MNZ5O-ISAPC,None
ZTJSF-XXSTT-0Q4TZ-YXY5O,None
IIFOK-GGUZW-H05E6-UBQOZ,None
HLHUN-KCDPM-ZO5BK-PSOAC,None
KOHDF-DKYSV-NWXFX-IRW4Y,None
UWNGN-RF0EE-75AFD-Z2PTZ,None
WBXC0-RZY0Y-JJHEG-KF5ML,None
HAWJY-I0AMS-G0SF8-ZU0YZ,None
LRWNA-VT3HT-CGUFV-7SRHL,None
DM2JK-ZHGQV-9ASL7-RUMQX,None
U2MNQ-NT265-UBHQK-VHF4T,None
N4V7U-7OCBF-IQYFT-TLWZP,None
2YTGF-RL0SP-TURHZ-XPQOT,None
J98N6-UKMHG-VZA0Z-0FEE4,None
E7ZRE-JDGBJ-QFSJJ-Q7U5E,None
ULTPJ-HII2C-IAJR5-PVEEX,None
BO1QD-WTFI2-PMEGI-IDCAM,None
0HEQB-HTZU9-JNMBO-ATYTQ,None
G2SR3-VI7JV-YYZ79-6S1LK,None
SXOIC-ELQOS-FVBUO-BJICF,None
ZD4FF-VKVFY-ILTZW-RI4FN,None
JNLJN-PKSBE-TJNOF-FJ6HD,None
HOQ3F-GWVQM-BDRBX-PO6YE,None
HOCTK-RAR5P-OBQFT-SYKVL,None
WDGN0-ZCBH9-AXELF-PZFET,None
8KAQW-0IUEG-JMXEN-348UP,None
7EDON-DW0UB-5P98F-1UHHO,None
OHGX7-IDJL4-JUCVI-DN88K,None
BSXNN-MJXHM-05DGS-ZMEIM,None
XEOQ4-SDD4H-QWCKS-RCZ0Z,None
YKG7U-5TDJ7-GYQXW-KRSL8,None
MYA7T-ARG4K-LBFXT-ZINAY,None
DV7QJ-57HV8-UGUIS-NG4UD,None
1L5GC-LJFL0-310I1-U08LH,None
WYA8M-YUAPQ-ZEZRL-1E7GD,None
5NAOA-TDXJO-ORC6D-YJZQP,None
EB2GT-JWRCW-54ZHX-SZAEE,None
VNX7F-IAHEI-8IPWF-R1V2W,None
1YRUL-C5BEE-IHZJB-KEONU,None
2JWOD-VOFWT-69HVR-IW9GF,None
UMWHJ-VX3EB-Y9IV2-T9RIY,None
LLFWB-N77Y5-D9YO8-GBF1L,None
DLDM6-BFPU0-9HBYF-YODBG,None
VQTXP-HPTMC-HOVWX-TVLOZ,None
U86OA-IWOJS-E6RQR-GVS1B,None
PIDSX-HNLNO-S4T3E-IM3TI,None
KH56I-MSGIC-DTIEX-YPENG,None
DRCF7-FRVUI-YXQGS-DQ2QU,None
B26SP-HVASF-QLGRJ-RCIJY,None
50KAK-WACIF-03QSL-ZZHKA,None
C72BY-QJCHI-S54KT-FBUKV,None
PUQHH-PZZZG-BS2HR-QKGOZ,None
LIPLP-IDCXD-VNGXW-MUL82,None
KHLQA-DIHML-5YB43-ZKV6U,None
2OCZT-CRQPR-PGUCJ-H0MXC,None
8MRJO-QZUCL-1NGZE-UJBM8,None
WTBJH-XWTJJ-UFM8W-YKIRP,None
OF0KO-ZIOWA-QCEVY-JQKCO,None
M4JRN-OEKZN-ET6TW-BYA9K,None
LSVI2-0PSFE-PRJAN-LJVQL,None
N3EYK-TBILA-LBATN-NWYWL,None
YLZ4I-BHCES-E2F88-0YBRW,None
AZNE9-A9RQ0-B5NVS-OX3DG,None
LA9YA-RDNCT-RRYLF-ZGEGW,None
NI4RS-WQWDZ-TVURS-5OS7E,None
C7QOD-UWXRQ-NU1KM-KEFZK,None
JMOPD-VWNGU-ATFE9-WA9KW,None
U9Q1E-TEVBS-BJHNK-CULII,None
V1UJX-33EVJ-JFDNN-FPGGN,None
E0G98-PQMPW-8EPLE-EIUJF,None
LRH4U-RE8TP-TYARZ-AKGF7,None
WEIPC-HC9JD-VHX7A-RPOPC,None
SKB4X-ZSF6S-ABJGC-L8RN3,None
9JVDE-YQW9W-JTFHG-YPDMZ,None
ESUDC-P5GDU-4NIMK-R4XBF,None
W7XH3-XAVC4-9HLPI-OD2F7,None
N29Z0-NOWRQ-MTIE6-BYJQS,None
21UKD-5JIQO-R4CKQ-8IXTV,None
EVBGD-HHHBV-DBYP0-UCV9H,None
QQP32-SKMQU-DZ8WI-GNUGS,None
NL40L-D3MUE-UVEN9-XZ5BH,None
B01E6-OE37C-HNL91-JBWSM,None
AUNTY-WSTC2-D1OUK-UBQLF,None
PIKIO-RRFCP-DIVOC-MNFWF,None
SMO1P-ASC4V-P3WI0-JWKSZ,None
C6ISQ-T8KWN-ZCNKE-MF8SB,None
8OF8B-WTDF8-1RW1T-7B4XE,None
5BZHA-X2XXO-7FXC0-TQNBB,None
2T1PS-B9DV1-SEEGZ-UVVUW,None
C5ES3-0XVIC-XAZMZ-IMCBX,None
OFNSG-JE3DL-JZOTU-CRQD5,None
N4XRH-OM0WX-GFGC8-GW0ER,None
L8UPL-5WW20-UVJUG-I3SMH,None
7S96C-7UEON-PHNJR-OPU42,None
UT0P2-7YX85-TESTI-AX69O,None
PYRMP-MTYYZ-RFISR-JILZT,None
RW8DZ-3W8NN-XK1MA-PCLIF,None
PSECR-TJ6M5-LXTFK-FLEVC,None
WJRWC-HLJTD-FIUBZ-JF85V,None
G6YI4-WQKSS-E9ABO-BX0RV,None
ZQX2V-ICMJK-HTMJN-RWUG3,None
DBY8I-YRRUT-BD6OO-A7ZKN,None
O9CP9-PH90X-PONIO-1WZEF,None
OFJGB-SS9DF-SVPKC-AU9RR,None
BX1SV-4YEWV-HN7X0-MWDZA,None
JBVWY-FF1KJ-H6SLZ-O2Q29,None
C5NJW-QVCTH-QEXOC-XEK6R,None
BRIPO-0TMLP-5F9I7-WAGRT,None
I09QQ-2NALY-GRGPB-LCGUO,None
EHIKH-9BKAV-C4OFD-XEEQE,None
PKWSZ-F1RF3-S2YKT-B3E83,None
JAGSB-NZIQL-HOYH9-KXCUF,None
CZEGG-X1M0U-UFLED-RJKJO,None
X4ICW-N81TQ-0NGY9-INFZH,None
FGIP3-T6K5W-ORLWX-AEFFE,None
OMZWE-FLB2Y-G63YV-ELXLD,None
A1XBI-XTKWD-LBRVE-TRI3I,None
W8M1Q-6FBPO-D6HPY-ZIPTK,None
RWFYD-RX9T0-QLMYE-FGDAK,None
OUJOP-YVJPQ-N2ZMC-FCCHJ,None
VKXMW-WVPV5-THVNC-SQYUS,None
5471B-0KRS8-OOJ6S-XYBPV,None
JRJXZ-8CO4V-93ON8-FNKJE,None
GBE6B-QB4XM-9L0EJ-KWNO0,None
NC84L-REHGT-SNG9Y-9E9H5,None
PFR82-07GXO-R8GQL-2N4EG,None
H5AML-Z8GMJ-BZXAF-OW5IM,None
GRVJD-YTPQX-LCWN7-AQOUB,None
O8QK7-JVEFC-2WRGW-G3XFH,None
HL175-9ILXZ-AWOMI-RRG3A,None
C5VVJ-ZYB1M-YVZUW-43T3F,None
TDK9O-Y8GT0-VLQ1K-0O6SF,None
NH9T4-VPTYZ-NLHFN-PXWLQ,None
HSA4N-6FYUN-1W7K5-KCNYY,None
E98FE-EMGAV-BNY2A-IX5RT,None
ZJYVS-DJ6BU-94GEB-EJUHM,None
4N5X5-XE9RC-GPLQX-HNVYC,None
EXAVE-5X7ZZ-ZU3R2-UX7ZH,None
DECBW-KZDSX-MBZKZ-7WYMN,None
8AM6B-T1NCT-2UV8M-OXJNP,None
WJJFS-N0HK6-8HHWR-O0QTO,None
1ISXQ-KUS2O-Y6UFD-CVXXA,None
GV9B0-JIORV-576EP-L1ONN,None
CJCCL-97ZH6-X1UNQ-BKBUF,None
QYHCW-MKIJ0-ABYZX-0JGVA,None
HKBV8-MD66D-W2FBV-HXG6P,None
QY3JF-M0R3F-ZUEZL-JXJTH,None
7KK9I-6YCH5-ATWXY-OE9SN,None
G9ANF-PQULE-S4ZPW-XU8AM,None
OF2BQ-OZKKN-VI0RV-ECRT2,None
XKLCF-RRWUL-RYX9V-NXQMH,None
NPN0Q-ARTXJ-FVSXL-3XQAF,None
OA0LE-JFMHW-W1F4Q-PQOJK,None
QVR5N-PW331-EO66M-HLXLX,None
TKIYS-6AZSB-Z6OQQ-KWBDJ,None
M77YW-LSYYT-JL0GO-LFXJ1,None
KWFHM-Y0XSX-PDINI-LGGYV,None
PLGFX-LQOG6-S3JQV-GPUHA,None
AFDDD-FUNCV-DZH91-10HLF,None
T3K8K-XOA53-T1IFN-GEBGF,None
H9PAT-Q9EAA-LLSHG-XJJ68,None
DCUXM-FK1JI-Q3XS5-OGUR7,None
H08NL-Y8JAZ-JUNUB-GATQW,None
VBYCE-G1TWU-UJ0SR-AM1QC,None
RQFKW-OHWH0-PMRUU-HEKGB,None
O7ZVE-RWOIK-AJW8M-HNOAH,None
Q2EXZ-OMF9F-5EHEW-WZICL,None
G14WJ-7H8RL-VTZQF-HCX7B,None
964PD-IQK2H-QDFYT-EHUEP,None
XS2OA-JBZ5A-T4CIA-OFMSO,None
6870B-D1GEZ-YFYI8-WPVKS,None
QYJIB-JMAOQ-XKEGU-GJ2M0,None
QK3JZ-P9QMP-ECXT2-GMJQQ,None
HE1U7-29EFO-BXX8V-JSRAI,None
WU2YJ-CV3SD-YJKNP-IR371,None
NNHDQ-OMQVS-IUFBV-PWPL0,None
FGGIY-EZEB8-O8OI9-W2O4V,None
NITFX-TWYI0-IZPTE-NMJO0,None
X5SXP-NMYCA-QKAJZ-SNIKP,None
ICW8X-KNFF5-QEKEQ-REPFU,None
VO6S2-WCM0D-JE3AT-CLALC,None
BJPPU-7YYWE-YNUZK-YLCDI,None
ESHUN-YPTBU-QT39L-KRRZQ,None
IPERM-G7SUQ-CVTZZ-HINWR,None
44QWW-A2AES-UFWRZ-3VWRN,None
GOYUX-YIJ9C-LPRIA-OAFDZ,None
8KRNK-DRVUT-ZRO0K-PFXWE,None
6S2DS-BOAQR-7H8IA-9VYBL,None
BYDPR-GTDA5-2ETHL-ZQAGR,None
WIXRR-ONDMY-AE2OW-NFOEW,None
R24YN-02LMX-PE5E9-IRNFN,None
HXCMS-BW4GP-LONKO-O6NK5,None
DHK5L-AWR07-BMKOS-QFT70,None
8FNDV-RKL2H-1ECK5-HEDSQ,None
EY8GD-3KHEW-2GSNX-I33QW,None
BMCHW-DEXK3-GG93Z-J5I6D,None
SUZZL-XLYQW-83QLX-S7TS1,None
ZLRDE-NFNZZ-UISGA-Q1OXS,None
GEJ6R-0BJPU-D3SZX-Z6STT,None
46LI4-NY0ZG-U70AF-XUEC4,None
PUZS0-ZNZAP-BIMJ3-EKODJ,None
QXOKK-CANLI-8ZGD5-LXJ4T,None
GUVYL-8I74L-EDZ8F-6LNFV,None
MTTN0-MLSZB-35GAQ-K3Q0I,None
B3W06-C9GER-H7RBC-JZ37A,None
DEFZJ-YTFHA-8F0IO-6QH33,None
NRK7F-38ZHO-RT39O-GUMZ6,None
Z7LBZ-BSPEQ-FTLTH-PO1QA,None
JFDQV-EORHN-ITTHS-QJ3OP,None
KZBMF-JSTMK-XMHO8-7KDNI,None
7JERM-AZDX4-74C0X-V2Q1X,None
KMKCG-BIGWI-FWYYF-NCN61,None
RUDZE-62TOP-AKAUW-3FYEK,None
RU6FZ-QBBFB-MAIDT-HLCCK,None
LTZUJ-NCDQU-XF91S-R6HFB,None
MCTBN-DDYJV-GGM4X-CLDYA,None
WVP8W-VMGRX-7B6AR-MG3SF,None
O84ZK-QSMRO-8S5A7-VINF3,None
MI9CL-WWKFS-UUCF2-NBUHQ,None
0DSJW-IWJSB-LLLET-BS3M3,None
UOQP6-GGFAD-YSWMA-YERIX,None
UUGZP-CSSFT-3MDVI-DAFWD,None
FCO31-LOIWD-WFLHU-TXBK0,None
FN7OW-SNLP9-C7KLF-4A1DV,None
P5M7Y-LOHWE-6D8UL-WOGXS,None
HGPUU-WB9M9-OQTDT-UJ9OK,None
FVY7K-CTCWJ-JYSB0-YQDMU,None
SVAJQ-DYDOM-PRNAM-VYPYA,None
JMKGF-LRZIG-QXZDQ-BGBAT,None
GQXZH-4RJEA-BBLBE-VFUXD,None
AOIWW-PBO9J-5JXUV-HJA2C,None
KBQ35-2NNS5-PRR9C-GU8LR,None
AU86L-PW3Q7-9D4VN-ZHG23,None
MGM34-QFLTZ-MLLWD-JWM1N,None
EIKND-7KLQI-5HYHH-BXCCT,None
QM50C-3WUZL-8RBAA-NEXCZ,None
3S5A3-ZOZWL-3BITS-RVRFM,None
DC0MO-IZH0X-TWUS4-6ISOO,None
FKMHF-KXKGR-ZHWF9-RNPV5,None
SBPJY-PSMJJ-NJZZW-FEJGM,None
ATFHV-XIPBI-BMZMT-SCYOH,None
ODISH-SAXH9-KRE4L-EPVIX,None
N0VOW-BUVFG-EQ3FS-UZBEK,None
L3V3Q-TF3FQ-G6BND-TXY0V,None
X1BAH-Y65CJ-GJEEX-I9ZNU,None
XXRET-N3MQM-JV8NW-XI5A1,None
2APVA-7UWPT-PPBPE-ILSEX,None
VHLWA-QRE2N-XEPQI-EKGIC,None
BGD6Z-JW2HW-0RNFT-3CRI0,None
RKLYR-CIVO7-CIQCO-5LX8J,None
OYIS8-BYJ33-FG0CW-I7WJC,None
QPLDG-PYKCQ-LNADY-EYPYL,None
IANQW-FXYYE-NW3SB-J9NAL,None
UH6N6-8RXQU-K5BPG-ENFWP,None
TLYJM-OTYF4-ZM6EO-7BELG,None
H7YSG-U8A2C-BFGSJ-BCJOL,None
JCQLR-ZVLVJ-RRQYV-S9BQM,None
8WS7G-PKH61-JM3PM-A57DF,None
H4JZV-HWKO2-GQOEG-GSV5K,None
RBYYJ-UCQCS-EG1S7-1MYGZ,None
AU9WF-AGH1P-QHF7A-DMWVT,None
UC6F8-BGOED-M0XZX-KK4W6,None
H1BJQ-6SR8I-9UBXX-YOKEZ,None
7RRAP-MGSWO-AKDUK-FVW5Y,None
0SWX2-MBPRQ-9ESPK-NX2C4,None
E0QZV-DL1BT-NJUHR-CRJ4P,None
OGPLR-SG6GV-DUX3O-BQJF3,None
27E3X-YVWC3-HJWOQ-ZS85A,None
I5IV6-4UV2L-3IVNH-GF0ZY,None
VU2JR-I5OND-1IG0Z-KWW9K,None
VZYUQ-FROQM-KNLTQ-4SYEE,None
KGNNU-VAFJJ-ALL6E-K5OUW,None
NWKJN-BBIKH-8VBQR-AXUXS,None
HPSUZ-XEHMO-6YNPS-8RXTE,None
8PVPG-0IPBJ-IOXDY-A8BP2,None
WZQBO-JRNLC-ETZU6-SPKXB,None
ZHAIG-ZVESE-VEOUS-Z2KXK,None
RLXCG-YJVFW-UOOSK-MCSMK,None
CNJVY-5VUAS-GPEGB-74I6B,None
DFQ6A-5VRG8-BTPYT-O53GK,None
HBQL9-KIA04-2SKPB-S5HGU,None
HCIHF-P7DXT-HBRBB-MI6OA,None
FBOEN-DJ1FE-LU8RF-RM68S,None
HDLVA-HX15R-ELCQU-O1ZB0,None
VHU3O-M95DX-E64CH-VIK6M,None
ACKIG-OJFQC-VUQL0-NJVVN,None
VEX2T-Y6TDC-P6SNT-ZK0Y5,None
AEH2R-EZUR8-M7P6N-FLQLW,None
RTYJY-I7KOD-E9FA7-A0ZOX,None
MJYCC-BJQXE-3WXGH-HE4RS,None
TQBYV-ZAMPO-6ZX5H-1SDBA,None
ECICT-0VT1R-MIEOL-XWUVK,None
MVII5-CSOTQ-B8SGA-PTXQZ,None
7ITWP-DVAC6-M3566-GHQWP,None
RW3ZR-DDFVI-S4A9S-K6GNJ,None
P4B2K-8GWDZ-YHBS6-DOOZQ,None
PIHD2-9TNVZ-MMLQW-VTIM6,None
DZVBN-CQJDP-OA36Y-LKDVQ,None
CSFDO-ZDDWF-LIM6A-NNX4F,None
MFWXZ-UBP4B-IEZLD-EGYLM,None
YT6RT-DPLVE-EBXZL-QLTX7,None
FWBK8-YUVCQ-VLWEH-ZB4YM,None
EOHP6-FKTME-UZ6S2-PWXLL,None
BUVGX-TFH0W-IK1OU-I5LS1,None
J9HGK-DF1BN-6YGYJ-AYCZJ,None
IACKH-JZ1OC-S6XRX-VAZBM,None
NAVUW-3NASQ-JWISY-VSALT,None
F8GD2-WFQQO-INJQC-2VAW8,None
QGTRZ-VYPY6-SFPWV-H4ZY7,None
VNB4X-OFRL2-YRVIT-OKQD7,None
EJCM7-UY780-HRMSQ-KNEAU,None
NWORC-IYKMX-QIFYC-M6M0T,None
AGJMW-MHL6Z-XTVLX-O4HEY,None
AKQZM-TJ6AI-TUYOJ-RXZL6,None
QLTHK-AYRIY-MTIKA-VLO9A,None
EF846-RW0AE-8E6U6-SF8QX,None
YLJHS-DY6TO-9VKSU-G4JOG,None
WNTZM-0I1JX-NAQSY-YVZZP,None
UTEIZ-IBMVD-3XU4F-7QZZT,None
1TU6S-JVRQJ-5KPYC-J5HLC,None
XK2FP-GH4R1-XRDUZ-DP3U2,None
IR2P0-VMDSP-V0AJJ-YXTKP,None
W8FFE-NFG1J-YRZOO-RYZH4,None
NNLOK-1ASFE-USK7C-RSQHA,None
UGWLU-ZUECW-XSBMO-U3DLH,None
BFOWT-W6Q2L-HN3WE-QA1OA,None
X2KZQ-5BUGS-EWBX1-TNBCZ,None
JAHEQ-KLPXG-4ORTE-3HWXG,None
HJTHE-XLKSB-1YWFE-XU6IY,None
NQE4P-0L95G-JRSPC-9QP7P,None
BFV8J-GI7ZV-HCZ2P-KGBDJ,None
193M0-BWUZW-I3JWA-YNUI1,None
BEHRT-OUSRO-NNWMU-CFO14,None
PBO4X-EEE8K-CTO5N-068KT,None
DU23G-GOI9H-YZWN4-JKQ7T,None
Y79VD-PSRTT-2WPGA-T6FSV,None
GGRFV-NSRRL-5K6WW-VOROT,None
NDD9S-FP6QL-3Z4BC-7RJVR,None
FHGST-WRS0K-M9YG1-KWFIK,None
KEIFZ-PUSXA-L2ZSJ-ZBBZS,None
D8Q1A-LVFYA-LNCN8-E1F31,None
F1D8V-WKPPW-9QI3C-YHTVE,None
VNRKP-BSW3B-JOKYJ-VBLSK,None
NVMM7-EEVWO-OIKNJ-V21GY,None
C6UXB-THYB9-RK0IH-0BV5Y,None
0KKMD-UGPUF-RDXHA-LNLZB,None
8SUUI-X465G-QGNNU-AFUKT,None
KFO2E-RBKVN-IWCHY-V6KUI,None
RA5AR-PC2VM-YQOTK-HZY2N,None
FAH0K-9UZEH-6WQGO-A7S8C,None
FYISU-AWODT-ZYZON-5U6XR,None
IXWBG-KQVI3-G0SKU-IOQYH,None
HET9C-X2F6E-SUWMG-9DMGS,None
YUN4D-SZITQ-ADAIV-TDAQL,None
6TNAV-0HSU9-X4C9Z-IT8UL,None
VVCEP-QPFQY-ARI8A-IXVGJ,None
NSYPM-Y37VS-VD8Z5-MI9TX,None
IBTL4-KMS4H-XYINE-VXDXM,None
YRCOJ-IHZFP-AR0XW-YEEOR,None
R1KAZ-OAIEZ-PDWJK-NI93R,None
FMCCL-AJW7P-AQXOJ-PLFPR,None
HABFN-9VHZJ-FME7E-G6QX7,None
L9R4J-VFHGX-IIMKQ-QIQAY,None
FJZ0B-VSRUR-LXTFV-BRA5Z,None
QIEG0-L4PRW-O1J4M-APOEZ,None
NDCVM-6MUQ2-9GFIO-QZ5SK,None
V6NNH-MEWS4-ZU8MD-QTZVZ,None
BDB2H-OGSES-5JANI-02OWV,None
XAJML-7I7MF-YYISM-Z7YA2,None
WLPSL-ZBEAN-XGNMQ-OXVRT,None
JUELK-15PX2-MRMX5-XFSOB,None
OGKFA-LUPLP-AFCIX-DXUGH,None
L0OCK-ETGBG-5Y3J9-AMSWV,None
PL4VJ-ETBSC-LNZK1-3CSIK,None
HF6FP-FIBHU-JJN8R-DJBCX,None
UBJDA-ZQMCJ-L5VPO-OB30O,None
LLXVM-CIVLE-CHI4C-XARUO,None
NRUFD-FIKHS-OEI3Z-AEZFD,None
QM2NR-K707N-OUZZM-RDKM9,None
XI4B2-YFDHI-2SRTS-YOEJ5,None
PWHHF-WOXLM-QWKOS-BNII2,None
1GXCC-V2A3F-PY7RX-4FHX7,None
N9IYI-NJHAH-XOTCG-R6ZWF,None
QQIYE-KXVCU-YIVZL-2IZTH,None
DSJJI-DKVLE-OVBFT-6BUPB,None
NEVSC-TOKTD-SPURD-DPMX6,None
OP9FT-T7L4W-WVP4O-YJZDZ,None
POSW4-CQJ7I-NRRLB-II9VH,None
XJMPL-KK3MW-MM82Y-2VA47,None
YRKJ6-EAZNK-JDDC3-YDOAT,None
PL1XZ-Y2ZWQ-5G3U9-BZ97R,None
HLGQC-CLVAZ-4EYIV-PXFY2,None
YTALU-A0C73-MGHA9-ZTIJH,None
B2567-LC4OL-M3VDV-UUMZ7,None
I0BYP-QLBPD-M1EZI-8YH4J,None
LWVY7-YPDDS-HCYCU-IL15B,None
NRRYQ-VJR4C-TZ896-6F8SC,None
2CSBF-6DXYO-0QI6N-TOZK1,None
JVFFO-YBWLD-OC3UZ-SBDMB,None
LXXP0-XVTWN-K7WNS-R1XEM,None
UM54Q-4QWZZ-ZQFIZ-771P0,None
JHLBG-YPM0Y-CNYWG-MP8GE,None
UDWCG-6YZWT-TG1DH-YTZD9,None
HGJXW-MCO2I-RR89K-BWB0S,None
C14DI-KNVC3-JPWEJ-CJGRD,None
HOWEQ-OIMOA-3GIQL-XMPSD,None
QLSX3-OAWLU-REJAO-NN9NV,None
VJS8V-GH7MW-SIYMW-LPH3U,None
5MA8K-OPXU7-0OKNW-Y8XAX,None
FPODQ-ITEAL-U07KG-XQ70A,None