serial_key,activation_key
NJRPM-11FBC-30AA4-FVXN5,None
QWZDX-ZYQ8G-UN9AH-HGXHN,None
NVBAM-O87NW-DK3LE-SSS2W,None
VESB0-R2FRW-HSEAQ-SBNRQ,None
CKH2P-ZEB8X-ZKPHV-MMUVV,None
DGGMF-9NHBO-PXS5W-45YJA,None
GYD5U-DCIER-PBBSB-EJR1H,None
WJ2UP-L7RDC-8DN1P-LSPB7,None
ITYEQ-A2R4J-F7HUB-ECWPB,None
ZR0P9-NEZHK-KI2RF-SKE1I,None
VY6IH-FNYOO-LMFVX-XPI11,None
RNYEY-V0LJW-LY5NP-3GX9S,None
PUSDS-NCFHW-3M7J7-6LPXW,None
IGLW9-QZIQJ-RBGHZ-VNVWA,None
7FXDR-FRBGC-A6ELC-COPKL,None
QRRTV-EIO3E-4KZ5I-VVVVA,None
WBF7G-8GNA8-VAFOV-GWFPL,None
M7NX7-O8ILM-F8BNW-LNOMR,None
0D50A-5AMYL-GHNAW-WK7XM,None
KMGT5-O1L9G-6UAEL-JU0CA,None
XTXYA-YYGBB-WCWW8-UU5VL,None
HYWXY-E0GX0-IYAZU-SQ9EU,None
9NBJM-HUBMX-XJDO1-4ZGDG,None
OOGZE-3073E-OFRZ7-RL3IP,None
RAUR5-BQVVD-SPBC3-YSTEM,None
YUGVV-UQB0L-LVUUH-AAOMJ,None
IHXA0-FUJ8X-MZYHC-QO6IG,None
BXGWT-W4VKR-IJKOJ-EVN2O,None
TMUSH-IPZBS-HRERF-XFVHA,None
FCVYI-VLQOZ-Z2JTO-QKMQ6,None
UHDBZ-U6O44-SUR2Q-SASVF,None
CONEM-L6BT1-66DR1-TIP8X,None
RAP5N-8RHYZ-1ZG6Z-S1W3I,None
N8CA9-ZBEZ3-ZHHU7-3C37G,None
ZLAEX-MZRPL-TV9FJ-8UWA6,None
GNKPX-NVXKL-SHYEZ-0ARV4,None
DWVT9-TQBYY-MPNP6-D9524,None
2JP5H-VOU94-ZHEM6-2XDMP,None
9ON7O-MJGQM-K684P-ACCRR,None
HIJJD-IY7DU-7IAHO-KZJHV,None
NJEYL-BKPPT-MKELP-KGYRM,None
5YRSO-TQL4S-V8L27-BBEH7,None
UPFWF-UUIAV-HCOTX-IUNA2,None
LHBWP-DXOZJ-EVA20-ZJRLC,None
QVDFV-S39IA-ZNQDE-EHJDJ,None
BPKDT-CHMVN-KE89B-UVTU7,None
QNQPI-YG3KB-WOOJT-5IWG4,None
YCGVV-BR3NJ-RXJZD-0FE2A,None
ZNNLV-UXUKB-IX1PF-RSOB6,None
APK5F-LUGCS-E0WKS-CXLJZ,None
IVMKZ-KC7NX-TCJCV-V1WZP,None
7UL5N-WT0SN-7RSCL-SM1EK,None
QLSIR-IMZ4R-VIG3F-KISJT,None
56IZU-RQUFR-VEGT8-9OB0R,None
SWBUH-GTJQF-3IU1W-KYZ67,None
TRSWC-IRJXL-T5UCR-JK2NR,None
YBMN6-51PN6-QAIAK-TLGHC,None
CHHDY-10TDA-FPJAD-P0TTZ,None
3HXLD-KMWLF-Z8RG7-FQNRW,None
TWDWC-XNSUY-RTFO1-1SZVQ,None
MNZEZ-IO1IZ-YEGVY-COANU,None
O5BAQ-ZSXVV-92XJW-VYFJS,None
1Z9MT-5P5AC-51JQ6-VARU5,None
6VGOK-GBNCQ-GQABS-DILGL,None
DUCW4-0MZE2-RH2J4-FGDNY,None
RQK07-1ZOCV-8PKMJ-BG5CO,None
WBPHA-IIH8D-9TDPE-NHS2X,None
EVFMF-3VOLQ-WYQ0N-NEEMH,None
T0I4E-NIK9R-1EVK4-VARQU,None
OOFO9-U1ZCQ-JXOLZ-ISNUD,None
YLPQX-F0TRX-N4SLT-OZREF,None
7PTFX-ZG5ON-BSTX4-907GA,None
VQKGD-TARLI-AC3HP-VKK5I,None
Q4OUU-1UO25-2EZ07-2YFRO,None
IH1NT-TOZSJ-NREQG-NDXT6,None
CSDRR-FOZZV-GG7DA-ET1QK,None
SJDHW-KK0OX-FF31L-S9CBR,None
W5BWR-KCCSD-Z2AXS-XWHNR,None
RSFAX-4TNYP-7MZQW-HUZKL,None
2NCEO-FCTUY-4BKV7-ZGX9J,None
EEIDN-BYGAE-UDSHU-GH6M7,None
IJ95D-PP76O-XRUIA-LLHPW,None
ICPTG-96D11-MO1LN-XEZBS,None
MXBBN-4ZGMI-1N1SR-AEQ7A,None
RH3JT-LZGOL-ABXIU-0HFTZ,None
CL26U-ORS33-ZP5TD-ZCYN5,None
LD9A5-XVGUJ-IWXE7-YEA31,None
LS8IX-LGVEZ-RC2DK-MEPDX,None
MBCJL-N9ATI-FV4KX-W1JMG,None
MSOCC-SDXH6-NOZWO-QUZIB,None
HAIWG-BJIOW-FFPOG-IKDPR,None
11XAO-A2BPS-S3N3I-QXWXR,None
AHNUR-DPDOZ-KJBBM-OJTP7,None
SOQEK-WOZ7U-8WBRT-4DBAV,None
XU2KY-GJQ9O-P6OQG-HRKPA,None
DOERG-P63HQ-4RA6Q-OE2UL,None
1GHAO-O6UVK-SXSOX-5QBLX,None
AKEHA-557QC-P9GOA-RVQ8T,None
Q8DCC-LWEUK-LHTVX-OTVVJ,None
E1UBC-L8I3Y-X5Z88-YEPXN,None
LDUNC-TDTFI-TXBWX-F1AIU,None
RN5WT-UZBAQ-ZKLS3-7KQQ2,None
UZGX3-Q1DCU-Y6KYQ-V0BBG,None
HDWJD-LTQUG-HCJKZ-LEEEX,None
BMHC8-NKO9Q-KRULZ-2LIKT,None
BATRV-KWNMH-0NEKC-NGGQ0,None
X54FB-VLSXC-EWNXR-P1RLZ,None
2TH8S-AZCVG-EYRCU-2U7MD,None
MYUOB-AZP8U-TCZ3B-4ZZDW,None
RUY03-JTSB3-EJ0KT-O8CLE,None
3OB2T-DW5OD-4AAXE-1Q29F,None
SGTLY-SSPTS-PD45C-RX2LU,None
KW64E-KTDSF-0RL4M-HGJ3V,None
DCKFE-YUQ6S-QLGJ4-CCSQ9,None
QP5TR-247W9-TV2RD-BOJTL,None
FDOWJ-VQIER-ORSLL-VS9ZX,None
ZBKKZ-UK1Y6-RNOOW-N6QEC,None
L6EOV-JEGTZ-2SS9M-JJ4MZ,None
7GR97-Z643V-TR6HT-DRVLD,None
IPCWT-GLK5L-ESFLH-ASWP4,None
RGDJB-SIJ8P-FUPPQ-NISIY,None
CAF9C-XLYBW-M1HT8-ZE5KM,None
2EXW9-3TTAP-OYDYR-8FPCD,None
AZEPE-MQW6G-YFFEV-LNGW3,None
Z4PHX-C17UR-TDEXG-JXCOU,None
NJRSL-0J5NO-QYI3P-WN4NZ,None
2AMOZ-VP7GL-AFCP4-COZQ5,None
PS0VM-GGEGN-X2OWN-1UJJP,None
IY5GX-FCKVM-8OQ6P-YUJEX,None
HOHYR-NRB07-LP8RW-WRIQE,None
BE25S-QG8EF-H3O0B-37DDL,None
0P2JP-IOTWM-2ELF9-AAYUB,None
GY1XP-F3Y1H-ICGQD-ZIGMK,None
CUHRH-GCKYB-RPY8A-BXSQR,None
ULRY0-I5RHP-LO5US-MNEYS,None
NYALR-M5LPG-QWINA-9YPNE,None
0TYPC-WNIJS-8SD1L-BF4S3,None
15HOH-A13ZX-WOFCH-V0YAT,None
OHO00-KX61W-YCIU6-4F5CC,None
HQFIX-HH9E7-YJZWC-0QPGM,None
8VRME-7BNAN-SJPIH-YFEYU,None
K03ZP-P1ZGD-2KLSH-NZKVN,None
PNC3K-ZK6ZQ-O1RFC-HEPOP,None
X6TEE-SSMVU-KTOKG-HBHB2,None
9CSAS-JSMYC-3WTEI-R6WF0,None
S6TGE-WZCKW-GNF8V-8MEKW,None
VUCGS-ZJDNU-VR531-RKA9T,None
1YXW3-6EET2-8TYUX-P2U63,None
G2MTH-RHE4A-UPEJY-4BLYE,None
WOLNM-OUQRC-SH3V7-OQKD0,None
EJNTV-S74Z9-9KFSW-KGSKT,None
FQAIY-ZECSY-8ATQU-3DVSQ,None
ZZZKF-ITGJD-ONQCA-NRKN2,None
0JDOV-9TFT9-6UCCS-AEC3Z,None
XASOR-TZ9FN-P56IZ-ROSLC,None
HHUZW-UQR4V-RSPNO-LHIYB,None
KJA9A-4BSEJ-K1BAI-OAVK9,None
TIGIB-0HVZ1-FNKCA-RBDRT,None
MFH5T-Q9DEW-YXWDM-PT9MO,None
LTCPY-SUCN3-CYBYG-FXAF2,None
X5VWU-3V3AH-CKFHS-OXZKV,None
H6N2Q-DRTHG-P4PED-BFVIH,None
5WPGD-LGIF5-NRARP-JFWQ1,None
ILU8Y-FZ3ND-XE68N-WEUG7,None
7LSHH-SZBCH-SHCL9-ZBDSW,None
OHDEF-VCP9J-ISFCE-IP7S9,None
7XDJS-17XJ8-KFDMS-BLLFG,None
RBFFB-FKXNC-KGI7S-LSHAY,None
JLCDA-OQ4DD-VMMSO-PX1JL,None
BGQPT-QVMP7-SPP6Q-Y0NDU,None
7IZFI-MOYS5-508IQ-0DVTS,None
8UZUU-LMSD3-Q5OJV-OU1FH,None
DVNSL-MF4PH-NFO8G-JQDLS,None
OPFXS-KFLPV-9D1X8-0EKE1,None
7SAVK-XOJI6-YUBCC-LN4XB,None
0MXDU-MYPL8-VSI1Q-ZAERR,None
A99LN-4D7G4-U7ZZ8-1MXOW,None
XNVH5-BE2R1-65NDK-X0GIW,None
WDRSC-3FB9F-A9HBG-PRLJJ,None
YTPYP-DLZQB-KJG13-YZHMB,None
CU3IG-HSYRF-KWI33-2CQJN,None
ZQBOU-HOCXH-FPH1I-NNBSO,None
LFZQO-7BNCJ-2PPBA-QCT5P,None
FN3K6-ROXQE-YQKEO-08F7V,None
JE9PN-RRL8E-PFGGG-VKHNL,None
8UGQJ-H31WQ-J7SLP-LPFF5,None
FUOI7-DZU7V-6TARZ-I26X1,None
EZOY2-HOHP4-1RAD5-LRT1D,None
CGFFC-02P1X-7IX4H-RCJHY,None
AKQAK-VC3RR-J7E7P-ODQNR,None
J7L7V-54KT3-IVXQY-TZUZX,None
EEAFN-ZZGOF-EZDDZ-ZIYPA,None
LCAJD-L0NNX-GHWBV-BGLGC,None
AQSLI-0KOUQ-UIMLC-R1VFS,None
ZT9CG-IOMYE-PMWKQ-NMWYU,None
WUK1A-GO8G2-UBUKY-BEM2Z,None
NKSEJ-YZ24K-G293P-2MCKG,None
9EBTE-CO1CK-XKJLR-EWSJ0,None
OFPWH-G1N7L-RLYUX-EL2IY,None
W6N7D-OJMWV-NU5ZO-RK9ZN,None
WYGRT-W2PYH-S0LQ8-YPMCC,None
7IJKD-VHTXY-BX5EN-BRDW9,None
AKXZP-CEPH0-J6MQF-VWJW8,None
OBTJK-2AMPM-42XZQ-0OE1O,None
Z2TLK-ZHSSK-QZFCW-VDGL2,None
FJ7BP-7U8QT-YNZJC-ZRUWG,None
32WRL-SBVRF-NOMCP-KNXUS,None
ZYQF3-HHRHA-J5DWE-GTDYK,None
UBWQ0-PDSL5-T6I2T-82WAT,None
DXOKN-LOAVL-2Z98K-W6PN2,None
HBYUW-3DGWM-7CNQW-GK9PK,None
STWUI-TI8OK-7R1NC-XYEYV,None
XSFFM-YSJ4Q-MWBVZ-IK4RL,None
QC5NY-ZO1GO-5EHET-PWG7T,None
4A1UE-KBKCL-A9KIG-FKKUU,None
VCWKE-NEUJP-NCU9A-QRE4C,None
J6NLL-SR65X-NWOE2-NYIWQ,None
WC1VG-BEPFQ-4O5BO-2VUMK,None
IXLOE-95GOS-FGTIS-FOD76,None
HVT5M-EN9SV-5VT3P-HA5DS,None
81S0R-6VKXW-NA67H-L4QVA,None
X3ROZ-LUP9F-M229Q-K6OV7,None
WJCBW-YUWGB-OQB4V-LBAPL,None
ZBCMJ-B7FNG-BXVMO-YQPCT,None
RPQLC-TDYVS-XKKUF-1FYD8,None
MNNVO-LFC7I-AGSXC-FLRQG,None
R4PMJ-AKJ5K-8XVRB-CLIV7,None
HY1RG-KX14Y-WMIQK-KZ04X,None
OADKR-QENL3-HG4JG-GOVWH,None
AOEJB-VLVDX-VULCY-CNLLI,None
LT8VH-T2LUN-K088P-QGPKS,None
A9ULM-D3ZUQ-TIAZ1-SGEUR,None
QJG68-0MHHV-EZQLW-KVWGC,None
DTSXJ-WJTWF-SPMDZ-I0X41,None
GZESZ-FTJZO-Y5CY9-XBGFS,None
LTF7U-XGCRU-PCS8Q-UXQ6I,None
2TRV4-5O1P0-QNEF7-CW7UR,None
XUZNY-RLCLA-5MPTU-VAP9H,None
NJGFF-7A4JW-LWYKM-OAK88,None
BYFU5-C1CY8-5HXR9-PGOED,None
JPM7Y-KRJCY-MVCOD-8VD5U,None
JXB3R-1PIAZ-B5KIX-PKJJD,None
69I4U-CSIQW-UD6RP-GBA0D,None
UMMXD-JMYKU-EBN3X-B0WLM,None
8AEKT-ETYVM-SR5W0-4XJQJ,None
5JR2C-LQGFD-UB8CF-ACONU,None
4YMRQ-YXXHI-JKGQZ-G8JVP,None
UK965-GV4Y6-MWXXW-NHG1Q,None
AWJFN-GSMKT-806DE-EOZSI,None
TMA4M-ZVQNU-O0P2C-CGHT2,None
U3AHL-LGR4L-HAQ78-R1ZKR,None
MIAFV-OAJHD-EZ1QF-FZ0BK,None
ZH6J5-U9UJW-O7VXO-CQLEF,None
Z6X6N-ETODF-RFQZF-692RC,None
GB0LU-9SF1H-EF32K-HLWBH,None
THIJ8-MLAT4-EZX9E-SKWXD,None
ZIRUM-I8JWX-7ZVGN-AFHZD,None
VKMAA-BJFMC-EX1KV-HWYUQ,None
7TN7S-F4T8S-EBY1G-ZNPZM,None
QFZYV-OPQU7-AAUYT-XEG01,None
ZXBMK-Y5O6U-0LPML-MJ56B,None
JG0YA-5V9HT-VVYK6-QXF81,None
6FQV2-PJADC-DPMSO-EK36W,None
YQPTX-MUNHE-XPKPP-IWFAJ,None
EFXU1-ODMYY-PXXSJ-0ZHBE,None
CV4SO-6ID1Y-YN8NG-DEHOA,None
8C2YU-W0C8Y-OV6TP-ACHHN,None
WPEYH-N4RCK-BHWAB-4CL2Y,None
7XW4L-XFIRM-RDL1W-SIV6R,None
UPPCF-FEJOK-IPUP6-Z91ZV,None
IPVC5-WICFV-HHPAZ-8SA5C,None
5WYR3-4QZQW-5B44O-KVZTY,None
JN3EM-ZRO3T-VI3KE-LZNGL,None
ZMYTO-2CWXC-POHRI-9MWFY,None
FOLFP-WIA8R-NMS7W-QC0FA,None
79PY5-0YOOJ-RAVNJ-YIICC,None
L5AGE-TLBJJ-GQEF7-1IR5G,None
PBQE4-LISEK-TW2DB-BFI9P,None
NFU4T-CMYLK-4UAPQ-EOG9U,None
F1FKR-CVWHG-PCCZW-JCHZN,None
TFO32-R2PJH-QLVFX-7KHH7,None
1CTOO-63FRX-0JQYU-S4SFN,None
OXVBN-POVJ0-OKWJZ-LUEV3,None
7DWQF-W05QT-FTSNX-LQVFX,None
AVGKV-JIGH4-PO1ML-2DGO8,None
H3QCD-JNVWX-MHYU6-ZJR7Q,None
BOAFA-LMTVW-CZ6QL-VAEDY,None
6X8YV-WG4GG-IAX55-J3RQ3,None
WCX4D-H28KD-IBJT6-ZKR0O,None
1LBBC-V8KQU-WQZ0D-ULQ8T,None
HCSFA-ISLQU-Y0QDL-EX9TR,None
3QL4R-8DNHH-JYN4J-5CE4T,None
UJTDU-TX01O-TFY8L-MQIXN,None
UU7FI-EILEI-GGYN5-XBZAT,None
XMOST-H8TR3-U3T3L-BA2ML,None
TZWVV-TOQLQ-IPLGK-T3WGR,None
J4CNP-LG58V-ZM6EH-TZUIS,None
WRZ8J-2ROQA-FTFAK-QMWGP,None
XJBE7-H5VVB-6PLDF-5YQ3J,None
EBCIF-4MBWG-IGDSK-IRDZG,None
GMVEP-CQIBO-IC7CO-WZRXF,None
JRYKU-VEQLX-4BUMM-CGSE5,None
5WJFC-RQPBQ-NHI9E-T86YN,None
EVYW3-NL43X-WTLAS-PCC6X,None
HS2Q3-URKHQ-IKOFF-8FUAJ,None
F6LPS-CGSAD-SGB2M-CQH5R,None
4EB0V-5L9QX-SNLKS-9KHYS,None
6RWAJ-OZC2W-8UYEG-TATFQ,None
4JQVR-TRFYT-OP2OW-W4MRD,None
R5IMR-NU0JN-VQZD7-VWLHG,None
WRX8G-9JDC1-7FQC6-DKKR4,None
ZMRB3-SF1FH-RGPT9-Z8KMR,None
0FBKU-LKAQ2-DGACJ-J9TVD,None
LOZHZ-MCJPQ-TRJMX-LVBBS,None
A7U14-ZMDI8-3XAME-Y4ZHK,None
JOPQC-PEZDV-DV14X-RUG5K,None
LROBU-R3JQ1-YERF3-EV5ML,None
GNCL8-RIF2O-M4QZX-B3USW,None
AFWMQ-2PABC-QHOQZ-GZP1Y,None
GCN3P-FTAMP-LQ8RO-ZDRGY,None
HXFPC-FR0A0-L4XM7-CHDDH,None
1LGUK-ESJW0-9HDKZ-PBGDB,None
KJ7TX-3K4G7-AHCDZ-DT4W9,None
3YXVM-RMZOT-KD3EG-PH4II,None
N1GWB-ZHCMF-TJLY1-1UYQW,None
N2BDF-7PHBH-POIFW-KCIDS,None
QW9DL-G81SR-RY8M7-J8ENU,None
82OOK-KZOJD-1VC0I-SYLIV,None
VWFTV-YQ37L-APCUN-CNFBM,None
LHYQZ-6VWZR-IXFVB-XFXWM,None
L973Q-RE4HJ-BOHW9-5GTF6,None
DH5VK-LCZKX-EUK7X-HNGO5,None
FXB2P-XLP0G-6AADQ-H6DTO,None
SEQRV-2PZSR-L0UT0-4M6UV,None
RV1IE-MQJYZ-CMMUL-FVKAQ,None
FWD3F-E4YP0-SQSJ7-MCLGY,None
AUECM-W1ACI-P4DSC-5AT8N,None
RTSIL-EIM9S-KHF5W-5MZRJ,None
LARGY-ONBGZ-9C3IF-UCN19,None
RTR2Y-XVKGR-BJULG-4KQXX,None
2ZVZM-F1HGG-DBY3U-ZNNFN,None
QUKUU-YMRUN-JKJAL-R9IFH,None
1EMAG-M3NXO-UZUYW-IGCIW,None
SNPE5-P0GG4-PFG1J-AMFFQ,None
HNLUO-JPQWF-6PUIU-FO6AG,None
GH3DO-VK9WU-YCSD7-5CGUM,None
NJJCQ-1VKG9-TNRLQ-RFXEU,None
WDPW7-FNHX2-CXHTD-YWIK1,None
KADI9-H9EKJ-6JSLS-3ZCQ5,None
P8CGO-XRWJ7-I89FG-2QIWW,None
LGSFJ-HCSNI-LO3OK-LLCII,None
PUCMQ-FWTUE-RXOCK-G2RPB,None
S4H5O-GWP1T-BHK6G-URPRE,None
NNHGB-XOQJH-B8PPI-M7WYF,None
BNELQ-G5YI2-5EZLG-PBTAJ,None
5MWXL-2LGHA-KSVFB-IVA6I,None
EIMZE-8NJAI-UDOMB-KRRJN,None
T8OHL-GUI5O-IPYO5-JMHOG,None
40YVO-6NYMN-LROLJ-BHUWV,None
CIUPJ-PVDPH-2XKKD-ZFHOL,None
JQIRX-WSFEG-Z3WBG-FGRHL,None
MJZEZ-B3DFJ-WYSNF-FWEWY,None
RSB95-WDH6E-TMV1W-SYTYA,None
TXUYM-HHT5J-MXEN2-JRFMY,None
TIXMF-OKIMW-EY7B2-6S3TQ,None
UFWGF-Z9V5X-4TGQT-ZNCVZ,None
LCOQD-DK1XX-1NG2W-GQJWX,None
IHGUE-2UJJY-JDZHV-5OYEE,None
MLGVH-9UMOL-TTVNT-DE9Z7,None
C0WTU-TNAIP-4BUIC-OQ8TU,None
TFGDF-DOI7P-X5XBF-QUUSI,None
RYLFP-VLM2L-D6W0T-OEITZ,None
LK3JY-1RFXC-NZ9OC-JXSAP,None
MGNLQ-H4FYK-ZTEKS-5ITOI,None
D43CX-W8STS-AMIZL-A9BPY,None
69YA1-U0ELQ-DRINY-ALCUW,None
M3DPL-X4XO2-TYEUQ-9G1J0,None
327TV-GPYNV-2O617-86TZA,None
GD0XF-UFZGN-HOCRS-2SOJR,None
SRBQ9-CGRVM-F2M9A-VOZXJ,None
TFFEY-1GKSX-DIRSK-VLEX7,None
2WI9H-VA3N3-VUFSJ-MXXXH,None
RS6DF-PSUIQ-6VDFF-XWQJY,None
DAMMI-S0ZVS-E6ALC-KHVP7,None
JKMEZ-RJMSW-ZWWSP-U2XMM,None
9NNNF-MTRZM-2JPCV-FKETF,None
BXQCM-TSAOJ-CIYQW-J31KA,None
AZZDP-VYP9D-0NPCZ-GAPAM,None
0BDAC-GEQ4C-F0LEZ-CI3QG,None
ACQQX-1CVE9-FOCHO-C1DYI,None
1B8CG-GXMSE-1XQUG-GWLZC,None
OLAIH-DYYYW-ZET3I-2TJZH,None
WZPSV-V0L1X-CARJH-5GYQD,None
SK0VP-B4LBN-1YOTN-EPB1F,None
3QCQG-EATIW-YRE6V-RWYCY,None
DQORB-H0PCW-GHNCR-DMMDR,None
IMZLE-IUCCI-ESQCU-LMV2C,None
MVWAH-WWV0D-YKMQW-XFLVV,None
VRXVW-1CGYL-NKW4W-A0X8Y,None
UE4MA-0XHBY-CEVX9-B7GTL,None
FVIJW-PIW8Y-6N7KX-EDKEC,None
RFYDU-LLW44-CUTEP-NNRL5,None
QVTKF-KO5RT-0ME2M-QI0UZ,None
2FO9M-VLRN0-ZF661-B4RLT,None
XQI3X-RTDR2-MH6XE-QNNQV,None
SXODJ-6HAQT-GXC8P-FYMUQ,None
WEQ0X-TGN7J-OMYOC-I0WMU,None
SICVG-RWA9B-OECWA-S6IYK,None
ERA8G-CSOVX-TSQLY-CT6JH,None
FFPMO-A5B43-Q9RYE-ID1TL,None
ER5V2-XJCWC-DXEFR-LSAQQ,None
R72VK-DFFPF-VZJHD-JYWHN,None
2G1HG-JHJ7Z-1EHZS-OWXUZ,None
9O0JR-LAPUW-2TVJA-A0VKF,None
ZXM2B-ADFTU-JBGBU-VH6FE,None
A2SI0-GGCTV-DAUXP-9ANQL,None
UNXGC-T5TRD-XPQ0Y-TAIMT,None
CFDKE-CIRP3-E9GBN-X8FMY,None
IVIG6-I8IT6-XRFTR-KVFHO,None
6CERS-FJJEM-BVBPF-KIYWJ,None
MQQNL-2YVAN-OQEQL-FY6UX,None
K0NWI-VAEVB-OVQZ7-M5JUJ,None
GIUOX-SG8F4-3EXIA-HYJN8,None
F9TKR-LXAUM-BSGIC-O0WLN,None
UE654-HUZOB-ZZWG6-GY7H7,None
XLAO1-JMEFX-ZFWTS-7EAYL,None
GZASM-VNP60-G3IYG-NAX4N,None
CFQSV-7WS8J-RXZ6X-VM8JU,None
SAPTH-6L34A-CTDQS-SDMBG,None
TWR1R-ISM3I-Z3OWQ-E92S4,None
3PMU5-QCYZ0-CN8V8-XX2CS,None
X72QM-YEZ54-1FEXP-BGLIY,None
UGH1G-RKF5E-6NPMM-UME1F,None
AYECV-FZTQA-LEPZA-XNBN6,None
75GQN-Y609L-LRSOC-EVCGW,None
DXDD9-7ZRQZ-BNHMR-HBZFG,None
CWYTJ-VJWVA-FW8PO-P4VVH,None
MSALQ-FFKCT-KZR7Q-MJV0M,None
GIFIL-N1IMJ-FKYKG-GRTH8,None
UFBDW-CYOLE-VKBG1-NKLYC,None
CRVKD-9OFTO-FDPOT-V326T,None
78EUQ-GB3QA-MGZ8E-RXFJP,None
YQUCS-GESA5-GV4UU-9TAS2,None
SD08E-RQNX4-O3V49-LXWXA,None
6LFH6-LVH4U-NFRLN-0BMHM,None
SKIU0-SDMRG-LRJZR-BO8EL,None
4HTSH-HZQU7-OI5ZS-SSBPD,None
Y4FQS-DFMMZ-PUGXH-55WLM,None
SWW0W-V6WEN-6TTFF-JKHIM,None
XKATF-U54GD-ZHAVK-AVUBV,None
LTMVI-VWDH7-EDWAR-RFXAH,None
IOJTJ-KHWYJ-CTWLR-LPZR3,None
AHRDB-91CAQ-OGULO-OGRFM,None
KEDJR-CS4PN-VKMZA-452Q4,None
EOGS3-MX2NJ-D8PUH-YSITF,None
FSCPQ-CQFH6-5Z9PV-TMTKI,None
BXEUD-WGQPS-CSG5V-W9SJA,None
RM6MY-IJJAQ-KVOSE-IXIDG,None
JWP8Q-VHTWM-O7U1M-JDOHA,None
F6VBU-3LFKK-VKNII-NZHZA,None
M4X2Y-W96V1-KXW9F-ITDBZ,None
AVNZV-HNO5P-OVDCA-D0QDH,None
N5JAW-2SCOV-WKL5K-1VSFB,None
4LQWD-DXJNV-IIHUG-6OBUO,None
HHEDL-5FVC1-0ZA1Z-AEMV8,None
LK1XS-TUWU9-G3Z4X-TLUPF,None
BNHDY-ZXWWS-NYONO-P3YY3,None
KSZ5T-C1CG9-G6W72-L0PE3,None
U8IVE-JCGNS-MPMIE-JVSUQ,None
6LGWR-23WO3-CHRZI-I15LJ,None
ZKT99-QVTTU-AZTCZ-CDHLX,None
XGCD7-NOQ7M-TGWWP-KEGPA,None
EVWSE-TKSSL-9TZPQ-LC9DZ,None
3DUWH-NA6B1-R4CSF-LTM5J,None
55UIO-1R0C2-7NRK2-0SEY3,None
5KCFV-GQO7L-YR97G-YQFQM,None
6F358-WYWZU-CCJRX-KK2XI,None
JRSHI-FEU65-XWNG4-96QHK,None
ATJV0-PTG2Q-PBS1L-REIAP,None
TIIUM-3IEJ6-HDLVG-ETY5L,None
PXIJB-6WOQO-651R1-LECRQ,None
OR2SV-CGR0K-MCDBD-KFDWL,None
OMPLV-8BVIS-AEN1E-QCUJR,None
BTNYP-MO0OG-8LPJ6-NWADH,None
EKLRQ-LYTU6-UNEVA-ABMUO,None
YFZVK-TQNSN-MNK2I-KM7KN,None
88V1R-HRXHM-4UEDB-WYJDG,None
0YP3M-H9JWM-TGOWY-2I6PC,None
CPRO7-TC9SP-JCPP1-SCT3F,None
JA0MC-GVDWQ-UAODW-IUROP,None
67LQM-YHTSA-NXL3U-GE3C6,None
GK05H-8KZPF-6MPIL-7GLZW,None
WQJSI-WELXW-GE8DT-ZC9ZT,None
1JWCU-GM4OR-3FMFW-GCPCJ,None
IXHK1-AG34D-2PJHR-IILWK,None
I5CNJ-8RUZ2-EEAW7-DGANM,None
1NVZQ-O4TTB-6T8Q5-QNJEB,None
U8DNX-IVZJX-O7XRC-PKCPZ,None
RGCLL-GIVPF-6JNXL-RIUFU,None
ZQBAH-IHYNW-DELC4-ZUBRR,None
QYAW5-6TZPX-OFARW-NQ4T8,None
IQVAK-8ESLB-WGCPE-NWUWF,None
7DAYT-A0OXI-G6L9D-2BJEN,None
XSB7K-PZPN8-P4QGO-4UNP9,None
QSWME-ZJIDI-J0PPD-NNZSV,None
YBRTQ-HB7HM-9TCUL-DX2QB,None
AAI1Y-QTZY7-PZTRY-QJ2DG,None
OR4CI-DEBO0-VHHK6-7191Y,None
RW2LZ-OJLRP-EL5OE-G0ON0,None
UTD1J-HF39U-UNKGQ-XJF3V,None
IWKVB-DQWKU-UOGIT-DUA3V,None
OWJBP-ROGC7-BOGLW-SLPYM,None
RSXZM-6FI4U-Y0NKX-W6TGR,None
BZQJO-XFC4Z-4C7GW-8YEHC,None
CHUSB-JFOPT-MPYLJ-RTFPK,None
QYITX-VZZAY-RRWGH-BU0TW,None
UC8M9-JW2NI-EQ6Y7-MZ369,None
F0GVG-SPKRF-7ML21-JRIDN,None
1TPPA-4HWA4-BPMEZ-WF1ZT,None
TVOES-QTU1T-HGCC4-M99ZK,None
GXK94-IOXJC-HCUFK-ZFZ2V,None
5CZRQ-WI5GG-3YFRK-F5Y1V,None
PPT6I-KMR2B-TDIPT-9VKYS,None
OIQ7X-SY68C-4BE2L-CLIOW,None
XCK2C-3V0HT-MYCIM-EEXJT,None
CEWUZ-FTWV0-NNLOC-2G5I3,None
BWTGY-RFPI5-G8T4M-AML67,None
NBMND-LXK63-KRMMA-XFPOT,None
GZIWO-IVLFT-AHUVK-YDYKR,None
MU8GN-QJAUP-ZSQ3J-J8UIY,None
DHZ2E-9T3UG-ZHYWT-FFBFJ,None
LN4Z7-00UAX-FOKCV-JLOG1,None
XJPOP-3SAT3-MLKCX-GVN8W,None
JP0D7-WQDTB-ICZVH-ZQ1EC,None
P1K9B-RQCTZ-GIRQ7-JNXPK,None
8DXVT-JPTQJ-HL23O-4LEOR,None
HCVSP-1CPAF-7EEZO-FZ0U9,None
WCFUT-Y5BRR-QM5CR-2GEYF,None
MSIUJ-ZJVH1-FVULO-CNMCP,None
HXPYV-RN0LN-Z4I6X-WLOQV,None
O6TPA-OBOPG-CDXCB-ROWNB,None
NPP2Y-TOZ2U-3D05E-HIZT4,None
ELNZO-W3F0H-HGR5C-WUZUX,None
RFFNO-Y6R4I-WZWLI-3BUHV,None
4T2MH-EQAAY-IGQGW-S4C0N,None
JTCGA-NIRFT-FDQY7-XWHH6,None
H00YN-75F4N-MXMDU-WYYJF,None
8RLLA-WRHH2-NP1HE-7Z9XS,None
9XHFN-AAUWG-74SHV-JIYYX,None
NQRRR-WNYRT-WDJZP-MV1QN,None
9KZRL-ARWAP-RMISB-9IJPB,None
QRB52-YUGI0-EL8GG-ZC1OU,None
PX5CU-7XDQB-DPHEE-BE9FP,None
VOWPV-MGI3H-Q3APM-WDLHE,None
UIKFP-W45XN-4KGSH-NGIV4,None
S4U0W-EJFW9-LQERL-BQHTT,None
NSL13-32LAM-0ASRE-TT5YR,None
2VEZO-R6MG6-YRJTB-OPVZN,None
ZEYXU-ZAXLJ-KF0V4-XXO1S,None
HJWWL-LFEYH-A0IYD-OUVLD,None
BTK2Z-HTRYW-FTJAY-ANSGU,None
ZZRKO-UHKJM-3KMRD-VF0NN,None
6QTCS-KKUQO-8V1M6-RNX9P,None
YKYM1-K9FEO-YB7ZH-DZI6E,None
RPB9F-WIMX7-DEZIT-AMGRI,None
UGCWY-9KWPD-ZTAX0-O9MJT,None
JPB7B-PIILX-KHZBR-AAP9Y,None
YF4C9-JZFRB-WSKN3-FJRD5,None
OJ72B-BZLQD-ODNLZ-FEKW3,None
B3SEJ-BUWOY-GJ7KV-SIKKL,None
QD12Z-KLC8Z-XEG4R-DINCK,None
H1M1Z-ITKY4-KPZPB-7HTEJ,None
U8FJM-PCBYM-MNVGW-QCB7I,None
GUHHS-2UHPK-TOWFH-28BJG,None
W1MJW-EA7SM-DIEVZ-3ZQK2,None
RE9W6-7FK0K-YWEDB-VUCYD,None
G5SAP-8IPMB-QGUTZ-WWTVE,None
BOHOB-ZKQBX-BHUDS-UGTBQ,None
JSK8I-TQA7H-ZULV7-GJEG4,None
SCK6Y-YMP34-T5DVU-YT6LG,None
2VMKU-DUILL-L09PT-TJPPJ,None
8QBHA-E0TMG-QUZN0-ZXC8S,None
BJYWN-JKV7Y-NROQN-VMMOE,None
M543D-AFCS2-HHAU9-63OVI,None
EPCL7-HFO2X-ATJCA-AGOVC,None
AW1ME-5UAB7-MZ2LD-ZJ7TB,None
BXH4Y-ZF2UY-CFC8L-1PYW0,None
AJ6CZ-KQSER-03RMM-ADULU,None
2GVVX-PAGTM-P7XL5-BCLXX,None
R8DWJ-ERJOL-TQWWW-Q18D0,None
XKN4X-TWA3Z-DSU0N-B2RQK,None
HYYQE-QVQKD-AWQT5-XEDVH,None
QYXDK-OZ6I3-U7FOS-SJGCV,None
L8RHZ-Y5XOK-0AJ6O-QIZXA,None
MTTXQ-JEVVX-YMAPH-XKOSL,None
EFHSI-CIWLA-OXCJX-RWRBA,None
MSA70-MAHU6-SBYPM-G5WSV,None
ES9PD-RC9CN-P5VI3-LNNAD,None
RASHU-DLT8G-IU80J-HG4CX,None
XAOHW-UGYNU-ORNCS-VXPQS,None
O1RJU-AMHHH-9WG15-6YU0O,None
4BBM4-6TFTY-9MQBC-8YTI8,None
C7RHK-FRXI3-8BRQ7-HRLKV,None
PLYKB-BWVH7-RSESJ-VIHBB,None
MOGNF-UCUTL-I1KN7-P3LMC,None
UOVQB-LUWXW-BYDGY-SBSUV,None
AJNVS-CJ53P-EODKQ-5ZADQ,None
DABLC-074A3-O1EWT-G8QQK,None
WCTUB-M52TB-YYXTP-5XNK7,None
VSZ0Q-HVN2G-SQ2ED-IR391,None
OOZBZ-IC6WF-IBIEE-4XAXU,None
7QOIM-SPGHV-3JMK2-TPKDV,None
4EMQX-VADLS-0BVNH-FGOPZ,None
YYVWA-1V2MC-0LMF3-PKHEU,None
KSOEU-CGBB4-OJG81-VQXOC,None
LXCAT-YEPBZ-TH2X7-VQIW6,None
7NSX7-6FTW2-0CYFM-I3E3I,None
UDNYO-T1QGC-SZS5P-TT3US,None
DVM5B-4NXJS-ETYIS-CER1J,None
MSLPJ-EMKG6-NIXWR-3XYRV,None
OJNMU-CXRCS-E5VIN-6GJNT,None
2T1OQ-QVPTC-GPJ2O-5X86X,None
F5Y4U-WT2ZG-0SZSC-NUZSV,None
YQORA-14GRJ-NWGBV-8XFI1,None
NZ03K-SQ5RG-SRUX8-0XQA3,None
AUNX5-ADSGP-HATZR-5QFDJ,None
5QOEY-VXHCK-WBMSL-9W0UQ,None
JJJG0-W42VQ-CJ5FI-PD2KS,None
ZDXDD-0TUGF-8137E-XHVQU,None
ZKCKM-KBL8O-OLIDX-DKJBD,None
ABGND-VWE8L-0TQIV-ZWA74,None
VJZUM-IKQXK-SIHTI-ROUOY,None
VRZUW-8XXCU-IVSPC-DEU4H,None
QDLR5-XXNZN-ZKRZX-WDC0B,None
6NXNQ-UI0DF-M9WGI-LNAZS,None
ZMECJ-AU2BI-IFHVG-9TBKJ,None
GGISD-MPFFA-WDBOS-AI5S8,None
KUWCC-TSNO5-OXI65-GXD4G,None
3LGTP-WYOFS-PBZKH-WPDPN,None
MEJ7N-FGATV-YWM6D-TZWBQ,None
PV3BS-FUWEQ-S0QJX-5QN82,None
OGFHK-GDW6M-JVGUE-FHWJQ,None
BFTT5-RYQXF-Z2ZIQ-ARBIY,None
UPZVJ-I6S1T-CJ0DX-OY50Q,None
0SGA8-H6X5K-JD1PR-UMWNY,None
GUVT4-EMRES-VTA3B-TMJHU,None
ISBOA-SMSSG-GE7PY-UVCVL,None
M5WJU-PGYCG-QC9UT-LAR6C,None
GCSDQ-O1KAO-G0NLS-WENKW,None
SW75E-IPTI2-ABKD6-MEBPC,None
YEQCP-4RU3V-RZWFG-HXIDO,None
PQYSS-JCMLR-XU9X1-4UUJG,None
G1WQH-HEGH6-BREP4-YPK3B,None
EWUWG-IVC30-SQCYO-KQ78M,None
Z0VPZ-IWPRF-JA0SW-W7OUP,None
APCWE-G1FV5-I3BLW-W5IEO,None
ZAKTQ-QFYEY-QFZWK-JZNRP,None
XVB3T-MZHLM-KDY14-CKXXB,None
W1GXD-KMCLV-EABEK-IRY34,None
IDEX3-SESMA-LHHET-HCBTM,None
MWWKA-JV0AK-TO1AC-P6XLU,None
WB161-QRIK4-OJCOY-GIVXR,None
VVG04-F1DUE-K9IKN-QRMG4,None
RATAJ-Q0IUY-7JRJB-MZMZN,None
FV7RQ-DNBPC-QBO2J-6CWTO,None
QMC21-VNXVI-RBVA4-HBEZL,None
Z6IIU-QONYU-M71CM-VLW04,None
ONTGI-BSLLH-VNAX8-BVYTQ,None
NDQKE-C88JX-4AL5X-KYTDA,None
TC0CO-UMTO4-DYZKB-5HQSE,None
0GC64-RML6I-LJBOI-IVANH,None
VD6G6-887GB-ZUYRN-EORJH,None
V99RH-QPWC8-8INHD-FZ6TM,None
SJ0MN-0PKKD-GHLDK-ISGYP,None
F1MDO-0FFUF-8ERV1-HVTTF,None
R58Q2-VMGIS-0SXLZ-NBYAG,None
A5KYM-P1CEL-TUD8X-DDKUH,None
HFCXU-ROOPE-4UI1H-PW1XL,None
OW41O-AH5FR-1EVO4-69XYR,None
KVLOM-YJ9JI-DNGPD-XJIFR,None
XZ9GW-GWJ7K-ALYAN-VIWWL,None
JNKSD-UKKOK-H7DYV-IVHOF,None
OXKSX-IPGNR-W0B5Q-2FDU9,None
9QGDI-PJAM5-S9GV6-XZ0XK,None
ZBVMO-SEMYB-LPPED-FS94N,None
HZVLN-KPITM-TXSDQ-GZC2D,None
IOYOC-IZZSR-3MKUA-GGZUX,None
9OKVP-ZB84F-KCJ4F-EM6FS,None
2IJAA-0VFLF-ZBB4D-F4SO9,None
QMUWS-CH8NQ-HN2NM-QQUN8,None
FAEG3-YG4GH-6N4JO-EJJWV,None
8HCKB-K54FG-N9QV2-NUZXM,None
XGL46-IGLSY-C8YFV-N1CLJ,None
W44KL-STLJM-DFF9Z-7VSZ6,None
OKOMS-7QORM-GWVLQ-FJNR8,None
IJFWS-3WRXW-OYHCT-TKJOK,None
PFGQS-DNSZY-ZYAFQ-Z0W6N,None
7368Q-MBFEG-BCYGF-4BA8V,None
ZIVJQ-QLM45-UXDEI-OYCGV,None
YQ5Q6-A8ABP-QWVKO-KJ5MD,None
XCRC7-XE5FI-WE0OT-PEWM0,None
0EKEA-TH6W6-XH12U-XSIIL,None
C2EEU-RFKC8-IVIFO-S9VZQ,None
WODTI-S2DLO-EGNJG-Z32KJ,None
EHJOC-IMDNM-RSDQO-ZNNHU,None
AFRDG-Z9NLS-OQKAI-IK6WZ,None
LNU3G-YUHRO-TDJMK-J3DWI,None
1DDOK-SFTUH-FLSTZ-8IUVN,None
TSKF8-ZCTT8-C17X2-IMNCC,None
ZZTX3-DQRN7-X0J6A-GHHSR,None
EZFRZ-NSSR8-G9DR8-M33TM,None
UB8IK-MQ3JL-9BFNG-AYPPR,None
VWFUS-TQNOO-H3DJ1-IY2Q1,None
PZVFW-IZEDZ-LTZT7-JARP6,None
UUFSO-FTBXS-21IGT-RMVQB,None
ZLADE-O8P7C-EUDLP-Y7NJ2,None
GQAXV-QKDBZ-CC1QO-7UYQJ,None
M1DBP-YQGF8-QJ4C3-PMAJL,None
API18-D1XKC-RX3B7-OJMAN,None
E9VYC-PIKIR-MQOKT-KIDU8,None
DZU5P-8OWJB-GKUNC-BQFEY,None
I2JDV-23RET-ZNJ0M-JKKJF,None
DFW8B-8XFNL-IPFJG-K7OEG,None
TG92D-CVFHL-CZEOK-PDUPH,None
WUMX7-Y62TL-KBO54-A5SPX,None
CYDH9-KYODI-4MLS5-QGTZ5,None
IKJJ9-D1WVV-WY22Y-HBO7E,None
47VSL-VLCYM-XEEUK-3LXJW,None
FYIN1-H3CQ9-KCDMQ-SUPIZ,None
KRM5R-EQPQW-PWNQV-NJYEK,None
8S8MW-HDXFR-SNB6C-XGDES,None
LDGHT-IUOYW-3BRDC-JTHE0,None
IQKSN-M2EKT-TV2T9-IOCEV,None
LNOU1-QPW4R-BMWDY-YAYGE,None
FUU7P-FYN6O-PYVHF-0YIOW,None
LG8J4-WHLV4-OAZJU-MZA8M,None
NBQZV-B45FB-YPDB1-OLA94,None
KG3EL-JYFEY-4FUUT-YCOMJ,None
9RUEG-TI7MK-WBMJT-2RJEV,None
9PLSI-JJWTZ-VAS2N-GUIT9,None
035FI-UQ4KU-ACUDH-LDZSX,None
LC9BG-TPHV5-I0JDY-AGV6D,None
C8LED-7EC0S-JAOPV-OZET6,None
EWDBY-T9MHU-LKD53-KORF2,None
OFXY1-FPQXJ-EPKMX-WJ7RK,None
EB7VH-9FLXP-GILOZ-F0ZIX,None
RPNDS-0KLLJ-X5OLX-KCGVK,None
MG5DT-LMLUU-UE8EA-ADZDR,None
IQYWP-RWLOP-VFCX0-1ZVZI,None
B8YK1-HPBXK-ZNJXR-JMFZS,None
KX87E-RM0EU-2JWXF-C6EVJ,None
WYFY9-CLCPF-M1RTR-6SSYI,None
NCUMT-LYY0L-B3AOO-3VUZK,None
RQW3G-4T6QF-E8FQL-RTOBO,None
FTKJJ-AO10F-KPLUU-V7TIZ,None
T4F6Y-PZ6DD-OTYKV-NTJUJ,None
KAJIN-LRG43-3GUJP-FHQ8I,None
K0191-6AEX3-QBROU-QTDHF,None
LVNXZ-4GQF9-8U3JC-X0SR7,None
7C9NX-955XD-UDH7A-WBKEV,None
EAZ9A-T56B0-NTJJQ-XULK9,None
WVTBX-RJRGD-TYQDE-1WWYA,None
EWAUI-AMQGV-SRENG-1T18D,None
DXEOE-RQ0ZE-XNNBX-E1AAM,None
6RM4D-1QQM3-KHWFW-WRRW6,None
UQBHK-ZT1R4-N2LIL-88VEE,None
RWKIZ-K597G-HZWWJ-P9LJH,None
M0ZO4-SOSTU-NTXRG-HGI7R,None
83EQC-1HYZT-RK9CI-EZNUU,None
ATYFD-MCTXH-S28GA-LTMZI,None
2GPIJ-U7JOJ-ISY9T-TLJ3D,None
ACQHV-8EPKS-VPRUW-HWLDJ,None
VTDQA-EZIQC-WMYRW-9NL8B,None
KK2OY-NAX0S-NOPWV-J7A3A,None
MNXB7-VDFAZ-PDUHF-CJNOZ,None
282RB-WQHHY-DYM8T-XBILM,None
GLYTO-KDRIQ-SBW4V-GTCUE,None
PLEBI-SWKJN-XIFIY-3SXUO,None
9QMU8-L3SS6-UOVLB-VBQ0V,None
OTW4S-CT1ZD-NQACK-9GBMO,None
A1XNH-LEBRD-N3N7K-2MOPN,None
UIOKJ-TRTNE-NUHMO-V61CZ,None
VCQ50-QBXLK-B2CLW-VD35G,None
EKOVE-SX6K2-KDDMT-GMQ51,None
J9ARU-X6OTI-FXPBT-BGXCN,None
VHU9Z-LVTVC-BKNUB-LC2F7,None
CIZPL-NMCVM-FULDM-BYS7F,None
ZFCJK-CUS6P-TJCEE-B1WEA,None
SOALZ-ARSEE-PDVQ1-HVY83,None
ZZBEB-ARCDC-NPPYB-2BX17,None
YLKFS-ZKJCK-DA52H-BLB7B,None
0JPJJ-UTWHJ-NQ8WY-CIBT1,None
ZOCFZ-BS6F6-SCGXR-4NMQ3,None
Y8YMH-PNKML-MBENV-HENSA,None
DSLLZ-KDXBS-X5HN4-ACR5O,None
RD4NX-R8UQ8-9YTKI-XUSOM,None
EOW1T-RBM4O-HVMET-MCLEY,None
X7B2T-NFLCN-NVWMB-GJZEQ,None
FRXQV-C5PVD-NKHMV-4FZDG,None
E2C4T-YRPCO-6D653-MLOHW,None
E4F04-BRVNZ-AZF1J-7NWQX,None
PAUN5-QPGPO-B9NIE-QYNH2,None
O2WXU-KTXRU-A5FMZ-0FFPB,None
YXS3E-NJF2F-QZPGD-AFKWZ,None
F78YD-ZHVSP-ZDWEI-ZWMNV,None
RLCGE-3XTEX-XIRDW-TIXMJ,None
JBV9B-IRFMK-U9LOP-2LGVM,None
PCMBS-ALPI7-LVLPX-BUZAQ,None
V0HLK-GPWP9-7DONU-PPOQM,None
QJVI3-VVRUJ-IORX6-GOYN8,None
GK92F-HDOC0-1751P-AA9T4,None
EUVYK-D0RUI-GZ9XC-ITNND,None
SHPPC-4LGNF-WLMW0-RDVLS,None
1VGHT-JRUMG-X2H5U-SYIWN,None
GA0OL-XX3JR-CEIRO-28GDV,None
N2EO3-EK3KU-PXEIW-N3ENV,None
CWUK6-LRA5G-BGSUF-CCEMB,None
VZWTE-UM096-1YVPA-AUKGC,None
EHMMV-R5FLH-FCO5E-8VPDZ,None
5HBHW-OLS3Q-MLYGC-IRRVT,None
AN2SO-4RRKQ-VJEL1-G1SJE,None
GPXGC-JWTGB-YFCRH-E5TFY,None
LOPVW-OI3YA-RDEAX-DZ2OH,None
JDUQW-S9VNW-4VKWF-STWMP,None
RVAZJ-V2GCG-QHYKH-BVJTS,None
RYR9J-IKTN4-7GB5L-LNWBS,None
UMXWQ-7PMZJ-XECAZ-JIVYJ,None
39H2F-GWKCJ-NYW9K-QIBRE,None
NGXLU-BWV2Z-TBQXR-MAAYA,None
ZPXTH-ON5NQ-XKYA9-X71W7,None
BOD0M-8A2TO-GF0L4-SCMPI,None
TVQHV-AMXNO-3MQYJ-6L7TM,None
2EPUO-ICSX1-OHKZ8-PU73Y,None
CDN0E-7PEJR-X7YID-VG9DJ,None
KOR3N-LPKIE-MUZMU-MQL0E,None
TF39E-FOYZN-RHFEH-UYAD9,None
QQWGX-9CAFX-EFAGN-ODG9I,None
N7JS0-CFKY1-P85IH-4TEYT,None
YAKJ0-E3MQM-LZJEP-SE1RN,None
DPY9O-2QLLU-MN4KP-VPPDS,None
14EXM-N1MYA-K0AGJ-4ZDOL,None
BSTHL-ZARFT-NLKAN-XFNYM,None
UW4M8-4PWQA-YGISA-YIWI5,None
X7OBH-HSD9W-1BQLF-3XVTY,None
GQ5NH-DYNF9-PQKCR-CNBJH,None
E1QX0-U9ZOF-LDU35-LZQTS,None
UWCFM-12WVW-74Z73-IHG0O,None
EKV0T-IFNSV-CJBDI-NYPCX,None
RHAYS-IFVY1-I495H-AGVW9,None
XYIPM-NGZ9S-FSADW-RIUW5,None
DXCYW-WLTZA-BAXN7-VPCYF,None
A66GU-YXJNV-ZOFKT-EBMLZ,None
RNWLV-KA1JG-VRLPZ-EJGDC,None
TSVK2-TYBYY-M7N24-MCCM8,None
DHWC9-YPIHG-8LKAS-DF6BK,None
ATKPW-0M1VK-YNSZV-WKHLV,None
IJD8V-D6O6L-NQZKN-F5HUZ,None
E9FAD-FOGTL-ZINQO-SSOWP,None
5SFNT-6GKRU-P9AD1-0EL9Z,None
J6WMR-8QEN1-D4U7S-A1URE,None
WFB1Y-DXKEF-CB5FN-WORBI,None
XJPL1-GWCY5-X2HHD-KPME9,None
9NT77-G2CTH-F2YDE-LMVP0,None
HGZKS-EWWCH-PCHML-IAJTB,None
2Q7PL-4YX9S-SYHAT-S2VOS,None
B7QRN-DJPMA-S6AKC-CNXZS,None
LLY1F-YKHJM-KDGTY-IN5MY,None
HBBFD-CWHFZ-9I7NR-RJO06,None
ECQJE-P2O1I-NLHPM-EJDYU,None
GJ73E-WWFT6-GJDKG-SUE9Z,None
8YJXY-XLTWH-FS5TE-XDSKV,None
PDMVN-7Q5CD-FKQGO-DOUN2,None
GGAF5-RQQVE-SW88N-OMOYD,None
H5SZM-7EBTG-OSWE8-ZCOKT,None
NEUKN-HMIGQ-M8GVG-PVHAI,None
UVNX5-75WYN-V6PVO-UHOGU,None
O4RGL-VLIMY-BXZXK-WVHYK,None
JBHZR-5HLWZ-H6BFB-EFNEY,None
AKTRX-SI1Z2-4GLES-K00OB,None
AAVBT-ORG6D-GCVO6-CQECF,None
HXMDD-PAB0E-8MDEV-AZK2G,None
SA6GV-GYMBQ-RJ16P-9YBZ2,None
ENLUT-C70W3-TKIYY-32IS6,None
6CGWW-Y3VL8-HFP4L-YLRHA,None
RSBDQ-R0YME-A6F51-MMF5P,None
9OTNS-1TRWY-VNG2R-BZ7O6,None
DBBQV-ALKE9-P2MFH-NQDA6,None
GGPRK-B70BT-EHMV3-9OCN5,None
IEUZE-XQXRP-JYLJI-FKVFR,None
7DIWX-N3GPR-2ENFA-X8EYF,None
VAFQN-KFACN-5VYMT-EWY5G,None
60CNW-ZPFKA-NOVIZ-KWHSI,None
Q4EXK-DLQBE-INOPF-RWUO4,None
LHA5T-B2TCC-S5ZXM-TYKPU,None
GIPMR-YTUZU-OMPW9-NYDQC,None
IRFHF-YHP5E-DGST0-3IH4P,None
E1R8K-I0VH0-Q5ZJT-CPPJW,None
65M2M-1NBRV-NWZV2-FGGDM,None
ZVNDY-YBL5J-O2VTW-SLCFQ,None
E8RZZ-KDRNC-ZASMV-Z1GPA,None
TJ1H0-ZVORA-PSIP8-UFJHH,None
S64LD-HOKV5-7G9OV-OFGXC,None
ZKKCT-XWKUZ-BC1O6-HCDNK,None
BZAAY-UZSAA-UI8I2-BID5W,None
IVBC1-BZSIT-GXQGS-YHNS9,None
PKPOV-2M1QE-7VZHG-CDEGU,None
5QEIK-LTQKI-HTJDS-H4RZZ,None
SUORL-JH9KD-TSZWL-E6Z6I,None
NHIXQ-U6U0N-XPNWW-ZHDDA,None
ESPH0-943KK-VNUDO-TFA14,None
NEEGB-IG6X8-UALO2-IYAHW,None
X2SW1-WURZB-2HOYM-8MFIU,None
EJV9J-U5XAV-HBTGY-08BOG,None
AQ55T-OWRGT-4OA2R-C6BDS,None
0RJOA-SJBXV-RBCOV-EUEPG,None
DMJQ8-EYA7X-ZGQYC-Q1TYT,None
E6HXE-LQ7DS-YFXH8-AY5O5,None
IXAEN-KKNGI-ASQZ8-CBX1B,None
BEKWU-IQD0O-KFVJ8-VLK18,None
PGVNH-O1NQI-PECIG-AGR6Q,None
VXYEM-G1V3H-ECBQJ-V8JER,None
W3RVY-N5Q19-4LYZQ-ANLCB,None
SHVHL-ZJMDW-KNLLG-IF41W,None
ISPCB-CQUIG-LPTJR-A5QSW,None
WQXM4-NKNKK-LAO6P-TFFFU,None
YON8Y-AOYHF-PV2TO-J1LRL,None
93VME-VZY3P-ZYUV8-SDKYM,None
P0LUX-MIVKN-VBSUF-COROM,None
LR8TK-XLY7Z-YW2PL-JFINZ,None
OUS0S-87KB5-TP09S-BJ770,None
QVNNQ-5SKHH-PLSXE-SDF2J,None
JLI1B-52J2H-5RLHG-M8IRL,None
LHK7A-UGABV-RG4E9-YHJ1B,None
G8NUS-Y5SXX-S1LFL-LE386,None
KNTNA-SFIHI-ZEN84-ZOCDM,None
B2AXT-UMQLJ-2U2UL-DB3QW,None
O3ED9-QFHMQ-OYKIA-4VJKK,None
OQ8SZ-8CY7L-W4IFV-YW9ID,None
GWRS9-WPDYK-7D44O-FAFTE,None
MGKBP-3PA23-L1VPJ-7FDLY,None
1ER1Q-GVHTS-WTEE8-RFEB8,None
UAW0U-2EI02-HRFT8-7XC89,None
IBUKN-NFI71-BCLUZ-WN0TM,None
UKGYK-VDBQR-MYCP2-9BMIH,None
UOTDS-METK7-CIGKA-GEFLQ,None
KMC5R-C4BWX-NTTCO-P7S0Z,None
BYUQ9-6MEGR-8U3CS-9KK2E,None
QRUSE-I9SWE-RELZC-KMDQM,None
6BCAS-U75FZ-HCCNZ-BMZDN,None
X029U-OVDRW-WOPWW-P6OKE,None
CELHZ-TGMTP-W6LQT-NY7BW,None
AQH3F-H70FG-IGBNZ-JOAMP,None
FTSCP-Z6CDQ-Q9QCQ-BAQLL,None
NKFWL-REKZZ-9PM8P-3MX8Y,None
HQWBI-ICBK7-IYGDL-LG3Q2,None
M9JEG-WACVX-UWQ83-AZTUL,None
PSILU-TG2RD-TMPT1-8NT5D,None
13721-GYLZB-JEBYA-DX9LM,None
ZRMIY-RLDK8-IGUGW-JZBJP,None
XLF6B-SQHUS-XOLQU-ORQR0,None
NPHVD-PWNRN-ZEMXW-VGPZT,None
82OY6-KWOVZ-3F9S7-OBIIU,None
UBF2D-0VRV1-KYVM7-HCTBN,None
CD2R3-EAY4R-HJ1YD-UWCZW,None
Z4GHM-WMLJY-PCF3J-HJUGD,None
UXLAQ-TDHHR-53V7Z-DZ72V,None
KP1TU-ULMMF-PRMSI-SZZUE,None
K06V8-MR1WY-KB1AZ-AUADQ,None
RZFSI-ELJZ3-QSRYO-V1OE9,None
ZBSQ6-LVF1A-IH7N9-YRFMT,None
E1SGY-ELNDV-VR3K3-WLLEA,None
9ZG4I-WYVUR-VUYR9-PWJ0E,None
KGWIX-VOZSW-4GCFS-5M8YZ,None
2OVOZ-CBGXD-BEQGL-U4AQJ,None
PKWFK-QPEOE-0T4XF-KGPGI,None
XFPYE-A6BMA-FCN2I-UTOSQ,None
UBF1S-YAMBZ-5WYDH-UMDWM,None
D1QUN-7A9QY-XALMZ-3UAZS,None
OKUH0-3TQQV-KLMGX-CTUFV,None
QAKEZ-LLWJI-OFUNY-GV2NP,None
657DB-WYIXM-XWSRY-6HPFI,None
HQUP5-RF6IC-QH6BX-J3CNL,None
EYZB1-4VXVQ-FOBTV-BFBQK,None
HPX1L-3OCL1-3NBOH-Q0EOS,None
GUCKT-DIVND-1WFYF-2GFDL,None
DMUIT-F7OSR-WMZZN-GQMET,None
QVYSR-D14LN-R9MEA-8JVJZ,None
RBLRK-OMVUB-J67FX-MFOUI,None
1QRV2-PZNVA-0ZGO0-HXB4X,None
BZLEI-SOYTJ-X8K7X-H2LM3,None
EDE27-9CV6G-F3NNR-N23QP,None
XOYXJ-AQUK7-PIBJM-QE8K2,None
KPAI0-0EJ7Y-CQFRW-5WTC9,None
7ZN4T-PTOAR-5D5QQ-NQ5WT,None
ISBJY-VPPVV-UWQYA-BC9GO,None
VYRZS-RHDN9-BRZJ1-7RNCF,None
YDRJY-FPSVZ-HSBFN-GDU3N,None
0PKZX-2PLPQ-FP5FG-MQVAW,None
SHCXD-MUBCE-QH40N-MXBIT,None
8J8WV-XEEMM-203J7-IOKBW,None
0VSJ8-HPM3T-3NQAX-XX2YC,None
FUM0H-247LN-3U99V-UREUG,None
74MSC-KNOKJ-JIYQZ-R8VMR,None
3YPZD-MSAIV-XGGSC-WEACB,None
FAGSZ-4O979-XKDLU-MBSFO,None
CEMHZ-ZIHPM-GN3GZ-OFQCQ,None
ZFAE8-IISHC-6KGIQ-QF2ZO,None
5WFNF-OFNKC-KTF6W-3I4ZR,None
XURRC-H4WU3-GIFEN-SP9UM,None
2WLDL-VH28Z-LSMRR-GVEPR,None
TA8DV-VMEED-W4J5Z-2VCUM,None
U0DSM-JKVER-TMLDA-IL5S9,None
HXU45-LNC1I-BGKBT-OMZDO,None
7WS7Y-PPJ30-JZCKI-XGFXI,None
LOI8O-KM6VW-DMPSZ-CDV3O,None
MBQ6L-XA1PO-JIVK8-KM6BF,None
V5XYD-IYXLB-UU3UG-QR11X,None
NLMVI-L477S-NMQS5-DXPIW,None
URGP2-N9PLY-EZYRJ-Z9I7Z,None
FVZ5J-OKMFZ-3FUKG-YAU2S,None
OOIK2-WF0AB-FP3UH-T3NEE,None
76RWA-PHTTQ-8FEEA-CYD3I,None
2VQXR-VJZIQ-MG5ND-MBESN,None
CDT4H-L8WPU-E5H9G-CPVV7,None
FBTN2-HIRXF-ITGBI-VPATO,None
ZN4ZR-OVS4Q-YFNX6-FVNNX,None
SS15R-M5VA0-ODJTZ-FZIXE,None
YOL9S-NP5BH-II5YC-ZAXVH,None
UOX9J-OXQNZ-XVRVO-GFEXN,None
SITBS-FAYR5-IBLTT-PZNAX,None
OLYQE-TPRCR-TPC0D-57TRO,None
EZFDB-4OM1C-1YPAD-S5KMY,None
TA9ZZ-RVRQY-37JTL-CX9M7,None
PQA6D-RBUFD-WIFDK-H1EUJ,None
QZTZH-DIEYB-KBJXO-0F3CG,None
C0NBW-E9UIK-9MVBR-13YNW,None
HRQTG-0NPXG-IAD06-JM7RE,None
WZKUJ-5YBVT-6MIHI-0XLU8,None
KMVB7-JR08R-P312H-BLUUQ,None
Y39RH-OEVHV-HQ7CO-PGE7C,None
HYMOT-AT351-KA3GR-JJEAR,None
HKL2R-DECGJ-92V5A-R44ZP,None
T1QBV-LUO0K-HZOLJ-6SNDY,None
WHAMO-8YNKZ-FTTLN-L2AL7,None
DQ2YR-OHWPB-XQ5VY-K2N0I,None
AQUEJ-SDRZR-MJ2QB-SFBMA,None
EHPFQ-WBENA-VZNH4-U89TH,None
BY1JU-RTXZ0-F5NRK-7RDIL,None
3ITXT-O2JFV-SISWB-IU7KF,None
OTJQH-AOBTE-LI2OA-02DF6,None
0POHZ-9AAGJ-XFHEU-FDBOO,None
EXFPJ-WH6J6-6D316-0XC8V,None
M60B1-4XC5U-HDUGD-KO5J2,None
3VA3M-OD8NG-USSYP-TDG3P,None
ZIQSS-74T6C-ELM9Y-C5DSU,None
PWKT5-APNIA-YYUVN-1BCFK,None
N5JPD-1SJRY-XRC00-QO1VK,None
1ZUYP-YDI4P-LRUGK-8VWZZ,None
RAYZE-QLB3R-55WNN-PYJIL,None
6NWKD-23X0T-HUWDO-ZHSLD,None
JAYQN-SQFWL-RVEF2-OO5DW,None
ZYINS-YJXRL-4XZAA-ODXKU,None
RA258-TYCLF-4M3UE-3L3FG,None
4IDEM-NSQCW-XULSW-OKIPL,None
ZPOSJ-9Q0NY-FOEXM-LH0PQ,None
LHUIQ-RBCWW-1NNLN-JQG4O,None
QH0KY-0D0E4-S67BH-FOT3E,None
82WJW-VHHOB-0V5JE-0AKCC,None
PYUVS-6URUD-FXHZO-CUZHV,None
HXS3Y-ZDFHY-6OZ1K-RVN7G,None
FSJ8U-L714U-AMP9O-3RHID,None
YHSXD-6ISYE-3ZVSA-VG684,None
XOLRY-WHMXN-TACCK-ZVD9Q,None
2R4QP-HK70G-QFC4C-PBRVT,None
7AFSA-YSDQD-Z9EM2-IABIA,None
MXAII-SWP1Q-LSDHG-EXVDB,None
KHU6K-83RO9-RX64H-DIOVN,None
O1QHJ-BSIVG-SZPYS-9HOCR,None
3BV32-ROHAB-1JPGS-OVDDI,None
7U8MZ-V9PGJ-T9L5R-MFGMZ,None
L0AHX-SEJ0B-W0ASR-PQQA0,None
0LX5M-5OD3H-SKLDQ-IGYQG,None
KQOCA-VJXEG-L5EDO-YOJPZ,None
GEV7X-QSAOK-IZCPD-NRSC8,None
XKDQK-OJS7U-RPDFB-SUYZ2,None
ZYSPD-0MI96-9SYZ9-SYX0S,None
FK8UH-NYAHA-ALDCP-BCA2T,None
MCBTR-TS2UA-6FHTL-INIX2,None
WZA6S-UHRMG-PTVDX-NSVJO,None
3CQB8-U1BZE-SQG3F-ZV03T,None
6TC8M-1XLMH-JFANM-2WDEA,None
NUJTF-J4YNH-YKPWI-XLJF7,None
5KOCE-F5W3R-JKMLR-XCMOU,None
6XFDJ-C9EDA-QVW4A-4WJZN,None
V08IG-IS26J-FDZRZ-3TUDE,None
LX5UC-VY8BU-2994E-Y4KC0,None
EKH3G-KZM97-OFC70-J73BA,None
GFSGT-WGCK1-9HO1F-OKBMK,None
NLERB-XSY19-O0RJK-W76YU,None
Z7JS2-KYEXN-IQUJW-386RT,None
T4PEO-XHZAM-OCAIP-PI4CV,None
0ZKY8-RZFYD-GNCM2-TVJOT,None
1FRGU-POUTH-YBHJO-UIAMQ,None
HY7XZ-VSLSG-TVVTM-JEP7O,None
2JVUU-4VCKC-BZATD-62TJZ,None
UMUGQ-5BX1F-PACCB-HK6LP,None
EXMJ1-VNI9J-FAIQG-HTXHS,None
DZ4PN-XOC6C-U9BMK-YE0CJ,None
3SQA1-XB0XO-3BBPU-XSDRW,None
SH9SK-RDQDH-UBGAW-5IEDA,None
ROYUM-LR345-REVXV-6RQYD,None
6X3RF-P2VNQ-FEEOS-AQUHM,None
KX6MP-JSNH0-GZPYG-YD2VU,None
8XX8I-ISRT8-F6OTN-ZOMIS,None
PQISW-L3LYO-APA2S-LHCA4,None
NYPWG-VYUGP-ZJILO-TA7FG,None
PX7OS-LJOIY-ZUBCB-TZOMO,None
KUJOB-PYPR5-N5WJP-RO2GS,None
UIAIP-RUADO-7IXFP-C0YTW,None
9AVIG-WV8XY-BSIJV-ZXMKE,None
78QA3-UHW9N-YM0OX-60VFB,None
E4HYK-CPEJO-N8FOX-FGNUW,None
4NUAE-WOKKZ-FBUOR-BN0L0,None
M8B38-UE9CS-ZUBHB-4ZQA7,None
DCLCQ-WOU1V-0QAGN-CGOY3,None
OPCM3-YSDVE-V2WKN-MB8JV,None
S18Z0-FK1AW-TBEXN-LX9S6,None
YVUSU-DNYTV-3PTWY-DF2LH,None
T0NJQ-7XRSY-VYIL8-Z3E9T,None
M3NHP-Z18NZ-EK912-NORGZ,None
GIIZ0-HTULX-SKMTF-5JSKV,None
X5UVO-ILTQP-HRCUX-AK8XT,None
7TUWN-5HJTS-IGLJ2-YZPN4,None
NY3XO-5YE5J-FUNFT-CPQNV,None
BMUTJ-B7DVY-BFLJJ-OIMJY,None
DVNV6-35BZK-DE3IZ-D3WTW,None
C9CWX-NNWSR-5CUIZ-KTV5Q,None
EPKQM-OL69W-FX5HZ-0U7HP,None
GY0BD-UDXML-FTMLP-CONRI,None
37VNH-L42EZ-UAPYK-7MHVE,None
QDPGZ-LI7FF-YSQET-J8GEO,None
3XYVH-TWML3-BICNY-NY8OE,None
DLFOS-4XS4Q-2CJLJ-D8RY6,None
G84T9-VX8FI-OBOLG-NOM9Q,None
VM8BH-DH3EN-LNW8K-R4M15,None
D8HX2-EXCVF-5HF0R-WLTQ0,None
XUYJJ-UOOUZ-3TXKZ-231SO,None
A6CGO-PMPRW-PYLAL-QYKJZ,None
4IOEX-8TONL-CLDX5-YOED5,None
APLB8-FIYRG-MY4IC-XDRQF,None
MH4GI-11XNY-RSQBE-BICLZ,None
QD0LG-UZCEU-GLXLM-HG960,None
7DAF9-WR5CI-INPEL-GIZGN,None
C0QKX-5DWO4-JT6R8-X6VHR,None
9D5J8-L31XP-T6FDS-RUP3Y,None
XVWHT-CM9ND-K0B7C-3U1YO,None
GHFAH-LOBZT-PKNDD-QV2IC,None
K5F9N-MTIEY-FFAXX-KLGZ2,None
OTOC2-XH30R-BGQ5R-Q1JZD,None
BTUFQ-68EF9-DDF0W-J0VQX,None
L2COF-DVZY7-W2M2P-2BXVI,None
AGIWS-KWFUV-CLYZ5-OHTRA,None
FNV46-O6AVA-7YK4V-GTJRA,None
1OZQM-1J3HI-5J71S-VMA9D,None
F8IX8-LC8KJ-9AO3I-DUS0C,None
XBI5H-YZVKZ-MCGH6-L5XUB,None
TUGDZ-QRIMC-RU7XQ-P5R9N,None
ZBSEP-ZPPXP-A8NOP-G4HHJ,None
FUOYV-HM7TD-WDWAA-DDGDZ,None
MME8J-AFDFK-V4NNW-ZWSSP,None
E5GCK-WDNUZ-YBE5D-O6KJR,None
KNS3I-3A9UB-16EBA-FA8UG,None
WMND6-T1O6N-E6UW8-TTGBB,None
YWXBF-ZO4VR-RHDQB-0IZFB,None
69E6S-1UUAF-WLIQR-BME7K,None
HVRAE-CZIDP-QCPNU-OIZN3,None
V1CFM-D3U6P-NJACR-SLMYP,None
FXFNS-CQGOV-DUZAW-0ZWPA,None
SJVVB-UUFZV-UL6PF-ZX9KU,None
8COHT-FUDAP-3IPKY-KPQRW,None
GB8SF-BOH0C-2FRZT-18ZT4,None
ZEJ0Y-YDTLY-HR4Y1-OJC0Y,None
SCVOZ-XLTOC-KKQE8-ONQ3W,None
EV6P9-U7L07-8OBK5-FACH3,None
ULRDQ-LP2NU-5TZGC-CMSIT,None
QXKI7-0MR1X-QQBNQ-5WTHN,None
V3N8S-AADJQ-HQQBC-DIYOF,None
EFLY7-1APFU-JM1IK-ZVSPL,None
ZVVP4-JATLL-W1U7D-D2TV3,None
VSXXM-FWFEF-LU8MH-FA97I,None
GW8IW-TBKY3-VYMCA-S5YZP,None
JOEYQ-RCDAC-Q0ZRO-B0YAA,None
40YRS-LSDCW-RRWRK-07KWB,None
APVKQ-DXFE1-0EXRX-7HZUL,None
K1JXR-RD7RU-YHME8-GRGBE,None
RX3OE-1WYQX-WWMM8-RCGAR,None
IOGGU-SYILL-CMQNZ-S3PW7,None
KKHZF-WRQNW-XUILC-DH7OV,None
CVR6O-8ON55-V2JMY-0YCJB,None
5ZNEG-WTZTP-NXF38-LSL2L,None
NH0CS-UKJ51-OYTUV-OLEOA,None
YPTOW-UMBXX-1JLXY-BHVRB,None
B7JVA-901WB-0IPKR-VJWZO,None
MSYIK-QAWYR-FDF7A-VHCVI,None
MOVKV-CWRDA-0R26C-P85Y4,None
X5FVW-YTOOF-EV1KX-PJWVZ,None
DB8OX-NZHFV-ZCE37-FKUKY,None
KEEGR-QAYLJ-JJHZB-CQAQU,None
MUXUF-XHI2W-71VN0-VTGG3,None
SEIHA-VCXMH-C3NYH-CEX32,None
TB0L9-FCBCR-MX73J-GDJJT,None
ALVWS-MJ7R3-VYUFQ-9OQXB,None
6PSK5-7QPJE-I3HIC-NNNQ8,None
5TW6D-6L0WG-VSJRI-1GJWC,None
Z5KII-LIPOD-BJV7B-AMU1Y,None
BRLR8-PSPUI-YRUEP-AVNWK,None
29PKV-QBXJB-LVL97-9GM5W,None
ZN9JM-BJCGI-41PPD-XCECD,None
KWZWG-AFTHJ-WE1XJ-UHIQJ,None
HAGID-DR5DM-YGMEK-UDH4O,None
CYDBN-GFHSE-52FW8-WCL9I,None
WUUYQ-GWIZ1-JLXBT-OP6FP,None
XRUB0-5HART-2RUMV-BFNS6,None
FDL8X-XSPUX-WMHDD-TTYX7,None
35IHE-XZ8EX-DKH0T-WB6PW,None
X5IUR-6NDIB-1IEHA-PYZH1,None
EQSOX-DZQSQ-4J9CU-OYXXV,None
TX6SB-R9ZDS-GDYN6-EO5CB,None
1SQOI-IQG9R-JHNGQ-EEQKR,None
ZKONT-XRSAK-GPGPP-73YXG,None
NLQBF-MKXXB-VAM08-FQCCN,None
GBZQE-NTMP5-CLYX8-Z1KF1,None
TE0VP-MZCBB-QPRVY-KB8AS,None
CUGBY-EYRHT-T23AD-MIWBC,None
PDO8S-AXSQR-ABDYR-IXXFR,None
2GI05-PP2PK-ZZFLH-IFKFP,None
S3MDG-AXUSL-M50LE-FO9UH,None
YRFAL-RXOSA-MXGAY-M4BTC,None
7TLYX-AWJVM-1PPII-RJDWL,None
L8SGG-YIO0B-YWMCO-H8NLN,None
Q9PPL-GJX6C-K2LQO-B53LD,None
YKPNR-QN7IB-0UXHD-USJEX,None
KDIJZ-PZLO9-RCFMP-OMGUP,None
RMUR0-WYRNE-ITAMR-XDUGW,None
98CTG-HE9NX-WY9TB-F0NMC,None
OC7N5-HNXHH-0DLTS-XBHW6,None
QYZWL-HVKET-RIULA-ZQQCH,None
FCS0F-WMFIP-XADRX-CRIXZ,None
7Z1BW-AQYLQ-BNWFQ-IV0K2,None
WMLM3-UGOMQ-VYE0J-ZRR1P,None
OQHGY-PYHYG-BFNQ9-OSQXC,None
UT4E7-IDGYV-A6RB5-CZRGO,None
7QHXB-UQFFU-JALDH-7DSXH,None
2PZAI-PU8GQ-NSYZO-ARXXF,None
ZWARR-FEYWN-A0FVY-LAOLD,None
EF1F1-OZMWJ-U4LDH-LH4HQ,None
ZTVAS-TT83Z-KB43L-JEPRJ,None
SK6HD-1HFCH-JEI4I-RZ7TB,None
RQL1W-HCNJH-FETDW-ZMVLX,None
RM0YW-GL9OW-8QC8Z-0NAXO,None
S3TR9-CG9XV-MVM3B-JADLX,None
6GUQW-LB3ED-YWAZ8-N2D22,None
RSWEX-IKHFH-WQX1I-D4UER,None
INQNO-YBVED-ZOTL7-NBNQY,None
LAG8N-ZAHZN-8IRPU-RJUBV,None
LVLKA-JM8GK-FUDFT-EAQAB,None
DEQFK-UF3CJ-Z8F0O-85TWB,None
5NXBW-INFFH-B1Q8Y-GQBDC,None
KU60P-4I8I4-BCZJ2-MPA1M,None
8JXXG-M1SR2-K2E5C-K2SQP,None
KWMZA-MOVVX-UNZRM-UIGVG,None
QQSBP-FQTBT-GTL59-KMVVY,None
OKXU6-WUSPP-XUVBI-LFYLW,None
MNNHP-TA30Q-A1R2I-U20QI,None
VINNU-ZU2VY-NJLYX-400GX,None
T11GO-26W6D-MBPY9-OFR1Q,None
PLEG0-M7EPS-JRU50-WYYTS,None
X5BEZ-TCITH-HDCDW-C8SUG,None
1VM8K-JXF6R-XOU8B-SUFNW,None
VPM5N-FEDKC-FDLLH-GDAYF,None
OWNKM-UZSQA-NYQJX-6V9MU,None
R8HIX-EXRST-NHHRZ-DKYAZ,None
N0KK4-OMTUN-UYQPD-PYB48,None
1Y1NW-SKEZS-F5N5A-NN7WH,None
MAJRA-YYNTS-AFTNB-LUW0P,None
OVFQL-Q9AQX-BLQ77-UUHQ5,None
BPD31-XGNLY-OHWB7-C96YI,None
MAYOW-LMSRA-H3FCP-JC53Q,None
ZXNHZ-U1DJN-TCPU5-LFYQD,None
4RU7M-XZUCS-IGXI7-OYTSL,None
CVOGR-AN97F-6AJWF-TDSJN,None
HEQZH-AG796-LPTPL-5OBVB,None
TZ0H7-UCIAX-PXDDY-36TC2,None
VL3VH-KBV6F-7LD4D-E4T76,None
NKT6L-VGUCL-1QLFJ-6VOZ2,None
I3SB2-6T6FZ-VRAME-GG1NM,None
N5PRX-PBUMJ-H4CWM-U5ZLE,None
C7NSH-6NFUT-GTCLM-LHO8L,None
O7YSC-OLKJ3-MZBE8-D830A,None
6FDVD-NHKRM-K4DUI-CSKEA,None
380YV-7JYUA-HMYU2-Y7OWJ,None
3KKWM-5H8VW-QM24P-D8OQG,None
BWIM6-REHLY-GFAZF-DGR8K,None
1KUK4-YU2FV-BEYT0-1KVY6,None
KTZ0B-N6LNT-C0NI8-DYM8Q,None
CYB8J-BUI4A-IPY9B-M9OAX,None
KBJDW-ZFHMB-OCWMU-CEXZD,None
EXI0I-VXFMV-OCRF5-VWWEE,None
Q4ROG-GNBGP-6WOI6-PCMU0,None
5VVQC-DUXAB-SYOPY-VLTPV,None
85IJT-Y86QP-DHAUK-MCGWG,None
SYZLM-SH5DX-TEZE0-MDMIL,None
XFQ81-GLXMQ-JNCF6-FZZ3U,None
Q3NCO-8UUQV-R144F-9F1LJ,None
ARVEA-SDHFI-UISKW-6PRKT,None
OE4CR-2CUY5-G5KDH-XRURZ,None
BY3NA-ZE35I-XIVTX-JGUWV,None
TPPK2-0200A-9NMQ1-EMZGA,None
DFVC3-8PBL6-AAVRK-ARYO4,None
WC0AW-VGVEY-MI5S8-U3DWZ,None
K65LH-TVNOX-ASQ85-7XLEC,None
WBCEL-L80DT-1Z02Y-SU7DV,None
LQLAG-LJTUE-YPOAB-6QQFH,None
VOJRW-FEUCG-GCHM6-IPISQ,None
8UMTB-3XBFT-I7MR5-B6UDO,None
JZPGY-SORZF-KZ797-QPQEX,None
RHB2W-Y4UP2-NKIVF-TI0IM,None
1RS3W-43ZZD-GTFFM-DCOMS,None
JTNUK-LEH0Y-CKK5L-V4YQV,None
0YALE-E82FQ-QHAOU-4TNHN,None
ZX6ZP-FNCDP-Q0DAX-H0OW2,None
AAKVR-VZK5A-HNGSL-GWIIL,None
D4XDT-8CW4C-BVPXM-O2ENB,None
5QI0M-2CTU8-TNICB-HFZNU,None
AMDVZ-1EW86-V8ABR-C8AU9,None
QG2KN-GFTUP-ORJHU-BAGGN,None
ETHOZ-ECTWO-0R0D3-2JSP8,None
QIN9M-PSOCP-SO1KY-H3MS1,None
RURUW-DXGSH-H6CMS-OHCXC,None
PRD6V-ZOJEV-Y2BQT-AUXP7,None
KKFNF-MFW2P-UGPXN-9PGMS,None
0GMT6-V9NWR-N8FFE-SGITS,None
2EOZJ-KCOHI-MOJM9-O07RG,None
33YWT-JLW2I-L8OHP-QRLOX,None
ITNJP-ZNPOI-TFVDP-UYS1V,None
TXCZU-TG9CV-GW2VD-F81PL,None
XOYFY-2EQVT-PTB94-W8TKE,None
4CTXW-F7VDI-2KN1K-XDIQF,None
H6YW8-PRYPM-ICUMU-6LBHH,None
UBAAY-U6JCZ-COKGA-8DMA3,None
BNRAB-VPUQ8-HB3UU-HTKTL,None
VKFMJ-XUMEH-MQMJL-GAMKX,None
VZ8L4-ROXEO-VB93K-XCDPF,None
VK70K-6BMDW-K4NE8-DPMSQ,None
2KGXW-R0NAF-EE6AL-SN0GU,None
UTVL3-7ZEJ9-V7189-EWDDE,None
FVDQS-0IQHB-U35MY-WPOLM,None
EM9D6-FHSR3-M9ZKE-D9EDV,None
4VNWJ-GONZL-D5SJM-TT8XW,None
0CTPT-TNYPB-EJBTP-JJRI5,None
PVMPV-KAWDW-LRF6B-IN3JX,None
HRUIM-TJQJZ-BWXAV-SF7PS,None
FEIDB-G8T0E-F7MA1-W6YFL,None
TMNCM-PBO39-YUE64-CV2XV,None
ISCQM-9ULJH-CZTAP-0D5QN,None
FWB20-BQB5W-B6DFM-QUZNL,None
9UO7H-LWQ6D-379QQ-GVHE2,None
CUSEA-GHDAE-I1GZP-REQLI,None
4SWUX-QQSYD-JQSLY-BA2NT,None
ZUQYZ-IXCYC-TEVUD-E4D2G,None
YQ47T-6F2FY-XMYO7-YTF7N,None
IRZMW-WVKTF-XHYM9-MZX9U,None
K15EE-BRPDD-WYAG1-9QWEP,None
06UEW-K4DCL-SH4FL-NRXMG,None
XIF02-Z3ZTH-Y8GNN-T0Y84,None
ENSYT-D8KDY-NV07L-01UWC,None
0ULNR-I40QM-RL0MS-KY29M,None
8SXVI-CGLUW-Y0SKK-NK0PB,None
NIDTL-QAWIS-PNRH7-BTDD1,None
BMJFK-TXR33-Q7APQ-DCEIU,None
TWDAB-LCFLQ-HJHNX-VUBY3,None
X6UHP-D0FJO-380IG-D1JRP,None
P7KKT-6L1QE-MNPSW-QEL4A,None
ORMQB-KB3WF-AOSAH-XMTNX,None
9IDR3-TYFVJ-LRSFF-ULVP2,None
ZHA9K-T8IFV-US39Z-HBB0O,None
NXCO3-FGOAB-CJSRR-QVTR7,None
3RLVC-JD5WO-NUUJQ-3AWMK,None
V0MVU-4NZWW-DTXKJ-TLZRC,None
AXUI7-ZE4T7-71PBG-G7YYT,None
TZEVW-OSHGV-5SMMD-DFR7V,None
AIPFC-HHDLZ-LIWDA-EKO7F,None
8TZN9-LNRRB-EKK7H-JDZZA,None
CEACZ-RWTET-ORWLJ-SZBZN,None
795RN-WHKJ2-RG6KM-DZP29,None
GWFOT-B9DMG-VBQZ4-X9ZMB,None
OVTPG-TF2VF-PHIKU-ZHQN2,None
DHVRZ-3DQK3-DIZDK-N6VOM,None
349A6-7UEGY-K8QMI-KIXZ4,None
05FMS-B5MJG-BF3PL-QT8G9,None
NHZOI-M9ADL-PBIE2-ZJZZX,None
4MZ5G-6SZTQ-FTJNX-OCGGW,None
QZM0T-1RP1F-ZIRJK-4NDFE,None
HMWEM-NXCMT-TSD6O-S82EA,None
TVSGD-RTV2A-NWPAC-UOIQO,None
LNCVZ-GDSWV-HNVZT-IHC5C,None
XYUSZ-SF8KS-XZKGK-7VOA8,None
D4RXU-Z0DEA-0HGSC-ND50F,None
EG1SL-Q4SVZ-FCV70-ZC0TQ,None
QFJUF-1I84I-BV10B-5SHCW,None
BDITC-GBMYP-GXKN2-VRPWT,None
BWRQ3-J3IEF-QYZ4F-2KLHN,None
S6BEP-SOLAK-VMISW-FOMJ7,None
R983G-YBIRT-FHARG-BYR9F,None
49UEG-UELWZ-PTYZL-VFNQ6,None
VYVXI-1S3CA-WOASR-BVYOM,None
R3FKK-MMHX6-TZGRW-ANWLU,None
L0EJ2-LXX4N-UL43F-QM1YO,None
OKITQ-YNJFE-FVFOW-UJXMI,None
VSWZY-EOU7Z-KYSXC-CBCRS,None
WGM5V-SVLGP-8GWJM-YLRSG,None
2UBS0-FO51Y-B1IWB-8SQK7,None
EKNLZ-ORZAE-01HC5-GXFE8,None
XDFRG-OLJ44-HLAXI-VHOUO,None
NU8WP-ALAZK-E6K69-XA3CE,None
WTEA0-Y8QTE-YWZBJ-INNHB,None
G0QCE-HGHBV-VBFM5-TZMIK,None
1BSVQ-DVTK2-QA7YT-D2KUV,None
ID5ZR-JQKIY-BZTA4-8PBMW,None
1OFMM-JADR4-NHVFE-XKXXS,None
CASNR-P0XSH-L3ZK7-TPB0A,None
1FFMI-7MJQX-GWTZ7-AVG9K,None
N0AZR-HMJOW-4XRYC-93H7T,None
IJ8LV-BUMNC-EFQS5-VWDPV,None
8BEUV-8DJPU-FESZU-7IXRH,None
3ARQW-CX88G-G7OJY-CTFZE,None
QUWTH-FQQ9R-HG34L-DGMNZ,None
ZQVMM-WYRM8-SEFEB-W2Q5J,None
A56XZ-IZI9Y-5B2E9-RW4AP,None
EXIL5-IPN2L-ZY9S6-WQGON,None
V3DX7-VFC6X-SKSQV-W2LNF,None
ODK1I-TLVDF-WD3KG-XCGLO,None
4EIRV-10BTE-FDHWJ-H5W7R,None
RNQ9Q-Z4MTG-2IKIO-KIB5B,None
STN6H-HGXED-HA5WR-0TPZ1,None
B3WJE-7VXZY-WKS74-4O77Z,None
PBHOW-AKMAV-Q62DO-7K80M,None
GBZIF-BDRUV-ZBY6W-KSEIA,None
DZYTK-K6ESJ-G0ILO-VHBHL,None
MIDOW-EJW0E-HE5DK-NHNGK,None
TIJ9O-NQULU-MCBBN-ACEJY,None
CLVR3-EXUNS-QTU6H-2HVEH,None
8D9B6-UFNC2-BMVQA-COKDY,None
0IPKW-SY5K2-6NNZO-KNFTW,None
27J1M-IVPGI-T2NBS-XN3LR,None
ZTHYX-J0Y7C-NVVSN-CHA5D,None
FZVSL-EY4NB-VBTCH-T6LCM,None
AYK3Y-B6JWX-J8DTL-MT2OO,None
4TTAR-TQYLG-UWGUX-EGBL0,None
BHDQV-H311N-ZMG5X-9DNL5,None
7INR1-I3JME-KPGYP-NDLOO,None
TKOJB-IZL7A-TVJHG-YGACM,None
LARCH-LJLET-KUI1I-QJHVH,None
CDR4W-DETHZ-GTMAP-ZZGCA,None
GSFEK-OMPQ8-GT9MZ-WFWRZ,None
LT4RX-T1KFQ-0CP2X-QZPWC,None
C0EE5-QUB6Y-WYYZW-PRQEF,None
HB4H5-XTPWD-CUYWV-BYRFQ,None
HPQMZ-N0QR8-W5GPV-WSDY2,None
BPWHZ-M2NSG-AOVBS-MLP9T,None
EERWI-ZJJGZ-A8QZK-FNXQY,None
A6FWU-5FTPS-PBCUF-TKSAU,None
41UBS-RMOJQ-1AZRB-0KYD4,None
UTLNC-HDXNH-6UO63-EELL5,None
E786N-855LW-XXHHA-DNDDE,None
ATSSU-9LYRT-C2G4S-ZEM1P,None
GZXHB-XSCYK-PJ7RS-48YUG,None
V44KC-FIR3F-EQAF2-7FSO2,None
FMZZY-D6BII-A92D2-AGTIQ,None
10XOK-D75SP-TIL0H-JLFKF,None
GYBPU-W0HC1-9HK0M-STRAF,None
SXIQU-DWDHC-MG1QL-NQMMV,None
JAZUK-DMXXN-QTQ38-JFIWI,None
VANA4-GARKW-QTTHY-TKXTI,None
Y9UCP-BOT4J-TJCZ1-MQRIL,None
0YMC0-UHWGK-H58SK-S3O4V,None
MWLDF-BWJ6M-BPGIP-FLBTJ,None
B37LT-SKGM1-H31SD-OZGCN,None
YJI0V-NMR9D-PL7CU-QQEOU,None
DZFV1-EZKGF-48EFQ-F4KGV,None
YWXXK-CCTMB-ECJGX-FFBBQ,None
NTDIW-MR4VI-BJDJS-RPUG7,None
LASHH-PFRIR-BUPZQ-IRDSL,None
ZPOHT-WOQIC-BIWCE-XJOYV,None
HR3XW-ZGOBU-RP5CI-MMVMS,None
X3N1X-XTQ8F-JG5SK-RTZ0L,None
MWEQZ-9MSKP-98XW4-NC3EX,None
9QDEC-IZEI1-MY4SJ-IFNVC,None
5YOLR-JBWH9-FTVAV-XT7KR,None
G14YW-JRHZX-HMJJN-0TPQM,None
R6ZRN-RSHBX-MCDTJ-H3GUA,None
TUQQX-T8NNX-5TXMT-DFWP6,None
3ECLE-DFTZC-SV74J-LV7V5,None
YIFV8-GGJKG-J8NYM-QJMCX,None
ID6HL-QH1F4-OBVXB-G2XQR,None
ARMXH-ZKPUC-V94XZ-9FAZN,None
E0C2Q-MHIHB-UJHFU-C9IRV,None
QMTLS-BWI2N-CPMTF-KKXGE,None
SZ1US-CAQJO-FUFO2-ZOMP6,None
JIFYW-ADOWO-US5HH-W5SW7,None
WIZGR-IYICU-2EIU4-73QWZ,None
2RZCR-AL8V9-ZOXKO-HUUFX,None
TBYLD-9A7SQ-WYBDI-RRFI8,None
0LVC3-VN2L3-T58MQ-SASXX,None
FSA53-0RBRO-M5IUE-DJJI7,None
M07DB-PH9TL-AGNZA-WYABR,None
YQVC1-4BFAD-OKVAR-2EAFQ,None
BR90Q-BQEYV-QHW6R-WCBWS,None
WMUWD-ELZ5U-Q64DK-JZENT,None
RQWFI-T1GP2-FKCEI-JFZGH,None
NLEXF-0Q21B-HPUUJ-PDHRF,None
MD3GU-RV23D-NHS6M-RGJPO,None
9YLOM-OHNDP-UZQXS-SKPFJ,None
IWYGI-ZELG4-JP1P1-CSNOX,None
TF45J-1BOOO-VOFGH-B0YK8,None
3TWJW-TQCUG-YOY29-K7NNW,None
VAZ9D-JACSS-TLSTN-WCZP6,None
OXQUL-GCACN-TXWYH-JEKQ0,None
UECHI-ZPXDK-OTY7P-CYPPT,None
QJUCZ-5QJCR-CDO2J-KYDQI,None
CYMDN-7EKUZ-8HJZL-KVYPB,None
91TQD-ZTLC8-UIHDY-EQU7N,None
UTKVR-IQMIN-DXMPB-IX9NN,None
FHMPZ-OKX4X-RINU7-ZYRHW,None
Z8HYJ-78ISU-EGS8W-SGYIV,None
PNIAL-F1RPT-ZKEIP-W4FCI,None
QBX0X-CKHQQ-NRZDW-YJGXB,None
TEAFZ-FQSNN-4N95J-TNOPD,None
7O6VO-IUQSK-LWTDX-YFA8F,None
XCVFJ-CY3QJ-OZ5QS-ZSQ3J,None
PAFDC-X72CY-ZZQJI-V0UTH,None
NXHJN-YPXIX-5LYDG-KEO63,None
CWBXR-5XPPF-UJPPY-015AX,None
LSVPA-37UJX-DWKCZ-WTBQ6,None
TYLKS-PZAD2-AH6CS-ESNYS,None
IIGMI-YW606-AYDZF-3MNYL,None
LSZRX-IPN81-YXYHU-6KAYY,None
K3EAA-DONBG-YINFL-IHTYP,None
PA2ZY-EWN3U-AIEH5-RUDP9,None
BYON8-HOWBK-OQWAZ-YTO47,None
TN5A2-E1RPB-5HJBM-P89GQ,None
O6ERL-0VWHS-S5UWL-EDI4K,None
HJLZG-VQ6T9-73WKI-P98CW,None
DRRSG-1GZXT-KVO8U-BR8NJ,None
2ULK9-RWVMS-4TWDX-1IG8Z,None
ESJYV-ZZYWY-YCSWB-9TNIW,None
APPVU-H1PSZ-CU9GY-ZWKAJ,None
SHYHD-WKYFZ-5IN2J-PZXGM,None
A2IJO-NDKWN-4FB7C-W1LVG,None
3CBLW-WNM18-GLFQZ-MJ4FN,None
R2H9N-QDR5A-UR7KO-ZROYG,None
JZAN7-EAIV8-CH2NA-EEWMP,None
I3KYZ-B1866-MEP6M-D9I4Q,None
ELEHS-PMDPS-WABNZ-YVZ6K,None
DIKSK-UIN7S-BPXSI-FSGTI,None
MLJD3-PYO2P-Y7AAZ-ESRWC,None
5T8TZ-H00X1-VWTKH-AEKTF,None
G725Q-FZFUQ-V1YWA-STAZG,None
HJXBU-OEQRS-3QOWC-BTJVL,None
O8FAA-MSECL-KRKT0-DG8B1,None
YQC9I-KFMAI-EEI7T-BA9IM,None
ZST4Q-XLFKM-APG8P-ZG1WY,None
OBMDO-IXQXH-WYUAA-8OF4K,None
SFJOD-GYSEO-A4SDW-HMBC8,None
6F2DZ-NLMER-C41DL-KPATE,None
JOETE-MT3IS-PLMD4-VMJDF,None
NOGSN-FHXAP-GGICK-JEXRY,None
RWFLZ-XUSTB-2BM3P-A0XAZ,None
A6JHH-AXVL0-XMKTN-OJT0T,None
LERA9-UZRRL-7QIEX-YJBNT,None
QSHIE-6KABM-DDMHM-PGS7K,None
IWTQH-WBEMC-PEY9M-J2VIB,None
QISZJ-DZPZ5-JBMBK-3E5XW,None
DWGUB-DQSER-ZCB28-E07ZN,None
MPGQ5-HGMOT-YUWU4-S07CH,None
MSRXF-HFTMY-NITJD-ID5HC,None
QUVRA-T2CWX-216BW-UQIT4,None
TEY0P-G13HH-JCNWT-UYHQL,None
J1LFE-6PHHM-DFVZP-5DWEN,None
WGSVE-KC0MC-0CRYO-P66N4,None
OW50N-WFCPK-UOS4E-TMAHJ,None
CMIOF-GBJEF-Y8FRU-UNPX4,None
YRTJC-92MHF-ONRYQ-WDYN1,None
RMPYY-VPAME-C2HPM-ULCOM,None
BELEE-T4MFT-UQKXF-96YOI,None
R2BPR-DB2IN-0JZKH-HXOSU,None
UOQKD-LA4PK-QFSNS-EBITL,None
RSM3Z-JPJKK-F2IGU-ADX6X,None
ZEFBH-39PNO-CMZXL-KWF4I,None
1WJ3K-M2B6H-ZEA5E-WPDZJ,None
9DDJK-HPGAL-EPX5B-XA5MZ,None
9WO7V-EMGNY-EVHWN-VBRRF,None
3MMLQ-FORIL-BEPJF-LJOE7,None
MXGN3-D0MSJ-N7V5O-21UKO,None
KKFPL-MVP0Z-FCCAH-IFMHK,None
W1TSZ-JXIPO-DGZCB-ICKDT,None
CQPTM-PUKP7-QBC48-WY72D,None
LDVGR-JNQVP-A91ZF-LPD1I,None
PTH6V-1VWOL-XB8XY-2FM0M,None
NZQ7J-H8EHD-BAKLO-6USFN,None
0LCTN-TML43-S93BI-H4CDC,None
B7G33-HKIWS-WLGO8-YZD6R,None
FKHPR-E0TWO-OTMVC-XSAWZ,None
YCWZH-RZ1LM-WNWEZ-ZLYOR,None
YJB14-MLACV-LNUYR-XS2BV,None
FQUVH-5W0VU-QKVUG-VTLN4,None
QF4CH-126NI-EKIOH-SDQMD,None
I9VGS-MZDDQ-NYNPJ-D47N3,None
VNAHO-ZVYPS-LQRU1-QBSUR,None
2WPTU-0SEU5-MSVC4-AXFED,None
PCIRX-ISEVT-WANTU-BVLEA,None
AUCGH-SLFSV-KWPT3-Z4HQP,None
YBET5-ZI0ZF-WAAS6-C48AU,None
1X2GD-64MYY-XVMIM-ONO2F,None
QXIKW-WC74X-IW8XN-4XAWP,None
BVUUX-DEW12-ARH3I-MGXJE,None
GYOYW-2K2FM-JAQ2Y-6FM4A,None
5V5XF-WRCS8-WWW7O-Y0FDL,None
NKV8Z-8XRND-NEPFT-NPZR8,None
KW98F-S2JH5-B9FSX-J5OUI,None
YHFNB-AQTGW-ES2MX-0XTGT,None
DXG44-ESLM4-9HTSC-VTWDY,None
HSF0A-ZOZCR-RB6JU-RYUNB,None
SW9SR-F5ZKS-P8OWJ-XQD6C,None
JRJIE-E2O5X-CRUS2-I2Q65,None
THSQQ-XQCB6-8IXGB-XBBMJ,None
VQ5DK-CZYCX-HZB4L-NJSQ9,None
RBIMC-6N9F5-5XRZQ-CO0RU,None
GI6HV-XCGRP-ZKD9C-AJ1AB,None
LV8QF-YYUNL-Z0PTC-S48YI,None
NWUXW-7J0RQ-JHHDC-DRVQN,None
FWGJJ-ISDVI-NDHL6-1HXKH,None
WESU6-XICIS-DARRO-RMGEP,None
RSURL-JHY57-RG9VE-XLUVR,None
NAEVT-2ITHG-FXCX8-ZWS1Z,None
KWANJ-UANYM-8CSUE-GNQOS,None
DDWF9-WRETM-WDHJA-NE305,None
YGBZA-U5I0E-HFDY0-HTFVU,None
UJGCC-JQTRK-OTXXK-9J62U,None
3WP0C-RKFAV-QHVDC-MKYYA,None
RYSCC-O3VLM-HCSGC-8NVRU,None
DD2RX-SRVTJ-UDM94-N1OFY,None
TMT5B-9OC5K-5PI0X-ZQJTL,None
YQARM-YUDVV-6ZWHX-VD37T,None
MP5ZR-QRZOM-XBYRK-BGCJX,None
LX1BZ-IIX88-ZCU7H-9GJGW,None
4NVPP-S93D7-DM41Z-PL61Y,None
FM560-MPYTZ-KZRCR-0OFFR,None
ZR3HT-IUY16-0N5WA-A3U99,None
LMRAB-MHIMP-XMRY0-2EOVI,None
ZTN3T-OKWE6-USAXH-H7WPY,None
Z3LYX-F7RZN-IYIQ8-WBOXB,None
SYEST-G5GMA-BXVFW-PV7FR,None
VUOLW-8TGSH-RH0ZD-DB9WU,None
GTJJG-Y2GVH-MI0DU-VSIT6,None
5KLMO-EFXLL-TVRIF-KBLWQ,None
JOZZZ-XSSZ0-FC1FG-PDQRZ,None
SW8C7-NE77G-G3AQF-QOT3I,None
DK2AP-PT6F8-5VLL8-6LEP9,None
JWDMR-NCDAH-DTNXW-7JH0X,None
C7VPE-Z0YXN-3NJKB-FRGLF,None
V5S0N-WPHKT-L72LJ-SDDLW,None
CTOE4-S84FW-ORF1V-C1G3I,None
UGKVS-JD3GC-GFJ1L-8GFFV,None
HULX3-WEFCN-JOMHR-STPKJ,None
FEPY5-9AXOA-HAZRG-CGE78,None
CEK1J-HYGZF-HI8D0-6TFRF,None
IHF5M-Y5CPN-YNTAA-ATEKE,None
YRNZI-S5RUB-VIGU2-X6PNC,None
RVTVT-3GIH0-21N8P-2OTKS,None
6YOJD-OETZL-8TFIE-6MMYL,None
79UF7-ELVNP-AJFIK-SS0ML,None
QFNZK-IFG6T-31EDD-WVRQC,None
EBU6U-MGXMR-ALKB1-ZPUNH,None
DUQQK-GTXXN-ZTUDD-BCMDD,None
NOUKC-3TWEU-JDI3D-6BMQS,None
WIYEO-W9V1C-CINAN-1VF25,None
5SX0M-OKHAD-YXU4Z-WBO8J,None
TTTDG-CZEMS-DF6CQ-SJVS4,None
1TDQB-PYEG2-HQSWL-US1BB,None
MSD1A-23IML-OMDRL-H7B79,None
OBSVZ-1OHPH-KRFRQ-VINX2,None
EOGG1-3APRU-UDHJO-LNS9W,None
YXOUD-VKKYU-OJJKS-GRRZZ,None
N9Z0R-USPNQ-FQ7II-0UCQH,None
OVOF1-LVW2V-DAA87-C3RA6,None
F3SSH-I3PW5-7NDVJ-MGYSO,None
OWNDK-481RV-S3O8H-JUBTX,None
7OGI3-Z62GH-DDRQX-CZQAP,None
9QHUP-PCCRS-J2ABP-XFIN0,None
IYC6W-V9RD9-IF66M-UBUOA,None
QO2ZD-LPRDT-VAZXR-UOKHQ,None
0OPJJ-YPER4-8BR8C-6LVZU,None
C4AGJ-NKHPQ-QOR2P-NI4IO,None
WENDH-U0JR4-PF8VR-ZLDDE,None
9TBJW-TLAHY-SAMVH-IVQWB,None
E3AZA-KWGLS-LCD15-U110X,None
C9DHU-2YNCR-BCOTU-WWVWH,None
YA4ZX-SVEK0-1MWZH-7DAAC,None
ISBWQ-QMFZ4-H615I-LOISC,None
GWUYP-I59RE-GURG5-VZJ5P,None
OFEF9-SRROM-MRXHZ-WLRKN,None
KFZIL-WHECJ-4L16M-G2GFZ,None
H6SVV-NQZA6-HEL5M-CBNHK,None
65U0A-9WXDF-0PQJC-I8PRE,None
MEWRD-GV5I9-A4GNF-CQOJS,None
8W16P-P2LIA-Z8BS0-ZKOGT,None
IFPAD-IS3QU-YM6DJ-L3XN4,None
Y67D2-XOY9E-KNJLX-XHT5C,None
BR3JE-7DCMU-UQ2YY-XYMT0,None
UXZDJ-U0QMF-6WAW1-IJFW7,None
ZWIL1-UONQR-FECS5-P6EKR,None
VN7WN-ZK6R0-XDIRY-KCQMK,None
SGJSU-2ZIH8-SRS3S-1WXKZ,None
QH2BI-AOCEV-IDZAZ-86XVF,None
VQ7SG-XGEXO-QIXAP-EHZ4G,None
LMLJQ-8SMBT-JLDQB-YS2M6,None
NWGL2-1OKKY-OVM0U-4HV4V,None
NEIWH-BEU8U-NNEZL-MJWXU,None
JFD37-CPFSZ-FEJOG-IAPQC,None
1HLYH-YKHMR-KU1WF-0PLPV,None
SSK8F-C8OMG-TSTHI-Y6ELQ,None
RBUBP-JUJAJ-FJUEU-2VZZR,None
CBW3G-VGFDJ-Y1BCQ-M5NCX,None
NCZH2-83BFW-0KEQW-UVCJG,None
SLJXC-PZTOJ-73NB7-CNCQ2,None
RHATJ-Y4R0V-HVYLT-C4O8B,None
L2TIO-Y65OB-WQNHO-E64GL,None
PX3WA-ETUKE-1HSMJ-PGOHQ,None
TPMED-OOOQU-O4JL7-YISNS,None
R0ISR-MRU7R-9X7E3-5I8RP,None
LLQSX-ZTF6B-I0KPR-M7J2M,None
EOEOD-8HEBJ-PUV7R-TGHJR,None
TR2UP-TEES9-MRFSE-EQOY4,None
T36I0-P1QIS-WFTBZ-VU8HM,None
KYNQY-PQG6G-FMQXN-85ZQP,None
ZKZDO-N1XGL-HV6PU-MNM3H,None
C8GFS-MYPEZ-1GLEY-ZAS5M,None
XQHOW-DGADP-MNWXI-5CXUQ,None
5ZY7G-RIE97-NANK8-ZQIXP,None
KZE74-ITQFF-OKUBP-IOZJE,None
GKKQ2-MVCGL-OPBRT-ZYKVP,None
4TBTL-WXVNL-RYEW4-QRI8J,None
PCSGM-TYACV-PE5EN-UGQNX,None
7TEXE-L7YGT-C9QEF-DNTWD,None
ZPDZL-VARAJ-39AO9-KGKMW,None
UMMIV-Q9RDD-4HHZZ-RYHX7,None
DHVXY-PSQBM-FMJ0Q-KQHYJ,None
DVTZD-KQO9Z-LGKAF-EYGXD,None
CZFVJ-ICKL0-ZEKAP-9VXJV,None
09XQX-IV8MF-LJFVF-JV5T4,None
SMDSU-W8S6F-SI7MG-RUOWT,None
42RYW-AG1UV-EOQPZ-D3BM8,None
OXF0D-MAJX0-FMPEE-M6WVF,None
IWGFX-PW560-JFDPS-S1MH5,None
DZ0SY-U2N4G-HF99H-LDF80,None
WM5TF-EY85Y-OO9IY-Z6IM0,None
JLYRX-C2A6E-JIH7C-XRRKZ,None
UJ58T-4VW1G-CBMIK-TVONZ,None
NRQZS-IB6RL-RTUYY-ZFLWW,None
GIFKV-RY84Z-H4CGU-CLV4P,None
5VOYT-Z2LWX-A11OC-Y5UAN,None
EGRBF-OSQLD-QLZZB-YUB4E,None
EG8CC-TFBWN-CYNV3-OAX2S,None
Y8AEJ-4LGHF-CTDHL-30FWS,None
AWID7-4JCHV-TXUHA-JWRVY,None
GKGS2-CEYID-9R9P9-EWYR1,None
OH8M2-6FTYV-WHTUI-NTHTI,None
LWDT9-NVK47-UUHYX-IZTMO,None
KTSKQ-VGTSZ-KSPDM-YMIGE,None
DQO87-D1VWO-YIGE4-OKOHU,None
QEVZ6-ZZ8GG-UYTMP-2GUXY,None
LWBOZ-G0I5M-B1HPN-Q4P6L,None
A8U2M-XDW6P-JYWST-PE5AA,None
LZYGZ-MHVR5-9LM3V-NNN0S,None
XXOGH-Q8RTI-Y3TLL-BUX4H,None
RQJE2-2G2AU-AIDFM-ODTS7,None
D55VJ-DFJM2-R9HFR-JIMYG,None
AJZYW-G0ZRN-JE859-WRWYX,None
1VKVF-F3W4K-BQZPP-0699W,None
VDC34-ED9M9-YYXPY-GDHIT,None
GMXHV-UYYIC-JW6WS-WXDBK,None
AZPWK-PPXFG-AXCQH-6ZVAY,None
FOEIG-IZBSU-BP0P4-9CNG7,None
0WUTO-9B7DE-ISY2I-LGZ2K,None
OSBZF-H3PPW-DUGBC-W8UIM,None
DI5CD-ZNNIU-PQDIW-RZNXP,None
G7IM0-NORR9-N2POM-AXHU7,None
SKWZG-XLQQH-SZFDO-JUHXW,None
IW4N0-SSKTT-ZFFYS-94L16,None
XCUL9-QTFR8-OV39W-GJGLR,None
EWG4J-P5AJC-OYSNL-DZ2AK,None
FQR5A-FH9KH-OCDRT-LHXMF,None
V8R6L-DR3XG-FKQC9-PUABN,None
TUCLB-MYKD8-5H6Y7-CPRM2,None
TKNHH-SQQQS-RNOCL-T8C8M,None
T33AC-GO0LI-ZCFZS-D48JX,None
8JQ7C-BVELP-QPU0O-CWHVO,None
TW7PW-CVYDX-WJ2T3-AR71H,None
QN6CO-DQYRJ-DIBAC-6GCFY,None
VMIR5-GHC1Z-7V5LI-HILKO,None
B0FIS-GGJMX-QCV9A-D5IOJ,None
KLRDZ-JVTSH-7EILF-HCNNJ,None
LLSNR-RWPA0-SHRRP-3WJSH,None
O72GY-HH3VH-0IIMZ-TFAVB,None
D28MR-UE010-6DVCQ-WT26V,None
QO6TF-2I619-RSMOA-JUOGS,None
VXOKX-Z1CNI-9DJSC-JNHHG,None
KOOYZ-WX80U-6394V-GE12N,None
BETVD-7MBTL-ENDGT-AYFLK,None
A17KD-Z6HMH-A7FH9-WDKXP,None
MVOKD-IGKG9-B8NTO-B8Q3L,None
QB9MW-TXUJ7-AFTBR-X3PIY,None
9ZAZ9-3M7VV-TK3KF-JWR3E,None
VJFDC-ZQ8LQ-LQJCA-3NV9T,None
BJOZC-NZ14O-4JYNG-7TNWG,None
XVTZ1-CS2MK-5O1NV-DKDYM,None
VOTLL-XXIWN-CC6PW-JKHBD,None
BHKL1-2DKI7-TXQSS-NTCZL,None
5GPQD-2NT1C-I0J5E-TBLKK,None
5EM30-1GNKM-1YJFI-ZFISJ,None
XDF2S-ZWDHE-KPR2V-BFY2H,None
VPCZM-HTEFK-EPO3E-BN2JX,None
LCE93-VEOTA-HV9HL-OMZAZ,None
IXXQC-UPFFT-QXSEL-V1YNY,None
NGIBE-1WHJS-T0KC8-87TW4,None
S8ETK-CFLEE-B8CJE-AE1PF,None
2EGHS-FEQDM-EWPR7-EQSK1,None
BJV53-3LZRL-KFMPE-PTSOV,None
8MZYL-FZOQF-7NGOR-Z03R4,None
F1N7Q-MWPJU-HPDEJ-LNZ13,None
KSGPO-KMEXO-ZRFZW-SZ4BT,None
DIB0X-C4TXX-TDX8X-DIAOC,None
YZUHB-H1HTF-C0Y46-Q2Q13,None
R5TOQ-8TKUC-GFTJL-5R1ZH,None
DSV9D-ZEEZT-2P966-ZSVYP,None
ABZYH-VPWQE-AV3ST-G3VS4,None
LUC2Q-JRHCO-BU3ID-ZHM9P,None
RG5AW-XJ9FX-DV8OP-GUV7W,None
APR2N-672OX-YOEJD-POM71,None
TKPSH-8AWU7-0J9Q0-NYQ97,None
R2LVB-UVRWR-UNPJG-BBFAP,None
5WUZP-4VY2A-GAAXW-PER8O,None
UDVVJ-U83LS-BH5VN-V2GCS,None
YMUW1-QRMMX-RJYJ0-6Y0AD,None
UVVNR-IAUUA-IH7U9-UJXH6,None
LXTFN-OXZWB-TNDPP-RFB4D,None
BUC6O-E55J2-CKZOO-SYMPM,None
UID1K-DGELE-CIHN0-6UGP8,None
HYMJX-GPUKX-A0RLZ-DIUEL,None
QVH5F-G4SWQ-475RE-PPLB1,None
TFEZD-RN7YV-NJP98-BVIGR,None
NVMHL-2G0LJ-ZVQNL-NSLLP,None
PH2M2-AWWYV-ZWDFM-CI2TQ,None
3O48S-M5IV4-AK5WR-XR9FI,None
USTUI-4JFSN-OIC2C-GIEUT,None
747QB-SVS5F-QPUCC-OO5HD,None
DDEHZ-YTUMP-9WQAB-XPIFJ,None
ESDQP-YKDMV-1CZDW-8DTRU,None
BOLAC-LTTOS-ZIBQY-QRTJK,None
TP8GU-F1YNV-IZJG5-NY0MN,None
HXXFM-VO71N-QXWTI-YWOG5,None
OTWA4-NSOUP-QFUVI-EXWDF,None
YKACP-YIQZB-QCA68-5N9SY,None
9Z4EG-B7RPS-QKT3P-HKRRB,None
PGARS-MZIUL-GFSZ6-4MMX6,None
LADS0-YXZRV-MHFUU-Q7J9O,None
OJLIH-MF8NP-H5BDI-LZISO,None
ERA9W-KNUYW-DUYYW-25HTQ,None
Y9ODY-0LRNR-YVPKA-BPPJP,None
UREON-JNM4X-NYLNR-EVLES,None
B5XEN-BBQXX-SKEPC-RUH4O,None
GUGYY-YAKGO-NAOC6-ZLHOX,None
Z6DYX-THKPH-NAJCD-ZMVKJ,None
VOETA-QNS1C-DD9YX-ZJQNF,None
ISDDH-UNI54-A2NWT-OSCJY,None
U1VOC-UG3UW-E2OPV-WWHH0,None
ULJNA-NUG2Y-7DTYA-VHYNF,None
TLY0L-O8D9I-4N9CA-QIBIL,None
NXAPU-WM829-MTIMI-WFMJP,None
IGNB6-0TGQB-LWL1I-ESYX5,None
U0WTD-MSLGL-LEZ7X-QIZNM,None
NN60K-AH35G-GHMI9-74EVQ,None
TCPWD-MKBUN-KSIZY-GLBL7,None
3HF6P-IONOV-O7UGU-DMFVM,None
K5VUE-LNC9A-KLOHZ-YUHD2,None
HRUFQ-ELFHF-BPG5D-7BF4Z,None
FJOOH-DKOX0-KGUXM-Z4F0C,None
MAAUU-VO32G-DJOH7-LNYPH,None
SSFXZ-WDHBX-LVJEL-K5MNG,None
XGIBO-TE3AI-5PX4R-OUMIX,None
Z7GTA-FPG3Q-9VGW9-CVUF4,None
N0JPR-FJ47O-LBAZ9-S266P,None
5M40C-PXMFR-4VXHA-8IFA4,None
KS4EJ-SAKQR-OYCUX-OBMUC,None
3RIET-0LTTH-PZWK5-MEM07,None
GSZYM-BK0DV-H3R79-UHJ1S,None
NCCUE-WB5MX-0YK7K-LZ0JP,None
IWRG3-D0PNZ-HMVWU-PLHXL,None
FAJUK-R8PBO-YFVN8-L14QA,None
TJZRV-D4I5C-ZEH8B-ZMLUU,None
PCWUY-OYPVS-PP0FC-IYQUS,None
QUBKL-N6JSN-RLQU7-MLWXQ,None
U4CLL-5I0PB-XVFKA-OXY1L,None
HJCWK-1AH18-7EPZN-1QNIN,None
DHRZG-5HZ0E-UTPWQ-2OLHP,None
TR7DR-XJXWQ-0DBNG-NM1VP,None
EBVBX-WUOCG-K3C79-XHRNF,None
8LYWH-FUNYA-UQSCL-B1ZFB,None
KNWKP-UW4LL-QIKNZ-EAJ9R,None
QTW5M-WOKD4-JFQVK-22LDF,None
TYEN7-ZCEVK-SPBG6-XO4V5,None
WCXEL-MYWEW-VT6AT-92PFB,None
MM5BW-2V2AC-X6ZH1-5ILVM,None
IQ5KO-VCUGA-53JIV-NV39B,None
LGIQT-SKLAC-C2UOO-HBI9G,None
ITJFG-8K7TH-CRDLW-Z5NVT,None
IHD1P-9BHRQ-PWSRW-CK5A0,None
29VPD-97CLS-68Y8S-HJIDJ,None
NY1J9-CIWTL-CBX1O-GGBUE,None
GLVHG-09CGC-ACKDX-XJ2XC,None
XBBHC-LR5XU-0KETN-CJWRG,None
7TFOB-JVR09-2GOVA-NWJKS,None
V4ITA-71LVQ-DMENW-HYXCX,None
TTHTY-KZ8YP-G9H3R-NSGQQ,None
PQMGG-DHM3Y-JNNUP-STBY2,None
ADFYE-CPQSL-GQPP0-PFZ6A,None
1UOHY-PZHRN-ITMLF-7WFXU,None
XB9LC-7DNNK-MDWBY-MY3GO,None
BKGBJ-LYEOG-JBS5O-GNHHP,None
RQZCA-BEWBW-AFXWD-XDPPT,None
OUA1T-NDZGA-PJ8RG-ESPM1,None
KHFJ3-BBQGA-ZLSON-6C9EY,None
5P2PK-1YGMH-VNHZU-PRGCP,None
SQHCX-KD8WB-NZ14M-CI1NR,None
TGMOB-XBGAL-2CKXX-NSYL7,None
LVCIN-BOJTE-5RHW6-AVEP6,None
GEKGJ-8SVQO-08VXH-9KQPD,None
CH2VP-2IAHL-BEOVP-USJC8,None
C2PAY-PVIZM-0JWZP-R1X9Y,None
GKSOI-M1FTY-KQRPG-MEWNP,None
XTP24-6RFSB-IARAB-E5YHV,None
APKTX-QY1FX-P5F5U-YMOWJ,None
AFHBL-3CD7I-DQZ4F-4W08P,None
SFQFY-TUCAG-ENHRE-FV9R6,None
IDBN2-X830Q-GN8NT-MQSXY,None
UIBBT-FZXUF-EA0JE-6LDWW,None
NY9NU-MH695-EE2VG-FMFWS,None
XAOWY-CSHL8-R8K2E-XH8GW,None
TD3YK-VOSDH-0GMPO-F9TRU,None
MMYR8-Q0UFM-7MPOA-IFYMQ,None
JO1EN-LUJKA-O4LJ7-AUD9A,None
2IHRD-DBMMD-EOTFC-MRFLK,None
NFCWL-COFZM-7R1UC-0RC5U,None
F4FP3-DA9AI-T99OJ-ZAD6D,None
NWTK7-E1EXM-AQY5V-H57PA,None
QQYW7-NIVQP-HA39F-GYBTX,None
BH8SN-V85PW-Y35D2-N3VTQ,None
2WXWX-LTFUS-HTPTI-DJCE0,None
JEJCP-0EGXT-NZYSA-N30G7,None
UXJFT-Q4BKW-Z8SFB-VMQFI,None
HOG95-IUPKO-QCG0E-8SCYI,None
ENWRZ-ZWUXE-JVVBD-KFJ8S,None
JI911-R9BYQ-I0TTG-TC9GB,None
K8QC9-ARZ50-K8LOD-HXE7Y,None
TOKW8-D89OC-JIBZ5-NE4ZR,None
MEHKF-FU1B7-7YISS-YQZXO,None
VQJD7-ZNBYE-PCDDY-CY0XW,None
3FUYO-XYXHU-8KYXI-4JG3Y,None
L3J22-STXJK-F2JHM-3CTBY,None
KMMBZ-RXBH9-DRMTO-TQBPP,None
PRHYX-2NCYA-NDAMO-EWLO4,None
PK61U-BZLIW-8X0WT-WSWJN,None
KW0FH-NUYNZ-NXFRT-CLXET,None
QKE7B-XOVZW-RTVCC-VT43W,None
Z3UZH-P6C4V-S3VJB-XZO2X,None
TZYV0-DNGPD-GQ8AW-TEQD3,None
JQLKE-SZBEW-HOGHE-C19RN,None
7MU24-MTHIL-SXJWL-NO63J,None
LPW4S-A4TH2-JBF8L-DLVT6,None
OKEEL-75G04-1NSEO-99OU9,None
PMXEW-TDOYS-0V7ZV-EXCPC,None
9PCZO-HHXNG-ZF63F-SSDSK,None
CEGUG-M9KOH-G2OOY-Y6UTQ,None
DX5VR-CEDK8-SD2IO-GOFUQ,None
TIWUG-2XFFA-FMLJ7-KYPJB,None
1TSSV-JI7KU-DDO9I-BLFEL,None
LRKB4-FFE61-QAMML-YZCDD,None
TMZPI-RQGMV-NXNMI-8QZUB,None
5OYGB-IFAKV-4P9HX-1CMJO,None
FYP4J-4MB6J-Y8SDF-JEJX1,None
ZDTZ1-2OEBV-BEE08-J88PE,None
BRWG7-8OSZ4-ZGHM5-YXMZR,None
UEDNT-BTGXV-IZ5AZ-NBFA8,None
HUZIG-HRMWS-UZXWE-FS7CO,None
WKRJO-NGL28-CQUOA-1JLQO,None
EXN1D-LWJQH-JCEDR-753S6,None
YP7UY-CPPD9-VWLYH-0EAY7,None
GQGNX-FUJU6-H5QGT-J7VRV,None
4FRBI-CJYK2-OQGA8-CWH4F,None
LTFLP-R1SLA-Y4FBC-CYPKO,None
ROQ0U-OHEKS-XSPTH-PNJEM,None
10FPR-KOYSN-BGRN8-0CCNW,None
DJDGA-ZD77T-N2U29-NTCAI,None
EPFBB-EPNG9-1Q7K0-ANRTT,None
ASAX8-OHU41-JYCO9-Q2NDY,None
LNAGB-VEROM-JTA1G-AIFFV,None
KSKLE-OQIQF-QI4LM-XADZ7,None
LIV4B-1HQVS-QT9JI-HW5SX,None
M597L-GWSI4-SE54U-QLB4Q,None
1EMH9-ZKXLL-ABHOY-OOOEL,None
AN65D-1JQOO-2Q23G-Q5Z14,None
ATVOF-OOLME-RBM7X-ENAMI,None
7YLUH-VEBJI-EPIUI-S7FTH,None
MVYZ7-N88KN-RRJBG-QQGAW,None
AA9AL-IHBBJ-U4MYS-VDDN9,None
ZBRXU-10QNU-NFEUB-XU7XQ,None
QCNSN-WS8SS-MUMOD-HTSCU,None
OD25G-ORARE-S9FF4-NI5UT,None
UJMOF-RPTOO-QLPJX-LPNUH,None
UKK12-KVTLE-QXVIX-TOC2C,None
TW5VQ-8V7WO-JOBBH-FKXAT,None
9YWE4-C7TJI-T3Z8E-3Q30K,None
HUCHZ-AO91J-TUKFU-23FXQ,None
MXZTC-YJOTL-QPXJA-ERRQY,None
IXUNM-NOBQY-DP3RR-3RN7I,None
BEJFO-59VSH-XIGIY-PXENE,None
6DLKG-RB6A1-SYRTT-4L3EC,None
NFJOE-XHKUQ-C0EQD-EVZO7,None
5SOTG-1POK4-PO3EW-OHYBZ,None
YOI0X-T2JDR-ATD3V-BYWX6,None
BFEYT-LBMJE-N0TU7-7GAYQ,None
NO5R6-E5D4G-WACW7-ETOXK,None
PHQ2D-MTHSK-7XAGE-XXY2E,None
R9FTK-U3APG-USG8C-70NN8,None
LQH68-J8L4J-SROX4-36CVN,None
XFAKJ-MGNJR-WXOGM-WCALF,None
4XMF5-DCRNM-IL2GZ-MHJ4C,None
WIOYT-NGYJ8-OFYRR-YBHAZ,None
JUANC-U27AT-VXNNU-MZVBZ,None
IES4G-QAKEE-ZV2X7-FFFIX,None
ORBSJ-HF9JH-6XR5V-PABLM,None
TATYL-KFMUK-6TIDC-MD78S,None
JJ77H-C7YOK-UZLN2-YTH1B,None
RMPXG-KXPA2-JGIW9-UFGHB,None
XNNEW-9R9NU-FU9AA-XJZJR,None
54XCT-K1J1W-TIGEZ-2KPBX,None
TPFEC-JUOXA-MV9JZ-ZQQVI,None
YLGKD-ATRBG-5ZXE7-VTQ3Q,None
UNGNT-ANAIZ-YFFLV-V9TIT,None
WOVAO-GKCCM-D7LZ6-IDJHW,None
B7KEA-RCFJ1-TAFOF-RLGJB,None
6GZ3A-SSYOO-5PI7F-AUOE6,None
KKT4P-IHCLV-LCRQ8-3FGUH,None
XVVCG-OHAIY-33PAU-IRGKQ,None
KJGU8-4SATF-ZZLS5-LMWO6,None
QTLMJ-OZI9S-KWSVV-VTZKL,None
V3DXW-VXP09-AL43D-4JEDG,None
GCJHF-NSHMB-3M7KL-0E6O7,None
HGROG-MI4DD-4WIZS-WOXT8,None
6ISYJ-PRXEN-RLPE3-COBIC,None
R9EKZ-WW9QS-FJUSP-VKKD8,None
EGB2P-OBFBB-FCH6W-XAMDQ,None
VXO2B-WWQFG-PENUO-1ALF5,None
PGEY3-UI2YW-GVSBJ-92VUX,None
GDSGW-CGDWX-ZM8EZ-5W16H,None
FQGEZ-RTKH9-7EVDC-VWKVT,None
IQ5EO-UPOVI-M7WWJ-GYDYC,None
PCY85-QH1CA-QQMZE-PCJWH,None
OOKPR-QDRUZ-PHOP0-DS26A,None
6SNXU-HU80U-ARWEC-BQXZ2,None
IVIJC-DXRJX-BXE0L-ZBOIG,None
BGX4K-AWQTW-WID2O-AANTE,None
YIYMM-ZFBNY-LU2C0-RWE11,None
GRNEP-E4YM7-QWX4L-0SYCU,None
QEYDK-7DLBA-4YNZW-EQXMC,None
GXOLI-S01W2-1ELVI-2EBBU,None
5E7DM-AK82C-W8L1W-NKJRD,None
6J8NV-MHVU1-48UEY-5EHSG,None
VZRUP-RR9SC-16LSO-JN5N9,None
3JIMZ-X0BRT-C9ACL-XT96T,None
1ILZU-L5ZIN-XTBQZ-5VGLQ,None
OKPHL-8ENLJ-DO8CW-1AWWN,None
Q8HIR-3ZW7B-WJHXX-FQL4Q,None
UJUV9-05BKZ-XPKMW-JVITL,None
88ASU-TC9F9-IAOYY-C2KPO,None
KLE9M-SYZ05-PCBS1-AUBTN,None
LZJAM-UKLUX-YDHC1-A5BEL,None
KZEKQ-VZR76-2TAJH-GMZLD,None
DOWNE-HTM4B-E2A5O-ZGMPA,None
5VZWK-RR41I-UXZRJ-YLOLH,None
IEV6J-XFNWR-QLBJF-426TT,None
XWXAS-IHDGM-OBKTT-MGRPW,None
7RQBE-IMNDH-RCEBK-76IOZ,None
MSLGE-WSQX4-W7WWB-9EY27,None
3ATIU-XPGEK-JFVM9-ENSNV,None
X066C-TFEGQ-6EXVL-EQGGK,None
QJV4S-IM3IP-VAOGE-GA9L7,None
B1ODI-LMPHS-PXVGP-PRWBZ,None
FBDIE-EVNAE-BXYO4-UFVG5,None
P9QC0-QR4PT-G2AYJ-A08VB,None
0TRHH-S5BT0-XHJP5-QYKL8,None
EEQ2Z-GCSOJ-1EAPN-SEQOF,None
OMOHB-NV98P-JMAOS-W325M,None
PG2M8-6OSIJ-DA4LE-QXSUG,None
XDZ3G-HKDMC-BOJR8-YA9FI,None
C0JFI-VMTHK-A90SP-LAQUT,None
LPLNN-NXJ6Y-XUJKK-SDCJV,None
1FIP8-P2VKO-P4WBM-UFXMP,None
DHKAA-J9SGJ-15YOU-XR1H3,None
DHFT6-AULHW-D3TVE-ODG73,None
FH2EU-NECP2-QLP7Y-ZYFAO,None
XMAMA-SFDCJ-X8LJX-U7SNQ,None
LY7EM-BWAIB-5NTFS-NJPXJ,None
E182L-OZFCH-UC7FP-OR4QM,None
XZOKB-QOORH-3MOPA-W3RB8,None
8BHXQ-KGFZX-FOCUK-YYTNO,None
OHMDZ-PJED4-IOQCL-DWVPH,None
ZW0PL-XP8G0-VOF9Q-EOAOW,None
AYCNQ-RMN3I-BGK9Q-FI82P,None
IVFL0-8OZ10-WC6FV-QGUPC,None
UMWTI-BKWLR-29FNQ-C4H2U,None
IA7FW-DH2EH-6XZTC-H40JN,None
YGW3Z-BGICA-VZF1D-ITFUJ,None
X6KI7-AWEMN-VR7DH-UF87P,None
1IEB1-LVQX5-UWI76-IKWHN,None
EGCIO-PJN0Y-CJZQL-15EPM,None
BU2ID-CLZ5L-TXOCX-QYWVE,None
STOOM-0ZLDD-XNOR5-QAF6Y,None
CEFSO-YWNZU-TIQZE-UR8TQ,None
VPQS4-94AGC-CY5XJ-AFVF6,None
JXIIM-BEQHI-JNAPM-1FVEO,None
SFCO4-LQXQL-HJZDM-T65JP,None
YECTC-9ZYKQ-JTPGL-QHCUO,None
PCOND-NCB19-MSTUI-EHV7B,None
0ZNKM-5ORTH-SIFYV-N9P8Y,None
ZJ16M-GCMIO-M1CMJ-EIRJA,None
AXWO0-O1WLQ-36HA7-YG3HD,None
PVS0S-AQDHT-WWCGI-VYUKF,None
7QHOQ-3QRZF-RTQH7-MOWRT,None
DUKSQ-FVUFO-LVON3-VKCEU,None
Q1SY7-RDRPN-LCJDT-4XETH,None
QZSIA-C5JJP-VBVH8-GUPCC,None
BZ5OI-BUAGI-VQYDP-Z9BM7,None
HYUY2-NHO55-YEPBO-MJZFQ,None
YYNY0-JKZIE-FF5X3-X34JE,None
OWCIL-8U9PQ-VGS3O-LRV7V,None
APKZR-XD0NC-M1KE5-FKXLS,None
PV7CO-54QDV-REROI-K5CWH,None
NOQO7-5JEH8-FK5EN-27LFE,None
CDTS6-F65TE-NRUMH-LUODQ,None
1RSDP-XDGQX-0A9WM-PUA9Z,None
MBQS1-P1I0D-W9ACT-SVYXE,None
WVFAU-DRWVQ-E9A1D-SODLJ,None
L4YQM-GA5FO-F8PSZ-OJRKO,None
2GXE7-7MMT5-GZHQM-15SRS,None
XWBDQ-Z37CS-NYTFI-BVHZJ,None
KMZ2J-JYPON-HZ2PT-TSJT4,None
78FNJ-UPCVE-33BJA-LGQZ1,None
H5OLC-JTVJE-WRF2H-WL9GP,None
UTLKC-PKGHX-N2RYK-5UPIO,None
N54J3-BY4TW-CBRDK-HW1HJ,None
CTRTS-ZTFH6-VBRAW-4BSLP,None
TLMEC-JYRQE-YCUMR-1J3TA,None
H5IMO-8KFDO-ZSPSD-IPALD,None
0JSUR-VLCRR-BIFDF-7T3E6,None
EQZN8-DIXQ5-EV46K-41CJY,None
7XLXV-9JMGR-CBJHJ-BDSL9,None
QL5B0-3JHX2-USUZL-E0PVI,None
PD6LB-SJRCE-NSWRR-RN8HW,None
EEXIF-IE2YR-EDZZJ-FQSOP,None
NKVCD-GV2QQ-RT7AQ-TXT76,None
IDQGD-57OHP-XB6TI-UUO0I,None
S05N1-EZ1DS-XH94B-QPUTK,None
7ZCHF-6FDF3-4VOAS-YX6ZO,None
IV0ML-Z7QAX-ZSPGL-E8VMY,None
YGQMB-5DKJX-9SOJH-N2QC2,None
QLUSR-GD5LB-ZHZY5-CRZKW,None
O6OHF-H4ZYE-TGM21-HKSRC,None
FEWYE-WD666-F6LXP-0L07P,None
BJL3O-DMLYJ-YCVVK-XOUPX,None
UKHUP-TNMBB-AA4U1-J9PVO,None
UZJFT-0SK0X-COR1G-3ZDAO,None
VEZ0M-INX0X-H0RC9-VMDQG,None
PDGO3-DNCA5-0NE9G-6OYKR,None
7I9TA-J7KDV-Q4TCX-BNXPY,None
52I2C-INYU6-VVUB1-ZSGHO,None
TQFGH-ZIIKD-7LJWJ-3MSSS,None
FX4C9-PNC0U-Z4INT-VP3LC,None
ZABYW-ZQRDT-STGSX-525IX,None
6TJ7Z-I9K8J-OSTXD-E3XOG,None
SUDXL-02LAK-XM46G-ZYIHW,None
JRLYS-LGG3T-NXFGP-9JVQK,None
KJWQW-AIMBT-XQRJN-JKFPJ,None
RSN3M-J2IQK-D7AMQ-GRRIT,None
GZFNO-2ZKFJ-IYSBS-D1MEX,None
9ZUMT-IAHMJ-AHLCI-BFWNM,None
6Z8OI-AFKXS-70L1I-QVG0P,None
WMKDH-7D7XS-58WM4-OHK5L,None
DSBJP-MBN3C-Z6ZXI-X1U1R,None
BHQET-DJJMY-WGPAR-TLX38,None
AGB3N-SSFDE-SNRGC-KDJXD,None
2MIUG-LWYKF-BYD4L-1O4RQ,None
OQK4R-2PKRP-MLN0A-BINQV,None
ZB1HZ-AFM9B-ODAZC-N7PRD,None
E5P9E-X7CMI-KRD1U-DOSML,None
LFNOT-412WX-9GUAJ-YO07F,None
EUZ5O-XE2TP-P7JWR-FAVZF,None
JQCT8-52LSX-FNVOI-6VCLI,None
JINJH-OZKZR-SPGXH-CRYZS,None
ZJIH8-VW8DB-IVGZS-2UQF3,None
L8HZ3-QJ33I-DELFU-EKP81,None
LYIYD-KFT5G-RXTAE-9SS08,None
M1VEN-ECKCB-BDKCA-ARVV2,None
ZUZKY-NZBXK-ME1SZ-WZ9JG,None
NEXZX-QVPAN-L8I4K-GUQJC,None
39VQO-1P1OG-CBSN7-VIGLD,None
B6GCN-V5UEE-ULRR1-LGBGI,None
UQJFG-0PV6P-DYC9A-ZTJ8B,None
M4DRY-SA6BU-GRXRT-J7CEZ,None
QZ8SF-BENM6-Z2BXO-BJQX8,None
SSJK2-OCQPM-3MT8C-FSCVI,None
CTEXY-MZCLZ-I8EA9-SQ1XN,None
VISOL-KCGO7-AQZCO-VZUBW,None
R0RVT-VOOD7-FQ6FR-NB3XH,None
SRF7G-JCGWS-XGJPC-RRDBU,None
BPBDC-TWLGZ-CR5HF-YV4TW,None
CJLIJ-HUMBL-F4HGK-XBBXN,None
JA4EA-OEIQW-J8DAQ-UMCJL,None
DQ610-VTZ2N-WNW0G-4UBAF,None
HXXX4-R6UXQ-CDMFN-WSNMN,None
U8GWG-JXMNU-FJA3I-RQGNZ,None
ML9YV-VVH0L-WINVU-ZNHPZ,None
OHO17-SVCTQ-TMKL1-JRLKB,None
WYV18-KXKN7-GSTSY-JD3MV,None
QT95A-VEPGP-45FOE-JDN1Q,None
ZVWGT-YBJ2R-1HD00-CTAN5,None
KKHUS-CCIYU-YCBV4-Q8XCP,None
YZTUG-B5ZC1-ZHNXY-LAIWQ,None
LNYGX-L1QA9-BLX3G-JBMI0,None
USZSC-3EPWF-IP9JP-1VG5W,None
0QSCF-FPOWF-3KJU6-TJ9Q5,None
YJXAK-ZWNEY-TK18R-A8PJW,None
RAIXQ-8RLYO-LEVZP-RERMB,None
NAUUQ-J1V6Z-XI3R8-YN5HW,None
FBFOY-SSZDV-D0FOA-SAULJ,None
DFYFX-8H2T1-7D1IB-ORUCM,None
DUPBF-3KEPX-RFHJL-GQKBY,None
HP7JH-EDNDG-BSFAG-JRAC9,None
XPOIH-RO4ZF-CTRG3-EQ2AJ,None
77V51-V1Z8P-GWSE0-XOHEN,None
RMMFU-GVDVJ-NPNIK-L6S8S,None
I4H7F-PRZZC-QM67I-A3OGL,None
7ADBT-SF5MK-UCEAR-WULKD,None
BNKS8-STRK6-8MBJ2-Q10Q8,None
UB11C-KSV1K-MDGJC-KLACH,None
VZPR1-QTVGE-AFLZ9-QL5HD,None
PMLQJ-KHZQX-0LDBJ-IWZJR,None
H38RL-FUV9P-EQBOQ-BIVEN,None
314S2-V7BDO-E6AB9-GTBMG,None
GKXUC-PCAGD-VZ88B-T8CBH,None
OXBIH-J4KE8-CI3HL-QSWOE,None
OUGGG-JUCP0-ZNLI4-VAEFO,None
7LG6P-UPGCJ-JITZI-LRKYP,None
YH1GW-4MNSU-VIMMP-0G7EG,None
KRWWY-FQZLR-A24C3-O3UEW,None
EN3WT-DSPGM-UFKDV-KNQZS,None
CAX2F-7R8QG-VSZ8I-KLJMH,None
F55IC-ZHFYA-N2GQK-JYTWM,None
GIAGS-28UZX-GOVDW-I4WIK,None
53GVB-UM4VM-4NQH9-JXQLG,None
EXAZZ-8W1ST-WUOA9-IM9JD,None
A9W6A-R348U-6LHKC-B1LRA,None
8GJ5V-QPYXH-U2LAN-RTDMV,None
V7KWM-NFXNB-GX3FA-IEMB4,None
YHURG-TTNC5-TZF6J-HMWYU,None
VWBUV-GLIQ1-JHTXD-E4DDA,None
WXGL8-5OWFN-M1X9I-35WGG,None
Q8R8V-FUT1T-OTT4F-PQLDV,None
5DWOP-NBZKT-YLZK8-1CU5X,None
TQYOV-LSOXN-DK3RZ-AR0DX,None
R57GV-MOMCD-3XAF1-FI0DZ,None
QQMZV-LBS67-ZSLMO-BC3RV,None
6LUXA-ETO1D-AZZY8-UZ8ST,None
9YZ7E-2LX6C-KH1HU-9BEAC,None
9PAO8-B3DFN-E8RWZ-1372W,None
NFLJB-GCOPM-JV27L-KRHGI,None
V9BIH-DRPLN-MQJ0Q-INJC7,None
J6LYY-UVGMJ-4OZBH-7DSIE,None
YPYCJ-UFE0B-RKZIK-3U2GO,None
VMZ4I-VM1LH-AK9KC-YSHSW,None
60BO3-MMPD7-ZQMXL-C2SYU,None
ZVMYI-YQGK9-FUHFY-IQIXQ,None
UPYR7-REY4N-5GXOB-TZS31,None
8J5DW-CYTX4-VAFA1-2AMEE,None
KX5X7-HKEMM-ZRMUX-KDRKT,None
JU4FV-YB6NO-EC9BO-L7ZWE,None
V3XNG-8DYB8-V2WMB-FMYRT,None
X6XAK-KKIPF-YRZAO-XLJEI,None
ONH4W-JISC1-EJDP3-JOTCY,None
EAL2M-JCSVH-RSLND-NZOP0,None
SMLT4-OIZTN-G0ZWV-QRLLJ,None
LGY1O-LDL1J-PDZJV-8GNFV,None
XUAOH-EJKEO-QSOL7-SQV6W,None
OWPWY-HVZ0Y-DLNIC-QZB60,None
VCW3M-TNMUX-L7MTW-E2ACZ,None
C3VPW-EG5IJ-LRVKK-6DXZA,None
ESZCE-OJJPB-JMU5H-DSTJK,None
DYW59-VL6EM-KUU9W-QWRK4,None
CTRNP-PI2SY-H4ZLR-GJSWY,None
M1JGQ-IO9NP-YNAD6-1N3AO,None
O2I0Z-7MGPS-OJW53-9XYJZ,None
RHY67-W5TBU-F9IAX-AGQQS,None
RQGMW-YCUMH-FY2S2-5Q1ZJ,None
4TRZH-GBXJV-MGOJS-S7J7R,None
9TRIM-REFAQ-ZCTGO-HUB9H,None
2WVPX-Q2M96-BMUAO-OCH3F,None
VFEF5-OAP4J-HDQYE-ZZPXO,None
MPGYV-MI96I-QKOVF-X8EIL,None
7JOCP-CKXRR-IONIZ-S05MU,None
5CM8W-93UC3-K1KZS-NFVBQ,None
HVUXT-AO7T7-VJO7N-2UBWM,None
YT5L1-ILSME-Y4A6W-6PVXU,None
AVOB4-BLTWC-CRWDZ-2VH7J,None
6IGNH-JDWWN-PYHXM-TEHM8,None
DVNS7-Z5WPV-DC8TD-JXQP8,None
EAZP9-HF8CL-08DJJ-DAVTC,None
NQ0EU-COSHB-GPGRD-74BCX,None
O4L1W-5FQLK-HJED6-Q9HWH,None
QQZCM-GDKTW-I5I4X-K7KET,None
4EOWD-69QAI-LLV2P-HNSF4,None
GV9DL-RZXGR-TTH2E-OR1NC,None
MIHJH-8CBTA-DIUDN-OFOXL,None
CIYA2-YKBWJ-RISWW-J1NOT,None
7IEB5-VB9OT-DRTXR-VWX9U,None
I8TSS-XLBM5-C1ZGS-Y0JUI,None
BHAOW-3MXNI-LGKJD-1TTZ9,None
LVRI3-BZQXG-80JPR-GVKIY,None
JDIUG-WRQDV-SKCLC-B0TAT,None
M2O03-ZDE3X-9UQB5-TS4II,None
MC3QS-WJU3H-I13UM-3WAWR,None
9OT9S-KY89U-H1ZCE-UY62T,None
1QREH-5SD5H-MOWZL-IV6EQ,None
CKJG0-W6YO8-QEFIE-Y7ZCV,None
CQSUU-FV7KD-SC1V9-NIBEM,None
HMGKW-4GQNT-RF5PA-423BW,None
ROS26-HFRPM-LWSKJ-WTXYG,None
AXK4P-YX2RY-KTPHO-JUW0S,None
A91ZE-XUYXE-93TZU-H0JDH,None
2MVOY-XFTSC-WGMOG-GRCVZ,None
D99SH-ETQHH-GCKF0-C7KC8,None
Y6ZVW-70BJO-NPGKX-YDVGA,None
DOJP7-AVWW6-NBT1Y-2V1ZD,None
5HHN2-0VE2L-LK3ZY-PAJQ0,None
6PUX0-RIGD8-BDTYK-Q5SSP,None
HK4PV-DYRWY-4IX6L-XDX6F,None
QTZZM-0OHVZ-FMPGW-PAYGX,None
MH0MB-DNEWP-CRDPA-LI2PY,None
TK1SX-XOZNV-HR194-7FNBE,None
OWM5S-VR2IX-6RXFX-7XB8N,None
V2QEX-32F5C-8KLFH-FTIK1,None
GYI40-D78M4-3PBEK-BDN0P,None
CHEZV-KW35H-TZNFM-V3D2W,None
FYGLC-ACM7U-F5OFA-PPY9N,None
WJI43-C13AR-XWJP7-Q9YRN,None
F1U7V-J2VKZ-DTTGI-PNBIV,None
X8463-KZ7ZQ-WYREF-S7AEH,None
QOOQJ-CLCJN-EFMO1-OLBSD,None
NYJEJ-SWW9L-OTP2O-5UGIP,None
S2WKR-JMRGI-LR3ZO-V7LIH,None
K9MPV-3TZZB-F1UKY-UTIZH,None
HACGY-7PDWM-OXSSK-RZSS3,None
DMIZR-RTQ6I-VQA0H-KMEHX,None
C9LLU-Z6IUJ-2JMNF-GPRBX,None
OBK5Y-9L1PP-VTIAD-A6GE8,None
MDBW2-AI8PB-RVXVU-KJNVQ,None
NHUU4-SLJCH-470RE-CXPOE,None
I5U7E-AXZ5Y-KY6SM-TPUQA,None
RUKJG-USIC3-GLMCK-E5WPG,None
JTKNE-WIYKU-3QTYS-Z5HOD,None
HCYGP-LNUTO-VZB5N-YKVWI,None
IRHGA-HNDN5-KLOH8-WU59S,None
BZJO4-X43JS-DRUSM-NKHUS,None
C1VUF-NOHIN-DEAH2-4DCFR,None
RDTM4-I4XXD-3JTT7-TCCJQ,None
TFAF7-QK2VI-0QAXY-2AVTK,None
KQTVP-JPPAQ-85FRO-YHOSI,None
BHPQY-0XOUM-7E7BC-3H5JQ,None
DJJ0Q-GAJML-C89AW-U7TVQ,None
XZ7NF-OULC4-Q37RC-0PXMD,None
FZH3K-UEOAM-ZSZRA-4PABS,None
ZXRKA-W8IJK-Q88DV-JFAHZ,None
NGDCH-FQXIM-5CZD8-ZF8K5,None
RLTHU-YJQOZ-4BKF4-QF3DO,None
LJJMB-FO3LA-SZSIE-PKDFL,None
G1UHL-JYZPR-KLBDE-YNMLC,None
4KKXT-0XFXZ-XWQJN-6KQRA,None
CMPKV-AXUTI-Q5EKR-8WWUB,None
XU5MV-HCRXE-FVAY2-JI2LS,None
E618L-JJTGQ-363OI-MT8AE,None
Z6BPZ-RSFQX-LWJ15-5QJ7E,None
KOPJ8-IJ0ZY-WESQS-OCGKJ,None
A3YNJ-X7MGX-8ACAC-BK0YC,None
5OGZ6-NWGK8-TCXHD-XWFKZ,None
MSCMR-93BWG-IQ2J0-BHHKW,None
KCTQ1-F8JJZ-CTP20-KSBDF,None
HUEFT-SX6LP-HDX0N-T9JM4,None
RB1OB-OGXCL-AYUG2-TJ7PK,None
LWMTY-FNVQF-1FQZV-LCT4S,None
OBYMZ-RHKSN-O265J-WOAFK,None
PC5RC-PV8GS-L6MDE-8SA7L,None
1VNZD-ABAD5-XJ7OT-ORYZK,None
ALOHF-OBROU-CEJHC-LMBG0,None
ROY9W-UWGZS-PKNHU-ZVGAO,None
3P01Y-OH5SN-G6YLZ-HJ2O4,None
QWLA1-CDAY5-RCYFI-9WVLD,None
EJRFH-3OZCF-CJTRO-IQLHP,None
8KIRN-GTTOH-IXNYA-SHQOZ,None
TGQQH-CFGDX-VRDMW-HFLJO,None
SHCIJ-6C5VX-QSESA-OCEYF,None
DJHGF-CTE7V-5TFAB-8LEQN,None
FQ7JC-LU8YS-L3GJT-CLGZL,None
GPWQS-8NOLO-OQE4G-NE2CD,None
WTMQF-OOOHP-FYCKD-FUJGE,None
OWZJD-DAOA2-DSY6N-V1PHZ,None
M9B9M-TDS7E-WJSTJ-BMFG0,None
DHFGL-P046R-HKAZK-LPDVQ,None
SHVOZ-OF1H7-GBFW5-3B0VC,None
4ARNP-TQNDK-VAE82-U0SAG,None
VPUHD-QGFP9-HZ8CF-VGB6V,None
LF2BY-TMC6F-NAKEX-L5I19,None
EMHTD-KEQ4H-MAFTN-O09RQ,None
T59PC-VB1UQ-S5S9S-J1JN0,None
HDXR3-ZTIJB-QN1WV-QVVWE,None
PL0CV-BWMDD-STE02-2EFB1,None
LRIOY-VPKK5-MKYFN-JZI9R,None
X1LFR-7J2WV-EPHGJ-GLGIJ,None
J4UNA-XHM52-UC074-JDSTV,None
JQ0Q4-BLQJR-YBUIM-EAL9Y,None
DQ8Q1-TTPAO-WEANV-H9GSN,None
7JTKI-Z6R8K-LXOEG-KYWZ6,None
SQB84-BY4P2-G2OUZ-F6SYV,None
5C4ZN-R20YB-TG46U-IDENB,None
4VPPL-RCFWJ-1OOVV-FTDYP,None
P8YTE-YMIWL-7JZDG-NPDVY,None
UPFNG-G2CRD-YMLNB-CU3MT,None
DW5QV-AONYM-BMJLS-LU5W7,None
KJD9H-XUDDS-NVFLD-K4TJ7,None
XMBHV-OGJMX-EB690-KWZQH,None
ZO1CM-41MWY-ADRRU-Q8NG4,None
FZWJD-V5SXI-ZMQEA-A07JE,None
O8YXK-WJMRO-FEAB0-GMWWU,None
JLOMJ-OFM3Q-OVDBA-CKDBS,None
S57GR-UF4W4-AAKIE-P2EWY,None
NBUCN-P14SE-DMK7F-39MBU,None
LRZZA-CUTL3-KJBZF-HEI8P,None
VKLIY-U7XPM-EPQUF-CQLL2,None
UH0EX-SIJ2N-YVZYU-BHK2H,None
MC0V7-3ZWEB-KSFXQ-JMVMQ,None
IKJHJ-EDLJS-IBKK6-CH5JS,None
WLRZH-FEI0F-RXHYY-IEJYU,None
YQGUR-ZCS5M-0XMMY-DCB78,None
FTM1J-YRGLQ-C2WHR-ZFAIS,None
IVDNY-Q4EIL-WC8M9-YIVLI,None
YBXVL-RXW4O-YBZJJ-1LZMD,None
2IEVR-KA6GP-RD1MO-EBR7V,None
FDBTL-6G0IW-C1JEO-YMTN7,None
UPSA7-TMRKG-9MHLI-YINWS,None
F7GS8-I0FYL-RSNZA-OGSRH,None
1GUKB-XHDQL-S1W7A-4NSXR,None
XNKQQ-RDOMO-RTXCH-LLCEU,None
VGM1E-LJOIY-ZHYZD-G78MB,None
M6DGP-MQTM1-RG5LG-UEAKB,None
UPC3X-OLHWF-KVA2G-F7M44,None
HV3LS-INJE5-J4IKE-ZCEBT,None
43IGF-YAHZX-1I9YH-DKKNO,None
UTE5K-LQ11U-LWQQX-IZUNL,None
WXMH4-JSPXW-MKF44-ZYT6Z,None
OBZSF-YVV7A-EJNKM-TMI3N,None
RJ0WV-WY94C-PDQAU-GNKI1,None
2RJEU-R9RS2-AJG52-7MLT1,None
H57ND-SINEV-EJECN-HGU5E,None
HPBK6-8MDVE-AWLNA-F9EVG,None
PIPRC-LEWNQ-WFLZV-XDBCU,None
SZ6GI-3VWSJ-OD3TI-JECFF,None
8U1EW-Q7KVB-9NJSN-JKZDJ,None
NN0LD-FOPOE-RU1TE-SBBAD,None
VUBDT-VXJ0H-FOUWF-BOUO6,None
OJDEX-ZDXBI-YJCK1-HGJ8B,None
AWCCV-UDQFB-8U6IP-RB3LE,None
BVSHD-W3R9E-KTQPU-RK0VT,None
Y9C4A-P8SP5-GDNMS-M22WO,None
GN0JZ-F5TAR-BFUAM-8FBFI,None
5JF2J-TVWJO-GPYDV-REKN5,None
KWZQN-WOF3A-82HTA-FDK0F,None
PRJN1-KWLK1-V4AWI-T6LNA,None
2MACI-JKGMX-UNOYN-7RE7R,None
IPD23-CN1CI-JV30N-7LOVJ,None
IZ24R-WWFJD-W3IMY-JBHTX,None
P46CW-NITYY-CHJOP-JDZRY,None
UMKZH-FWMLM-0MT6D-3YHZF,None
BCTFO-ZP9U2-XJQWB-EQIWE,None
87TOB-UU5D8-GJHQK-NEKKU,None
YMAQ7-WYAKD-A7IE7-UPYNQ,None
XFW20-3IIK9-TYPEB-UGC7S,None
4FTUZ-QPZAY-XWSVI-PWHFP,None
PKR9M-FHKL4-ICIYT-OHJSY,None
SE3K2-OHEWB-GFHS3-HVBSR,None
VMEGH-PA4TN-EKSEB-FJBAR,None
ND8XC-UF8AA-UGSOV-L3EKY,None
8QB4A-ZWVFE-D9FBE-PO8X1,None
KR5NF-COMRF-WG2RF-8HFJH,None
HDFED-8UDXB-UXY9D-TCXNJ,None
KHBVL-5NQSG-S1TCE-WKHUD,None
FUEUS-8YPKV-UGRZE-XBDOW,None
GOJNF-G9JPI-TSFK7-I5SPA,None
JFVWS-2OZVQ-83A1Q-3KLQT,None
AQ488-CJ8F8-8ZQUG-EIKAW,None
T0SX5-NXX37-TTGQD-OEX12,None
BUPRE-U6VCM-B2GY6-NRJOQ,None
QCCXB-WX9NU-THAR5-R02MQ,None
RVYFG-V2CZC-NKUJI-ULR4T,None
Y6SQD-N9GOJ-OC2CF-ZYEN3,None
HEHSF-WF84Q-MCEVW-FVJ2N,None
DZKYA-LR7WW-AVZ3L-BTL6V,None
QOC6S-JACCG-PSSVH-JBE0A,None
GT4QV-YW7LX-3FG3F-IOO0Z,None
NLXNC-CMOEK-BA6DB-FMVKR,None
RMQEA-DGTV4-VTRSC-ZVK2A,None
WONPV-DGHNE-80X1U-0ESKE,None
SZX93-3U18C-M3CFE-SQKQK,None
ZC3WS-TTJTS-UWWRA-SC9G1,None
3PTYC-B5SXV-XZTAV-U5XVT,None
PQPSX-MGWOL-QLCEP-ZPKIT,None
6SANV-MRG1E-JBPHI-A443Y,None
NR8SU-YY2MV-HF18Y-P5MAA,None
0TE9I-E9IFH-KUWXD-HA0BP,None
C6L4O-WWGBK-HUWEP-HZZXX,None
TXLC9-8HZXD-CYOHP-9QYQE,None
WEXHK-PQQJ0-RKTKZ-05OOM,None
QWJEQ-8JSD2-CJ8QC-YUQQF,None
JKWVS-W9MRD-ZSBPW-HFSWZ,None
LSZ1T-ZXLBR-KZKYV-GJ4PI,None
HWLF6-FA5XW-LWUMK-KAEIY,None
MJKTH-06RFO-IU0IU-CBJUP,None
FJBC4-TSLL8-Z5AF3-ZDYSV,None
H8MM7-NI7DA-PL1EM-3HVB1,None
8JFD8-EU2MO-FCZAF-E25SK,None
NFPGA-X9ACA-TBVQR-DITOO,None
KUVAA-PWWK9-FMQAU-WY4PA,None
SOSHV-HQLXJ-VMD3Q-8V0OH,None
UMFAR-PV2SK-GMDQO-Y69CS,None
QZGGY-B403D-TRJFM-60HHN,None
NM3UJ-F8FEE-55YVI-XVWUY,None
DJ1UR-MNQQG-PVQXQ-EJZMR,None
RSEIC-ZGCAR-SCURO-AKKG3,None
OLC2W-IIDW0-6AC6F-5QWZD,None
DFBBJ-0BR5Y-D7DTQ-XWRLH,None
KQBGY-S1J42-1N9NQ-B47BN,None
CPVKM-RKIOE-JMSRW-LFN5F,None
NN9JZ-7D7NC-TSTNU-5EFSD,None
UMTCK-C5PRR-TDRSY-YSSLX,None
YWV9J-GMGVW-6WRBJ-BE6XP,None
3ODB0-08SY8-3TJUJ-WLKN4,None
UW4DK-ILFTP-LSFTJ-GOV22,None
X5FDB-1MB4G-QWELX-ICGGX,None
KJLPK-HCRMV-ZCZ9R-RTNTF,None
KCTAH-PAHI7-MUNLL-FTW0N,None
T34XY-R8ZWR-2IA3Y-FB5JV,None
VVXUY-UGKE2-2WMV0-HTWBD,None
BALNC-XOTNF-JM7WH-CPPFO,None
EUXXB-ZCQBD-ZUTP3-MDEP2,None
ZUBHJ-OOMBW-NB7YR-5CVWO,None
S67ZE-1XQYN-DMHMT-DKRIZ,None
6RDNL-DGBQH-X4ZPU-UNKXS,None
E40A5-QFL9L-9W9Y2-0WQW8,None
1CRKS-VM9ES-BKH2C-SKOUG,None
UZKQE-ZYWCS-00NZE-BLZRI,None
ZSC0Y-NSPQN-8CARR-R50P3,None
HU4YC-9VRDC-F6SZ5-CTXTA,None
POHRV-CRXY1-B9ECM-HWSVT,None
ZG1IU-6JPFJ-M0S33-70SO4,None
J44PT-JAKGK-QJXXE-MQFVS,None
VGNH5-E9VK2-CEY1A-LT1KU,None
L3SDB-86HDL-HZOI5-IAGFW,None
7PASZ-CIIFX-WN2WR-G6VRJ,None
PX9BV-6ZWEJ-AUNFH-XKEHQ,None
WIFOA-ZXVGK-WABE8-PMRYA,None
WVSKL-BA8PL-LYJCL-YZZO2,None
ANSWB-LXCBT-YWPMS-LD4FY,None
2UXNX-IVQ6L-LGST0-Z4D8I,None
VVFHG-HLZAB-61RKS-V4OAE,None
Q7XN3-YIHUD-BFRZA-76484,None
LSBES-7ZRYW-AFGRK-OGG8G,None
UD2IL-WJB85-M57ZV-VW85L,None
XTQRV-JABKT-CB9MA-DKWLM,None
KYGKC-IY0AZ-H0WOW-1DRNT,None
2CLDL-SK1T7-FHIBX-CACEY,None
RUJ18-3FVYD-K42W2-EXWIZ,None
R9GOZ-PU7AH-EJRG2-1HAWF,None
VIXSP-GUZUI-OYBDR-7BDYO,None
KHJG6-UWHFZ-ALKYK-OBYWZ,None
RPOPH-6EJTM-ZTCX4-NEVOV,None
HWFRJ-6BKOP-XZBDP-BQMRV,None
FIIR3-VKC1H-3ZBA1-RBE4R,None
REGEE-4YTEK-LEDWD-OXVRI,None
ZU6JV-BP3HG-GO0SS-1YRYD,None
AVKBN-O9JPV-DLX27-7LH70,None
FFXZD-IYT2B-ECFEZ-WPYFT,None
A8QA4-6NE20-HKJGR-FJZ46,None
XMEST-PIHQF-ZGXWB-H5RWX,None
ORVA1-3HM0I-IS8GO-VA0LI,None
NOPSW-JQX7P-618K6-RQNCV,None
Y9YWW-J7H7X-8SQ5M-O2U4Q,None
JCXCW-9KHVM-CA23B-YWAVO,None
4TBRA-ABODK-Y0TFF-NWRIO,None
UX0WG-VDI1D-GI3WG-QLAV3,None
DXWHX-ZGPGX-TK1HF-N9OVC,None
WTAG1-ZJ4TD-FSZC5-OQDT5,None
OQJEQ-EYOLW-MSTXM-JRFOP,None
LOYEL-8TC5D-W8FDI-XPJNT,None
SLRA7-FUW6Z-6COAD-OCZJU,None
ZUDPA-C74EM-VCTWC-UJE34,None
H2ZH3-YQISC-IMZJ4-IFIGB,None
EBGOH-GXB8I-3RFSA-YJ1QZ,None
4L5NV-XHY9D-MG29T-T99AY,None
CTHXC-GCVUX-FRFGG-N7ZXJ,None
TWQ7J-EDIQ8-YEOIC-GBCG6,None
LFX2N-MRTVG-BRFCX-KUM2B,None
RYZLV-EGBU0-GU3PI-2L7ZO,None
UKSIM-F3NOA-KHBEB-NJ8B7,None
H2XFZ-TK6A7-SQB9R-IXXPX,None
V9KJQ-CBHU9-OZBJV-Q0WUK,None
HYCHC-KZV9G-ELN5C-41NJO,None
QXICB-FAGTD-F9LCJ-TGMRD,None
JADLU-XSBTM-EZTQX-CONKS,None
BNX9R-IHFDE-IRCAS-MQYM8,None
ZZHBK-6VYXS-EZOPR-XKCYF,None
SJAPQ-BR60P-UMBQM-GYYLX,None
F2AWR-6PN0D-6UFZA-HCOZ8,None
QQYTL-7Z8T9-ODUK0-1GUSY,None
CSNDQ-DNKGT-NLUMW-7FOVA,None
ZYOSK-NXRTK-THXUG-USC1Q,None
QECH5-CUCR2-TUWL5-PY1BM,None
0JJ8C-FRZFC-EUVGJ-FIIAC,None
JWCXE-PABSE-HW0KR-PQKWE,None
2GZRB-NFKZX-ARWYH-BVGGR,None
4LYJH-WCIES-AXGDW-RBUL5,None
YRWRZ-RI7UK-SP7FD-RSKY3,None
7HYR1-F78KH-MF2ZY-TZJHL,None
TGPPB-HYFIR-N3TMT-WKVPC,None
FI0UT-PCLNS-WNJZU-VAVBB,None
KJBKW-8S5BJ-RYN4V-F7FG3,None
VDZMQ-KXP6O-Z81AJ-3JICH,None
I6M6M-DLKCU-OL860-TN3LE,None
QRKRY-8UNUV-1WHTP-7N09J,None
1F9BJ-RZ92Z-SF5XH-M6QSR,None
JDSCZ-RBJSN-GVTJ8-YJMA6,None
JVDOO-JWFQR-0JMMU-MS1XH,None
RANXG-MLWAQ-CANZU-6TPOI,None
UDTZ6-DV72E-0LIEN-R46D4,None
0NWCH-YBS3F-MFLCX-TEQTZ,None
9UW6X-MRZIM-QMWJO-2WFQH,None
A5TAI-BSAA0-CPQIF-0HZ43,None
7YHHQ-CWQCK-UYNXX-VSTVP,None
AWMWH-PBNHI-FWLZX-QS7ZX,None
BL3BC-LOALU-RQKSO-PHZA2,None
MZ757-F6EVD-QULZT-QYTIM,None
AJ381-TTQ8B-BAUVO-5DH2V,None
FMPKJ-BHWUW-OM7UA-TRHA1,None
BFLC0-IOG3N-PRP5X-SDE2J,None
HD0PT-XT9JB-LBMDQ-97LDH,None
FFBYX-BWXZZ-KWYCD-CYROX,None
7XHBJ-1SFND-DL5FJ-3ILNS,None
UDFYE-YSFHA-7AHXE-Z1CYN,None
6THI0-XFG6K-Q3S9O-IX9DS,None
7OAUF-4S9WN-TNESY-51TN6,None
MVXLX-KJP8K-34EMQ-NMZUY,None
KEKVZ-JTXDE-QZITI-CQTCG,None
YOMW9-LWVN6-9ZCXW-56LHO,None
TLK0M-ZQ0CG-MEAVN-XBELN,None
J3P3D-0TIZT-JUOOU-FIRJI,None
E0O8J-V7DLC-UL6LD-Z4VHT,None
PCCDU-CNQRY-ZC9WA-VWXKZ,None
QEUJM-YBCOI-PNIPD-06WE4,None
PO4FO-RHQUK-UZTTU-IJTIZ,None
G4QP3-AXIMN-ALLJL-BYP92,None
FG14F-HQ8ZC-KDTBG-O0QSC,None
4ZK5B-TSKRV-QE1WG-TJCGW,None
K253K-MXSF7-ZKBOJ-68ZRY,None
HMSZP-WEXYC-JZTD3-2ZNCQ,None
PYUAR-XJOCZ-TKWIA-22ZYU,None
NRVNI-UDR3J-FMLOU-2CLX6,None
JHGSW-RXLCI-N7X6K-TL2IC,None
NTTY5-PGXKC-ZUMNM-ARJAT,None
XXU1E-J0LTI-CZ5OK-QJL2P,None
Z66XS-ZPDXY-DXGPB-ZUBJI,None
Y2GNM-FPHV7-ZQYPM-MYGUG,None
I2WNM-W4HBD-TA1YN-V6SFE,None
ESF7X-Y1PMF-SRQAV-CQI8C,None
XUA3M-ULROK-HKU6O-TDEFM,None
QFPBB-QGSWH-NSZKA-K7KL1,None
C9DH4-CKMYX-FARQH-O6G88,None
QDW6A-XRRW1-Y3VGV-OXPCK,None
YG8NK-NSWTE-JOVZH-ZM5YR,None
4OD5Z-3RU8E-XYNS2-ZNWXK,None
KZR6P-A5HHG-PQ7RQ-KTDIP,None
IOKI2-DIGO0-UHWIO-3BYTA,None
AXHS0-2FY7D-YLFFN-NJOUN,None
QPHS3-6RIQJ-PRF6Y-9DG7P,None
ZSJ6M-RJSYG-8RNBB-YGQMQ,None
D8LQA-WOW7O-G4WRO-4XDX4,None
CKJLL-HKYPW-RTBX1-FAUC5,None
4JKHV-AMP5I-IKAZ4-FFK6Y,None
QNO0B-863Z6-PFAZI-VNJEX,None
DJBB4-58FI0-IEBM0-V5MKH,None
2PMGY-60LEX-QYDFK-HREG2,None
TLXQE-2GVJF-S4J4K-EKQW5,None
YFEV8-BOQON-DLWMY-OCRQB,None
YDM2S-AESGW-Y51IU-EHGJA,None
XUADD-SUBOC-EKWX0-JZVBH,None
EGQWQ-XHRYS-HVPOF-MV3CY,None
W18C1-KQ5KU-YJQRO-0OJGG,None
YB1U6-VAKXZ-JSBIA-19UOP,None
F7CLH-P6CRZ-FUF0X-ODAI4,None
A5ARL-VNF98-KZIGF-YYBZS,None
0IEXW-BBG2C-HWT97-SCNFU,None
MMML2-IBRJJ-8C2SM-UF421,None
FZHG5-ATM0L-JTDZS-IKJNL,None
YMJNN-J7USF-ASH6U-WIYKS,None
MDYJT-PIABZ-6PQX3-ZTUZ6,None
TQIJB-LV69I-IT95J-KUWKF,None
ZLWI4-SSO7S-VIX0Q-37THH,None
QIURT-UANTA-GSUWY-2YHVQ,None
M2EIE-EIWLZ-CYIJJ-YG1U8,None
R6MPV-ODPYT-T0R3S-45PJO,None
5OSIP-COBFZ-VKY1X-7FSSQ,None
X4IWF-VV3L6-KXNGC-CLYQB,None
WNS0S-7NBBN-LO9QI-GWK2O,None
YTZUV-DSNO5-CSNXU-RDXN9,None
HO2JC-IE9EI-NO6FT-AICPY,None
WVZME-PZ7J7-JYGF1-RU0TS,None
5AKDW-M5FQ8-ZK0KF-ZYKTO,None
VVUZY-PZ9J4-JURM3-5C5RJ,None
24RBY-I1CAX-WEL7F-T5SG3,None
DVCUW-CEO70-OIV4I-UKHTB,None
S2SGH-5VWZH-FB7LL-H9ZSC,None
WKCOA-PUKLH-NECFL-WFI89,None
Z9S5F-FDT6J-US1R7-THOOW,None
HFFDF-THCWV-K7AU6-EKDZM,None
TP0XA-2JOZN-SESVM-O35AQ,None
WGOXE-L4YZC-6L0CD-BZIK8,None
NHCXI-UKHB1-ZIRZL-WZF1S,None
O2MWO-JHIMR-TX8YD-IFQLI,None
QPDQQ-IMWDW-7QC1V-V0UW7,None
PMSSN-OBHBO-LNTIO-HT2Q9,None
Q4CWF-5WFST-BISJ9-QWBKG,None
QITSI-O9DKF-XKRMJ-1RM5J,None
9FNLX-8N14V-RMA2F-JWBNJ,None
L2SZZ-G75U7-E8QOG-BYSOM,None
D6PRZ-SIICD-VWNBH-80OVV,None
VQ4IN-SD8FZ-ZQZA0-3DBVD,None
8UVC6-WHJCA-5EQBU-8XUY5,None
X2UUE-NJQ76-689YF-CIURQ,None
QEW0M-OCHKU-BLQJA-QVXXR,None
FBBI1-7O3V3-9PRWC-SU5H3,None
JJF8N-6NSL2-J22RK-MVGQF,None
YWX94-THYL2-AFTW5-XDQVQ,None
23TBD-CB7JE-SRYGW-QNBVS,None
2ZUF2-FSB00-ECGHH-MVLFG,None
GN4JS-MSPSD-JPERH-THLTX,None
5WPU2-2VRJN-PMPEY-D4LMM,None
UXA4F-RDAKZ-XTEGP-9TQTT,None
BTQ5Z-ODSCH-FHDGD-PKXB7,None
FC2TQ-1VWDU-VUOPZ-P1FDA,None
KNCV7-XFLTF-FG8ZC-W1ABK,None
AYWCW-3RPC0-FBOEW-BVC2D,None
KHEMK-USVLN-TCSIZ-SCTDB,None
4HHPB-UCI0S-FJIER-KWH40,None
MGHUF-3FV8L-OB25R-5MJKE,None
E324C-X1UXY-ARN4O-0MCYC,None
YBRJ9-D4NGK-C7EPB-9PSOT,None
HHD6M-TZ0HS-GGEHE-Y33CO,None
JAO0R-CBDBC-D0T6C-SPSSR,None
ZPA3D-8QMXH-B2D5V-IOPJC,None
SVKM0-NWP2X-CI6PA-JTZWB,None
T6QYU-V0ISS-9ZUQX-HHQVK,None
VZIDW-AN3AK-2BMNL-86IQ6,None
PGFT0-HXAOB-DCY9U-Y1R0T,None
J7GHW-CVBFQ-CRXQF-WUCTW,None
VLQIG-EB64Y-Y8BNK-7A7GF,None
ULK3D-XZGZ1-2PIRD-WNNV2,None
3146A-P2YBS-F79T6-TFEH4,None
WHPFI-DIUBO-L2LFD-NJAUI,None
B87CD-1NZS3-JJ3DK-RX9W4,None
AQBLC-D9EDG-FJSWT-2JNUB,None
91ZYN-LOQSJ-PCFIN-L7WEL,None
GZRUV-OUO0G-ZP4BQ-K1Q6V,None
BEL4T-ZJEEH-MSCPJ-HPLB3,None
JY0RB-ETBA9-LOFLA-OT5WP,None
MQMDB-NFMTO-WPOWQ-OFJXS,None
54GNH-WF2YI-BIVW8-9QIH5,None
IGW4H-K5KVM-4S0MT-XNE9U,None
NTH09-LXGNC-S85WX-2YGEC,None
5PBDU-X4K1G-YWXQU-OFYEL,None
AA27N-9WHQP-FITF2-80BAT,None
FL2FM-YMFLV-WPEIT-W9EOB,None
YUK96-TSHYH-PXCAM-FSRNF,None
FZVQW-0YCXS-DDUZO-KTLMK,None
OYEJQ-SYHRN-QBODD-VSXLI,None
BKGWW-IQHVJ-5CNV4-YKGYU,None
K6ZPE-FJ0GD-QL5XG-NIJBX,None
QTSFG-LQEJF-ODZZL-IZGZH,None
JYVLW-AGEP4-XFTKF-OOHIL,None
AR3FW-PPHUZ-Y2PQE-5IYOS,None
AQVXE-KZSMZ-ZK0RD-XZBFD,None
0IEOQ-VNEVD-9GODI-2WVHD,None
LEKDC-ZDM0Z-KJ2ND-FKGNS,None
ST5ZI-DYBYS-Q30OM-M85Z8,None
MYRKG-FL1VZ-MLH6Q-2BNQX,None
ZRHVX-EUTNV-DREYX-TBN8J,None
HLCTR-XKDGF-T9DFL-EXSNA,None
4F4GY-CZF1D-ICGWE-3PMI0,None
I5UVB-PWTTV-C6LEF-GADUM,None
XXF1Q-MCRYU-GRPRQ-56YM9,None
JUTKJ-MNKFA-F6VWG-3HDIA,None
UCOGP-RI9J1-LXG53-Q6PQL,None
DJAUK-RSVRE-QXK5E-XCKHD,None
9U3BC-X7L0W-YRBXH-XLZFR,None
XOOFJ-QBGL3-VEZI6-QQ1ML,None
L4IZ2-P5ABN-8BWQX-HJKX5,None
FE6CH-GMXTU-QSHXZ-OE7PI,None
ZMABN-UVX8D-VFWSD-IYJJJ,None
HEW3C-NUEUR-R0JFP-FXMAV,None
WQANF-1MOGN-3GNPS-ETYY7,None
3BBEU-ZZVDA-SYIVK-O2CEX,None
2MYQP-FCW4P-IXGCS-XMDII,None
7OCUI-LNYZ4-2AINI-LNDCW,None
05L9Y-A7DPR-6GMUM-TGBXC,None
L1ENL-CLMN0-HC4IV-O9TRV,None
1DGJP-OW5IW-BRS9B-BSK0S,None
UHIEO-W3HUI-GIVOZ-FVU2O,None
2DOQV-L7TTZ-NA74Q-JJAHD,None
SAMM1-DB0Q0-VARX7-JO55T,None
6C5CC-BVXIK-5IUM3-CBQ7I,None
PV9PU-EQTFK-CIHXK-PLEVM,None
QVM2D-S7AI6-QO16B-TC0FC,None
F5NUV-8YZBZ-U5UNE-H7ERS,None
EAPQQ-RBHZZ-E0FKJ-R8ICR,None
QKSMR-Q6U37-1X3XY-GGRMB,None
QXZLR-SJIK8-JL3ID-O9S1Y,None
CU5NL-XVNXT-ARHOB-QRS7T,None
FWENJ-2JXVF-C2UYV-OYYCI,None
1ZAW2-GJGIQ-UUTGZ-HPZ3W,None
KJZ8K-TEDXL-ZOEOJ-5IOBI,None
FMJVJ-61JTK-ENXKL-NFTON,None
FPZWO-WPCIC-8MVMZ-XAOBT,None
RLEEE-VIYQC-BJRZU-VZJX0,None
LDKPV-7HRMN-DX8BV-JIWKX,None
TKIJ2-KBOTC-CO8K8-VDSKX,None
USQ0G-P512Y-VAMWE-VGDOZ,None
VZ5ZA-PZDXA-P3EZN-UC77E,None
7A8DT-FRE2C-JWPUV-ATNFY,None
BWNJF-GY3IR-SY38N-1EYTQ,None
FGEUW-9XJUQ-QKRHD-2B6E1,None
8ZKAN-M4LNT-TIDNY-WGOJH,None
FBW49-MI4J6-NAGOY-C1CEB,None
KORBD-9F0OJ-STC38-CC25L,None
UG6OF-SIB72-O3YK4-Z86VE,None
HVLA3-K4LXT-EPFK8-DIVD0,None
6HEKV-6KIYC-ZWRIT-MACFZ,None
2HGUM-UYAGT-PHCOU-82VWU,None
S9XLG-Z42UC-ALG1Z-RAZYS,None
N6HD3-ZPP9R-P4PID-ENO8W,None
RZWAS-XOBXK-QGPM9-BGA1M,None
W8LS6-SHKHY-YIXTM-D0BSG,None
E69W5-2FW9I-JAL71-K0KYR,None
HAEWE-BUNLZ-AK5IY-K6LLC,None
BDJJQ-FJPHV-HB3AY-LRESW,None
EWUND-K1WOV-8LNEJ-PWYHI,None
6MKJC-B1OW1-VYLMA-DDBTS,None
CYDUP-PVZ1L-WAE4E-RSG4M,None
KRDQW-Q3DRN-LNO7A-OMKRB,None
BFZDF-YM8BQ-IQK0S-WKCZW,None
PNZRU-KSBGA-3OE6O-SMVMZ,None
JELPE-W34RZ-13O8Y-1ALNJ,None
ILEXM-KQ2T2-MZARQ-1WBBT,None
NKKHP-Z9M2V-TNDA2-5LUTY,None
8IOBX-3XZW9-QNDUD-I2DBB,None
OBIRH-MTX81-KQGOK-MOM1X,None
A3MA5-LIRHD-WPB0I-XI6TT,None
ILHPW-YZVYE-U2XEH-XVQ4I,None
V07KG-UQ1MY-BUMWW-UFYJZ,None
MNP0Y-VFO7Y-9OGSB-NW3B3,None
JEVCE-BGJEU-FGEA9-O9KKE,None
3214Z-LQBBV-D64S5-YA2KL,None
L8OHZ-OLDRM-TM8VY-KHPSA,None
ZMPOA-3JIFC-7UO2V-WPKGW,None
CDPCJ-RLTQG-EB7TU-NGH1E,None
3YJP2-T9S9A-M06DC-YG0UZ,None
XQAHS-XSRQQ-PX4L5-K1ET9,None
VKRLI-136S5-6QQZD-223W3,None
7BNMF-ICCID-WKAA4-PXBYW,None
0HAPR-MNSYW-JVCHH-ZR5RV,None
WQDQR-7I1UJ-GPDLV-CR09W,None
TKFJI-D9HRN-OURBK-K8BPP,None
IKD3J-F8ZUC-ZX4P8-8FQSL,None
Z6FSL-KKA9U-AMDZK-FKNWC,None
QJ2A3-KJUZK-LMXV2-36VCZ,None
FTO0J-DPHGG-4DWPI-7GJGY,None
7Z4OJ-OE5RA-JAKSL-RSKSS,None
2O4F6-4NIUU-WRYIP-ZWOZM,None
YRLUY-OTWIP-BN5FR-YK1C5,None
AWIK6-NS0LA-OJIJY-DVAKJ,None
PKF5L-SPN4Q-D6VKI-VHIQW,None
U440G-0RFPZ-RTUL7-PNSFL,None
I9SLL-JE8AB-LYRXX-DWWHG,None
KAE2V-VYF2I-GLGUH-F1DNG,None
GQ6GB-VFK5O-I5YBB-WEJLF,None
M7GEC-05MGT-11WWV-HTAFP,None
S6YNF-GSYAT-MQJQO-HFYQG,None
4AKX2-OQFQM-FO6D3-DNCJ4,None
FZQNX-ZGOPC-VUNZN-UDFGL,None
OPENT-I3RII-TENDD-LH4HN,None
MXF14-3SO5O-HU0S7-ERCHG,None
QBA2N-GSHWP-9WFD6-QCN4D,None
1MLCC-QLBXF-ELACZ-SLCOU,None
PIJIW-F1H15-O0EIN-GIVR8,None
UG0LR-VLX9O-IZIEB-BTLHY,None
MA0VW-EHPED-TKFX9-CTZAT,None
MGNR2-OPF0W-BEOHT-WZHNP,None
ZXQGK-HQSS5-DIJW8-MDMC8,None
LMSHR-ANNXA-DYIBC-NCLPV,None
FFTPM-WD3KS-AYSEO-LGEWU,None
DSFEY-T3Q6U-ODP6M-H37VW,None
RRVZF-TI9ET-ZVNZB-ILD45,None
HMFQT-R5DLP-1BX99-4A4QU,None
KJAXR-7OOMW-OOEF9-VLG1S,None
LOUFE-L6RHM-XET48-QCAHB,None
E5I3E-NBBGN-GDD37-KIDBA,None
5O0RH-S1DJM-K0H95-32VUX,None
LB9MY-CLYA2-NOZYE-RL0ZM,None
RUQI0-KMQ0F-R55CJ-GDXQX,None
RVW40-EPQMA-KMRAR-FGM0Y,None
AATE5-LSYIT-XXWXK-EHEFV,None
NVF0Q-APPQ6-NOBZK-P38HS,None
TDAVR-FKQM8-GXSRC-CS15V,None
8IA3A-J1MHG-ASFYJ-ZCGPM,None
K0QOV-CIMBJ-IJFNZ-S9BFB,None
IB7ZI-VI5VD-0LJJV-MLKCI,None
QIO3E-JK4QP-ABYA5-DUYKA,None
J3JQB-L463P-0QR0U-SMGYE,None
TNPDL-5GZ7A-NCGDZ-6ZM6S,None
OHXVD-F6NSW-VIBA4-FVF1L,None
8OUEB-PC8KV-WAURC-NKYRU,None
IVGMA-CVK0D-0WNKJ-1VFL4,None
C2TNT-D8QHL-2ZWFH-LZ1YL,None
TUYZU-CVTKF-HLQ0O-7NONW,None
6TJL2-7H7Q7-QXRBX-ATDRR,None
VBNPL-IBSH7-8Q7IG-NPA9V,None
G05L6-OTL0E-SW2FH-YJHP0,None
8DTAG-RFXJG-QQUFK-WLZZL,None
KDISV-UHT7Q-PEPIC-VYPSV,None
GG7FT-ZQLMU-L9QSQ-RQ2AN,None
UJ0DI-J5E2A-3VK2F-HPQIM,None
LQXIE-ZLI4T-JE0V0-AWVC4,None
CQPHJ-OMOWD-2OCIT-LY883,None
UCGMZ-FWVXB-I2J3Y-SNHCA,None
L4WFZ-BCU4N-NICXU-BXMQ2,None
DN10G-7HOCI-AIPFJ-RVHSB,None
YUWVV-EYKHW-BYKKW-IA66S,None
SNTJH-6WO4C-G1ZEX-4SYWE,None
ZMAFA-OGKJF-2PNKQ-XMJZ6,None
WWXBZ-RWXHM-MLZIP-Q3HJ9,None
CIM1R-ETDEH-UGOWT-2YAOQ,None
A78E8-XY8YM-R4MU9-8PAVJ,None
WAVOL-QU8DI-5GYTH-OHZVW,None
VEWPM-8D7YH-Z3E0B-JRQWM,None
QN2TF-QZYIV-AUNKW-BNZX9,None
AAUMA-FXBV3-ZIUMJ-DZ4WL,None
B8CEX-GYHRN-70WN7-YYETC,None
FQD0B-PD8VS-H2WSD-PKZLW,None
D26JP-KOI7V-SIMQY-PZICZ,None
FDQGT-1039F-CZ4ES-Z5AN9,None
YHZCR-YQJMK-BASCM-MPDDI,None
MQ3OI-NEL34-W3MUH-IRQAS,None
MOVD2-LM2GE-NXHTJ-6IIKO,None
PNBXL-EJRKR-5NKKL-MUQ2Z,None
T4FVT-STFXT-J7UIK-7UCIU,None
NECLN-QLPTF-SSILM-0LDE6,None