serial_key,activation_key
J0ILT-NAMM7-NJWEE-GVGSG,None
VL0GV-LZTQ0-AMDH7-7HVYH,None
82ZFB-NTDHD-6LVWD-P6UZ1,None
ESIEC-HFMJR-BVDM5-IH53M,None
IA0P4-UGZWE-RTQ09-MFV18,None
REYLZ-ZU4RC-U8REK-OUM2C,None
4QTDK-PJRGK-K0UJW-HK4AY,None
8HPIT-NOPAL-PCHVI-YBLLT,None
YSBGS-ZZY5H-21REV-1NCG7,None
JRJLU-EFSBH-ZTLV0-YE2GU,None
APWCB-FXINE-2B8OQ-QO7SR,None
MSUBT-FQMUH-3MEHF-VNFLM,None
AWKT6-JE3BV-QJAPF-RMAAU,None
BGCWD-FL3MZ-HBLKP-XNGAC,None
ZQ8UJ-AUW4I-OFMZM-KZ90U,None
WJCTK-Z4GNO-Z77SL-DLDGB,None
QZUZR-TIIOX-JDAFY-XXOIO,None
KVCYP-ZCCZH-7GQKU-7PEFQ,None
QBYYO-MPGJM-HCROI-GQHMY,None
WASZU-FZF0U-QLYSX-1QAWD,None
SSUYL-VCS87-CABNR-R6O00,None
MKMYW-USKA4-ALXBR-KCOMP,None
U4CRQ-XBFCP-MIKOT-YZZIC,None
IC3R3-RMD8L-C1DZM-I9LW7,None
TSLY0-P2PCY-M1GXQ-XJHAQ,None
CJZZ1-X5JMB-FHJSX-9HWD3,None
G11TG-IJE8X-1E5OB-NA15Y,None
JIC3C-EVDGX-FYO71-BYRMJ,None
IQOZ5-KCNE4-8NREB-SG8HJ,None
UFPQR-WBODG-VHTLF-D1POA,None
FOPVA-BQZZR-VIFQX-F7WEB,None
QP0AS-TMUG9-LUEUR-SHEMY,None
QRK6L-XG1KF-89IXV-TW95O,None
FQE1N-AF24C-BMHY5-2BWRQ,None
LTUWV-79ZSC-HZYA1-OQ582,None
D9B1K-AFDJU-HCGBJ-RDLPB,None
S84YI-NIEAR-T04RO-JLGVH,None
SGGGA-BYKT4-PEVCV-1TKXI,None
M4OYT-8LOKW-4FG6T-2UCYB,None
WBW8B-RCLTT-HI6PF-O6CUS,None
CQGNZ-DB0FG-SPAXT-LKQYF,None
JTWQ8-C85KM-RBX3A-COPYZ,None
ZRBLY-GT9TB-T0M39-AFQLF,None
CGBQV-I9B5H-I84RJ-ZCJ5K,None
YGLRP-LNJWJ-CQV74-JVAOF,None
3J0UE-ZQURD-7LFNE-CATKH,None
PJKXL-PBNGR-SZKRP-1YNHV,None
RBFD7-TWZW4-FVGEZ-D2JER,None
IQPVX-FL4IE-SPTYD-ZXH2C,None
SNGLP-HECNE-0GLYQ-ZYAE3,None
HVEQC-N2CMA-SRYLZ-BQOCZ,None
NHXVF-4H9IU-DAVH0-LFXCS,None
WQDFY-W67T6-GM6O1-AUPRV,None
UKFRR-OHPMQ-9TXUL-R8K6A,None
QQQSA-MAPPI-1CUFN-NPJSX,None
AVJHR-BPDSD-SGL0D-L51BJ,None
CFT6R-S2TCI-W9MCR-EUKHK,None
VAFWL-MQGM3-OE6NI-NIXQK,None
7HS0D-YUGWC-HFAWS-ENV5E,None
1M5KP-BJRQ0-E9HFL-N386U,None
BHCXA-X0XLG-I15HS-FPOHA,None
NLSXW-ZT7KF-ZGNBB-K3UFB,None
L1HMN-UXUJQ-AJGEU-YGCEC,None
BA19K-GTDKC-ZKFL3-MQPBS,None
FJXC3-MV6WS-C1OVK-OY3XW,None
M5M5E-A7THU-O95QE-CQCOM,None
5EPF4-EBKYW-MEAQY-F8FF9,None
RZKPY-C8JPV-GZQO4-GNRD1,None
DOQ8E-BF5H2-RK8LO-JXGSR,None
LQSVU-VW377-UUKKG-PJBIJ,None
KFXMB-GWBN0-WT7TA-NOJV8,None
RM3I4-P2R1H-IPDL6-FWYFM,None
L91UE-N13NZ-YV7MT-POPWP,None
4OEYP-CFPSX-N0YXN-KJ1M2,None
OX4AQ-JNIJP-EPI6Q-44KYA,None
MZA86-R5O57-L1JLD-2QZIZ,None
DXPUJ-4HTOS-FXRIY-GN5NH,None
EMNMW-USBN2-BBQWA-AAZFT,None
TSSM2-IO8ML-NXRBQ-NBKER,None
82BL3-KPZM0-7SLPG-HD1A1,None
GUZGD-NI3KK-MI9S8-FWLBP,None
JJIOX-WAS93-AIZ0W-FB4TP,None
QLRL4-FV4V4-H2JI2-AJNQP,None
YLFQS-D9GMU-S1I5A-FK5IX,None
JQVYJ-9NZFS-KUXZ9-RIPYR,None
S9Q41-QLG6E-DMRTR-F0AAA,None
JV5ZR-7FLRB-AKMLR-E9GA2,None
PUJ7O-6VK9T-NKI2L-ZXGI5,None
FFBTU-LP7Z0-ATNFE-Q8PRY,None
FH0O3-EHVNP-7DRQW-IHQUD,None
JZJFW-TJA4C-7S86D-HDUZB,None
YOTWZ-BIUSL-OCNNW-HXANK,None
TKBGD-C3NQU-EDO6V-AFESW,None
FFWFC-UEZSG-YG56I-XYLPB,None
44BFI-TD2DO-UQTDS-ZGEWB,None
3CC7G-CWOPT-QGICV-A0SL3,None
PMH9U-UABAA-MR2NJ-RHOAY,None
AVQOW-ZDUUS-H0E2V-RRR0Q,None
0FZBC-XTPXB-XGNR0-OFTTC,None
FVYCB-LQT82-MLZDM-SJHQX,None
OXJY4-PBRI1-KAMWN-AWLJ9,None
M7DDK-8ULRK-PSTUF-SZ5R9,None
EYNOC-QWOID-Y64CL-GNVB1,None
7C6EQ-9DQDY-WGYVV-U8P3N,None
LQ3P9-2H06A-9V0EN-LPLBX,None
NB42A-UOD2R-BK6LB-R8XUU,None
8LRVC-ZX2KZ-YYP4R-UTIBM,None
3PNHQ-AP0UY-TY6FF-U9XQ1,None
PBBIW-NIBRO-IFIF5-RBQGB,None
MGL5R-MBLCX-LTMS2-HYYGH,None
VXKKX-PH4BL-L7WSL-D2AZD,None
01FNC-0ENY9-7SNEE-CKOUT,None
1ZYMU-GIFP9-7HK4F-OIGMH,None
LFU0G-9ZWNE-AUNGF-3HPS7,None
WAYLZ-FCH3N-5FWX4-BI0QN,None
8T1MJ-NSK98-YBASD-3HEQ5,None
DRWKH-GKL5P-R3EGY-YHKIO,None
IPPIG-YW4IK-D4LAE-UIJQA,None
TW5AH-BF9AX-PF7LZ-UAVNY,None
E7J6T-BV8VR-LF2AG-OQXEQ,None
YGXRZ-BNP1V-9IWYO-LM4YG,None
Q4ZWW-AZJYH-YPJCR-1XPZJ,None
JMM8V-AFQSU-KZAAU-JMX6E,None
LH4MC-JDBRY-OIWGW-PX2K0,None
D6SZ0-IXIAV-OC0QR-T8QRV,None
KH0KS-4RN6G-5IBDS-OKKM6,None
HBOKI-UYBGX-KH2QS-R7EYX,None
ANJHM-N8SF1-E7EQ8-QBTU2,None
OWSJ9-OBHQQ-QFUWN-GGTEC,None
K2FRJ-THIQY-PQO6C-FVF2X,None
6K8XO-XVJNZ-HELUR-P7ZNJ,None
ZBMRV-OPZIN-ATW97-WXRJK,None
DRZMB-Y5LHK-DPHKE-UBD59,None
DGYKE-QELSI-ABBZY-V4UAV,None
0CEPZ-MLXYQ-C5YZM-FZ2LD,None
YUG6K-YM5BZ-GDHWS-QHMDA,None
5PNNN-NXI1F-PVHVD-YUKQH,None
173KL-CUBEN-TW3AD-KF3UC,None
OG5JM-T8PBO-NDCJF-OGRGK,None
B5U6Y-74XIX-2D8QO-EH91J,None
8Q5AH-UIJGP-3ZUK8-S79RB,None
4RYDK-2EYTQ-OJBSK-MSMHL,None
V78SG-UFLAM-QJUSI-4FSZT,None
UNFJZ-AAVBU-5MI6H-E8UX3,None
PTYBS-6RR1A-AS2QK-9TCRY,None
VVQHW-6Q5JK-3JFCI-XQQIS,None
NYSZR-ZDNSD-NUF1Z-ZSKOY,None
TSS5H-GELL1-MSM3Y-IGM9N,None
JBE59-5S8XG-AUVE7-YHTSG,None
VJJT4-HNWAT-FVUSY-GOJV0,None
I941L-3BGYU-NV7JR-U6PMW,None
WZTFM-L9OWG-PNI9M-YSR8M,None
2KPUW-XQIW2-SVXRS-WUPTL,None
NHC6R-KUQTD-W7TU7-IUHFJ,None
PK9AG-F09MS-GJ4CB-CWTKK,None
ZMXJ1-HJLKZ-EBKAT-UN1MN,None
JD1J4-BGQD8-RUEYN-QFUOK,None
ILQY1-OBVIV-0FAUE-F8NME,None
PE1Y6-CHZGK-Q6WMU-KTB2Z,None
AEOQP-ZBNLB-QZ4LM-DLXJ5,None
ORLO9-GKSGM-XYWEA-B2MIU,None
LEBIP-JLDM3-BFZA3-7WBRS,None
GCSJZ-PFAAV-YUM2S-GPLLE,None
Y7VXO-CQGWF-56OGQ-P8HCN,None
RLBSC-UEW0W-STCFP-NZG3U,None
VTZYP-63DWR-TAAYV-UNZIC,None
MKNKQ-5HW5U-ARD7T-SQBEV,None
NH9PH-R4DQS-WHPLY-K60RO,None
22K3Z-K7L3X-EVDYP-UCLC8,None
ICH6X-JPJB2-D9HFI-MEMDP,None
WILLN-1DHDP-RRYKD-AJJ8P,None
LGEF0-U2JDY-IUYLF-M3ENB,None
E4DKF-O1YS4-VNZIR-UADKB,None
ZWNZB-YKBFD-D4CKY-GRTHY,None
HGBNZ-0WASS-PW63Q-0FYEA,None
EJ2AB-FKUPJ-G3UTE-BP9Y9,None
IBNJS-NEHNK-D3ZIB-TAP5T,None
W0W7B-OWUMM-DDLHF-WWAXF,None
ZURTI-HDLPP-0HJKY-C8NRQ,None
TI026-RR5NV-F9WW2-POLY4,None
MTZUT-NRV2X-MJNAK-OIFHC,None
7CSRM-KZ0VQ-VFO2G-HW1XH,None
I8KSE-FPPKJ-Q56M1-LLMIY,None
CGGVT-KXRKV-1IE5Z-UGHSV,None
1MZQH-KKDRF-6THZN-M6ZZ6,None
A4CK3-NQRYA-XQ85U-U6UCQ,None
EDXLH-QXWWD-36D4W-IZBXX,None
4YM0F-Y2QM4-CLIGM-WFRLZ,None
CLLR6-YQ2TQ-TBQ5X-QOOSY,None
66PKW-KSZXB-R7HMP-PJMHB,None
H3JAW-08ESD-XWBUA-IK05Y,None
B8IUO-NPPSJ-KZU4D-FHDJI,None
06LTF-TE09J-H4EET-YTVVJ,None
M78RC-53LXV-EYUME-QBVYB,None
EKI3O-GBJXY-4FVRJ-RMYNY,None
A5MRV-IZ6Q3-6LQXC-97PES,None
R067Z-PSJ66-QANGQ-WE2DC,None
AQVER-WHLP3-LISWM-MQ9PD,None
U4LBK-5UXRT-EFQOS-XGIOX,None
BDDVY-EVPUV-BNN1S-L4MLQ,None
IVO8R-URJQ4-GQYNL-QM45A,None
GBJFN-6XTAS-4WKI7-Q37DS,None
RGBOI-ZMRIR-LJDVE-KUWYG,None
63HY8-JQC5N-LXQYM-0HWJT,None
MJ2WM-O8URT-KOMOT-UPLRQ,None
CHD5B-PBSZO-YZY18-QZUWZ,None
ROBD5-HPE3I-BYKPD-3VVQQ,None
OR7YT-9OZTO-8MBOE-NTAKZ,None
ZCW4V-JKFMW-BLCAM-HIRIK,None
CQZZD-M639E-86P70-GFECX,None
NFGZV-JSB5F-FN9EO-GCSGH,None
LCAC6-KL4W9-RSHEP-GBOKT,None
XCENT-JRLPK-1BNLP-EZ6ZR,None
ETIFP-KVH7T-W9KZT-XAQ6L,None
HRQLL-H8VMW-CCM8M-KRKNI,None
FNTLC-TDLWP-ZIWCQ-59UUB,None
4H8CZ-WWQCZ-2PENE-Q2G3C,None
503ZE-6HTON-EKQUT-ISI75,None
B9MXX-G5CRS-ONQAQ-OWTSC,None
LW06J-QCHT6-S3NTB-QLEN0,None
219DT-BAYKK-BFLAD-O42T4,None
55BPP-2VN7O-Z0PFT-AI54M,None
QLPCA-14F5Q-TEUR6-YZPVG,None
ZU4ZA-O6R1Z-J5IIY-F90M9,None
MTY8Q-HW4ET-XQMKS-EQNHY,None
9LTD5-EERXH-EH0KL-YANKP,None
RPVTW-SJHP3-3ME0M-XALEY,None
BDW3S-4VL7Y-09HIK-GATT4,None
ET7UY-P7RYF-MNVKU-EBSCO,None
TVDQN-H79XG-GKL7N-NYFHZ,None
ITQX4-W7FV8-EUIL3-EDTS8,None
BXGNK-OIDFR-CUB4D-FKGLV,None
SMBEF-2S7OW-WRFVL-5CIAJ,None
6HO33-TZLLS-PAVBG-VS7ZR,None
4ILTI-DMSZU-A6GF5-FEHZ9,None
MFC6V-0LSYJ-FB06E-VCIIV,None
JTKAL-ND0WZ-BXZIN-APMKM,None
RK5LA-GOYHC-D5WSP-KWOHN,None
83CTL-QSTHJ-W1JSR-SRDA4,None
BPZO0-R3BEA-XBPEA-KOMCR,None
GBEQG-HUTO7-2ZI63-8NV9H,None
Z74KM-USVC3-62XOR-GRYLK,None
X0XC4-YVPO3-HPQUX-9YQGG,None
PSHNX-XAVTF-KATDI-QPLA3,None
ZKB0Z-VQVJJ-PMBRO-LXALH,None
UCNL3-LN3NO-PCVRG-9G7MS,None
FA8KG-FIDUD-K8MKX-G2V4S,None
4DGHK-YOA7Z-GJVGD-LQRVW,None
YOBU3-YSMU6-S0JLQ-WZJ8V,None
AQNMK-PX2UH-CIPRM-GKJPF,None
YHWLG-RYB9J-GLUYL-KEERP,None
66OG8-W1EM4-MUC3X-9JNMO,None
W9R9J-UP2CE-0LCQR-5ZVY1,None
9ZFCD-MWX5Y-DOTBK-WHA8D,None
LT54V-YHVSH-GH9DY-GNQHM,None
C74RI-1K89C-YONWY-USQ2W,None
AQVPJ-QXIPY-58OK9-WZJLW,None
TZEVF-KBURZ-AZX04-9J0KR,None
I8MVT-Y7UXN-P05QO-FBPB8,None
YJJKQ-OMRFW-HRCIT-CBVUJ,None
0QFNO-DVVMV-9MKTE-RMFGK,None
PZCSZ-R5C9A-ZV4LO-Z3AY2,None
Y2RJI-N34DG-MYLWA-IGFYI,None
JPLN4-GROVH-O2WFB-WGH2J,None
YIDOT-FSJEF-AG2QM-BBI46,None
NBV32-9EVZ2-GPXH3-YBXPU,None
FARCD-ESVP5-VFKWI-CFL98,None
VB2GO-CFC1A-LY8BB-Y3UER,None
TMLSP-SEVFB-VRTIW-XFWVI,None
RUKQK-8HUBX-RPTEN-JLZTM,None
GZCDP-X6ILU-AAIQP-E7YMF,None
Z0SHV-JUCMW-THU2N-VDRGN,None
NGCG6-ZSABG-UJYYP-BQZUA,None
1JFPT-V9X7U-F67A5-SRPIB,None
R7WKJ-CMRTP-YNC4A-HSXBJ,None
5BDR1-J7WHF-P5JIX-F2ROC,None
YNYZU-SWLCP-T4BQQ-7UYN5,None
LXDUW-FFS7E-ZKNUN-445WH,None
6OYIP-H0BL6-TYRHS-MGPTR,None
GBRWS-BCKLE-KD9LS-4XFX7,None
OUAMP-6RR8X-FO8F4-XBAYQ,None
SXMH5-PRGIN-NXMIQ-7ZELE,None
4ZI7C-JIPAM-TKOT9-8Y2FM,None
051RT-W5GTS-ASOSJ-YNSTK,None
AAIKN-0S5OB-MUGXF-IXP90,None
28P8Z-3CTOD-DZOSX-GTIQK,None
QYE0L-LGCO6-M7JUX-WJBWB,None
NPEDG-8RKQ0-NSFMZ-PRFKI,None
Z4Z7U-YX2I8-ZLP6S-3TF24,None
UIMK8-RYCZP-OVFJD-LK7IU,None
OCYNC-FJ8PG-5CR9V-LBYY5,None
6ZCJP-8MGB7-J3QLR-2XSFR,None
YEEFD-KVBHR-VAMPB-DLNLB,None
JDUU5-HMAET-X5MVR-LSFFP,None
EJQ8I-S23H5-ATLCL-9OU7X,None
MOGRW-Y9HJ1-EEDPP-K8RD0,None
APNWM-SWSIC-MJLVP-ZHJXP,None
88UGZ-RJR0C-FSEXG-O593Z,None
YABAK-TIM7Z-GOQVR-RQN1O,None
BI2SF-1JZZP-ETZHL-67D2B,None
6DTLO-33SFM-S71B8-CEDHN,None
CETKM-XZYLQ-CSSZA-AQVAP,None
3OSNI-T5WSN-QVL2Y-IKJIU,None
HCY83-RQRCI-Y6NZF-VY6MC,None
NRRHV-IXBCP-0FNOS-DMCWN,None
JCGKB-4J1GS-Y8OOW-5CWEH,None
6PBQN-EPTM9-KIILZ-PRPVC,None
H2H9S-TOR7X-R1EAH-EMANP,None
F8XE0-NM1XT-2OCQD-RASDV,None
X3PUX-06SCS-URY8X-GG7GG,None
QUMPZ-OYFHW-GHSIU-R1F90,None
SFANX-LTPGP-QYWDB-RUZET,None
BBAGY-O1QDH-WNJCV-TCXH2,None
ESE8T-U1AGL-SAQ46-26MVZ,None
TZMG9-MWNWZ-QQXIA-HAAKW,None
2NKFU-NSWNV-4U7WG-VOHKX,None
YTHKK-NOLJZ-3CCWT-KQALV,None
NCSVA-LEZC3-VDALB-NR1FZ,None
PXEIM-JSFMS-GNQJB-5VHU3,None
PNQEP-RILZH-WM8LC-HDTKO,None
GNGGG-YQCUI-YAX12-KC8CB,None
FH94J-DUFMK-ONNDT-G0GIR,None
QQMV4-DTWBF-3PSS5-PPF3T,None
HBIOD-FATAA-8JJAR-QTSN1,None
318FK-STUAR-I2WWW-78OUO,None
MPDMN-ZTJLM-J7PLK-D7IJB,None
RBVH3-LETHG-7TOLX-MVSZN,None
F4PLD-NCTL2-KS8PB-QER3Z,None
NRRXP-X5JCG-T75AQ-PGKM1,None
EMZB4-ORS31-GKOJA-X2BTE,None
YHCMQ-FSNYX-QCCTM-VZAHE,None
GCZWW-NGRGQ-KHBBE-7IVBW,None
R7NDK-YAQQS-9GVHR-I3GNZ,None
U6SKH-BWQZF-PWZ3B-WXP4E,None
DU7OV-GVRCP-S584G-YLCH1,None
LBLUV-O0YBY-SCD9D-BJ2NT,None
TT94R-U8CVR-GXEWY-0DIBP,None
L3OSV-WU5M6-7DD1U-MMIBC,None
BDPM0-LX3XR-OWLET-JK6EY,None
H2PVA-W3TT6-R7CPC-5ZVK7,None
VNTPC-OCETQ-0GCDD-WBHAO,None
IEQ0Y-AGEEX-DVOU6-26MJU,None
NWFWP-CYHNY-PYYSM-YSB0S,None
NQIRT-7REFM-1QUAA-2BJZI,None
6XXLW-HUWJM-2DVK6-EDRXW,None
JQKDQ-9YPIB-8Z8LA-B6X4B,None
QREJN-2EA1Q-TTS7A-OF93L,None
BM4EM-BLSTJ-QJWVC-LUYZW,None
ST3NA-PRGTO-UDRMD-99HEG,None
XAERO-WQDNT-PZIZR-3KELQ,None
NNFY7-TE8KT-65MMH-KZUMN,None
SPBX5-BMEDT-TFNB3-Y4ATG,None
K7DWI-TLRTA-MDM4B-SFFJF,None
DOKEW-NQU2W-TDQSO-WKFO3,None
56DGJ-MTLY3-YVABP-FEERM,None
YZNSD-N2OXD-3HJ0D-AQJV1,None
TQV4M-CTGHJ-VOEWF-LCTDC,None
BP2JG-KBKRH-YZIPD-YZFDA,None
QCJ3S-DZM6Q-CIMPA-YXYVV,None
RXGZ0-X4WLN-RWWZJ-I1QXJ,None
AZDCM-YRSCQ-0CZCV-AOAUL,None
S2KAK-BQ6KB-JENT6-7QNIW,None
PWUNC-EARG3-YX3KF-VTZ1V,None
JTYRA-AAF6N-ZR1M1-9EGMH,None
6S3UZ-WQAJC-TTGUT-7JXC3,None
BDKHL-1UZCV-IVRA6-R6ZYB,None
SFPWQ-6JOZM-AYEKT-38R1D,None
5YILQ-2I4GA-UCN9S-QNXRT,None
D9BGW-CR6PK-YOYFC-A6UJS,None
FC80Y-XRTFW-QWDDI-9PBUO,None
VSX4N-BTY95-LOUA7-YWXTH,None
SXVMU-ORKH1-KGEK0-FWLCG,None
8AEGL-EZ4ZV-NJ5X9-HWG5R,None
KKSLO-QMKEZ-T8YV6-CPICP,None
VB3H3-F1X13-OZJ6I-BEUH2,None
E2ICI-PLDLR-ISSZJ-ZQQYW,None
UYJXE-HJUAB-CT8MB-ZQQB3,None
OULLW-2RKA9-RZR2V-EC4BT,None
H3TXX-YQINR-D2KRA-BOJND,None
8LNEI-ZQZTH-XYOYH-VH9RK,None
CNXBS-Q0AEA-24KFK-Z9W08,None
HJ2GH-KUI8F-LN0TO-XJQHN,None
YEVAS-RY2G4-4AGJ6-OPYWD,None
76L1F-JIDCS-H9NAJ-B2SQN,None
IQKGP-1UJ5U-J4RFQ-WURTJ,None
IAUVD-GYNDO-4MGAI-IHLQ7,None
4CNYC-YKPIY-T6UHO-DJ8GD,None
FLHSU-Z7TPZ-F01SC-VF4WD,None
WQVGX-G6SAR-0YY3D-7EXOO,None
NHLUH-SZD8M-4SIDF-7LM6N,None
XXQCB-9NGJB-QUGMT-LWM1E,None
OVUP0-CUKOQ-VSGKD-VQCWU,None
BFNI8-6VXKO-0FPP9-6D7PV,None
YW3JE-KQBUP-BUHIM-2QEKP,None
GPC6B-JS8QB-9TNZ2-GIFPW,None
7FF5G-CPCAT-AMCEC-HJG1I,None
NZUPU-GSBXW-DCXFC-XVUX3,None
GP1KJ-WP1WM-AEXPC-N13TR,None
MQWKA-GOHQ4-VHVA7-J71US,None
GCCIR-VJGAQ-38FUI-KQANB,None
35HI9-LU3AZ-SCNQS-N74IF,None
OCZ6E-RFMM0-VX7TQ-1IREO,None
BXABO-N1ZSO-H1GNY-AGOJA,None
JN6DG-2JBXS-U8UY5-OMKYY,None
AGQTR-53KB2-TDKGB-ZCQC1,None
94HAN-XRJYO-TRCEM-MNXWH,None
82ZXJ-YUA8M-5TCTE-W8GBO,None
HV0MM-DZYJC-IYNNC-UHAT7,None
CBFYD-J5LIW-UKNKM-FFPQF,None
91RWC-6SK7G-S9VKT-Y3JHV,None
TUFWV-3RDML-NZCGG-0HYZE,None
XCHX1-VS7ZZ-ZJQ03-VXH6U,None
OB7XP-YPIAD-H6FR7-HQ5MH,None
FZJWY-NWYHH-7UD01-WYZ00,None
Z4AGH-TYKCV-8UE8Y-HPX6D,None
MUINW-QZRHY-DZJLG-KGJH8,None
2Y3DB-LZENS-BEDJN-DKJCK,None
3DXRA-PD7II-OOMW2-3FOML,None
LI1VU-FG7YJ-C1LDS-ZS71J,None
GIMPO-YKU4A-UG01J-ZXTNM,None
OKRSO-GRIYL-9TQAK-GX0FF,None
TZZZ1-WUIGJ-8OEX8-UWLSY,None
1ANMN-QWQP7-2YFSA-VOTK4,None
L9XOZ-LD0CG-CFYY7-J4KOT,None
MJR5B-WE72R-PRPR8-KG1KW,None
DPEQQ-3BKHX-NVCAV-RGK6K,None
FZQZB-OVHMF-NURNT-HG8VX,None
BRCO6-PUUZ5-QITBA-6KE3Z,None
TWV7J-GU8UX-WSQZN-NHR4W,None
1STSZ-OWI2J-HUVNA-H2TMD,None
H0IFL-7QKAV-MXH40-MLDNV,None
2PPWI-W9WT3-DAYGG-UHFW6,None
GRR7U-M5YJ7-XANRF-A3RBI,None
VUEKD-5G0IY-B5EY2-VYBJB,None
XRCXS-V84ZZ-JNBFY-JDTHM,None
OC3RC-WZVEK-NRG8C-RCPSN,None
ILQS3-0TZBA-WJMIE-DT3JS,None
Y9AK3-XXZ1Q-PMXG9-P2NEZ,None
BNTPW-RN8RQ-ETH28-OBUKN,None
Z3QJP-4UEUC-MPHXD-THHWI,None
6PO0Q-KCBRV-DJQTJ-IYLKS,None
VZMGI-4UMVM-9PFDD-KJ0GL,None
K6C9P-YRXQD-5QYD9-GJFXF,None
HJDC6-SMCIL-FC3X4-2XUVW,None
UMZW9-CM6CI-MTQ9O-4JNAC,None
PSVKP-X9GJ2-FNHVQ-CWVRG,None
MZ1UV-2IBP6-AA7XU-X8RGN,None
OPLBY-AY3AS-HZHXD-PNHGY,None
7H0L2-QGOGP-NSJBL-5M7EU,None
X1Y8Z-KEJWQ-FACZI-S9TBM,None
HUERP-BIWDW-V9FSW-IVNMM,None
0RTZY-EJ5GD-FESGM-H9YSI,None
DZ6ES-EW6NN-QZIFM-XF2TB,None
A6IZK-ZCYTF-6D5EM-MGPZG,None
SNCSG-F0VEQ-BK8SY-D1RTL,None
V0DCO-XOSBC-JWAO9-RQ3V8,None
WRDFI-AZMDP-EDOLN-OEQSY,None
GBDVX-CNCPL-SYZ2W-0II2G,None
ZH7AT-FYQ6N-EKC4O-G5QME,None
BVGNC-G4NS9-BEY8W-DNFZE,None
RU7C0-PZFD8-XHEWQ-VGDVJ,None
GQ5FY-BMNUF-3ODSJ-ZWRRM,None
GZAJ1-O5BXQ-V64KA-ULGG9,None
CW0KJ-QCKQT-NO6U2-FLKAT,None
VNFPU-BAILY-RRF3V-PR9XF,None
CFZ5H-SQZPD-WVXTD-PKUAG,None
XMGJ3-U1X2B-VXZXP-0LC8V,None
LNMKV-9EUPB-BY0OX-ULCPG,None
1BMIK-IHJ8U-4K6WD-YQDUX,None
JKSJR-0LV4T-ZDIDG-U3YSK,None
EYJA7-RFWJB-YZMNZ-VTUHT,None
84EA8-KZEUL-SAFOO-FFOBA,None
QMQ7X-ZH1RN-BASLN-OBOSK,None
ZZGHQ-YUJTI-F3OQG-VFL1R,None
NOOV5-LESXL-WLRFB-LJFXN,None
GZKMP-VJHZM-SYDUE-CRIGP,None
4FP2Y-MQB2A-CAA9J-YBKCG,None
5GSPF-VP87Q-ISYEZ-VLRJ7,None
M7ZHP-X5V5S-ASOBC-JM97C,None
LFRYD-NFJMQ-QTPZP-J0CF3,None
WIQXN-ASIPV-0DA0K-I6D3G,None
PAKFE-RDXKM-6WBR5-KFJFV,None
UBTWN-FYVHX-KE32N-S3AYB,None
XZFHO-SA0GW-9WJ6H-HJPZF,None
285BA-PALXV-8QXRO-34G2D,None
VTI1D-OIUYR-1KHZ7-L5PQJ,None
WZHSQ-HO1TS-YE30I-UYPZ1,None
PFSBY-QVV48-3CBOW-LIAFC,None
FKQ36-Q9YIY-HELGA-SXH0M,None
2CIWT-ANVRB-V7CSE-LUJZE,None
UXOBW-PMZQ6-JIJDR-RUVSQ,None
NASL5-RDWZV-VT9Q5-LBMKB,None
W0KQ8-EJTDZ-KAHD2-GY0VN,None
QGXLP-AYXQE-WSZSH-LYWB8,None
CPNUU-KVC7Y-3PGVN-PMQ25,None
MWWG7-SKKED-39JEU-0REHZ,None
328DB-YOCFM-E5I3Z-XYZME,None
IAGGR-W36EW-6AQS6-C4HVL,None
DLNGK-V8FYH-PT1BT-A0UD1,None
18VGC-AVTS1-JXEHU-YUHOX,None
IAWBS-G9ASN-2MSOO-QSLYB,None
DCIKS-2RP9Z-DGGRR-7M3DY,None
L2AJ1-DGZFI-EJZBU-LX8KU,None
YA25U-QTVEA-38ISC-KDNYO,None
CLUWJ-GFL98-ORFFD-Y0HYH,None
5Q1ZX-OXHGO-XBSYY-EGIZG,None
Z8NGL-1NBLT-QSKTI-IYCVT,None
OIIII-DANJ9-O6QJW-D9Y1H,None
OP8EX-FH726-RCVPG-EVSPL,None
ZAR1U-AV9ND-EPBLU-OEQ6Y,None
1SPNH-LGD5T-ZORCP-EYF3Q,None
3DICI-0EMQR-JTDEC-CMQOW,None
ESHJX-DGZSU-SVHDI-8YF2C,None
WKEAG-SORHS-FAXDI-Z64GH,None
SPXHA-MPWL9-S3JLF-TJTAJ,None
GXKQJ-1CWG4-KJHP4-BE6B1,None
7NLCB-WNHMI-2RW2K-XEMQW,None
YA3H0-0WFCH-MWABB-7EECJ,None
TSGUC-3KHQ1-CNXOH-QDEPN,None
ROREX-HB61B-KUWAH-H9XXM,None
FKGJJ-WDXTM-PAI1U-YLDJH,None
7VNGD-C7XIF-QKKEP-SM93R,None
WJIXI-1UCVB-0NYC5-0EUOZ,None
MMTAQ-7I1FA-QGFHB-KSQEV,None
WNORS-PLUNZ-PQ77N-F6AYR,None
J9E45-NVOK5-ZREJQ-LXKYC,None
RMJY0-UQTAL-P4AWS-RTS5E,None
9HHHV-OB7FQ-I164P-CXX7C,None
A8J7J-Z4OBR-USVEH-BLKG2,None
TXAYU-EC4SW-AKT0N-URJHH,None
YWDA0-CKQWM-A5D78-5NT40,None
UP0SY-CKO76-KQGKD-FPRRW,None
463G2-16FNI-X5ES1-Y14HT,None
5PA48-RU8PY-RO3SM-OWGN3,None
OVLKQ-QAHIX-3UCMB-WNBVO,None
CONHT-6801X-MN1K5-DSUQP,None
6EVEA-KORWO-DBXQE-KF6VE,None
YD21P-IF6EH-RUTDH-ANLXJ,None
RXMEA-77A6O-AG5KQ-BAV2Q,None
TOD1T-SUA7H-AOFLF-JUG4N,None
DBN0B-R5NEY-PGPD1-Q9DRR,None
CCT53-LVXXG-CXHME-UVI2O,None
DFVK3-RB0VC-W1G61-RVYJU,None
N0FCE-PHVRL-BVDNX-4WFUD,None
LVVOD-BJTPT-7PUKZ-XAI3G,None
FQ9QW-R8BFF-DH1RG-NMIFP,None
HRHK9-CFJ9L-V078I-PSUHS,None
ZCX20-0YGPX-2TMAW-XCZ3W,None
QCQV1-TXQKF-UNU3B-KTKD8,None
NI7IL-KGTMF-LWV9F-PRUO8,None
NKW7S-UPOFQ-2TELY-FE5TU,None
XI0GP-CRAEI-BZ9TQ-XPYNH,None
VNCK0-MUIBM-K10YO-0AKC9,None
X1LAX-FWFYO-YMX4X-YYYB3,None
GJQJL-XXGGD-KGHBN-FUZJ0,None
WWGVZ-PGAZL-7MEOI-ZWVED,None
8BMTS-AW2UP-AXPHG-MNLIA,None
MQYC7-4CVSW-AZODH-8LZWM,None
5GS94-J9RHS-YFQLO-OXAZC,None
NXU6S-QFXVE-R2FMU-JJZKL,None
FMSFH-DJMZW-QMH1U-Z44SC,None
E2SAR-9FWG2-K0MSW-TJZLH,None
LSL4O-SYJES-00BNY-JJ8RB,None
G3AXT-IQRBC-FUHQC-LYOY8,None
RZVTI-HBY0W-ZMFJV-RRCFA,None
EUW43-6OA5D-IMM5O-E4TAI,None
5LATN-OMWLA-78HUX-3HY42,None
6JRPD-PSABY-IX7HZ-MPZRC,None
W9DTY-NJ3JY-DLCXT-PRNWC,None
884WI-AD6KY-A627K-XWNDI,None
6YC9U-FY3U7-RP9UE-2OW5U,None
RG1HU-SF6OM-YLBCG-PDJN6,None
HA5YX-GAPCI-FQX5Y-6AM8Q,None
VLQOP-MU7HK-EAUDL-CREV5,None
T33BC-9NBKQ-IKFNX-K5G39,None
LKJ1J-KWFAP-WUZMK-E8FLM,None
O3RVR-9INIM-THMGP-LA3BM,None
5JNGL-WVRRO-O4MUI-EFHFU,None
JRPI7-FE7WS-DI2XF-IBS6T,None
JPVLS-1GXG8-QPCEI-YHU1R,None
IQPSW-0FJHO-MFJUM-WXIH7,None
LWIFJ-XEM1Z-TDTMY-HJDYS,None
HKMD5-PZVJB-IXBAF-W1ZYL,None
B0BKQ-VL00B-PILD0-TPKN7,None
Q5IGC-K7H58-65FFH-Z6LDA,None
LUYXJ-Y6ALK-XOFK6-PE0PU,None
XOPTQ-TNJUI-2D0CY-TB7NT,None
NBQJ0-NPTTY-WDYRM-TFZHI,None
CUPLJ-88O8Q-PCLA0-SMZQG,None
MDCAM-BBUQS-VFQZW-LGMN3,None
8WPHO-8LMYV-9WMYT-CBDDK,None
GJKI4-NFWXR-6XDDZ-AJIJT,None
ZV0FH-1KBXK-BPJCB-8DHJW,None
WSXLY-RLCJI-ERULA-KRH3K,None
POXFI-YCXHO-R55NO-H0ALP,None
KWHE3-ACJ4L-KL3XG-XMKKG,None
90AOR-YI62R-PYLPU-MRP3T,None
LPEPA-JAHVA-W3SOT-SM934,None
BAAZ2-BJQEO-BJ76H-B727E,None
FKIKH-WTISN-PTYEF-YBFNJ,None
ADAKO-THKAD-EQYUL-9ZSRH,None
AC4M3-3NSGR-XQ3TU-GSBH6,None
D4NVS-J9GVH-NZWZM-PDDOY,None
BBZYW-T4G6U-EETIT-IJCGX,None
UNPBF-ERZFF-5JTXN-ZZKWD,None
W9K9W-GEUVO-AAB5I-RAABH,None
UY3MP-PAODC-VNZNG-7XOAJ,None
DXGWI-9NTB3-66GBR-8C0II,None
PQZH5-EOL2L-U0OGF-TAY0F,None
JKX7N-Y6O9E-CDXIK-LS70Q,None
ACPPX-MMHAN-JU9RS-6SZKF,None
HXSRG-V3BER-C8BEE-DN02M,None
EJWJA-PK2OX-Y1SQ1-7LDAV,None
1AJKL-OCPXW-DZHTR-P3BVC,None
F8VYW-9BQFI-HTZJM-XIMQ7,None
GJUEV-C51RN-NYDCZ-BFOTA,None
EARXL-815GO-CGJX3-HLFMI,None
6AH8N-PSVCJ-LYJY0-TGAMI,None
IZLW6-OQOPY-3FD2B-LU3SZ,None
KJNOL-9PGGO-BOT5V-C7G3B,None
ATGQ6-5PMQC-OSV85-HYS7M,None
SOFTP-7TJF5-STLZF-TFS1G,None
HRQGO-XZ0US-AXCIB-HCNEO,None
DJ5DV-UBQDY-GB1IR-FN8XD,None
UEMK4-HAN2X-K4HVN-RQYVA,None
OMNSU-25T1M-VWUGZ-UELLF,None
3TPAL-H8VVM-AKDU3-J3LIT,None
B1OGG-EJ3JA-ET7LV-FMFA9,None
QQIHI-DUGMI-HJABN-2BPAL,None
DMFCK-KXV7J-XGTCR-XSBQS,None
L5HWA-V3DLY-XTHVA-RYTPE,None
6XMPX-XZGOL-LT5AG-LFRPI,None
JDX9V-BXLVA-N0L5K-SKMB3,None
VSIHK-JAXU5-TJWGM-ZDMUK,None
9AZMB-Q4IDQ-QLP17-SQECS,None
O4OPE-PFQFE-AREIJ-OOYCP,None
CJQ9M-EMXK9-P4BGG-DK8OO,None
FRYZV-EFUZ1-IFCMP-ZFHLB,None
SKPLL-FHT9U-691BU-PELUK,None
UCODD-NJARM-PTBYK-56XIK,None
IUKSW-2Y9NZ-205CR-Z8DLQ,None
PGYFS-4UZYJ-IKCFS-HSYGN,None
FXCMY-9YE43-LWPXP-ABDSG,None
VBI4C-DSWFF-ULSQ6-DF0DB,None
Y6RS5-RT3VA-2K0CC-LI6PF,None
7PUHU-WEF4S-J8A7P-BSLAC,None
QU7CS-XDECA-BWXNP-VHGI0,None
S7BCS-HYZO3-BWTBA-MN0KK,None
EY2JR-K1G2J-CQX7J-9E26E,None
RNHQR-1TAQ4-VB0DU-FRTCX,None
MRI6T-RJXPL-NRF0D-UQG4X,None
CYUEE-SFV4Z-DBWQF-PMQP5,None
RTBW3-M193Q-0RSJU-JJHYO,None
UZKYR-AMVKQ-03SPX-U83IW,None
MEJQA-BIHEI-N8SIF-UJETU,None
IRWB5-KWJKH-JDPKF-VMLPU,None
RDYO8-Y8HAM-JKITP-F9AGE,None
U7XF3-P1DYJ-6UX1G-V1KXI,None
R6DJV-GLLW8-6U34E-5BQRX,None
YNAXG-HSDZI-OVGPA-DAA7L,None
5BUMO-N8MRQ-NOYH3-TCAOP,None
1QL3F-Z1CQZ-JFNLE-SW5VU,None
ORHPM-QUEFW-26O8D-MZ9FA,None
LE1WM-UFKOT-OIULM-I2KFH,None
GXUUJ-2JXOL-QRDYX-TLZKN,None
9DCAT-D7UPK-JVXRI-TPQCF,None
H7OMG-EGKW0-1WGD5-TMEVM,None
MTICU-PLNLD-ZFOX0-L3ZWK,None
R3NEV-3NR8U-ZMUDI-AYUYP,None
KGO7M-ECQKJ-A9VKY-TXJAY,None
IHTDH-AUWIE-TUWYQ-BB6FB,None
7I7YU-KPTAZ-M0NFT-A4P4O,None
X3T7O-VXCTJ-UUUEX-SZ552,None
9NR5B-CAI2P-AAKYS-OX45V,None
RV1OX-1L4QP-XLDCS-VYFKK,None
T8RBC-FDUJL-DFLPR-V0IM1,None
SFGCU-IOQB2-9OWCL-GWKJV,None
WHUSI-D8QBA-YCIHW-VNYBR,None
FWXMX-3JNZP-ZAAAN-JSC3P,None
TAOGN-DUUOR-KM13L-PE1XA,None
M8GKT-WXB0U-GF1AH-V2WWV,None
0WZN0-F4PIE-VLLCU-IIENJ,None
D9S5I-CGAKQ-5PS2O-73NBO,None
GWCIL-EAYFK-GZTMY-QI1H8,None
1RRMQ-MSE7Q-53ABX-SHOSZ,None
4OAIV-UD0SA-KKQED-CICRH,None
KY2SD-AKQ3X-KFAML-HTUZQ,None
QGI63-KHNHE-ERVTL-JAGHK,None
N93PP-2WQA8-D3USL-9NR41,None
2HX2F-WGY25-UYZCV-A14OH,None
PQSWN-AOAGT-Q4GR9-K9WJV,None
UH4KD-ROY0N-PIYFQ-833QW,None
PX13B-EWBHH-VWNQD-QHOK9,None
YJILY-HC8VC-6DIVX-TYK0C,None
4ZX8X-RAAR5-HUVTA-THWUN,None
YRCQW-EXAZ0-0X4BR-NF0SN,None
LL8FU-PLRYZ-4IBQB-4ACUU,None
XMZQH-DQU4T-HEJJQ-TTVPR,None
RWAL8-OCZK5-G1HDF-CJEPN,None
JM23N-4U4C9-CCUIA-GI1M7,None
FV16Q-IQR5G-EICC1-U6XFN,None
CKET0-EIBZD-T74LS-OUPFE,None
DBRXT-FLN4Z-OU8QP-5PIHY,None
5C3QS-HTAZL-DPLDN-RZQZB,None
QJ2WG-RS0OK-YOTSI-TBREN,None
UGIW9-V3SX0-ZCD1X-MGR1Y,None
UWZXL-QHZTT-GKNAX-HBEV1,None
RVGV5-LSOIX-QWXWP-0325N,None
AEJPM-FWAZL-QAOOR-CMHIA,None
QZVBF-HOYEU-BL4D5-FHAXK,None
NLJLK-6MLRP-AR62J-IOVU8,None
5IKRU-AGDQ8-9KT1K-YMYIX,None
TKMBI-MEO38-W3QVD-J1ZCO,None
S4C9I-HPLZR-RI2TT-0RN7O,None
IZQAN-VWBH2-KWJ6I-0PB6L,None
ORINA-QNBNE-HXNNB-XHXVG,None
SC4NC-B65FY-EOPXW-QJWKJ,None
JFFO3-CYNMG-GJGIC-WRNGH,None
GKQAJ-LGLVX-CIRFN-9SBZ5,None
A6IFB-NMFJ3-SD1KE-KBSY4,None
YPKOL-UX5O8-SLQOC-UKDRA,None
IYUAL-YJM2X-OCG2R-DS8RT,None
8H9NP-F9T83-A87AS-VONVH,None
WCXV3-RLYK9-RECGK-RKYQA,None
EPLQZ-51V7Z-L9Q5F-PGAHN,None
PZVLS-VPRQE-ROZWZ-E6SHR,None
VX0LN-B0CAL-EQK1O-S4MRB,None
M5H6C-KBN4N-S5BKK-RNB9J,None
6ZGKZ-NNJIB-RILMD-CMA0S,None
UZ5OD-MNJG2-K01CB-ATQH7,None
HBMME-AFQUA-OPJFU-VAODQ,None
HNNMG-3GO2M-SDSTB-DVYGM,None
3XQKR-XOOSB-ENHJV-E3GO9,None
AXZHU-YV89Y-VGNNK-XWZVN,None
WDSQL-RXVFN-DXIBA-KPLZO,None
2GTAP-ST704-N2ZMP-1DAGK,None
PF3IV-ID8OY-EOECN-SYRRX,None
KPWY6-QGXCK-SJBB8-VNUQ5,None
LC7WP-DG4C1-VNT60-5RWWE,None
4HIKA-KRR9L-YMYGY-3KPGM,None
WFSLZ-9ZPGP-FPLON-QAA8N,None
SV6CE-DMOFA-A0YUX-5J4R2,None
ZSMBL-CGENU-AWVZN-KXURD,None
6LED6-7VHYU-NPFO0-RYU4A,None
PYD9Q-FZBHG-OBRD0-087CP,None
ZEAGA-WWDFI-KGKHP-2PQ9Q,None
0F2XJ-RQ055-0THD0-HOICC,None
NIHVR-BTHXS-QY1IN-A5JME,None
25YIV-AGY3D-UMBT9-I8PFB,None
PJOEW-PSQAS-QOTIE-XIEA5,None
1YJTU-KKZWT-R7K1Y-HOAUP,None
IEITR-CVXSK-3HGMP-JY9XG,None
HD8YK-OIYN4-OJY83-4QYGF,None
7ZF8F-S9VVK-Q4X1F-IW3NN,None
YR5NH-QOYGA-SLXDM-UM9DM,None
F7GX5-BCVUP-GVJJF-RVZCK,None
VC6M1-PHFNI-COAJ5-JGBCO,None
YKBTR-CX2MA-7YGU1-1TP2N,None
GG9R9-CQUL9-DRTDL-IXTUH,None
LZM9A-OMLJM-Z5V0D-HXPEH,None
4Q1FR-K86JL-X3WDJ-Q8YPF,None
I4OHB-WJQ6D-GJGMA-GORZB,None
ODYGG-RE87Q-U573M-HPMRA,None
0M9JH-R4TEQ-NCAN5-DUULO,None
0NH1O-UG1NC-SK9HJ-HOUUD,None
Y5HLH-5VHLY-9CTXA-3AVT9,None
MGU5Q-DGTOL-AODO2-3WNBB,None
RDAEH-XVX23-5YYVM-63B6G,None
UHENI-GPGFE-1MLFE-2GTQA,None
O5UFA-OKQD5-Q2TTG-DEQEK,None
H5YED-ZAB7F-HQ0TB-WX49I,None
UYXR8-GO7DY-GTV2J-XMXEW,None
PAAMY-2WJOY-QQDZT-IFZ7G,None
WH7PO-BDRDU-VNC2L-EH1MW,None
GYXBM-G58W7-NAMF9-OOGYO,None
BLLGS-QEBCT-DUSM3-U8Z1X,None
9DVU7-GPSSF-LZLEW-229MB,None
BSOBD-CPJFS-Z0HVX-AVXHK,None
YXWWF-ROB9Y-VYXCA-15EZP,None
ADKAD-VMX6Y-EV9CP-H4V7B,None
H0NI3-JCGFM-CTVKT-RD4EL,None
ZHNMN-KTNLU-N14XJ-IRNWX,None
DWADO-2XCVN-BVL3J-5ABTW,None
HAKYO-FCQPY-AOADF-AUTWX,None
79IPA-HIQUC-O4GKP-O8BIY,None
9DRQX-NRHG9-BKOJ6-SNBIJ,None
UJPFL-WKMDI-XLWNI-ODNSP,None
VBVB1-TVS6Q-JGHUY-LOLQJ,None
EHO2K-29XWV-Q31YP-WRM28,None
HBJ76-TWD0T-519MM-ICN54,None
1NWYN-YIYGH-5IJEC-L0IG2,None
P44E6-XDXBT-WPTDV-NDIVQ,None
5XELS-XJPAI-JHBYH-DTLCI,None
D6IKZ-UUX9R-ISGKI-HWSQM,None
HGYBR-ZUAHI-QY0Y0-CTFFA,None
EYCTV-HRGM6-EK496-5UGV5,None
ICE0Z-NIGM9-JK5RU-DXYRO,None
2AI9Y-APD9S-LK5GU-MY4Y6,None
0SP2L-HQSTI-MUKYX-OAKYF,None
CQ5CU-2JKXZ-RMHEJ-FJVDV,None
VDFRU-JUZXT-PGGMM-NR7HK,None
UOWDW-ONQWV-HQIGA-PXNCI,None
6UDUG-AMACO-O7KVR-DIDUL,None
KULCD-Z8WMS-F0CQR-XE961,None
FJFK6-XLJUW-67OFA-IJISS,None
5AYQ7-I9C8T-XOVSU-PPT5M,None
ENHMH-GFCNU-J0H8O-XDNV8,None
IC4CO-GQGIR-RT1XF-UFKD3,None
PQMOL-CZZ0H-9SQO9-CO3FN,None
UY3UK-E4PLI-CEWLK-AAALB,None
J4DKT-QZWE8-MR6ZO-SNZHF,None
BKBYD-ZINFV-20LVU-HYONL,None
PTESU-GV5BQ-SVZSC-WQGZL,None
SBNCZ-K6JCH-VLU3T-ILDHN,None
3YGUV-84IPZ-BNNSC-8PV6O,None
AOZIU-CS9WY-O5P2B-TPDN4,None
JIIRX-V7HWB-1J3HX-EXEUQ,None
L4JMY-RP9M3-L9YZI-LDKR1,None
X0CDW-VKRM8-0QP1V-DXBFE,None
N660V-DKFNR-08SBV-TMUYN,None
OK0BR-QVWFH-HJHP4-UTTW6,None
QOYQG-UPDCZ-X6Q3D-AFBZZ,None
KDYBI-UYHNV-RFB7K-GHFYA,None
EPDGX-KPAWU-MBBBJ-SRTEF,None
OR2NI-KJTKW-VT8KV-8L5WU,None
9UFHX-NVVSL-ON5HN-XXPJY,None
DCTOD-UHTTP-9UYHE-YEA2M,None
3UDDS-TTOLF-XDWKK-SV4NN,None
J9YCN-UQRVW-P18PG-QLY8J,None
4KIM4-RZOVL-K3WUX-O0H90,None
HL8AX-XCCT5-LASAB-0QLTP,None
11BJ3-VBA6L-7SQFJ-AMHGS,None
BUZPC-NDBRQ-NUCH8-JKZEQ,None
09HA1-XLPIR-RESVM-JXFNZ,None
RCYDC-DNF5H-ME77F-5OFRM,None
1U5O3-6X8HE-RIXVJ-MXPUL,None
PFQXA-INJU7-5CSWS-PRMCF,None
FQLYW-EUGMB-PDDRN-WFSER,None
61CHF-Y5QYI-69RFY-GBD3Z,None
SHNFP-EGQZ9-3HAEU-NNTCM,None
HULE9-SUWVR-3JZVB-EYIE4,None
0MAUC-WCODW-DJLCA-BVP4O,None
A3XO3-XW6FV-VKWXN-WAGEN,None
Q88JK-8SGMV-GZTVW-2FEHZ,None
NKR5O-ABI17-DGO92-AHZDZ,None
T6LVN-NFWGX-ODOZC-SGVK3,None
RC02U-8FHHX-NVQVW-OALDC,None
MU5UW-QTQDC-TLTNE-4DPMQ,None
OF51N-OT373-NKKFX-AYJRP,None
NJIRQ-DBWDI-FQZHT-28VOB,None
NKHZW-1VWLN-RDLVS-ZKVP1,None
XY1VU-KOPNY-NGMQ3-BCBV0,None
9OXKW-OKXGZ-3PCLI-VGGYI,None
EOU5I-AAZQS-QQG0Z-MAC18,None
WXVFJ-TO02X-WGLBX-ICOBV,None
ZUBLR-AISPC-NJXWO-OHVY4,None
Y0MDU-JAMBK-EBM9B-RUKMH,None
QVLMV-MRQ38-AU65I-AIFQ6,None
LGMXV-DH6NH-GX6VX-GED5O,None
ACCTL-UZCE9-4M88B-EPKO4,None
EPKPW-FWRYU-JKTYP-CTN61,None
Q3WMG-Y61FX-EVQJC-4AT86,None
Q3WRU-I6IVJ-D13JY-GVOF2,None
O1FQG-KBVUP-HOAMS-ZC90P,None
4Q4CT-LVX0Y-C0UJ0-YLDHP,None
R4HPN-TRWGI-GIZEK-ZUPJG,None
WZVDQ-TZLME-2MF6P-VJVWV,None
DMW6P-4J8PJ-9JZZJ-SJCKR,None
WL3RG-SE6SR-FXGQK-HHLFQ,None
TGIOU-CPGFI-J3ITQ-BIKE8,None
XDYGB-YBLWX-CBBKC-U9RGL,None
AXFOV-5VIBS-JUS3E-CTVTU,None
0CHAF-VA8MT-1DUGQ-QX4P6,None
0CULU-MXSM6-MSIWV-VZY9S,None
GLPM6-SEXT1-GMYMY-XT97Z,None
QOBVT-NQVA0-CAXWA-IVVFP,None
I74YB-67I0S-VVR2A-COWSC,None
GEAG6-OLPIB-EEQU8-WIMXN,None
ILTXB-M2IWY-KNS54-05PH1,None
GRYEY-JETCL-TNSQB-YKSCV,None
MC8JG-PZHI4-NJRCA-MQISE,None
ZHWQ5-FGYNT-Y72VB-D6MPE,None
ITP61-BDMQY-89O1U-JEQT4,None
1PD9L-YHUML-KAELD-DDEOG,None
AZVSD-CIITW-NIUSO-CY3KV,None
3ATPP-S2H3G-W5J01-TFYIP,None
KEUZT-6RV0Y-LTAGK-H5QGD,None
4SEDK-OI93M-7XAAI-4ROLX,None
XGDYA-HCA3L-9E0X8-I7VA6,None
RGH92-3IU6X-PZJVZ-FQO65,None
OJ0RO-4Y4SX-PBDIV-LVHOB,None
5RNSU-K8MEW-8MOXG-7CISY,None
REWX1-BPIAX-EUJFF-PBXT4,None
LP9UC-NSFWE-D5ATR-LRTSN,None
ZXRBB-CPUTV-EIZ6I-NW7CN,None
WWNYJ-EONHC-4L3G5-GVH2H,None
JDZCI-R3WNB-789HW-S6VMU,None
ZY5L2-NKKTO-VOLWE-OWQ6D,None
YUMQB-OVKDW-B29KW-E9UYC,None
QXCNB-XJBCO-JP7QU-V9DFR,None
CBYBH-5QIPR-2FC07-WD4ZX,None
J6AEP-XIZZU-NERQF-PTWIX,None
C0BOW-EKCPQ-O2GCT-WD2IS,None
IEPHZ-GVIMR-L92US-D25XZ,None
ID3ON-HOW0G-C4HQV-G0AAV,None
THMXX-SIWF4-L2OC8-BEHBD,None
9BC1M-ZEKO5-UFVCT-7ZKQS,None
L5KCY-OV6JR-YMNSC-IMU5M,None
FJ96K-4QAP8-MCI1O-H3J7M,None
RZJ7N-HNVBQ-CGSVO-RZP3R,None
I5CD8-QZ6UV-8V9EI-63TR2,None
RXTWN-WGDDB-A75XY-DBTON,None
HNE7X-IBTUS-G93U3-8ZZYU,None
UPAGD-GIIYK-QVDWW-DCN1Y,None
7N1VN-8QYZU-ELNOW-TKY52,None
EBYZE-S0VAS-BXF4K-ENNTE,None
G3WUR-OQ7BX-C5KHL-HJ9DZ,None
KHYK1-FSNBS-4QEX2-STGRF,None
PZ7NX-DYEKY-ERJIF-NYTPC,None
MHSSU-UTOZO-KSNGF-3QRGC,None
XZWNI-VWOHB-KYKOL-UFYVH,None
3PRP8-HI48T-I2MOR-3TODO,None
IQSBB-LAUWU-9EWNP-XVMGD,None
XDCMJ-BALL6-OHMKI-BFHNB,None
YQKGK-MEYKT-PRAFC-SJR6I,None
VQCXD-N00DU-MZJOT-BMZUT,None
VPRTH-MHOLV-OVVDR-2OMJT,None
DINM6-OZPII-YA9A8-MGTN3,None
33IFJ-OJ4ZG-R3REH-JRDFN,None
FUBTZ-KBZLQ-TY7NZ-SNRQ6,None
K7MX6-40W5E-8BZPS-R8WKJ,None
EEJCB-JZE2U-BMTNY-R2N2Q,None
MSMYT-2AFKJ-M83NE-UHBFY,None
BRR2M-UO9WH-WXFGF-HFHAN,None
SK8FO-XN2RE-O2DHR-O9UJ8,None
C72UN-CBQJO-HNS85-VVS7D,None
KDIIT-755K2-VKP47-5GSQ0,None
GN67R-X4KGG-DUBQI-5IFOD,None
PZSBU-I9UDI-XLOFR-GKMYF,None
6SM1I-OTWDP-MZPZN-RLCVO,None
NRMZS-RGKEP-R33HP-HXHYJ,None
YTIFL-UHTT1-JFEXJ-QWZNJ,None
KAWLY-48ZC7-CMDPP-BFGBO,None
KJJ3A-DXIQX-W6YYQ-IDG9N,None
YXFUM-S44GE-WSSMF-QKKTA,None
LBI6Q-U579E-7MUKV-YGSLL,None
SWDQL-WJUUP-ORIKW-CSRUV,None
RNP9W-KKH88-XSK4Q-U74DF,None
5M0HN-4VIMI-22CGM-LTEFE,None
WBMMR-5QTX4-7IYMZ-AKOYE,None
TI2AD-Z63ZI-KOJRE-143YL,None
NYFH8-NPLSL-6QAXL-REDKA,None
WQ0SW-C6TQL-IDQNJ-4L1EZ,None
FDSKG-IBKJH-JDA3H-LKOR0,None
BHOTU-NHCBE-VSIVP-CFYMT,None
TFFYM-KOU1Q-HKFTU-YKWP3,None
N8WLZ-TYF79-SWDEY-UE2ZT,None
UTA6V-NSKWV-24VOM-SMQJR,None
VH20B-OGDX7-CCSKW-MF479,None
EQOK2-9K5PN-QS228-VMID1,None
3EY4U-3X3AY-5RHDS-VAKAX,None
MOJK9-DEEUC-MIWXK-RCOL7,None
FKQXA-EXIUZ-6RBUS-MJY0B,None
WYBNU-IHPDC-7HKN6-XHWVG,None
G292H-2DRD2-T6DUQ-8J134,None
H7SI4-SEDPS-HOQFA-YH81H,None
HIIQ5-H5Z05-V8DKG-G5S5I,None
2ZCBD-S7WZR-WHVUY-UKNBC,None
QWESA-SY5W0-QCKLL-JPISU,None
BZJR2-WF4OZ-VIYDA-LMVMB,None
VOBY3-GZOU7-125ZV-W9CN1,None
LQ76O-XUYB0-MDFYP-KJEZ3,None
DSWRE-WMWMX-UWY9L-9FERZ,None
C4MNY-P37AF-COQYZ-FMY6U,None
KYMHG-PBQ4L-HMYXZ-UOEFB,None
NGWX2-J1IQK-UUWOL-YKDYI,None
ZZQDU-MXQEZ-KNIMF-HZCXW,None
XRLNY-6STPU-7ZJRI-CG8EI,None
6GFVY-VC3YT-KERSU-EV6AU,None
EHGHT-M3UE8-IER7G-YZ81G,None
AET0L-FKGSP-NILEM-ULQMK,None
MS23W-RKVVC-7JIMZ-FBGAX,None
KAUKH-DGVEA-F858T-YBXKC,None
YHACT-KV8ST-U2PVR-OPFAR,None
MFJK1-NKFJB-EMSIZ-HGPP2,None
V7WEU-XVQ7T-HDEEA-ZCSVG,None
VNJ4W-WUQVM-TY8PS-XIZHZ,None
CZBY8-P7CZX-SK8RM-RWJAD,None
91M3L-PPHCE-SC4GB-QU4YD,None
8AKDJ-AYGVV-HHHFZ-EKFGM,None
QPPGN-O8AV0-RHUD1-KTYPD,None
ONIQD-T0CDD-K7DOR-MA0QS,None
TUCB7-CDFAU-7VGYU-PNOSA,None
NP7IV-DF6OD-MFRPM-VQ9GH,None
IPKXR-35QR9-VCOGG-4RUSF,None
J3R0G-R4PUC-DCF4L-FJWVY,None
Z0JEH-Z5NMU-ZUILH-CXNB1,None
HDDE2-OYK9G-GES5C-UEX4E,None
Q80HR-6TFAG-TDIO3-NDCOF,None
HDAIU-TQZNP-Z6IVB-5CZYG,None
ZLPEB-FYDYE-KVBMD-YDKIE,None
OEXYB-ZJJLF-YRZNF-95EVA,None
0VRWS-FV7YH-GC9NY-Z9BNK,None
GY13X-9AN68-KN9FZ-LBGIT,None
DZTJ4-KF8C6-CLH8F-K9VOK,None
GYMPQ-SR2TV-G7WHV-PYUYF,None
LQUIM-2NRWF-QPUS6-AAYT3,None
NR7L3-F6BUV-NZKIE-GWKVL,None
JQWUW-RSPW4-KG8TQ-KXQXZ,None
PKQGK-AJDG2-ACWYD-I3XEY,None
ZFGNS-RD3ZC-ATBJN-LX05B,None
VNHQH-E91PD-X7VCW-AKNT5,None
W7WBC-OBXFM-QXR8J-SV6HA,None
E08DH-N42VU-OWXZM-4BKBP,None
DS9IE-KZDWM-ESBIG-FPXOQ,None
IWIXZ-Z5KZE-INRZA-9KHYO,None
CT9KN-W4NBM-AD10E-RHG90,None
VCIBR-99AEB-MK5CW-CRQCD,None
C09WR-V1KWE-S9S8S-DBZUX,None
U5P3F-PTTDV-UX7EI-RPVXW,None
G2OZG-C04Z8-G1P3W-HHHLI,None
PFJRZ-AJGH6-VXGDB-FNPMO,None
4XRUX-HVGP0-DRFVV-83QBF,None
ISY75-L3QRR-D2F6R-A1QHJ,None
UZQD1-UJLA0-DAVID-ALI4Q,None
DHNZK-JOQXN-3DTSM-167LZ,None
IKFCB-VEQHT-DE1GI-H7DSS,None
US0D5-DXVGN-OJFVU-A9KJQ,None
68F5V-QNTLA-CER2V-JRW7M,None
SYDML-VBSVM-DRI8G-UORYF,None
DOEHM-XYSDU-YRLBN-NHHG1,None
QML3M-Z8N43-CWPHH-VXPIP,None
UBE2Z-B44MH-K4GCP-GRLEW,None
WOSNY-K0LGG-BF0HR-DOEHI,None
W8TB1-5GDEJ-EZLIE-BM95S,None
TORRS-IMFT4-UVZSF-DBP1D,None
2UCUX-VKINS-IG6D3-CDEYR,None
H6HAC-3VVGS-WPE4R-IAW0E,None
8UGDQ-I5F5X-7RGYZ-BYLUR,None
6KVQL-JOPKY-VI30Z-Q83U1,None
XFIH2-MG5VY-B8IDG-IAAOB,None
F4DJ8-DYFOK-N2YIP-Z23B4,None
N8CZS-U8WCZ-NDZPJ-A4SCM,None
SHC2G-BJ5K9-VOID7-H80JN,None
4VRLA-XMATL-GYLSA-BTBHA,None
KPYCK-1IHO3-ADXVR-P5PM8,None
5RJR8-SOGWH-5APU0-YIFJG,None
YFGKF-DXYJO-JEQD1-96UZ6,None
JRPZ5-B6GBL-DXQIR-JOHYE,None
KXQVR-WSNMZ-SFOCC-QE2QB,None
PO5IK-X215B-F0WSH-8ZBDJ,None
TES6Y-6Y7AY-CJY0E-GZ2TZ,None
LK6CC-ZYRMJ-OOJ6I-JNQPX,None
AACJU-09JKN-1XAAB-RYHQM,None
MXZN5-IMGKT-UEURW-OG1RC,None
TONVT-8AWPY-OY1LN-OX9MI,None
BXQWF-0RTVQ-BINGM-6KUCH,None
L47LT-2ORHL-4DU8I-SNHZ6,None
79K8K-XKMU6-UGGDM-KXTYS,None
7E8W9-PRZAO-LMJGF-LS0TZ,None
TFVZJ-L9X3H-AU63G-9BMJ8,None
AVN6I-V3AQS-TTVYM-PWCX2,None
MYI9S-ZGWYH-I8WUK-7FUZ7,None
Y3ZHD-PMMTH-MJORS-CQHFZ,None
NBAYC-YTVSG-29BRF-V9WJ1,None
WASYF-E5L46-OAQ66-5QYX1,None
NHMEB-IX6FE-T2QK7-YO4G7,None
YHQM8-XBGS0-REBGB-X5DWH,None
8RWQC-JPZEK-RYWZO-IXJVO,None
JHZ58-3ZC4Y-B6PRT-5PTBZ,None
S50HE-YRA1H-F4KLJ-GNQQL,None
OMSIG-L9AAU-3ZIHE-UFNGQ,None
Q1UPK-XH66V-RTOH8-WLO8Y,None
R8LAB-YMDDB-DRFNG-ZT2R9,None
VMFET-NZNXY-HIPM2-CJE5D,None
DZQU7-J7CZU-JIOST-X2UDH,None
CGB8P-TSM0L-XUOCR-BT2TY,None
6GRTA-U8GJF-BVMTL-QH5LL,None
FFSS7-ORX6L-E9FSD-4B5ST,None
MHI0O-YOYYS-QAFIW-JHT2W,None
FOVYL-6TBOD-UOWWF-YTSMX,None
XLXLV-YJVNG-RE7EY-QEJAI,None
MFCFV-1PGLX-FLQR0-XPHJ0,None
SW9PU-RTPZP-B5FAD-370IE,None
KIPRC-FRMVC-FLRKK-RXBQP,None
HUOGA-WMWXG-LXPXO-STIMR,None
PA415-IRE90-Y3OJY-FL93V,None
I1KZX-Y2SVT-K03GZ-GE5N8,None
GXB7J-QKDGA-XZKIG-8JBOO,None
FK4ZY-8EDCH-3V0DQ-IPMI3,None
PLT1N-F1Y6M-0YA8I-UZLIZ,None
IY2LH-BQBOX-RO4L8-KCDZG,None
BGNSE-62QRA-LBE1B-OYTRM,None
WTX2R-PFFJJ-QHJ32-P7IG0,None
LTIM7-VHSA7-TMKHZ-JYNRT,None
WMYJU-YP0NQ-UVRQR-EOJXK,None
ZCVJP-BLLZA-R27WN-Y4MDP,None
KOWJV-JXX60-9U2FT-LV7CG,None
R2RU1-HZ2WE-XS7GQ-CCLW8,None
ENCQV-752BA-EPF3P-8PHV9,None
3O9TE-XR9QJ-YFVSV-4JKXE,None
OISLS-7YQHS-Q1KWA-7JPFV,None
UADSQ-4LGXH-AWJLD-L9LUC,None
CEO8M-FDZOP-0VL7F-1UPBX,None
VNVMD-85SBJ-EJF9Y-EGG4X,None
Q6FGL-F5ZY4-DZ3DF-BMZ94,None
UDP72-EGLI4-M5PNW-QGOGR,None
OOP8A-UYEPU-9XVXS-Q66SI,None
DD0YE-GU65G-EEJQS-DNYTV,None
P9YED-Q5FGS-BRLTH-YCXBZ,None
U0HP2-LMTZX-HLDYP-48FBD,None
OCRNY-REWGE-CTSZY-ODNPE,None
X5X3F-CNZRJ-3XJNY-ZALQV,None
IDW05-AMEV1-BXWJA-JGQPS,None
DWYUY-1XMJX-MUG7Z-7QC1A,None
UDRIS-WCN83-JW7OJ-GKF37,None
E7GJP-K1NYL-VRSTP-CS4X1,None
A6MRO-173YM-YRLQN-PICVD,None
FDRF4-AXYIB-FUJUN-3UHVC,None
QMWNJ-CRVBE-Y3ALK-ZA4LU,None
RVUXI-6SRUS-PEVXB-KKGD0,None
KOR8Z-DOL1X-X0LC6-Z1ALP,None
KJKX4-PMH33-CUWMO-Q1TP6,None
MBCCY-DWTTY-02EDN-K6OQF,None
DXRPH-GXEZX-MIUI8-QH1QB,None
VAFTI-CBSSS-1GMJY-UXEVO,None
AZKAW-ARVOU-LMBQW-MOU7L,None
ZKJPH-XIDOY-7NDVF-7COKA,None
IKIW0-3XOET-AD6SU-RJELC,None
JU4NR-F1GXK-BIZWF-JGHNT,None
52N25-GAKEC-YUTPO-SQKKH,None
DBTCE-TDVW7-GHQL8-MIFLF,None
FIF9P-WWLIA-V7OHP-TXUDF,None
HP4PB-NPV2G-QHZH8-IJ23P,None
KQVWD-D8YB6-E920H-CUD88,None
YCXGH-QASG5-9AHV7-7QBDD,None
GDNJE-L1NXD-KRIP6-HI2XK,None
0KQIY-AJCE1-44CMZ-RUYFT,None
Y4BSR-ZCRCN-DUKCK-2IKS7,None
CZGX1-JJTR5-O9DGN-MHZXI,None
NKTPU-O5JMC-Z22SV-PEQTS,None
HL8EK-R1WJQ-ERNYC-QXZ3Y,None
SUGJ7-AOHLQ-JP016-DG2ZJ,None
7N3VF-G3QEN-ES6RJ-ZAYHA,None
FALJ8-MUO1T-XG3O4-KTPOY,None
WBH30-JRNO9-QK66X-ISTVW,None
YOWET-4TPEP-UQAG0-DDEYO,None
H0F7I-Z4H8F-HOCMJ-OUAYA,None
WX83O-SRJYD-DHTMS-EKCU5,None
TMJAR-WNKTU-GFVTC-VCKYS,None
DHNQL-D3HQJ-USZKO-TJHT3,None
XM8XJ-PHQKZ-ARRNB-MSEMT,None
Y6O9Z-H3YEI-NUXXO-S14R3,None
SCMUH-YK7JD-IR1K2-6P5ZQ,None
EAJCM-MMVMS-FR7X6-5TE7K,None
KRWNB-FVHVT-RXA2Q-TQN47,None
FK37W-UUQP3-APVER-U8VCS,None
JOFGP-4ISYW-KDWHB-EOSWC,None
UIVBX-SKTYZ-OHDBT-LJ1WP,None
WT4QU-JOIFT-COP0V-ZXDNK,None
H7YNP-CCCU4-1Q60Q-0IXAZ,None
OQJHR-BCXZF-12U3T-LMZXX,None
EGOUK-QXL3H-7DV6Q-XUADJ,None
IJHRT-RPLBE-2FZVD-1PS9T,None
FJQSL-YOMUJ-1GHPQ-L9QGO,None
H17JF-QIULN-NWJVA-VFJEF,None
8YRFW-HTVHZ-IJNAY-M6K1O,None
ZVCYL-LFG9S-LAOTX-BYWXY,None
UQBKA-CM1GX-LO6VD-T8NYL,None
5AFHV-OATSG-O65W2-JNT8V,None
ISQKQ-K3IBK-LY2GA-VUQFX,None
WNTDK-OYIPW-T3QJ3-7I7FI,None
DY0RZ-A7BM5-5RYKD-BIZZE,None
SDE2W-2BCZK-31XD3-LVCVF,None
OBMUC-XUHUO-WSEEL-CUKZ2,None
MEJX2-2F7IW-AE0FU-RRJWX,None
GIFTY-UN2UX-JPSPR-VAKPM,None
OG7CK-ET71P-SKJQD-TEZR6,None
5BPB8-OW6O9-FHL2S-BZDMH,None
7782U-UZMGY-S48KT-GEYNE,None
R4G6P-Z0CMG-CCCMO-SZBDL,None
YEUSV-FVVJZ-PYTBJ-XWVSL,None
T2GZA-XYA05-EAWYZ-3ORUZ,None
FILE4-EASIV-M6RMZ-ES7ZO,None
C3ZU0-8G0IX-GKZBD-YDRBP,None
IW6QM-VTZ6Y-JUNNR-CPL35,None
RLSOB-RF47C-UDR5J-BMDL2,None
5JONA-NSBGW-XYPYF-FENFA,None
WMDHX-YIMDG-4SAWR-AB6BW,None
LRYIN-8ATZI-QX37A-BCJNV,None
FWQWZ-FWM69-UYLJZ-1ZG82,None
EXE3S-DF5IP-BQVIA-3QHBH,None
3HYQQ-ECAMJ-OPPHH-DOKQX,None
WAMW7-WWH2E-TBJEA-CRG4K,None
JCQPM-WQGNN-OIBKU-OR7PI,None
QEJRA-HFEPO-HILTM-PDN5U,None
C52GK-9NFWQ-GKRVW-MSHNQ,None
UZL0E-ZOBKP-JVQSP-ODASJ,None
YRJD7-BCB1R-POQHW-5FP7E,None
1URBY-TCFQR-ES0YC-P5TJD,None
R4HBM-9SZKC-7OG90-FBQMJ,None
C0OV6-3TSZY-DVJ1V-PES5A,None
FT4W5-YKWVR-JSYYD-UVEIE,None
AD5TA-XATQD-7JQUL-BVBY0,None
VPCLP-8UPRZ-TCQY5-ML0KA,None
F2UBV-EABXX-ABHYV-WUMIR,None
AEO8K-FFCQ9-GJYUV-9CF9R,None
B2C3H-4AK0D-E9E0O-IUXWM,None
PR3JD-Y4UIW-XXNTC-673JV,None
NGFYQ-YU8RT-AB2RC-XV30T,None
5WSK6-D8SFF-9YVUN-RK50C,None
3VHXR-9YKD7-EXKLC-RF8LH,None
VCRB7-BTKWT-8KUDL-IJRZD,None
KFGX4-IS8NI-TYFWL-K6GF3,None
K3T9S-SKBKY-24EK3-ZRDDX,None
BT21G-LJDHU-KJWWY-I5YRN,None
BM0TH-NIYAW-K3LUS-BZWYK,None
HGUBW-XPZ1C-WWXYM-WO6PL,None
IXR5P-KZHR9-3GUEO-UQRE5,None
HQHYP-HFQTD-TJMJO-SA47A,None
AGEUO-BNEIF-CHWDC-F4CTZ,None
G63Z1-ZLTGM-NHJTT-XGIJE,None
UQ7HZ-AUOYO-U96IB-U1R5T,None
DACQU-CGLLF-MZNOM-R4GBD,None
ZPELD-JERCO-7W0CR-KA2GJ,None
57QIY-UWRFL-KUWUT-EZFVX,None
Y4BDG-T5ST1-N5LF5-3URXA,None
SHOBX-ZFZXE-JWLDQ-5RTL6,None
C4B14-DLNVF-EPXPD-SUCAI,None
OHALB-QUQ8N-RKY5K-0YHIT,None
8TVHN-BWYYQ-QTKTR-XV4LH,None
VJG9A-4GGCL-ZYQX0-41TWN,None
FETWD-TUHTF-YHNOE-IUN0Q,None
TKUBT-TDEOW-NLMQ1-J3HYH,None
DTFTV-J6BIY-KHQNE-AJ8OI,None
OLSWW-NMHY8-6WK6Q-OO7T1,None
2ZC0S-DUTBO-SNDQN-WHK1I,None
4JTZZ-TRCB8-WH58C-CICOY,None
HGGOH-VQHWX-8R5BW-TZBFV,None
AU6SU-IMHB5-MEIKK-GFHGF,None
UIZ0Y-FTHXO-NNNCL-EXEQG,None
JVNK8-4NNKM-HZVQZ-3C75Y,None
6AS3I-RUZDA-6X68U-NXMMY,None
TIU05-SAZCJ-1SFX2-AFBPC,None
EZEQZ-RQQAR-K7AQB-LCT11,None
QDAIH-7F79Q-W9GVF-IWBCF,None
PLZRF-KLUG7-JGBGB-VQROE,None
OJEQ4-ZN4HE-8CYNU-3YRKH,None
XZZH5-PXC47-PK6NU-PKARL,None
YKIF2-6XGZJ-UL4Q7-QI5SH,None
HR5ZV-MRONW-WRSAT-0AN1I,None
IKZAK-BPFJ3-H1MRB-XKADP,None
NDNGN-06UVE-SDEEU-TV96G,None
1KWZA-WWG8H-6GKZX-KTQR0,None
WZ3MW-NHLYJ-Q3QKY-CFEIX,None
OLIBI-MJH2Y-9LEHH-XKJXJ,None
FAIRD-4WKJP-QB3SD-SSPCW,None
0WQLV-Y4QQ0-XVLXH-AY4X8,None
EGAMW-26WH6-JGDJM-PKLDA,None
UYNSG-UYQSO-Q8LW0-ID28K,None
UIS9N-TMIAA-9NXVB-88DEW,None
U1A5E-RHMDQ-JC3WY-E5VYD,None
ZZDUS-L4Y3D-CJ3XY-LOO1V,None
NTCSO-1EAUF-ODJNZ-AMNRM,None
8QENM-NEYYT-OHTTD-I2UXH,None
IODEA-U1SVA-UYVEW-MEQOM,None
RAMD5-NS3OS-IA525-JNLAC,None
KF8ES-FZDRT-I5GMG-LYNDM,None
6F6GE-IRSNF-V0FHD-DWZDR,None
4KJWR-TDXXZ-4XKOV-E4EUF,None
EDLXF-NXBWX-I8MKS-DESYG,None
SGBLK-9QGDM-FKDNP-LVYXX,None
REQPR-FIOGG-5FQSD-LJQHK,None
VTORU-VRJRM-PSWJ2-VOF69,None
C7TL9-PRSXG-O9GMO-26KKX,None
HNPCR-RGBX5-B5M96-NSHWQ,None
QRETK-QXJZH-SPTET-LM2SE,None
D5JWL-0RVMM-S9OFJ-KK0I1,None
45PFD-TLCKZ-K4YPM-9HGBC,None
HYTBT-SAVPK-Y8XEV-NIL85,None
LAULB-MAQMM-ZTT7B-VJ5TY,None
OVVFM-FU60Z-BEJ36-VGVVH,None
PZLB8-U0JXS-2V75J-H3GHO,None
CLBIQ-MSDZJ-BGLO3-6UA3S,None
PAPLG-9LABH-QVLJN-4U2XC,None
LLEGX-DRYJQ-ZFUBR-7CKMI,None
XY6EJ-UUQZN-RBNAD-ARLQO,None
SKP71-GCVAG-OIY0H-DFOUY,None
2ZUL2-GCTOM-9C5RZ-GSWYK,None
OG3OJ-WOPLM-QCJAC-U53DD,None
BTONO-DG5MC-99YVF-UHDVB,None
8EQMZ-OWL1I-ZE18B-P0TQK,None
J3BU1-ENWVY-9E20Z-SRHJA,None
J4YKC-FN3PU-EMOPW-GUROG,None
23GBM-YGWRD-ZNBSV-E9LHV,None
RL4R4-D7TUQ-HWWVH-MQ1GK,None
VIQKN-KDZLK-7DP1D-K0BIS,None
M3OED-YXCFB-BJZTK-EJSGK,None
XAKJY-Z76QK-MTJ4H-RD3HN,None
1EZZG-IRSH7-M5TUF-WGRWH,None
HFQLR-HERFG-CUP63-NK08Q,None
XP6KG-PMZVF-LPRHA-FBZJX,None
WYMYV-MXML3-ZAUWM-VBGNK,None
D79JN-F4PHL-RJNHP-TG4WG,None
JCTBN-0SCM6-9QG8T-U9XMP,None
TCUDD-SPDIH-KIFBW-ERILK,None
ENRXG-P9LZH-QXEE2-DXM5B,None
KY459-M7YEK-WVUYR-CPWMG,None
3AG34-ZQK8M-HOREN-SHAI4,None
UH5ZE-HEPBX-VBGC9-KXKRP,None
GP9SK-JBEWN-048TY-EFUA9,None
XFBJE-6TPHI-ABS48-GH8SL,None
8XOJZ-ORWNP-SVXWO-BHLVR,None
XWQWL-FXQ2Q-ZPG0P-ZGNLO,None
LUXQ3-DCQDE-NWC4G-FMGVF,None
LWNZH-MLK2P-LFR6Z-LI1AC,None
PVXPM-HGSGW-8HK01-HFFW7,None
W1TO0-ISOZG-UUBHX-9VWSF,None
XQ0JR-HXBXB-1SUPK-EZ4KG,None
XYXUZ-VBMVE-6IQDF-ORSIJ,None
VDNXL-FSENU-FZJQQ-2SVSB,None
YWXGZ-S984D-KEVSB-RI5TJ,None
I9NOU-7PYUJ-UJFLS-I6N8M,None
W0ZTA-3VMPI-XXFST-TKFWY,None
4IFU5-LST3I-EJIIZ-L5UYZ,None
BLYAP-S079T-2UPDP-ES4LP,None
MUTEW-KMQ0S-JT9AN-TFHFO,None
GDV2P-TO04N-NZ4AK-URE41,None
HFS8P-MBG1O-XP5I9-INSPJ,None
XJMTO-CR40L-H5J5D-T0IO9,None
CNTQS-8CK5J-OEVV8-NSEYY,None
NWUZA-MQGCQ-AIIX6-5ZZPC,None
WJUZF-UOSFO-21BKG-PXOFJ,None
4TKME-KCLNK-PRDOE-ZR2MV,None
7GYFH-FM31R-TG3WN-OOYYT,None
2VK5Y-TIIS7-GBEWY-FYP9B,None
RPJCJ-SK7VX-O13BG-QFOGI,None
X7AVD-FLGVM-MUZJK-S3E5Y,None
XL9Z1-Q311X-YV6MN-4GJAX,None
RVS3N-9SEVW-UZI9U-2VUJU,None
IV0XL-QCGCN-PKYS2-AI0ZE,None
FBTCB-BHZW8-DEHYM-J4ZZV,None
RQTHT-ENOYH-OOPIU-DMF8X,None
XZ9CL-SVZGF-CQMPB-IIURI,None
DMSDD-GZ6LR-QWIZ0-2EWEI,None
ILQWR-DRB1Y-G922J-XEZTT,None
T95JX-ZJ22X-4XFKL-UAAGH,None
A7R2F-PNXGF-ABFGS-3KMSC,None
HWZYO-NRUNW-KYDVZ-WJB6Z,None
4P07K-QVAXY-HUDBK-AKVRJ,None
G5TM6-7T9T4-1BWGD-KXKTL,None
2NGPU-XUXFK-ATJB8-U8BRA,None
U0QNV-VLWQU-FIX1F-NKDJG,None
GSFON-TWJC3-GB9SX-JFZW4,None
SCAKP-UFD8N-OID3O-GMP4C,None
P6XJ3-MHGOT-F3ELT-CKQN4,None
QF6CD-GWB6N-27MAS-SGDWA,None
P7J0K-AAVCL-DAMNI-4IFLX,None
3NMA3-Z6K6B-1ZSBS-TNTSP,None
YFGFD-IB4YD-YUR1R-UDJQG,None
YT1VD-VERXY-XMKEF-M0VMW,None
E3KE9-YDMCN-QXNAK-VCVMY,None
35PF2-HU1KF-EEQRI-5ANS9,None
REPXJ-6UPDX-FNW4T-0RCZN,None
ULOAA-MXZLC-RMCVF-G0QAX,None
1JUNY-95EUJ-1POVV-KMD4Q,None
FPHH6-KQIU2-JOZCQ-PQAXS,None
QUCBM-N66J2-TCDQ7-JZXCB,None
XOHD5-LGMSV-L7HNK-VZLST,None
FTZBY-RW7QE-JZ1O8-LGTAY,None
3NYCQ-6ZSNX-LAAXS-ULFIA,None
TGWHB-Z020I-FCPSC-HKRLO,None
WYH6Q-OQSUQ-ICVCE-BQNX9,None
F8RUS-RJE2D-VZGQI-XYMXT,None
SZZCI-SILUG-QHOFW-HEGMP,None
1ZLBW-KIXV9-TBSET-SVTXF,None
DONGI-UAGQ1-MSU5P-PRBSM,None
I4QLP-XVODA-ZAHQQ-9IDJI,None
QFR3J-JOEJ8-7WQDV-IPOFW,None
EESLI-A83XE-LGIDH-GBKRR,None
G2YQS-4QR2F-C2X3I-LLGD6,None
NX2NS-YLLZQ-RD1H1-OUZ2F,None
MMVZ9-QUFMN-6FZY1-H5GGA,None
SC30A-BTOQA-STBWE-NJDTW,None
DQPTY-HRFTE-GKANK-QTHL3,None
ESOSR-OLPRB-7O89U-IPT43,None
5UAWM-7JR7R-9X7MS-9ALLN,None
HKU4Z-LX7BN-QQEOG-C7JLH,None
N5SIC-I03W8-GC5JY-EEJHL,None
AABKG-D4RZL-UD4R2-5WDSV,None
FOMHA-YYIM0-XMV1L-Z3J7D,None
EZPAO-VFKSA-OCAZ2-T727M,None
CQYXL-XFYBB-L0PMD-XUPAO,None
PEPAA-DP0RA-3HUG5-QXNTS,None
UR3V2-N8N8X-XU0NS-SHDOT,None
Z5AVH-LAXPX-AW51S-K8CCM,None
QE6FI-PLAO1-N1AE9-J271F,None
98KLB-5S3QC-EHWOO-WGHUN,None
UA2JP-GTUEZ-9BPFX-X1WUK,None
VXIHU-AKGNO-KQHWY-YTMLZ,None
NFQ78-A3H3P-0BRQF-ZDEZ5,None
CRHUZ-IZJJW-TRHJB-TMQVK,None
XXQYM-22RBP-DJO05-FSWLT,None
NSSI9-XWGHE-MMGHO-8ALKL,None
82RBW-W1EAE-MOPBO-AQ9S8,None
21WWT-7FNEE-CRN9M-BCCEV,None
78ANA-IYO21-6LWDX-XOVWS,None
PKOBE-EDTBG-TTIZG-SW7AE,None
VN6DL-FM2OL-FTNCS-P3OQA,None
G7IZV-LEJUK-4RBEX-4FBOV,None
IKSEO-LPJR1-GT4C1-IC6HW,None
4ZTFF-OUFNY-BBIMR-ANUVS,None
OAWDG-3W1MM-5JMR3-SZHLW,None
FHUUO-H4R0X-GMNME-HHVY2,None
PVSV8-STTQG-JNW7Q-5TB9H,None
3DFVP-PQXPP-MVTLK-FPJDZ,None
J3Y3Y-I0FRV-KHKEJ-YAYQX,None
FCILG-E13XL-3KNQ8-O8NRF,None
ROBUG-NSI5P-XXMHK-BBM9K,None
NN5IZ-S40YZ-AJT5Y-VM0VE,None
ZECQL-CC97M-MRH26-HMTJF,None
4LXPN-FH7OC-ILIHM-4MF5I,None
RE1HZ-8JNW8-6AW89-ZNQEQ,None
RQGKY-KXTCE-RSKE8-YBBEQ,None
E9ZK1-LWQEE-HMY8Y-EJHEO,None
TNWUM-ZMXNO-S0QUT-ORUZ2,None
IXELV-WAW0U-APXKT-GANEK,None
KSR6U-QQZFV-HJRJS-9B1VX,None
1E4UX-E9G63-4AC5E-KYJWR,None
0JQVY-CFIWY-HGGWI-LL8DX,None
DJ0BH-PHJNG-EN8SM-XQAFU,None
9IKVE-Y2SM9-TGBPP-8UIOP,None
TMJJF-LHBIR-MLOCE-8DUW4,None
RVI23-ISKHS-UA9D5-HKJXO,None
PEA0S-I9CDV-PY4ST-LYE1L,None
RII4K-QPXTI-CTSMV-HVKQX,None
T9UKS-CV8GZ-TDQPA-JA423,None
WVTO5-G85FT-VTE8B-Z3RPE,None
8VNZM-QGYGQ-VJTOJ-ROHZH,None
6JFT1-1DB7Z-QEZHM-M3N44,None
ZTO3W-YEVFV-HZBPP-GTUFK,None
Y6LO4-CDIW3-YP1FC-GMWUT,None
I765N-JJPNO-IAM50-IW3GP,None
1YBV0-OHFAP-E7WRV-0CCN9,None
DY4YM-6S9CS-EHGCE-HZYVI,None
PDRWX-GCPP9-MF1RM-KH7EQ,None
JNXQF-AOLTY-CVXQX-B6OX8,None
14Y5U-P090F-XCX6T-VKYVA,None
HLXBW-MXTNJ-OIZF7-KRT8K,None
NZWEJ-TBD2Q-UP62M-MYUKT,None
9YXKZ-ACTTE-SXXKZ-LVRCI,None
BPIZZ-XTXY4-54PFY-TVY3E,None
HBTBG-ZKKV0-4HYJK-0ODX5,None
XUPCL-9JSQA-ESODW-TEFQZ,None
CV6GD-TKKHU-UZMU2-6KRGW,None
GK4DT-3KRGI-ASME1-VQTPO,None
44QHH-SGGUM-FXDSE-9QEPG,None
CJWX8-1JHJ6-UU2BM-N3H2W,None
U4ZHN-ZW48R-EHW5G-VCMLP,None
0EIU9-0DDUN-WFQQR-ZFORC,None
N9WYD-SRMIL-7ZRD6-XWGFY,None
EM9H8-EONKG-QNGOS-AHOII,None
ULDHR-DZ3ZP-7JD39-XHPTC,None
TSJWR-YG5ES-LIJSJ-UUYOW,None
6EBPZ-7Y7KT-28WSB-H54Z5,None
ISGSR-VRBBP-KYD4Z-0TBIP,None
QNBHL-SCJ2I-VXEJZ-DQ6JN,None
FF2AA-YDORE-ROVTA-FQS9A,None
O5WR3-V8QLC-04UW0-LYQQS,None
YN88V-8EPNH-JRNSJ-CG5CH,None
QKTWQ-SDPIF-DGBUY-IXQMF,None
69ZJM-LH0DU-UTMFS-NJMGQ,None
KZQL0-BIXNE-WFXVZ-91PGQ,None
J4S43-LK5S8-FT4G6-ZHJJ6,None
I5B04-ZUUBK-UJZXQ-DQP49,None
EL7DR-AUDXV-6MOXG-XF7RN,None
ACKIG-57YOB-RXPDU-69Z8J,None
SDZ1S-ADSZA-62XKF-LUE5S,None
F8B34-CTEES-LPIOO-ZA4JF,None
1I5DO-QBUUO-IGMRK-XBRG9,None
SA0CW-VPZRZ-YX2O2-FNIJO,None
C4IXT-HOJBR-2LC5Z-BPAWH,None
DAIHX-CYZCU-P90XQ-RDQBN,None
RP7XL-NEXM0-B4EG5-NDNVR,None
B6SQ1-6X1PG-1Q0Y7-UBR3Y,None
P36ER-6RJZU-L2QUS-XHQNE,None
EF4YN-1J45J-SXFNV-SYSPS,None
PKTVP-2GU9F-UGG3O-92Q02,None
GVIC7-SMMG8-SF1GP-OQLS6,None
LE6GG-83KEF-9XFLQ-PURHT,None
ESR0O-BZISA-SQ90W-GKHDX,None
SQ6X1-D6UTL-LGXNN-R4VAO,None
6ZGAM-U05RM-1KX8R-JA8ZK,None
3NRFM-BVXFH-WGSII-WJVOC,None
SEN04-RMI6I-TO2XV-ZBJMY,None
C9DUX-NPPZ6-VBYKX-ZIJ3P,None
LJY0T-ZBERR-DCGOT-OAY7G,None
MPRQT-NPPYA-VEVY4-CBGDY,None
VSYWA-H9CC3-SRYBF-ZMFSM,None
VVNJ0-U4KFB-IKU0Z-GNWNY,None
NUQNE-L4NIU-B9FGP-HJMWE,None
XKECW-XPZNV-TC7XA-CWTAM,None
SHQQW-GFEYV-OQLYX-VCCVM,None
YB9J5-QEK72-KNTHO-EROQE,None
JO9SG-FVFCD-RAUAI-VTTUA,None
FHVC7-OSOIR-YMB9Z-1SG81,None
TT5G0-OETOL-JGLJC-LCZOY,None
RHTDQ-AIPWW-8D3U5-1HV5M,None
TQIBR-XGGM4-YDHZB-KQ5QI,None
TITVZ-UP2LP-ERAKY-RU1X4,None
ETGK7-QHTKX-UMMUQ-PPJJZ,None
RUEMP-UHYNW-8CZTQ-7AYVP,None
V8XOB-UCUN3-PKTQ8-J35OL,None
5SK0A-MKKEV-AQ6H2-LCXPF,None
UX9RM-1YIGC-GNJHM-ZZLU1,None
ZAK5M-HGEQ8-C5WUJ-HJ7FB,None
AFSRV-8ERIL-VDAQG-UXQPY,None
D1ZG1-CCKCQ-Z2BLS-7WMYZ,None
MZC3V-WD5TL-DGLZ6-3ICBI,None
WKEBV-HWABW-RTCUB-J7GFS,None
N5VCF-H3MGL-8EXDK-3343Y,None
3OHXF-RLYTF-R78XA-W6OYP,None
47ZDV-23LOI-GTRAO-IKU1M,None
NRUYS-CFA78-8MNB3-7PZDB,None
AEK4X-CAWES-ADVAI-AFQ9F,None
PYPPG-X3FE3-WJUBQ-CYB90,None
8XI8A-MOYFK-5SQ32-7AY41,None
7NOVF-IZZOT-LFMXQ-WIFBJ,None
5RZJU-YA31I-GOAEI-XD9FX,None
WXTB1-8KIEA-TDBSV-EV6W2,None
2DPSY-WY6DX-XBIC6-JAYSK,None
4RHZU-EITAS-HTTKZ-CJSIY,None
X9JV5-TJIKM-ZVF77-SXVL0,None
MCN7V-JH3U7-RB9DD-GWMZE,None
T1T8I-BOZRJ-FXXJB-XHSIN,None
OPOT6-ZRLBO-PPRHT-VUYCO,None
2SXJH-SZRIT-AZI6G-AT0ER,None
SJYGR-NSPAL-E80PD-N8JF9,None
MC9ZW-XATAS-4TVHH-1MQVW,None
LUCUZ-2Y4XN-CTK5M-VR2JF,None
ENRQP-YOFSM-YFQRQ-2YSUM,None
QLWPT-Q1XDR-A7P0E-LGI6T,None
LBCEL-XHLY1-FKRFI-8C5RM,None
DCAVD-UDUEX-Y9DW3-IGABD,None
QBJGE-LHGSX-VPWDN-TYNPT,None
VJYGL-VBC0J-WGZV7-PZV3C,None
XIOVO-DGU8W-NKLWN-F7FMS,None
LIS3J-G0L4K-RNHV0-7TCPO,None
HCCEG-ZUOIP-WDRAG-PJFWH,None
6K9RE-RZAQ6-CBZMS-DR3WE,None
NOORV-TX1SP-0NXMP-MTNMC,None
1OOI4-TCI2C-2IFPO-PQEGO,None
KQVQ6-PU3PV-S5BSU-DFOOF,None
W4DGA-WQWQB-COCMK-OO9SY,None
DCJ79-DFHY5-PZEFX-DWJ0S,None
EFIRJ-MIA2F-1PSF8-7RVQL,None
W2CAE-FAAOV-3R9OP-9WYVF,None
LTWB2-XF0EF-LRFPV-ABM9C,None
MYCKX-J7URH-JVVR5-ZKXPW,None
NZVRY-UBRUF-C7CB2-IHWOX,None
LRXEF-ZL7TP-MKYXV-UILHA,None
URTWC-WBGL2-VU9AD-BKFAM,None
HHVZG-HQS5B-ZPJ1P-SVKGP,None
RCSFE-OTLHC-STLT8-KRVKQ,None
HDAIU-BLZ4X-9QEEA-NYW7T,None
WZ5MD-HNRJM-SCZ0E-B6KJR,None
QZQJN-AFAMY-C6OL7-QARMA,None
YAAQP-N8XHA-FRS3S-MZJFG,None
DEEKE-I6BK1-BO26N-BN1OJ,None
2MAGU-MM3OS-CZFBI-MYCNY,None
FUIL6-EJTUL-QXDJ9-7VHPO,None
PMOID-WRCOX-QCBG2-ZGW3X,None
FVXSG-HO5DK-USSXI-UDFRV,None
JRJZT-EN1Y5-DCXIQ-7IX9Z,None
6O2HW-IWA1C-LXQFP-1JMXB,None
SJTEE-TSW2B-JUERY-3HLP9,None
BXIT7-HRMOL-UR3JL-0ZBGD,None
JXQXQ-17HGE-XGPKD-KCQBY,None
EPGNV-UVLQL-6ITPU-TIDWI,None
KZ67S-DIHA2-0HI6N-PLEHJ,None
ICDDO-KD5NM-TIXKW-8WZWN,None
DBC8V-6KRRL-FYT0N-A8Z9Y,None
WRIPH-IJO17-QOTHJ-SPKH9,None
RJEXG-6OMT1-J13DE-UKU5W,None
MFABT-RMDJC-LPFNL-0TR2R,None
V0ZN3-8STEO-YKMJ5-HVBRO,None
C9RMJ-J9NOC-7NFI2-JOOYE,None
N5KDI-HPUNP-CIBES-RWYDP,None
FQSCB-0EKXD-SHSGW-BB3LJ,None
XFMGU-MUEIU-OINKK-4UVGB,None
QIGWP-UV207-J7YIX-E5V33,None
HX2IX-NTC2K-IWNMC-RBFU5,None
COK9Q-67UPV-9CO33-ABMUZ,None
PRNVO-IZ3YJ-AEQWM-H3AHK,None
DUXXD-X2ZCO-B8WAN-UAUMX,None
Q3PLG-KPOBK-WGCZ4-1PD4N,None
BYBAA-WGE0H-4OXHC-S09KV,None
GEUP1-PPEXG-HBVXQ-JFG8Q,None
KTZOL-CTJJK-URGCP-ZIWKY,None
ISICJ-FB8WZ-EMSNT-8MSVN,None
HDUYI-VV3JZ-ELQTC-8CUZL,None
NIZHI-VRREA-QKNIT-8ETGT,None
5CSC0-F044B-NEJMZ-E3FGZ,None
AXR7Z-CA9MJ-PZU1M-1GBVS,None
AXY2G-1XSZ6-HRXU8-ZOPDI,None
C3IVM-Y0QXE-NPF7P-U6QE8,None
4GCH8-CNEIQ-FMFJX-QDZYU,None
5BUFP-AF4QB-LPRF4-W3XO2,None
LSBT8-HCUKJ-WRDXD-NV8TS,None
JAHFQ-FU1A6-HDDUI-WJX12,None
UCWJQ-UC8LM-GDEWV-IAJ70,None
GU1ZM-4UMGJ-GI0PA-0ELKM,None
PGKOI-UGMSY-HAMW6-PXDXN,None
HS3TH-DBGTL-CB7EM-LCCGZ,None
EACFY-VYZMW-GZCVQ-GZNJL,None
WF2ML-1QB3P-NEVHR-JUONO,None
H5I1C-BHVJE-4K5QW-LWJFI,None
ZM4N2-VPUGE-EJCJW-OFYLC,None
CDPIH-1MHVE-1CFUH-JBL76,None
YRXSR-SUVYW-JRQJX-UADCB,None
UKI5Q-BZWX8-HLRJF-VH77F,None
IAZ6U-IUJVN-EJPKI-KGESN,None
CIM93-28JKY-KUT2B-D4TQG,None
3SWCV-DW933-UVCW9-L1YCY,None
VKTDI-I3Z1X-U6ULJ-FZRXS,None
5GSXC-KBZGS-SHM66-6DNJG,None
N2JFO-7Z6VD-LBQSS-MYCDP,None
LMMCQ-V8UKY-FY5R8-S4WUN,None
BBTKF-VZF12-ITJKQ-5YGZO,None
BXVGO-WS9JN-BXFBO-3V28N,None
FUMQU-E3NVQ-U7UFI-SH9ZC,None
HCW0V-2GYNH-UIBZV-0QYNT,None
MREJ4-MVRYD-QKFSO-SNQ9U,None
7AWXK-PUTF7-1FYKZ-G5DFD,None
9DIHY-PGT9E-PMUST-SHJB7,None
TQZZ2-XPHE4-VSWU7-RKFVX,None
8VR7P-QBWTQ-6VRML-JVKJ1,None
AQKTA-BOWOX-G5V3G-TGFIL,None
KLYYK-OWRMW-EPB7P-KHGWR,None
2LLI0-253DC-93ZET-FBDQN,None
2OWUO-FN1UM-MFFH8-A7AVX,None
1PULD-8PPOP-OB3XK-OMPLQ,None
H3TBW-TX9Y5-BN8QD-BHUMQ,None
5HKRJ-WCQY7-OSL1Y-CGTA1,None
JCJ9N-FEPUC-W44CA-75JU5,None
A9CTH-EM4TA-AYLWA-7JQXB,None
RUOZN-XIVAZ-O352J-KNKZ9,None
9LK7C-RCB6D-XUBP4-GCQMT,None
HG2TR-TGMOU-QNNP5-445WO,None
XHZQX-JGTIS-Q2KKX-68IV9,None
LUQIT-GL1YH-FSXGT-IEWAF,None
S56XD-J2DNK-FVKDE-GKRS0,None
M4EF1-Q7SGS-A3GIW-ISAEE,None
CEMUA-BNHOS-EPJL8-JJPKL,None
WDUVO-ICISJ-BO7SH-NUI81,None
MHHMZ-0YOB2-CG18A-S4FVU,None
YWZTM-QNZNS-RFTWL-OCCNK,None
VHB3V-ZPTPS-XA6HQ-WU5ZE,None
NDOYT-95M05-RE1RP-S7RRM,None
U4OBC-4VIJU-5DG14-YWJ6L,None
NJWFL-BPA7C-A4QEV-M7UTE,None
ZR3MH-KOGQN-4JDFM-F7OHW,None
C4OQT-FIM4V-JOSJD-BZ9SG,None
XJWLI-8NNH8-HRTOT-GSL3Y,None
96BGK-KT8A6-PW3PI-XDN0V,None
F9XEV-ZLN4Q-U8BWS-VHWFI,None
J0A3W-TY1KI-DYFUV-GYYTU,None
ZMZXO-WJQJI-CDFRL-MX109,None
ZL2UA-SRW8Q-IHUYW-7R7O1,None
FJ2WO-KXAFK-AMOKM-V8YRS,None
SJR1B-FAILR-K8MFW-VXQ4O,None
IOIGP-LSOGZ-PZQX3-F2ZMK,None
BIAKS-VUQJD-GD6P6-LDOHC,None
FKF1I-4HJVQ-58BVO-7C1E5,None
BGGOQ-ES6QW-9RCFU-XWPQV,None
HYMXD-05ITV-ZTNHZ-XOAVK,None
HOJYE-PPLCX-RJHZY-YY6PP,None
QCVBX-XFHIR-TBOU4-GAIEU,None
XHT3M-G4UBU-HSOCN-VBNBJ,None
YN6IL-S9BTT-KUP4Y-4X7DH,None
ZT4TP-V8HJT-K8ZSN-Q8WSM,None
WMDEU-A1AZS-3RPI4-FCEPK,None
SRRPD-FRXIF-MHUCK-DWJX5,None
KYIRW-F2YFJ-3UQBX-IKRAZ,None
SEU0F-WBH6K-EXQQT-TYSRE,None
KZ086-EPVOV-Z8BGM-YS9G1,None
8HV5B-2J1DJ-0IJBC-ZZ7BZ,None
MPGRM-TSZ4Q-6XLWL-QAE5I,None
8WR9J-NRNUT-V89VQ-KITDH,None
WPRKO-BGVFO-7CZMH-O815B,None
0LFEH-OGZNR-JDTOZ-IEYXG,None
GLQR7-JMLXH-X1H0Z-Z24KX,None
E86RT-F5RIO-VKYPJ-IANAA,None
1MXGX-XEYLN-QI0T2-5KAOT,None
JYBZF-HSB3T-QWZEF-E9E8U,None
KSSAM-QYJGH-LG2OW-USFBS,None
K2A40-PCKEZ-0PIYZ-KS4TJ,None
NHFJP-OTITQ-1RZHD-EHHUD,None
K8HKG-ASG8L-NBTTG-E1GN2,None
N9ZH2-A4ECU-9IGFU-TRXV4,None
IPEPH-2MSJR-OHT3B-LPNVV,None
IXUUB-ALKYN-UUPOK-ICC7Q,None
YCCRH-RZXJP-58I8Q-UJSFX,None
3LBJT-FMCIO-WEQD6-0OZKD,None
ZF249-L0PY2-H3CZ5-LWZ04,None
J2O1P-17INV-XIT1M-IJGPJ,None
GNP08-ARAGC-TOVUY-FZ28Z,None
ZT5IO-RTNV3-UZGBJ-ZTY34,None
UMG8M-KQD0C-SVBEH-OTGV5,None
ZJOWQ-L9LY9-MRFLX-ETB26,None
K9SFB-PVEMU-DKV81-FTBOS,None
MBWBM-3W8HH-WQMB3-PX0DF,None
IKCHY-ZAME3-E2XGT-0BAUM,None
LA4A8-5ADR7-WS4V1-AQK2E,None
ZTP1B-SMB16-DNAPT-CXLPZ,None
J6Z0J-JQWK9-5UM5G-6OEQH,None
9LYRF-ILTUZ-TAKLL-WUTGF,None
BSMWQ-CI34C-MFEYK-CK5VN,None
P1UAS-FUMG6-WF8KI-PU4PY,None
DMOMU-WHCMD-XFYZR-QFEYN,None
NEUHN-L2ZAD-NC2KU-HRYKI,None
DA9II-S0RWR-AT8AH-IA6KM,None
SEGYP-FOHUZ-RPRTZ-BYNBT,None
FRF4K-CD4WK-NVEVL-QM6NT,None
K32PC-2V3L5-TDCKD-XWSYZ,None
D3QZF-QIPB3-IOO2P-G1NAG,None
PEXZ4-PD5AD-BG3OW-8FHIM,None
QXK3A-IUDEX-FTMH1-ILHI5,None
XSR1Z-XJMRG-9TIPC-ZZEPM,None
8ZWRW-FCNTW-QUX0J-YRVKD,None
6SNFE-B4RU7-EPXH5-0M5RE,None
QLNPZ-A3DR0-OJ4XZ-KH5XT,None
5DIVE-FADBK-FDW2N-WW92M,None
UMVQP-NTWZZ-VP1JR-IFCNK,None
PXQUA-POORW-ZXROU-WAR6Z,None
QQFOA-ICFXJ-IDVB2-E2BBG,None
SNBSF-RD15C-ABZ2K-OOEJK,None
PJJAQ-D9WTB-SSGHO-P5ZUH,None
P0SQR-MFDPE-MPC93-U1TPM,None
ZXCPT-RUYMG-0XTUO-XR3MO,None
MY8LV-KBXWJ-ZNNSE-2AVHP,None
U2WBS-AOB2X-VM5MQ-FBMAO,None
76FI7-ZBTBD-VEB8L-YAVJF,None
ZNJNH-MLXT6-ZFE5Z-WTU1J,None
LLE6I-1ISVM-AYCIK-VLM2I,None
Z47PP-OLWOF-ZK25O-KILWX,None
MJ72B-GVJHO-BNMPW-MQJTG,None
BZ29J-SK9SC-K3HPQ-UMHRS,None
ELEPF-FB8AM-LNIJK-W2B2N,None
HOQL6-3E22G-TKCP4-MDPDF,None
K7IYC-X5HUD-PBSIN-OGDFB,None
AOEP1-33MVS-CLVCO-QO3ZA,None
XTNEJ-GKJVQ-AWZKE-LDDQ2,None
WQJEO-50HC8-MZ5J3-PV0UU,None
SGC36-CBVFD-MVMVU-TYP9E,None
EPXFS-0UXXO-DAXFS-QMQR7,None
AZUOD-HUD1M-HLCZH-JSECT,None
HAEVR-UHCLU-WSFHL-3YAWG,None
G634T-CVAB7-2CXDH-CGMBC,None
FA51S-9QUZG-7TN3B-SIUXT,None
XUTYL-XALJT-ZLVMQ-CQ6PS,None
XBCIH-YIWZX-SWA7C-TUGEU,None
GANT9-4OCHY-O7WG3-XSJQD,None
HNDQX-VKGAT-8T3XK-E2SCC,None
MNT17-SYB5I-EFO7Z-5PF4J,None
SU7ZM-Z8PYJ-X79J8-MLXCU,None
OFFV1-LITVD-RBLSQ-AOMIF,None
6UO4O-LUAEH-Y66MM-CVRM5,None
4FOOX-DFXGJ-GFPPB-N9MPL,None
IKHIR-U5N2J-KVXQY-XHK1B,None
PYOTI-J7RK4-MKY53-UPAFM,None
ZOQKB-6GW7S-CZYAD-2MVPJ,None
VTVOV-9R6QV-YDUWP-2EWU2,None
JI2UE-QSC1G-GQ0LX-BUNFT,None
QXKWE-O00BP-D2YMA-6M6PM,None
FMBTN-PWWNO-9R9QZ-CYAXN,None
UJSWI-VQMBL-XCAUI-RHITV,None
N3YSM-Q1FXM-TVPFF-5WPTV,None
DT3GM-AN3RS-RZWHI-RJUAW,None
98PXO-CWP0X-IDXNN-VWWO0,None
Q7ZFA-CGJ8N-SVHBF-CWIDW,None
CKC7B-KYQIS-0Y6ZI-0XQCX,None
ED0XG-PW4LQ-JDRQH-J4Y6S,None
W6MWE-ECO5F-1DT5M-JPVA9,None
HEOBM-FRDOG-QIA7K-RHONV,None
IGDQK-G0ZAY-J2FWE-WZM5K,None
GURZH-4AFN3-KHLR7-GUKMB,None
2KSL9-3O5Z6-L4IQ0-W9XH0,None
G6BMG-2FY8M-HWVB2-I4IVJ,None
PGMUO-6AW1Q-DEVCB-BZG2U,None
YW17N-FSJBD-KD9K3-JYWSU,None
36NXP-5GOVQ-BAO4Q-VICAN,None
LL7XH-L6AWB-Y3D9Z-KH4SD,None
AK9PE-U9SMJ-IDZTQ-AEEMI,None
XYCWZ-1LDTR-B6UKJ-HJD3V,None
8KTSV-GKVCJ-48MTN-YIEXD,None
FUDHO-YVNP3-IBIW8-SJVOL,None
HER5Q-1KC5N-IA8Q7-STNAJ,None
P06KC-IHTPR-QPXPP-OKYQV,None
X4T9E-BSV4A-4RWMT-QQA7K,None
J4C1G-ODSMN-LLZNZ-QNOG1,None
HMS8G-TUDHU-QO4WE-OORDC,None
KGIXA-E9UIR-U7CSB-5HEHT,None
67SXD-FBT2C-8FPY6-KIRDJ,None
B6Q3Q-3O1LT-BHRUS-USS3P,None
SUE9H-XJYGJ-0PZE1-MVO6Z,None
FAAZK-EFYHE-2X0TJ-NHRJX,None
4YJDB-QTDYM-4JWWK-QGSRL,None
CFH2D-EVLBW-68UYP-MTCLA,None
0G6PD-CDJTN-LBXFF-MTEY4,None
LMZTX-LB8RR-6IFE8-NGVHL,None
1BKZB-8QVSU-UDQIB-PK3ZI,None
P3SGO-ZO61J-KJV8P-YOJTW,None
WIHGI-UGU5U-POW5W-JRDSO,None
L0ZMG-A9NZ0-RONHH-HWYRY,None
UR5D2-AHXRC-BH2WA-UM6KP,None
PDNKB-YN9AM-YFJWX-KIHIW,None
QYNIN-SIPA9-X3F6L-HIXSH,None
6IZTB-VO0BJ-M0AKU-LAJJN,None
J4TEN-RWFM9-0KUFC-AQD0L,None
VNJJG-9D5HF-XNX8M-0MG55,None
ZWWOD-ZK4OX-Q1KHD-M5NBH,None
LIX8S-NFMJ4-9ULL3-H8FEC,None
SNCRS-VU0AN-QAYDZ-RUSWJ,None
S8IT8-O3HZW-YEEOO-B7BIE,None
2E4GD-YWJG5-V0CUM-2TVMR,None
RSXWG-2MBHV-XTY6Y-BX2TF,None
3XYUK-I3XPD-Z1Y3P-2AWWJ,None
LUHLA-AKIY3-ZTXWV-DZPGX,None
IXSNR-2PSXT-2PXGR-WJGDO,None
MCTAT-EATCD-HI9JZ-FOFFO,None
3ANGQ-XBALF-IPQHW-5OJTS,None
RTFFF-L6DPF-CPEJG-AVCSR,None
NMXIL-NNASW-8JTXI-ASERQ,None
O9DEV-WGFED-PHHED-MU0Y9,None
ERHGV-H8GM5-QFAD5-GMSVF,None
TCXCN-FO91X-XOW9J-S4XY7,None
V2WFF-RXBQ2-OQQYL-FLFQO,None
G77K3-AR9HB-YUHSH-L0APE,None
ZEOEJ-VPQ6M-EDK77-5MQYA,None
HHGOO-WSXQ4-25A1W-GBASX,None
D3TZF-YMW5N-HE1RK-PNQ6A,None
IA89C-OG1AN-N4HJI-ICEV4,None
OY4OL-MLQRN-LIA7M-3UA8Z,None
0RMIL-AA6HA-1AFBA-FAC0V,None
H5XYN-4EHFP-3KXXV-QJVNF,None
YFSIZ-P6LHJ-TROIR-FQ6XI,None
EFXLI-YJP2J-CWHQL-R68XW,None
YDIY7-TM4EN-OQ4HT-R5XAG,None
FMSSV-ZZWVO-ULNAG-PNB3A,None
FXQXR-XWMU1-SHS4M-64WJF,None
H4ZNC-UI40C-9W7PA-MRK3D,None
KLDG6-72LCD-EJDXK-YJNMF,None
4ROUO-G9WN7-6VWKX-200ZB,None
5FOTC-DDKVU-KYCVT-SB5BR,None
MIM6V-NSAVS-5C8TD-LH4VN,None
NGAT2-IRXOM-Y7GCX-KUADE,None
XEO5D-SEGFI-GPPBI-TS0TV,None
J1LIA-JQ9RO-JA9CI-TYV0Z,None
UQPZV-GVT7C-AHZEQ-0EHC3,None
7XJ31-AFFUJ-F5MFR-T9FZ2,None
WYBGS-DE2N7-OQO74-3Y9UH,None
BMRYW-ZFWDX-CRX1W-2CAFH,None
1LSNX-GWYCC-X1CYL-WLTKK,None
RF3JE-PZUO8-7BZQK-DSSCT,None
Z20QZ-WDCXY-3IX0L-J2MCN,None
PQWH5-IN8K6-Z5AER-EHE0O,None
HGCWB-5LQDR-JHC6G-PSAOM,None
D454S-3GEVT-9UE3W-QLXUC,None
XA0UQ-XZGI5-MFI4T-2VV8D,None
9STSZ-DGUQX-WHRHN-VUIBV,None
HWCF6-49CTK-AMCLV-008XT,None
SUUHY-XTRIZ-9DTXE-W92UE,None
VQYL8-YOJ3G-6XGUP-QQ2OG,None
IQLKO-QHPSL-FZGER-YRPAO,None
YFKFM-7R18W-MRISQ-07BJS,None
OMXNR-T5ASN-UCL13-PYUPW,None
PEUWB-88XSH-PZIUV-INXBR,None
F1KJ9-KTZ0F-00HCS-MMSM1,None
YRIHB-5Z5VF-XIFPZ-G8M0B,None
BSP8L-PN4PC-786US-19IDI,None
ACOF0-ZDIPZ-WKGHS-LECWW,None
U6KXR-93JKW-03K1T-IPRBE,None
EAA2S-HKFPE-046U6-RSIUL,None
ZKP8P-GRRMX-4R8Y0-BJXAF,None
MMX4F-4R6TH-KL53W-CZ2NY,None
TYHON-EN7W9-ZKOBR-RY2HE,None
DSUTT-UUZHG-MJZ4M-VEVHI,None
3ZPER-8AEMN-MPLBK-JIDZZ,None
KZADB-VJOAV-RXAF2-5AHSZ,None
ANJAJ-OCYM7-IZLSF-WTPH7,None
G3Z5Y-LRIYE-AYJ9Z-XGG57,None
DJSWF-WPT8I-T5UGO-DEBLC,None
DSRMA-TEP0C-UZEJK-THPA2,None
BVQ8A-LOTBX-X2GTL-EJIS4,None
S8TNB-E8CFP-PKZTG-GWDA6,None
8VEGH-1FHTX-ZGF7D-J1TVI,None
D95PR-YRLRN-CWPOA-HNWKZ,None
BA6PW-YUB0B-2NBJJ-XNGTH,None
ARQAU-FAP7K-PMGXJ-GHQCT,None
TALFG-SOBW3-1DYOL-5TBCL,None
AOMM5-P0QWH-IUNW9-MJVDH,None
KI6NP-XMJ68-PH0XI-QYGM0,None
PRWYV-LUZLU-QZEOT-YCAOJ,None
PXWNL-OPNQF-I4EX4-JA3FH,None
8GFLH-LEKQW-UDUM8-IAFAO,None
07ZXZ-90JN7-KPSZ2-SVFDT,None
STXW1-X9DCG-VDTQT-MUWFC,None
F8TEZ-UQ5AL-PA1VJ-MEZCC,None
ECW9J-9HFLV-AGSLD-EK8CI,None
RETWV-LMPRF-AX8VB-AOM8H,None
BVKVD-RZUT9-ZUTJN-XZ2Z9,None
L73NR-DLSTO-QSEOW-CFUEW,None
LTEXZ-VZ98K-JOHEQ-UP9C8,None
WKPLZ-Q10AC-WF8SL-ACDYA,None
BJ9WU-QFOLJ-9AQY8-3DLSR,None
35JD9-ZDYQL-1TVPQ-JFZQ2,None
PFIBD-8WDMF-C9OHI-TD6F2,None
MXBOC-NOQRR-72A86-C8EUP,None
M4WXQ-SC7UA-WDHOB-ZYBTY,None
QCE5W-4ZLLK-96SSR-RETOU,None
NGQRG-EMMWX-ZUHQQ-JM19N,None
C8JBH-Z3OD2-FK47K-MCPNJ,None
BYZRQ-VCIY3-T05N5-ZMUUB,None
QLOJ3-UYYZN-7QTKV-TH5E9,None
ZINIJ-XA0IB-UZ3JV-N54K4,None
E5SI9-BTRCU-BCHOU-7JZLW,None
UM4BB-VZZTZ-P2GVJ-5GUBH,None
OZDOH-B1VUD-PELZ0-MIS6X,None
IRN42-5W0MV-C6IBE-O2MBS,None
KYGGS-ROYWS-IAOOD-RNJGK,None
NRS4Q-7S8KW-P6CJ5-YTXCA,None
IQBSA-PPF8U-IKQB7-REFLZ,None
JXLJG-ZV7WL-THHB5-YLMSY,None
PZOKY-KJ74H-OGQRU-YXLZ6,None
A25TM-Q5TVS-UVHCN-WKRRP,None
KDPHU-70M4Y-VZSEB-OD9LP,None
YGOUR-2FSJR-TFLH3-T7OQS,None
EQWPI-S8LVT-C2M1I-7VSHO,None
N69WR-GMJOP-ZYCQH-8SUHR,None
SMIJS-EZ7UJ-ORWCG-D4QYX,None
QXSFE-MJWAC-ABBYP-SHRUJ,None
FBQRR-7HIGP-JTIHZ-X2FAC,None
ORLNU-JBIUM-GLHEJ-APZN2,None
MAYDO-PKAGN-OY4HL-7XNHP,None
ZPLST-JYPKO-HQAP5-GCLXA,None
ILG96-HNQY2-TJ9BU-ZJSCN,None
KBHAP-KSWN2-YFQHU-R8NZL,None
PRGFI-4R6OH-K4FVF-AGJOJ,None
W6VA9-TADCM-5JXOJ-5MDUC,None
UEM7I-QTCF5-6X0EW-CTVTE,None
0T2Y3-5EUPZ-25YTT-2I1FC,None
5MTVP-C847R-VA4FE-1ZGVF,None
F7QJC-9SQZ0-YDDQY-LV6DU,None
7QASX-KXISG-UQC2W-MHZAA,None
6KSH4-ZHQBA-KNSJK-P7SRK,None
2NROO-UPXAR-UBK7J-OAEN8,None
ZZXHY-WUYTC-G2W3M-S7FGT,None
BBV03-QJU8W-T2U8D-OBOZT,None
V1L9R-XLVXW-EKI0U-V9O4L,None
TI6GM-95ZRV-A7FBX-ATIEZ,None
13T3L-FYRNQ-GQNBZ-FDXQE,None
RUEDK-TFY2Q-EPTLK-NPWMK,None
OTJDG-RCD4H-DYANC-O7RZK,None
TVGXA-E27YI-J7A4O-GN9LT,None
REYS6-R2SOQ-UE950-STYY8,None
3DXHU-V4EYC-TKGCJ-9JMBM,None
9SDNK-STTLV-2AICI-A1C2C,None
FFFPT-4SURW-Q9T8Q-H67A8,None
EXNYJ-GPIC6-DMS4Y-6AEXF,None
DDCGW-PXAQQ-ONSZ9-DZROK,None
3A9XT-YHYPC-7ILWR-ADHPJ,None
7SENZ-IP3YU-G7ISO-4QGLH,None
GWVO5-FRVYJ-G3MGO-XML2B,None
VTKFC-8PXZS-27TN9-RPFCD,None
PMIH1-O18XB-4QRQC-YONIA,None
H4KYQ-LPCJQ-3HWJZ-T048U,None
IA3TC-Y8PBW-EBCGG-NCODO,None
EADFX-9OG8E-FVDVW-EY50X,None
VZYAO-NXLK9-VUBQN-6T4UQ,None
DZYXR-ZWJRZ-H9ZSS-77O03,None
DYIJG-OY114-AIEJM-KTSLL,None
RXW7T-0GUIH-GPT8T-ZUAWT,None
QA2GS-NPJMI-2WF09-B5IIV,None
RSZ6Y-IHVG4-JBSWJ-WM9DI,None
XKSP9-B4COQ-SL0JW-E9QDN,None
NQ8SP-AVGWB-HJNA4-BGY34,None
HW3YD-Q2KPF-FWE7W-AVHFG,None
M0TSZ-43WP8-BWG44-4BOOE,None
IRSIQ-OUSAT-ZILTO-PWJWE,None
JVYNS-6HQCW-WQDDU-RBVT7,None
DUYAA-LJW2A-2PBAV-DUPEH,None
TXCXU-WD2IP-KGIZH-GSGMN,None
WPTQW-7XWOH-GOXVW-JCFWX,None
GJX8Q-CTMNG-I7GDC-ZYNMM,None
S8ZP4-CSWHM-K9CS5-QZEDI,None
NKLND-BTD2K-PHAGL-CHZ1Q,None
B0PCI-8I6J6-Z87TE-Z2FYU,None
2XTLT-2VTMT-WB0IR-XFCN0,None
0E9DF-AMXPY-AOQ7Y-OMC9T,None
CJUDL-XCUSH-RCUQJ-HEOQY,None
WOJB8-Y38FY-DSP4X-IQA0J,None
TBYKE-AV3PO-FXZKY-LY74C,None
EW115-NXP4K-XRRAJ-YXQR8,None
ANZLM-3T7P4-JTURW-7ZP9G,None
UB6WE-F7QDP-5FQPT-PSQYY,None
Z6O4D-6ZHNT-SQXJT-QKLDU,None
SYGI1-MAA9T-UGC2I-IQFLC,None
IDYZW-AKB7A-YBQJK-0C94A,None
FUPKZ-PHCXY-4MDLC-ZR8OU,None
KPJDK-IW67I-KUWWC-YL54Z,None
YGMRK-CEA6O-BQRBM-6HRUU,None
9TA17-6YMP8-ZNJ85-GQU19,None
3YMMS-KFJR9-UJH1I-TQIWH,None
TSWOT-4XFB6-XLIGQ-PEBRA,None
TBL3P-QBDUP-6VUOE-R0LM5,None
DSPNI-AMXW8-FE9OA-4GLMN,None
NKVIH-TKTBE-TLK7I-AJN5E,None
0JACG-HVJ6A-MB9ZY-LYTYS,None
BLBDA-RER39-DPJ4I-CF0DX,None
CHFN9-RLVVG-5ZABV-QHROU,None
OGSLO-FFZUO-B2T95-UZDYW,None
TJJVI-JXWTJ-O8NSS-82QW7,None
TZPOU-VKXUK-HUNJI-EK7HV,None
XPNYW-2Y878-UFZ2M-FH75M,None
CQSZW-MLCCD-HSVBL-QCMLC,None
PBGWV-WCYKQ-PVM0B-6T2ZU,None
TQYNN-GT61P-DPXI3-YOGZU,None
HKGBE-5IZVS-WPNTV-2SIB5,None
ABTV1-BOIO5-QUCLK-XY4C3,None
J6913-I03XB-LALI5-4R98Q,None
CY9UI-DDFVL-VVY21-CXAMH,None
4Z1JD-JIA9I-FBRUG-IFFGI,None
MFP7M-FJOE9-78YCX-AEL9B,None
A0CMX-EYN1V-IDNLI-WIYS2,None
ZO9MW-IT6US-KJYXC-MZKZG,None
FZZWG-IVEDY-ZD2ND-Y56LY,None
GY3QI-4FJOT-JUKKC-UXCPE,None
YMCGW-IYRER-RHMEV-FRXXA,None
FPZNS-H5GPN-6HKX0-4ZLJZ,None
IOYC7-OZNJR-LRQ22-GV40D,None
KNZCX-ZPSBU-7ZD3W-RZNRQ,None
KASE9-QKSTP-CVXKM-RKZ9X,None
TEIEJ-JFILN-URWJQ-3NYLG,None
EAI82-UVGRC-PCE6R-SUEJP,None
5ZRM7-WD8SQ-V4QRJ-G6TTO,None
BRX28-CWWAD-38PRD-RPKOK,None
KISRH-4URHX-XYVL1-BEKO8,None
SIBFX-8HOIO-5DI7C-R0EFI,None
4MUBQ-QZNZQ-QQWBJ-RXHWD,None
RPZPN-XIRXA-NLTGZ-DJD0Y,None
UV2DY-0XX9V-XAS15-8PIFZ,None
KR0DJ-7F2BH-55B9H-SFYZD,None
RZ7YL-W0PK4-3SP20-JJC8P,None
D2EIF-DOK6K-SPYBC-B2QG1,None
V05ZQ-J1DL9-NTNA5-MM8FZ,None
QMYWA-IZKYL-NMCEP-YLPFV,None
ZEQFV-XOPWN-D54BB-DICVZ,None
TZZEA-YRKUU-ONUWV-QBFNL,None
NIC64-OUYQM-TAO0L-WDQBG,None
IKMLB-LJB9R-E7OUZ-TLQDD,None
ET805-WKWCS-WTSX8-9SQS7,None
EKGMH-LKQWQ-KQ4OV-HVOG6,None
JPFGX-V3C8G-VBQLL-1BEDQ,None
NUO1G-G9QYI-GF6I8-XAKRS,None
KAN9C-KL1ZV-YJGEU-CPPPW,None
HFL5B-WCOII-93YAM-6J472,None
DUBTH-F17AL-W4IZM-EP5NJ,None
RKIPX-GHKWX-GFW4H-BPW18,None
GPVTX-E4NWD-93OIK-WLZTJ,None
X8DWE-TH8FW-ODVAO-UPN32,None
M3IOU-PSWK5-BAZQB-5LHZX,None
IV3ZP-GIMCW-Z0GMG-YZHCV,None
ZVPLU-5BMY9-UYUUC-WOIHN,None
I5YW4-XIQY4-4AXCJ-IFOBT,None
7MXL5-HYX9J-4FPG1-OTE0I,None
6LP6W-UXEHX-FLQWZ-LVKHF,None
HIK4Z-AZSUK-KGUBB-9CAJI,None
PHFYI-DRCZH-UGQ8X-LAH9B,None
TWKCN-G1U7I-KYRGD-JLNFE,None
QGYFN-QVRSF-N8A7O-XHSD7,None
MK16D-FQ8QT-ZU8YH-GVKYC,None
JOBUA-XPSLL-PKD45-GZVNN,None
R125P-YMSGM-H6EY4-L4Q2P,None
OULNJ-57RI6-UPVPS-JT8TS,None
ISHNA-O3DWL-4WL2J-H7GXR,None
N0OF6-VEO12-FCSXR-W1GNX,None
N47U1-P6MOD-GKERQ-DVI2V,None
18BSL-BDW7Y-7EAWD-BAFJ0,None
XUFW8-KYACA-NPAIT-BEHE4,None
IDTTP-E2D1G-MTDKJ-WECK7,None
DEAUG-HCD6H-GQLB8-GDXWC,None
WKPFM-OPJV9-GDJXL-F6NIU,None
UTNYK-IALX8-CFUG4-HXVWC,None
RLHEM-LLGNK-UQO94-FDCQJ,None
VKNEB-U3HDV-FCBIQ-HKPSF,None
TJO16-DL6I7-FHS2K-SL0D8,None
A6EEM-HWFNR-QYMO1-QQZWM,None
VF13A-HPKZP-JYODG-9L9YN,None
CUR1A-OWS3U-TLATK-L4TNX,None
602JG-WDRKX-ZJGCO-TSTRW,None
U3BLH-IOEKU-GJEL8-H9UDG,None
N6T87-PULBN-72BUE-AGG7R,None
CK53G-ZHQ7E-2NZA2-ODO6R,None
9QHAR-8MQSB-2CEBD-T8XVC,None
LWYHV-UN4YW-ELQNQ-LYGIZ,None
7LHWU-SDNXT-VU0QR-ZRIRQ,None
UA2ZM-DXUKD-B2JIF-ZSCPS,None
YR9Z3-RMJLN-REPPK-SDKH4,None
RPFAQ-SE5XJ-A3K0C-QGEUP,None
H8HYY-HKINZ-CA2BR-CPY0G,None
BGFFD-VFF1T-YOVDF-LX44U,None
YENTK-8GY6D-3XBTO-74OZI,None
MCBX8-FDVE2-EJGI5-LQ5QJ,None
APZM6-RVKYO-UAJFF-8HDA1,None
FMGJG-0ZCQT-XV9NW-8YHXU,None
2EW0Q-JZLL8-NWF0X-9ZY8Z,None
XMYJR-3WCPY-LCTXT-QPW5X,None
JAVRA-IKWTN-RMP74-QKUBE,None
RQ9MQ-6IAVU-OD9F3-QXO4O,None
4O8KP-VLMJC-XIBQJ-2EP4I,None
9NISB-STXIP-9ZN3L-4SQAS,None
WCENR-YDGG0-FXCAW-IMHJS,None
F6LRF-V8XGC-OGAKM-3MXBS,None
AQUY1-GV5JU-OZ75H-SVRMO,None
LTINJ-1DOD3-IKMHG-3WN0Q,None
UDY04-XDGW1-SUQJ0-AWOXA,None
SPRHR-BIGJH-TKEYR-JU06L,None
5MLKF-IH61Z-WPVBR-W3PRC,None
RW82Z-2BNER-4AKC5-3L9WV,None
0SILA-GF1UR-CJVJL-BROLX,None
S2SWO-ESNH7-70QGA-ZCXUR,None
LKFVJ-7UNXI-CKCHP-BEO69,None
NLOSE-UISU4-7J5VY-00VSD,None
9F8ID-4I4WO-4NTMJ-9AJLZ,None
KQSJ1-GM8ER-QWEB3-STQIM,None
SYXPE-DLIDK-MMOVJ-8BE8H,None
2V5W0-F9MDA-EMN25-H0UPL,None
MS7HA-0Z0ZS-8C5QY-FVG5P,None
PCPEX-VLWFE-HH5LZ-OQ9MS,None
EFPFX-9DHKJ-9LCW8-UNYSE,None
MPGUR-3EIKU-M6TM4-6IREJ,None
P1ZRS-MIDUP-F8XE3-E0MI3,None
POJGC-QPGI6-VRMNU-BV1WI,None
NN1NY-G3UY1-QA3LD-UZPWU,None
FWZDH-D78CM-LT7PE-UDLPQ,None
2X8QE-EPX24-N8SJR-L4Z8G,None
VZ3OW-RAURP-AEPEU-5VISD,None
QLDH2-ABIPO-3A55X-IMF99,None
OAFYF-6Y4TU-K5QAV-0QO2O,None
L1ITQ-4CTSA-QWSLM-SPS0F,None
TKHIG-PTHEZ-35TUE-9ODPC,None
FAVMG-UZZLZ-9YVCN-V7WHI,None
OLBGZ-YSOIC-VYTUO-SNW5X,None
69SID-8A2JA-TQTIZ-QEF81,None
MM3XD-C0MVU-HP4O0-L6P2V,None
BFYJK-7RAJO-Q2ORV-FQIYK,None
ILJAE-MZYTG-YQ70Q-XJZ0A,None
YYQTG-VU4QI-4EFFW-SXYBD,None
5A9EM-TIBGG-PCAEG-0BOZJ,None
F6T17-FVDR7-P7LH8-ZAP3F,None
GYARO-69DO2-UB11V-Y9CND,None
OQJWT-R1D28-5ZYP3-KUR7V,None
L46OZ-KJWCP-5XXV5-WCZSG,None
KXACJ-Q3QZO-DGBSM-XRXNH,None
PRDQJ-HMEFT-TOMGT-O90HN,None
GJ3UB-EXVQA-UXNAG-N6AFK,None
7RECC-JVGUX-OF3Q3-PCO65,None
RAQQI-1SP9L-7ZQRQ-KVERG,None
T0RJ0-ODDGD-XTQVL-ZAADK,None
HPMYK-EVZN2-5U5TJ-BGBPJ,None
CZX7F-AOBJV-SXDWW-5QW0J,None
3QWXW-IPIU2-IHW5L-XC6VX,None
M7FYH-FDC7X-JMEEJ-0PJTM,None
XJRJR-NGNTI-XVPNY-WMP0M,None
MQGHU-MPG3I-AAOHL-BDGMC,None
IAFHF-F6RGC-9LI4J-EPH7H,None
K0O4M-RNRRW-433ZT-UNHTI,None
X4CYK-HYXAE-5AOW9-EXAPZ,None
GYDOI-QZQQ2-94R2N-WJEKC,None
68L43-HE8AS-44YVJ-4WB0M,None
L7XC5-IZFAE-BX9HC-7QIAJ,None
IZOKK-WLERT-XPE6J-LVQDD,None
D4MCX-92VUM-YQOAO-RJ0NL,None
4OJGL-IYYBE-GI96B-NBU4M,None
LJB4I-LSHW5-FTDWG-8WPK9,None
2VABJ-VURQP-GSRAE-82WI6,None
OADQN-NVSQX-4KJTD-OGU2V,None
O01LE-CIB4I-ORZHI-3HGPQ,None
WYJJN-MT2T1-E1M0P-BOCGS,None
ZUCGJ-GZMT4-UXKEX-UBSUD,None
OZZSH-J137N-GKQ3I-A1DGD,None
97LC1-OLMBE-BEHT9-UZ52K,None
CXI9B-PZFFZ-MAFJK-7PWDS,None
NOL6U-OTP3K-K4KWR-OSOSL,None
DKQMZ-RXVL8-SE3MA-NGMGS,None
FB8UG-SAONW-0DUWZ-1L4BD,None
PDLYR-IVXBD-ZVMLU-E2R0O,None
B4V7M-9FC8B-GPFYD-D2LD6,None
R6ZAH-ZD9KC-ZNYCS-XLUAN,None
SMDFW-FL8KC-OUR1J-E94LB,None
KEHBF-10J7C-RASWR-0DVCY,None
RPQZD-ARCEJ-MNBQX-QTD5X,None
OTCDO-ITWCR-NAQSI-TIXRC,None
DOJ0K-0E4DW-PXIQW-RITGI,None
RCIMO-IYH5M-OA9FH-5UOCT,None
KKWJY-M0DPB-MXB1F-Z6GUO,None
NVXM3-BYRZQ-WKJK1-HJXK1,None
RLQDV-ZCU4L-GZGPY-3D2PW,None
GYRY9-NNIZ0-C6LGF-PWRZX,None
T4B92-2LJBG-KA8OR-IWDDX,None
FVJUV-INDUO-GBWZV-2YLZR,None
SD5PY-5JREV-WANOW-EDV7E,None
DKMR6-L8457-1OML3-RWYSA,None
E6R1U-MTIWT-HIVYD-JDT7J,None
9FIA2-VEW2Y-JAPCV-CH7LS,None
LQNLY-H9I9A-PBVQM-J9FRZ,None
NZZPR-ZYVQ2-WZPCB-YJJMG,None
ED1J2-B3DKV-NM2UG-IXN2S,None
JEXCD-ZFLLP-3GGVL-RJ3LA,None
7AX1K-ERTFU-H5CTX-KMUPA,None
MT7ZF-MSQKV-PWQ4X-GPDN0,None
UDLEZ-JGDFV-VUZ21-7NBHH,None
BKJOP-KA4NY-GOY3G-22XEW,None
V9ZNT-JZJLH-VSLNN-JBJFW,None
BNGYR-5JW7E-RWB3A-MK0DL,None
VVMKL-EK3UM-IMVGF-Q2WQE,None
UO4QS-76ZZL-JT3FN-KEUAK,None
OT2R6-MJTCF-VGD1B-LSUY1,None
XV2KR-JO99B-5MYHI-OG73E,None
FDICK-TOO07-GUMJR-UJGHZ,None
MNTAE-ZGEP4-SRAOR-53TGA,None
NDDXN-L0QKY-ZNA4D-TEJPM,None
HNDOQ-8KNJN-D4NC6-PNBKK,None
9MH4T-GGFFR-GSEI8-QXESE,None
UB4WU-IWOMR-ZZYKI-DORXN,None
XVIEK-36ULE-ZICY6-4CKTM,None
L34QG-AWWAQ-ZXRAS-JYDAZ,None
Q7JIG-0HAOT-Y50JR-P7ARZ,None
AD9F9-FBQ8J-APBUL-E6GRN,None
LEZ2B-IKUBV-ETSL7-0YNSQ,None
PDUGF-TLFMQ-4VJPU-7RRAM,None
FZDL3-ZXJYO-4YEYS-LZUSR,None
88ETG-ZOECP-BUWCB-IIQSN,None
YFDGN-W4VO0-F6IOA-TEAWO,None
7H75R-7QRYH-PFFTY-FD3GN,None
ORDL7-GPWWW-G2FMI-MOPBZ,None
PUCG7-MSVWB-AKUZR-VX23K,None
G7RPO-T1ADY-NFSGI-GE5WK,None
6O2II-EISDK-XKVNU-5RNDX,None
8KBPV-6QLOB-JVMRA-BBGWP,None
HOU7U-LFKZP-1EPKD-XVYRN,None
LPAAW-MQXTL-K5ETY-PQQJN,None
XQKHQ-M6EWG-UR4DL-VMAIS,None
ALLHO-AFMOG-KFEB6-SVNZA,None
CI0MK-PARKX-LTMDG-EZTIJ,None
MBO4M-9ZWXK-BSMQZ-ST0D5,None
SQNZ3-B9QLN-SCGG3-7GN3U,None
IKNHB-BD4IH-RSIEC-TDWAG,None
CIWMX-3LED5-3DXTK-66CTY,None
X4TUR-KUAF9-CM4XQ-9KXYN,None
SRLBD-KK3OD-3112B-LOWOB,None
QPYKS-CI6HO-DFUVW-M2IPZ,None
N4NHG-XIZN9-0MDSF-RVYD6,None
PCS8J-JXB7C-NSKPG-BPW43,None
6VCZX-R0ORW-SJ6EM-EE929,None
RKD41-QVDEN-ITORE-ZINNH,None
AGZ3Z-PCMUG-MRATH-YBTVA,None
3LN2O-E2TVU-315KS-GHTHC,None
BLDUM-Y4XB2-PMAVX-OZHAV,None
QWLZV-RH8FE-QQDRJ-39CEO,None
ZAT51-WIJIS-80SSC-WJILW,None
3CNHZ-WUS0I-LDBNZ-UWVL3,None
KIPXF-PGN0T-KHCWE-WBXRY,None
MWLB2-12X4E-1MHH7-TSZ11,None
OHBRL-RKB25-RMS3I-6WYYV,None
1TGNQ-OXLJC-XJEA3-AOL75,None
U2YCI-0EIO9-JVPM3-NEN4F,None
6NYPG-BYAVY-XM0PK-WABK1,None
E3COR-LQNKG-DPSTP-3ORCO,None
5CEIU-JAXFW-GSGB4-ZOARV,None
1WW2R-EXSPW-4INOQ-5CHBY,None
QIB4O-9GE1H-DH0ID-J920S,None
HMD19-95XQO-5FFEZ-WNO9I,None
HWFOK-DV7QG-32KTV-5PFXM,None
JYMXO-WDKNV-NJBJZ-PVZLQ,None
RKNGK-0BRYZ-2K8PS-VZXU3,None
S8R4G-BI3TN-MDJYG-59GM9,None
S0X6N-C7T9G-YDFDE-9PMYQ,None
GZNQZ-WTNHO-TYUGR-LQ9SV,None
JBURG-U9SZN-7ADSM-KG0RK,None
CW2FY-J8NK3-JU12D-KSGMQ,None
ECJBD-TYWQD-HUPGX-G2SZU,None
Z6ZDS-PHDGP-S0XUI-WMHYH,None
PKHHW-FJHID-PGV84-FEG7W,None
QZ8YR-WWZZH-ZVWGC-9CWZT,None
BX0BR-A49D6-NGTQY-QMJXA,None
PCFJR-FPHXD-BHHWJ-KUAAG,None
1RKHW-N8BGG-XO5L1-R1UNF,None
ZKBAV-JP4IJ-Y3KBL-MEDSF,None
CHCCO-ANSVG-Q4XUP-BTZE5,None
ZLGA2-BV5OB-HMRJP-FBSBY,None
IPZKL-BFAIT-JCKZ4-M9RAB,None
LCEZ7-GDI5Z-HUTKM-A3HUO,None
EZYJE-0VW05-KZXRF-JPUGL,None
O4RL7-E3O1M-SKSU9-MH3EN,None
SSJFC-OUCIP-3ZPJR-M7K9Z,None
GLMLG-V2619-8X25W-PGTQR,None
SODMA-KOG2L-ANDAW-W7BEF,None
LJNDD-PHWZR-DZFR5-BMVDY,None
KVJCY-9Y3IH-FGOCP-XYWG8,None
9CZDO-0MALV-EKU4P-T3O9C,None
NH3BJ-XG7F1-L6AEF-LHYGB,None
N1PEP-NVSKQ-HIR9D-3GAKK,None
7HPIH-HXM5D-LA4IG-KN7YA,None
OJWAZ-USR4W-1IPNI-POIU4,None
AJNIT-AE8Z8-LJNMY-WETP0,None
LXHXB-FC30H-U9VQ6-ULSXP,None
TELJH-9VKDW-CX17Z-YSU64,None
VP2XE-QTBXH-ADR7B-7WWJE,None
MV8UR-E6YRP-Y8EME-RHEEN,None
FQLM9-4QZTC-V3V2H-08WKJ,None
A4GDA-CUDNR-XXVRI-UU53V,None
WQ6XK-FN8YO-QYAIU-KTBOM,None
WLIOR-JCBGH-2MVCH-MTHSS,None
5GTMR-IRYZP-DXNDI-929S3,None
XIFFX-GRSDM-7BXOC-ZVHEY,None
2GQKT-OTLUT-L7DP8-J4ZTU,None
XWZMB-7LFOP-D6UHL-BTOHE,None
LLTVL-HVZBS-B6ZZD-EDNSN,None
AHIFK-ITIWJ-JWYZJ-OV4PJ,None
MQNMD-KMLYT-0FTPQ-BI5SM,None
D2UGU-48QCE-GFYRC-HTL2Z,None
BF6C2-MT4O8-KKPFB-QHXQL,None
CJNSY-LWM3V-ULG2H-FDNTY,None
JGVAN-QW8IY-LD5JQ-BX1M2,None
PGFNK-H3GS8-A1CX2-14AT9,None
EWY2S-8RKR3-T1YTA-FPTZ5,None
TMRLG-WKBIB-UDFNQ-7IY9W,None
OFVXP-P9TJW-RTKQF-LHHKC,None
US2D7-TPERK-BDCU2-ILFSA,None
FBBBC-JVT8Q-YVOL3-ZHRRM,None
2LZIG-5TDIN-QLU3B-TKSBU,None
VSRCJ-6LDLQ-0M4ZR-INB8B,None
IIC7U-P0EMJ-6KVN1-SPCIY,None
4HHJW-NM3NQ-F1P3D-X9VPH,None
2JMGL-IHRDB-MAWO1-3E1YF,None
VCFTX-V31OA-NEKDM-9WFFT,None
KZR9K-I5TY7-CTCXU-JLEL2,None
KNRFI-V6Q2R-IC6SV-AXLIN,None
HOUM8-Y1RYY-RWCAI-41PYY,None
GG9MW-9CMVQ-SIYPR-QW6UE,None
EVDFD-TQ1XC-GNX3G-TETCN,None
VB0Y7-VH2F7-JE7O2-I78L4,None
PSE5R-0DNHW-9DBCR-IIT7P,None
DCFSO-EYDSN-IJCVP-TRBP9,None
CUPMT-XI2VT-EQB1E-BCD2M,None
WTNBO-KL6YW-QP824-5CLGD,None
F8D8J-T74XY-YLEPT-7CTFF,None
2QG8P-ZQ28T-WJAN4-QBSJL,None
QVNDC-GL6E7-W0YME-ENEPO,None
MAOEK-UIKDL-SO1M1-ERKTE,None
2SOJL-UFDPJ-GPZ18-6LG9J,None
VO0FP-XGRRO-5CZ0M-SDRMG,None
4CAJA-FORAP-5T3JB-NF4TJ,None
8OGYG-BOCJW-K0AJE-AQIHU,None
J1VUU-NRRGU-NKOWI-PZPI3,None
FGXWR-V2J3L-Y2IPS-V6HYW,None
4NLUP-1PMCW-CYLDU-HFBTP,None
QCSUM-C3WKN-E7ZU6-GADUB,None
2NBTZ-N1CH6-BMLQH-OM15D,None
ZIGXS-ZTO9O-869DP-GXPWU,None
CGBFH-GC4BK-QCF9C-W5IWV,None
XG8LW-XE15A-WJFLU-AQBCL,None
07WST-S7USN-PHFRQ-TWSEY,None
6UEJF-IFHZ8-PSLFJ-YUYYP,None
ZS3TR-PQ0HI-UICBO-YB1OG,None
FCH7N-T7MPQ-DNZLX-JWXBH,None
XDJVV-YSIBF-DXMYX-C337L,None
831R1-DBNNO-PSDA5-EN4B0,None
8VZAS-FHA0R-95LVM-QHHNL,None
6PWTX-DK260-WH6HE-NTD2I,None
HOXHN-4V0JE-7THBB-RJZVE,None
TXIGH-JGU8H-JG5LL-GHDCH,None
UPYVR-TGYWJ-GLJII-FIUVF,None
8ZDTS-IMKPP-I3XQY-CTZXV,None
BTSCX-SPHZE-EGGSD-XW6RJ,None
TDISI-AMZ9D-J26UC-QP6VF,None
XJ95Z-PBWU1-6QQTZ-SJTMK,None
A2LPA-WVAQ5-IUNOT-AZKRE,None
NVNSS-WF96I-5L6IH-VCXIG,None
BRAJD-DQSPL-9USQU-ZDZJU,None
INZMI-QXLVB-MEMMW-5TQU1,None
T6UIY-HIPBC-AS8PF-WOFKG,None
JHF6U-1NDE1-8LM0Y-JD6OF,None
RFT0J-NWXPH-MXLVU-CY0H0,None
1JYRC-OTH1J-E0TC4-YLOHD,None
GUWKN-EIMNA-74T7Q-XEX36,None
JH3DP-PYK0B-UH8LE-EGL4V,None
FV3HP-G4LQF-ACRDL-PSRUL,None
YZLLG-PNUT3-IAKAO-6GAQC,None
BWWVW-Y9KSD-GFVCE-8ASG4,None
ZGQSB-CJIFH-QZAO4-ZTFMK,None
1SM97-CJAHW-WZUA6-G0WWB,None
VWXNU-MN0OP-ZKKKW-SH2A4,None
PB7CQ-4N7UF-98KFV-WHUUL,None
DPSDU-AQEMS-VJHKH-RB1BM,None
SUIXT-7SAS3-YROQ6-OZT41,None
KAUA8-AMX6G-M7PZB-WMDCP,None
YIAVF-GFJAH-JZHFV-AIU2X,None
FKKFD-0ILOM-RUG41-KRKEA,None
UPWDC-N1JSX-O3B1R-NQB0Z,None
DRPAX-3GBFE-XT8ER-MC4WG,None
XL4IW-QQ3CG-JJO77-OJRVC,None
Q0AZW-4YN61-S1NTU-46LXF,None
56QBT-C1XYO-ZNHO3-OKYCO,None
CSMX8-II7NL-F11IM-SAZRQ,None
KGUJL-5YZQ2-CLW4D-Y2JHX,None
CHJYV-SA1PT-FHQLO-6U1AZ,None
RDWZI-Q9XQ1-AFUFE-BSXZJ,None
RYURZ-NVITA-5IENX-UG9JH,None
RAGPK-OGIMZ-EGNOX-8XSN2,None
J43U3-EFXCX-HFH6S-9DLEG,None
4J2C9-BCR7N-ALVPL-2GLQI,None
SIVSJ-S36FG-KKW0U-CZJN9,None
SHVI0-AAWLD-MEBWV-EFY6N,None
WNLE1-UP94C-IUMPY-PRMDT,None
PTKE1-GXZYY-ZTAHQ-YGCXF,None
ZRAQ4-ZXCTW-8BR7T-XWQTV,None
2ZMOC-FBZY5-9NUYO-RCJV8,None
YIHSL-818SK-6IQHU-TASSU,None
FN9CS-OWVVL-OSEGG-NJWYW,None
NI0DP-COVQK-K0KZ6-LBFGU,None
A3YRA-OGG7I-OY5AA-A4CRG,None
MGANO-WEF8E-V9I5L-K3LAL,None
MV64V-BRNT1-64PIF-DWITX,None
NGU4O-B8CJN-NZZ27-G2OFA,None
HRWOF-CIP0F-ZKKTJ-E2WSZ,None
URBED-TLZJP-IPVDQ-NTJNO,None
NXQIY-BGAKG-HXGJA-MZCFA,None
JX5XM-F2V7N-AUNFX-95XUI,None
SNMLC-JFVOE-JRZJF-TVHZP,None
WTBDK-DQV73-FTH4P-MWQPV,None
S6IEK-QVGSQ-5LQUC-3I2LJ,None
RLQRQ-ZBJXD-QLJN3-RMEP0,None
0DJBD-IKXO4-RF9T4-TGA3Y,None
BQUBV-UCWBX-A47GC-XB70I,None
YULSJ-VSNBE-OL54Z-BJSWZ,None
FXTU4-HVMMO-KQ9ZV-6B6WB,None
FWB4A-5ZJQ0-J1JEQ-IK2WW,None
EX8XL-PLBRG-X4TDG-9D6SH,None
JMUIM-SVRCX-JTNLO-JYQHU,None
BMJZI-BQQNY-2BVNU-G9JJY,None
T6HMF-FNF1K-FJJ8N-RZVNJ,None
5LXY2-M651T-LLDOV-GFRD5,None
NQTZS-SYOFR-IW429-D2ZJB,None
UGSYT-7MK0L-N1TWK-STKBL,None
AOM9W-PDPKK-WK1AF-JYEN7,None
3AEZK-RLIFW-SKDVN-MM8MM,None
WL5GO-QCTNQ-Z172N-E3M1Y,None
FADFO-ZC9MZ-BFSRL-Y3AYR,None
GSUPL-EI6SE-25N1C-DIHEW,None
8JGUZ-QAWHS-MOJXI-L1VKX,None
30DKL-WOT1S-M2NBG-BNYY8,None
TDFJI-BIO5P-I81KR-GHW5L,None
V8CDK-BEETO-CY1YJ-3GHBW,None
UIWPX-HFL6T-T6SQ2-MTEPX,None
HCQP2-QXSQC-NSYNJ-ZP715,None
DEIT8-DSKXR-KMIZH-9IG4A,None
SVYFA-CTTXU-ZXOYE-5Q2QX,None
KSWAQ-LQETR-8TEVM-249IL,None
LZ9UM-SNZ90-UAWSZ-6J49T,None
CT5LX-ZAEKQ-S4EUU-7DLBV,None
2WNUX-CJ3FA-6XMAL-B8J2L,None
J9THT-ZEQ8C-BPDIU-ZDCGY,None
0UWBB-YJK4M-S0O3C-J0PGZ,None
KMM1Y-Q8WD1-7BDN0-SDFBJ,None
YTJHC-DSVOM-6CZSK-NPL8E,None
21AXB-P8MWQ-TMIKX-UMBXJ,None
TU3BD-36KU3-QF41T-PZSF8,None
WRVGL-2LDVB-KWPBC-WXLGB,None
NSZQO-FH1B3-PW6AO-FRYXC,None
4UUQB-MSZDF-HRLRR-0QZ0U,None
O1ZUP-G9UFV-BMGOF-LNNM2,None
KLTDK-RX8JK-ZXAOH-8C5AU,None
SEGQG-FOJY1-WADQX-MA5LM,None
QM4IB-ONTUS-FVAQR-YKS5Q,None
GDDLU-S8VSW-JROUC-LXUAU,None
6QC1J-FM4XD-DDUI3-7SJVT,None
DGMEV-MJWNR-6VNG4-DT4EU,None
BP9MG-STIJJ-KNGTZ-3BMDF,None
AFCTE-JG0FL-PTSD1-BFRMK,None
L6RDR-LODQA-ZYOYL-IUUMU,None
CRJ09-JPSWF-HELCM-CKO1F,None
GIW0Y-NQG2A-XUM6R-KMS3J,None
UZMWE-J3B6Z-SKV7V-GBYSS,None
EF1PO-L6MYE-LK9IP-JVNQK,None
QLNWJ-GT9BX-0HJYG-LEXGS,None
OXMDS-VGGQF-XSEGA-INPA8,None
YDH1I-KNC5G-TRDX0-IPL5G,None
YOUSB-7Y1NF-QT7IU-QWXCH,None
YYCYH-LGTXU-LI0UP-JIFVR,None
ZJYPA-QT7UD-ZHTHF-MLVJQ,None
LPXYW-JOB80-BOO9A-8PMDU,None
PO91H-OWWP8-OEWE2-OP1W7,None
9Y3HM-SEBDZ-BPXYW-MZEZD,None
WNJCH-L133Y-ETCCX-Z1HB8,None
Y7NID-TTWMU-BZYDW-NLFMW,None
YJRRF-MLEM2-U7WFA-P8WS5,None
ABX0V-OL8K9-HD6MC-PQ7UF,None
PI1I9-ZAUN7-STKSV-AYUKO,None
FTTKM-4JEAG-7JX55-ZBWAY,None
OUSCX-0DX5L-FMGZG-MSSBL,None
EIU6O-CUUHA-X2VDQ-E6WZU,None
IYE0V-XG6MO-ILFYX-SULCP,None
XT8QS-ZDGRX-ZWE1J-FYHSG,None
ZCRAD-42KFU-XXCLE-2CMYX,None
NAQLF-E2HXF-FUGTS-TTQPM,None
61VNC-OFGUK-A6YDJ-ZO6MI,None
0FPQQ-R8ZZI-X4IVB-MUSXX,None
Q1ESB-NN4HJ-JBHB5-NTQR7,None
F2NGC-AFLMD-RGFI8-TUTIZ,None
PLE3L-IQWMJ-EPHQE-B9G19,None
V4BWE-LF0EY-SMOLM-LLQZG,None
NPPYF-BDU2D-TKNTT-2UORB,None
UZWAJ-BRMHI-UJKIV-596ZS,None
CKZT6-OV1M4-H0IFU-BZNXH,None
2IEHZ-EPRXJ-0TD1J-P8TPU,None
KLEJN-BYJRR-OFXTZ-GBRFZ,None
EJZEP-IDDPI-PCI12-OWESO,None
3QS2U-ONM47-J8AFN-DBFD0,None
OE9IY-LMD76-HGHLX-WSLHE,None
OVS1O-ZGO12-6UPFG-ZAC1V,None
9HCKD-AYTL7-SFZXO-F8FOE,None
QZ6HC-HY9IL-TIKQI-GTZ1S,None
ZVHPL-ET5PE-FD2VW-SDTEA,None
KRVNH-NVV3J-AOZPR-3NMYE,None
IGMXS-WDG4F-CPPUS-YZLVS,None
LNFGF-NI2AR-X70CB-HUAF1,None
GXVJS-XYJMH-APV9C-8DYIK,None
RMOGB-WDXR4-YH1OS-9R6CU,None
HODAV-VF8AS-WV7OY-UDETK,None
F6KJB-KUWP1-60P6Q-INWQZ,None
Z1TGN-URIO5-0ZBJI-4VQQR,None
CLB3M-G61B9-SJ1YG-CXCZY,None
U6NNV-JN4TB-APAHG-IC0X8,None
ZRREU-LHNAN-WLZS7-NV0JF,None
UZFQF-WBNII-KDH6J-1WPRX,None
HCYPB-ZB2AG-TRGH7-VRWVY,None
9M90O-YF4N7-DMSC7-AJ3NK,None
19JPR-KWFI6-OYZPE-XEVRK,None
W4OCU-HGSFH-BWH3U-BOXPX,None
2XLB9-REHSL-NHFYE-AXDMG,None
DLVUH-W0TZG-ZFYAP-IUMWA,None
UNGU2-3RNUH-ANRW6-PO50T,None
51JNV-YNNNP-6N026-OPGSB,None
U3VZG-RZYZ3-3OBMA-HGYMN,None
FEUHK-6W3BD-XRJ81-3UW1Z,None
3EEIB-PMKPV-SWXCO-VG6ZO,None
VGK3T-EBZEI-G9QF7-JYSIB,None
YI1L7-5SO3H-IARED-EHZEH,None
XRK1A-U6ZGV-JBDKO-PD0O2,None
SEL6X-UGBT1-EGF0X-OHRWM,None
BM1PR-ZT2WO-YJR2H-V1GKP,None
O9USZ-KTDRY-DET92-NZ3Z4,None
UBH7D-SWPHH-SIR1V-SWPRW,None
71DKD-EZZ2K-27YZX-GBMZX,None
QTXZL-SIWFE-ILKXH-MQ9LA,None
WMOON-MURT8-WOB8E-BJ9FN,None
KJBGA-Q79UV-52QDD-S6PRT,None
YAQK7-WHRHR-EMVYE-CXAJ8,None
DH0ET-3RWXX-4IDGH-BME3I,None
HJFIX-XVC9F-K6UGU-7ZDH7,None
KBB3W-FRZLD-7PAFM-LDQ9Z,None
E3KXK-859ZV-ABJXW-F9LLY,None
L2VSL-VX5V6-OSYBY-VRC23,None
G4H1Z-JRPQ0-86RRN-XHZPH,None
RATYJ-GZ63W-NZYIS-ZOWOQ,None
C3KIU-FGWDF-XDCTQ-KX3PX,None
J1GNP-0RTBP-WUDT0-9RCC4,None
FSEYU-CQTVP-7EI3Y-C2TEW,None
1MEUW-PRTLN-4SH6F-FMTAB,None
9JUF2-3JF0K-SNUX8-FU9FQ,None
PFFY0-WPIP6-TQI3S-MDLLC,None
HNY17-TNW2N-P6MEP-BAKWJ,None
NDIUL-YUEPM-7DLCV-MRAMZ,None
TY3L5-JQU2I-7NC3H-XGXZW,None
MZ2LJ-USBKJ-ICCPU-KV8IM,None
HPGX7-9WAJ8-EUCOO-FJ6FP,None
0PXF0-WQGRN-RRNPD-I8F9L,None
7HAPA-PNJQW-SP6YW-N3CTG,None
ULIKT-WTXBO-7WMJX-JMVAQ,None
BXX3S-NFGL6-FYTCD-2ECGC,None
YLPGS-TYBJB-BHHRO-K4ZRM,None
Q7APY-GREUN-I3FYF-4CJVH,None
ZVXTG-9S9IB-RDCVY-NBVR3,None
XHRVW-CB0QA-3E8VM-2JRIA,None
RY8HZ-WXXGP-FVWD6-OMCTX,None
CTGRK-DA8I3-UWC4L-TDSDA,None
X5JD6-YCEKS-QNIY6-TE5BH,None
DT56W-7SGQM-CRNR5-7AHOI,None
QUM6A-RWSTW-HTFYU-YDQ1X,None
DVCCQ-E51NO-QLLQ3-BGAJB,None
MBEMU-JGFQ9-WRTMM-9FWFF,None
GRLIM-R5JNT-LNJCB-GSXSH,None
VTTEU-LDZLH-3QNAU-HT4KT,None
ROUEX-VSAOH-NUVYM-6MQWW,None
GYBIR-J0B2M-JTYEV-T0UV9,None
GYSTT-BS3A7-HP3N2-JWE6D,None
F2EYE-CSQXE-84P9K-SWCZH,None
UVWRS-9HCAC-JBCKX-CVYBK,None
MXBOH-VVPQQ-JJOHI-LSRBJ,None
DLJJD-GPEJ3-KUM48-EYNTT,None
A52IZ-QYUNL-UM3RN-CGDJI,None
YWLZG-WBS2G-PVYGR-ULOYX,None
OBG4J-6X3UN-OR0SI-CLJDY,None
TUKEH-T7DLW-YJ2VG-KJGQV,None
GIO36-U7CBR-ETZSL-68UGL,None
GBG3M-UZSLF-QVKDZ-WNL5Q,None
IG7RR-TVRSK-SKANC-BMQ5A,None
ZQ5HG-1AOB4-ET2HI-IZUNC,None
MYRIP-HCF2O-ZZDAD-B6RAU,None
K7ZCQ-QQASK-CSUW8-PSETZ,None
P2Z2R-SQVOL-0VMAW-QFRZC,None
F0ES2-EO1DS-UR53L-PRG6R,None
9Y7T0-FSVL2-TJWWB-O4LO4,None
AVQ5H-32QCS-GEZ4D-ZLYKX,None
VD6XX-OE9LS-A1NSX-CME46,None
3XXTO-SGDN1-KPRPW-VCNQO,None
COPN7-NT78E-CZJUT-OD9WO,None
0YGOO-BPY19-W3OPP-EA4UO,None
KQQN3-DCZVS-QYGMH-MGPED,None
PTLLQ-HBS5E-6W76F-VBC80,None
B7OOD-C3AG2-J9TA7-0IOB5,None
JMFHM-HV2N8-ZPCE1-FJIP6,None
RIP6G-SAEVL-XZ1SL-0TKCM,None
LSFPA-RIAGX-L2PNE-WXLM2,None
7WBF9-A7O4S-9P8WI-QJCCK,None
ZYSFT-VFVXQ-RCQB5-FFOEH,None
1TKDM-FTOIM-F8UQH-TJGFT,None
S9TSH-JVCXI-ZELGZ-ERXBF,None
VDRFN-B5JYF-SC2KK-BVQ3W,None
G866W-5HILM-DCHO0-YF3DB,None
OHASU-ARIBO-WSWYD-06FYA,None
EOBUV-W9RRE-H9AWZ-GOBKZ,None
BFYRG-JQWIE-YTOLL-IDK81,None
XQKLX-CWJMB-BOWWV-9ZFYS,None
FCQLZ-MVXKC-1SRKC-JENCV,None
DONGV-J0MWH-E5JAL-SSMOJ,None
DTIAS-K8MCT-8EJCJ-TYUVZ,None
YAIFW-J6HQP-ODBA0-FHBUP,None
QBHPM-641I0-TPGY4-RTBJN,None
2VHK0-EE5PT-9II7O-QQKF6,None
UDFNB-AH5IR-OPBSP-QYQOK,None
DLPER-OCEKS-I9SYZ-ISNKU,None
WAYN9-O4ZIA-BLW7L-MKVUC,None
WPRJU-NOKJZ-5ST7T-DK2JY,None
8MZGS-IRGFJ-ZCRDC-8IGAP,None
PGKFL-8S4RT-4BR1L-R9GUG,None
NUK4R-QL3YQ-S19KP-JHE3Y,None
4M58F-A61N0-BJ0MM-NZKA9,None
LDRRG-LNS1A-S1JN2-DDBUD,None
MFUOQ-YYKQQ-RRKX6-ZCKDI,None
MX1T8-FWRXQ-M4WJ9-6PBWI,None
2UHLJ-DMHEP-UU00Q-18HT9,None
YQGPE-7R65F-XTCFB-IJ6PJ,None
UADPE-YEQMO-JKNLD-GYUZH,None
KVOG5-3YE3R-VZFBS-8RT4C,None
PQ0DA-KJK1M-PEXTS-ORXVI,None
KQZGG-SQSH8-BMHGU-CMWT7,None
RQRSQ-V31BJ-4HUGE-KHJLS,None
I5CLJ-EONKW-VJUHS-HXZLY,None
DLJ7B-Z4GAT-HWVH5-KLBLJ,None
WGXAW-P8TQK-N5JGM-SX5DN,None
77LDZ-V2O9G-JRRPP-BADNT,None
B7NZS-M0D4H-SJLRS-C0KO9,None
RL5OK-NGQM3-ZFG8T-Y8UTX,None
CNPIS-9TTX7-3QXOQ-IJBIT,None
DZBON-NYFPW-DTCYB-J8MHA,None
NIOFF-MUSQO-POVPZ-F4VD3,None
AU8VW-5KCHM-M9U90-ZMAZI,None
TANRT-BFJ6D-CAYXT-N5LAR,None
LEJ6U-JCIZ2-UGKYR-OY5XQ,None
SCRJP-SKIJV-IUEVN-5APPI,None
7CG5Q-3CTAI-XTR8S-8FSIA,None
8WSV4-TLSJN-AG9IJ-TYDBR,None
LA7YG-ZJTIC-UQXG4-T0N9E,None
KVA5P-MROVP-YNVK7-EGNK5,None
08HX8-WNLYM-RXB5Z-Y0IFW,None
EUDFD-BMIQE-SRKB0-UBD6P,None
CFPSI-RU50M-AQFD2-F5BDR,None
6LFZW-T3GFG-VIHAV-B3HMH,None
OEYUO-CXD6U-6XAXC-4LCN6,None
DAJO0-UPBU3-5DEXA-FSITJ,None
25IRJ-TZGGR-N5IWE-4ZL7X,None
AYUJB-NCUVX-DTXSO-UEQTI,None
WJ8OQ-KHDOL-VVHRL-2AGEV,None
FLEDP-CLQZL-D6AAS-0JDTJ,None
8NOJJ-NETMR-K0GEU-MLXSL,None
FAAKW-5BLK7-IOU67-KRZBB,None
JBDRF-41ABM-JCADR-KMXKI,None
AVH1H-BH6KW-RYXXW-CMQT3,None
ZFHNU-3HZPU-ZKIGK-4UWDU,None
K1YS9-GZNOB-WREXC-WQVSA,None
04YOP-EL1BZ-UZO8M-S3UDT,None
CSDPI-1Z4FE-NOS4M-H6XEE,None
KNZN1-YRXKE-KRP6S-70XXE,None
2CNGI-OTIJZ-VR6SB-GDVMS,None
OVHGC-MROUM-KTZ2E-SW7MD,None
CDUNI-SE1OR-KLWPG-BVCTO,None
1MG3U-7KVYW-EFQW3-IE4C3,None
VZ146-H39AX-ZI259-HVKTA,None
JRGA5-H9ZE9-J2SV0-52UNS,None
MUJAC-4RHRE-UHGSY-1GWJK,None
PYL5S-SYB7N-GUIXT-IUD4N,None
HLREG-IYRDQ-LY3HH-C0CPQ,None
UFFAE-0LAOJ-WNZOW-VVHJQ,None
6TQYC-KSPLQ-BWGK0-P3K0V,None
HDU8T-FLV0O-QTZJM-XKQOM,None
XZOMU-16NSZ-DXFKM-GYSGT,None
WTYKF-TQJAB-N5CBB-UPUBH,None
BRXDX-ZVSDW-R58V8-TKY1E,None
J8PG8-OKUXM-FIFXR-BOZBE,None
PR3AX-TUBXI-DDNV3-YAIDA,None
FG9T8-H9WHH-LSSNE-DTKSJ,None
RVY0V-PEI1C-A0URB-BRBME,None
0UGMB-XAPDV-1A4C1-WCMBI,None
89HEB-NQNOT-3ELXY-AEFX7,None
LCSJG-E9RHQ-PHKNI-M75XG,None
XLC5Y-PZVD2-5PCZJ-AJIKU,None
HSWUS-BOSOE-WGWXA-NKYAM,None
KMKGV-LBMPN-80T4T-H2EWS,None
RXNIY-JFOW4-QXKL6-HWWOQ,None
LMWBR-GZZXI-KRAX8-Z6CQI,None
7NBK6-ACUG2-FVVWE-RO3VG,None
WBHX9-DWZLV-SMKSH-CRHCQ,None
TIKT8-LX0T0-WTIBB-C7DOQ,None
UN7LU-NAJ2J-FJLBU-IPOFD,None
F8XY9-6QIPI-OL7JU-ELTBW,None
2XELU-CLW5M-T3FX9-DNAT2,None
TNQBI-FT77Z-7UZGQ-QK8U7,None
GAVXV-ZCZQN-3QU1I-CU4CE,None
VOGEO-D9PIM-PWL0D-LG41A,None
1VHKA-V8JT2-DVMIS-3VZCE,None
SEJBJ-5DRV2-E2GTP-FYJDZ,None
UXR5Q-HLPVX-E4CIM-ZLKAO,None
H9DL1-LGIQD-YT0XD-8TBTQ,None
UQ1CA-THZOI-TEXDG-AVZO4,None
RAFNB-RWC0T-CPIEM-AING6,None
VGYBC-VUZMM-RT2LN-QMDRW,None
52EYC-3G4B1-NLVNY-FGGMS,None
LEKK4-BCYRQ-SF7V9-P7W4S,None
E4DSW-QGKIY-HXAFX-LD8O7,None
0OCZU-UKPRD-1YYT9-UCRTW,None
4EKMS-JGMPA-CPSQ8-W1TD4,None
X4RBP-UNO4S-2PCRF-0PZDA,None
0ZZQ8-VRSTQ-FON6M-CVLZ7,None
5RU2Q-GZCWZ-QNXHM-R83Y6,None
1GFSD-3Z7T2-4JB3P-SPCKY,None
VHCRA-TTMWW-BUBJY-QM3UB,None
EANOZ-W8UVM-PMH6R-28SFH,None
SZKMG-R6DA4-IQD5W-AS2FE,None
4IUBJ-TC4CC-G7DJB-XMEIZ,None
L38OR-UCBFT-NDPP0-BUKHO,None
CHSVO-GSGAK-DZW0J-WHORM,None
BV5GN-B0J6P-HEZGL-6RNMQ,None
3ZETZ-UUVG2-KJLA6-NOPN8,None
SDRWE-PF5BR-MVLYN-0VFMG,None
ZL24Z-6ERJ5-JMWWN-WWAVC,None
BZODO-QSHRV-6XZPI-LFLZX,None
E97IN-WN7XS-GFLUY-2VBOO,None
HT8ZE-HEAJX-VSKHL-JSRMZ,None
SO9H9-OBWTG-5OAVU-KIPMW,None
1ZZXT-T3WAB-NFAUM-RGDS7,None
AYL9G-RMWKF-QQ3M5-TEBCS,None
QMYQO-FHHRI-GGVAH-DJWUN,None
SAIMA-TM9F4-TLXAB-NXK44,None
MWG27-BFJER-FEYST-OAK6V,None
DRSDQ-2YLZL-LORFD-QEOCT,None
WSARM-LU0YA-KUUM9-XZYEC,None
6HQKY-MCUS3-MYTFU-OPW7D,None
4F58P-LDQLH-SSRC2-ONFMS,None
VCF71-FZM9W-LQXXE-FWH7O,None
DGA85-1D8IT-G3VFV-6YQSN,None
NOZEE-LK6FI-LRQ7Y-DJRHY,None
HQQSO-OPQUW-BNFZJ-WYZ0Z,None
LCZNV-V9NOU-2SEVG-Y2SZZ,None
AXE1W-KWQWJ-4RSKJ-T9FMG,None
AAKIO-OJQWG-TLZDV-AQ76V,None
CXET8-ODF81-X3GQC-ENYX5,None
YWPT1-UFM5D-BD1FJ-SFXGQ,None
ARG9F-APBVB-GISRM-3DEQ5,None
1EIJR-PLJ8X-S11T6-HY66R,None
YUV5J-BHL68-RFDLO-0GBIZ,None
OODJR-DDURD-O83SJ-SDFNB,None
HMRNF-SADHZ-6OZUU-4NALQ,None
UW8WC-1OZUL-HIMHD-DRGSD,None
YKLGO-VJCFD-BHCGB-WLBWK,None
J9CRC-TSP8H-IUEUP-QEU6Z,None
AEFJ8-Z0QMR-VGAAB-MOEZ8,None
ZXK3Z-SKCKY-YUO9O-SL5ZZ,None
5PKRP-HMUR9-NZAXG-NMIOL,None
QNNSL-IQGCW-TFLBI-XPNGL,None
ZFFGR-3OFEB-9RSKH-P15A5,None
EGFH3-MXUVI-UTWWA-WTOCO,None
MJFDC-7ZTDJ-WONTP-R2M2D,None
KHVSU-IYVR3-QHCWI-M4PS8,None
YZ1IV-GQG6W-DNAFL-IR9C0,None
VC5ON-ULDZD-K30FX-HMFSQ,None
A01M1-OJKLG-DOG01-O6NHW,None
9Z212-EW6VK-XTURU-IKPZ6,None
MO0PQ-X4336-EZHUC-FHMDS,None
IBMTZ-HAEH8-JZQZS-WFN2T,None
OKBO5-8KXIY-CCHHC-QHNUT,None
KBUXI-AFHFZ-ED7E9-QNJJE,None
I4KRT-QFCIO-AMFRM-6SDXA,None
ECMCR-B33LH-ROYVK-CKCIO,None
IVQFJ-LCZA4-XUS11-OEQII,None
CLWGN-LEPVM-KN9ZO-IONLO,None
4OLZ0-2URBM-LNXFO-HFBYQ,None
WYZCO-OQKZM-GFK43-VZ0CC,None
NHK80-6HSVG-PKA6W-AAIIQ,None
CSSTQ-R3KDK-R5B8K-0L6SL,None
X6PVS-CXSY2-GTQZ0-YIBKM,None
9RM3J-TWHEL-PKYEH-XFIIS,None
DJWZD-WUJJI-VKJTD-BNLNQ,None
XWGKR-DTFK7-JMQ8N-TPXY0,None
NVNNH-J9ZIP-HL74R-FF3TP,None
O6KEB-HU9MM-NQST0-SC7QY,None
DP28A-X4EQC-ZTSC6-CDCFB,None
5NO51-VBL3F-YTRH9-XKYOG,None
GF1XJ-RKSRX-3LIRS-RR5WB,None
D0NRI-GRMEY-JP6VQ-UU3KO,None
S7ISS-ZYCDS-W3STX-R7CXG,None
TJZWH-QDRWO-HBV2G-1GKHL,None
HSLFL-ON55U-ZG0R6-CULVL,None
FTCXF-EMJFJ-MCEON-WTEHV,None
WO0XT-0TAZR-LOOYS-GFBKI,None
3ASGH-MUWEV-INGSZ-OXYTP,None
DK2ST-GZKNU-293LG-NP2NB,None
S7TJT-UTB5Y-NYBLB-AIRV9,None
ZNSDV-2KZ3J-SQ1GX-DF7PR,None
YOCQO-L4CKK-YZTNN-Y8RCD,None
EJGZQ-DANGJ-HOSDC-JJ56T,None
3SYUD-YXIIF-FR4QW-5AG8L,None
GYCJL-VYLYU-XIALP-EPBUB,None
RPWMS-BP6CB-BYSWQ-DEIAN,None
OTH7U-CN8DW-D1AHT-TWAFB,None
N0VIY-SXE0A-T3596-HQEMQ,None
UE0IV-BGBVB-0XAUJ-WMOL2,None
1UOPI-XLHI7-DGWHC-RPDTR,None
PEVTS-ZIQKG-GSNFY-SIL1R,None
GNRGO-6BZH5-Q2ACI-SWLNH,None
P7TZ8-RCRH4-4YWB0-VUSWL,None
EBJWR-WAZNR-IADFO-82D4J,None
JUDCH-5JPSH-WVD0G-FCR0M,None
Y67LX-UJGNQ-ODMGA-INZX7,None
GRSXB-YMRHW-XHGNU-VQGTG,None
3UHUU-F3U1P-4Z8C4-WQDVI,None
XJK4Q-PKI2J-RFSSG-STJYA,None
CLN8R-OCBVE-FAVVB-8MLLO,None
61GNG-TAARI-CNYN8-G8NX5,None
GYFXC-8MYUI-DLXAE-3AYJE,None
QRM6M-OFZF1-AVAJV-YAHJN,None
SMPMM-VZNUG-Q4TYK-ESYSE,None
C3KVY-ZLUKB-KDZDU-ZWC1T,None
J1GLR-F9S4F-R0MDF-DT7NH,None
S78NW-UUKO9-6V0C4-JUX17,None
Q6CJQ-PUF3E-GOHYS-7EFX3,None
EEQJV-B8ZVV-V58BT-ZDDBY,None
NAFUC-BQG7L-803DN-ZKNUX,None
PEBER-LPS12-VRL4W-B8ZBJ,None
AS4XU-LPTPF-MDSQN-BPV9S,None
WTPOD-8QRLQ-SW1KK-9ZZOY,None
LFS6Q-5GJYT-QPTZ9-Z3YZO,None
B45R8-SFJUS-GWGEU-HEWHC,None
LZHDD-TCYDI-WANOJ-EJXAG,None
HKFAL-8IOOI-QZX0W-FDVGO,None
MWOTY-4GECK-B6ZVX-IBVX9,None
AQ2PD-IVKBX-8PZSB-141KS,None
LKWDB-P6P5A-L4CWV-KUGIB,None
T7RJX-FLWPY-FXLBK-W0FSC,None
4V9VQ-SGQ80-8GZA0-SFTZF,None
AN3HG-JBUEG-FHF3J-UXPZS,None
RUAZA-YQLR3-KTCF8-DFLXV,None
QUPG1-88VBZ-SOCD4-QXOES,None
MEF9D-E8SR8-G0SAB-GSNTJ,None
T1NJP-NQCNQ-XTOYL-66EOD,None
YTBWS-ZJCW0-EJTGH-YVLFO,None
VH5EL-CC6EU-WCYCV-IFYMZ,None
J5CYU-DF9HY-T82TJ-GUYMO,None
UH2XW-UWAXU-IRYUO-0HISW,None
X7CNQ-BVIRK-H1O1A-JL7K6,None
YBMTF-CKBBO-2Y5XT-6XAYM,None
NIQ3W-18SOC-BNTCK-NFCQE,None
MBTEM-GS4O5-ECEWS-EPBW8,None
SKY06-OORS7-RSYEM-4WQK9,None
JQREM-6QPFZ-WDXJD-GUS1P,None
O2RQ6-LRE8N-TBP3X-81VBB,None
POSXO-XPNLX-YPFXY-DTXGM,None
0E2T4-ZJDQY-XBRFC-TYTKG,None
NVPOM-K4O6M-LDQNI-QXKVT,None
YZMWM-QDXGI-56QDD-DEFDN,None
SESFG-1L9GJ-NWK68-R5973,None
JMQXR-URXDP-UEDRB-YKVXY,None
ZTOTR-XBHDT-UEDTU-IKSHA,None
JGBEH-84QVO-UIFAI-MJQQ0,None
W3CM8-EPBQB-DQTI3-BYS1D,None
WLYBY-ZWS7S-RSTSA-NUTIR,None
SW6RV-PKIWZ-P2LOO-V5DDT,None
AZCKO-XAWFX-PPUSQ-MSOOW,None
AY5R6-XPH3Q-P90CA-IIYEZ,None
6M3U1-BXMLM-51G6G-YLOSL,None
QKE06-5VVON-PN7RF-ZSRK5,None
LSF7E-VZKKT-EMDAL-RPMVZ,None
PIKBO-FYLN2-7MWLN-RXOPO,None
GWNFR-RJYKG-RSPCD-DQDOQ,None
QFQQR-RUOLJ-T1UA4-XORU5,None
BWVQM-9ICVF-NXEUQ-FYLYI,None
TXJ0X-RDAQL-ZXFL3-LZWU6,None
DS4K3-SWCKK-85FHX-KFIHO,None
LKARS-Q9HDT-JB20N-DEVCN,None
HHL7U-GQLMD-IP8ML-O5HGP,None
2SFE5-SL0J6-AX9IW-JOKN0,None
LDOIL-EPGXP-N5TGK-YOQKZ,None
HLI6B-FBUPE-BY4TF-TQASC,None
VRNMQ-TU5AQ-MTTPA-XSYUQ,None
AZIV9-QNTAB-K1LRG-MAL3X,None
3YJZT-WNGWO-UDSHG-PAWSX,None
SEHNU-8ER2G-J06ZP-ER70A,None
XQYPD-73ANA-IXBQX-WVKMN,None
OSYBG-S6YBP-TZLAK-4FCQC,None
0RKZT-EAZLJ-38LJ9-NRTHL,None
ZSZNJ-5XQTV-HLI5C-30IE3,None
KR6E0-VU2YK-ICC2D-K2DT5,None
ZG5FC-K0ZVI-4MP0D-ZRF8S,None
HBKSW-E79UU-0CDDB-SYVUP,None
FNUVK-LHGBT-0RO0X-2WSON,None
A8927-E15I0-NYE1J-SKQKY,None
RHCNT-EBEOE-LPVQI-HJYX7,None
HYKAS-RD0FX-YOZCF-EOMI2,None
LZSFE-EAACI-3A58R-XSFAW,None
KS8EX-ZHYMR-REMCB-BFEWH,None
VLTJZ-Y4J4R-KQFM5-M00JV,None
T7OV1-2S89A-R8ZHB-165BS,None
L1RUE-CCU3Q-SEVLM-2OOO1,None
1DYN6-PZ0UA-AMGWB-JD3SY,None
Y8WHD-ABMWO-GAFQF-CTJ7X,None
1XHFN-NDVPN-TUCPV-BTOVX,None
W5GJM-XTMYP-MYAG3-65FMJ,None
RX6MI-4IHBW-KUNJ9-8DFN5,None
5TJEJ-QPYD2-PHK9M-8Y005,None
VD73K-UPZ9Q-NHWSF-KHUWR,None
NAZYL-1DLJR-DWEVS-Y4NTV,None
W8PXF-EDVRL-9R09U-LNICN,None
JUAAM-KJBXC-2OVDB-I4CPH,None
M2QDW-XF6HY-DYDRG-IDZVM,None
1BEBV-B5DEH-JWCHL-TCOQZ,None
KIXUZ-6ODGX-IV1XS-IVIGF,None
5W9S3-TEGMU-5OVYR-KOTWS,None
ATV8L-D0FYN-QEXRG-7F2FQ,None
CA4RT-CTWDF-RBJHI-NRDNE,None
JDIDE-HDIRR-NZLME-TPPES,None
VRZDV-KS2L0-PJDFZ-DIXYV,None
6A25B-94JES-I3CLW-IHU3M,None
ZO9XS-AZDVV-SW9TX-LYSP4,None
1KFJ8-0IZFR-3WCKK-THYQ4,None
GX75S-BJYB3-SNFBL-NZB7B,None
60AP2-VT94M-DSZPZ-4UQLH,None
TYSCC-JSZ0E-VZYKC-5Y4KC,None
HJ2E4-OG3GW-LK3V7-UCGOQ,None
1DL0D-HVUFQ-GQXP5-02MFO,None
TLVTT-YA9GP-IK6N5-AYKOJ,None
R4UAS-QSB0R-SZFRE-CERJJ,None
K5HE7-7P0KQ-5VIXK-GVAA7,None
H88B1-TVK5O-1985T-UQDTB,None
OM2OB-E7QTQ-VTOV3-EDEWH,None
QEXTR-ZIBQM-AWAJS-HSFUO,None
SXBME-RDDFR-PJGR1-NYDS3,None
Q5JYT-DFOLI-R5F3O-BBNMA,None
S5NIJ-Q09RQ-XRXZX-VCFPF,None
R5NOH-VLTYF-2EKTX-IM1BX,None
FXC6W-NNZ5I-XMXFZ-QHPYY,None
ILBCI-QCON3-CH3SV-PFXQ4,None
CEBZJ-CS3UZ-JOHDA-ZIKWU,None
CLS7O-3MMJR-3FEAG-QVM0U,None
SYMZD-ZE4NT-58Y7X-VXPKX,None
DCNSN-UXVWD-BHI8L-EJTSW,None
9AKVG-8MUY2-IBYMX-5Y60T,None
JHXEJ-7VUG5-CGM09-KOVY9,None
HD70A-CBPQT-2BZSI-UIFOU,None
RLSKF-T6FQ2-TXL59-9HKNW,None
JFSZE-97WHU-YLSAL-FQTD9,None
9DW2Q-PWDUD-RPEE5-DGZHU,None
MOLHP-NDONA-GUG4I-POIAH,None
BIZE5-ITUE7-X5C2F-SRGBP,None
EOWT6-Z4OWW-YTLVZ-NRQLM,None
SVFOO-IH0OO-RVEH0-CCSTH,None
DDIK6-F34PJ-QMTFL-PEKUD,None
1UMY1-EXGFZ-STF7N-GC41L,None