serial_key,activation_key
REKNF-2Y7F9-ATAZK-JOAOY,None
LCIPA-DA7C1-FO87R-IEKDA,None
VSL2P-LKAEP-TH4BP-F9R47,None
GIBRL-NLXO8-GCRFA-SMXBU,None
DPULF-10MQC-HIDBQ-VYROC,None
IXQSE-PAAUN-KD30C-MEWOA,None
HTGBL-NRROS-R2HXI-UUMYA,None
I1CDS-IIDGI-RCEP6-1LICF,None
MO8HQ-DZXFF-LUJAK-GYNEN,None
IKIBX-ASXXH-XWJ4R-IKAPT,None
ICRZU-EGGY4-ENCAZ-MYKDQ,None
ETVPI-B6QVV-FE95C-ONUBJ,None
725JE-5LITA-MFEQ0-KH5UH,None
D0RXY-NZNBY-OM39R-ZM7XJ,None
8RKEZ-JPPMU-DT9TO-J3GND,None
AJXAE-JINR8-512BY-7WOLG,None
CYIV9-C6HUS-EEVSC-K0HFS,None
CPTFQ-KPJ1M-KDX0I-FUTAU,None
9XMRS-MG5Y7-BCNOB-YGSSR,None
NGRQP-C80MQ-N50SB-OWHGR,None
ZDBLX-H44I5-NVTOR-5C3FB,None
UH9RK-LLLG8-XJ1DS-QYIQF,None
BEKRN-RC0YB-L24G6-BZDZV,None
S0UYL-A2O35-GANPS-NVUN4,None
L5IMH-C7MUY-KJUPO-FZMXF,None
NYIRE-N9SWG-LHST5-DRL5J,None
EO7LC-AQRDU-C4CXI-LYFPT,None
RR6WX-WURPE-C5I8M-3VN6G,None
HUW4R-7S8OA-EMY5L-MTPWU,None
CZCKC-NK8SL-DKAQM-ZXGWA,None
0MGMY-BPBHX-EKITX-XL3WL,None
4XMSV-2SJFN-HWLAZ-Q16VM,None
HRQV2-TK6UK-GBV4K-JPQLT,None
YUXCN-TLGP0-UYTXA-DGZCU,None
S39UB-FM1GT-DPAGJ-I6ZGD,None
EIEFO-3X99Q-ZNVZ7-OAMQJ,None
65RZO-8XJWD-1RHQA-NJ3EI,None
V9OCL-W2FMU-ZIIHC-2XE20,None
KZKAK-OYQHB-NTIMP-DRNGF,None
IUSDY-5B2HM-KY0LF-NH5EE,None
M8CF3-OFEK3-NYSIC-DJLWR,None
QUTAE-LN0VJ-ZZ1OP-SU6GJ,None
XQA4I-UEMF4-ZIIO5-7JCUB,None
GZAFE-C62PT-S22AM-IOEGN,None
BBOMJ-I0VDD-66MSB-XVW97,None
DYTJO-LJVWF-CXJFF-8CEXT,None
WNMTX-Y3DAW-UFDVU-6NYLJ,None
5GZNZ-ZAGZM-ZPOWF-JNWIT,None
6PPIV-OVQWO-ZY2G2-RIAGX,None
RWQ4K-MHXGV-8YR1Q-2ZWRI,None
TZGGW-RHV2R-D739W-DLR0J,None
ROUS0-QFGBO-CW1JO-GHKCF,None
HQ9IT-D5SQZ-DS7TM-N0MWX,None
9AKIQ-XLRVG-3ZWDN-74BDS,None
P64ZI-HNBBI-QQFSM-OQY3Z,None
03XK0-KGLS1-HSA7C-ZA2TZ,None
4MWTC-QFPXW-BR4TW-HIYRL,None
3UXAA-GEYWW-VCOM9-NATS4,None
UGIF5-AAOBF-UFOBF-RAJHM,None
LTLZZ-AWUJJ-ZITJU-D3VA3,None
VLWAC-QWTY0-LWITA-OCNO9,None
VFBFS-53LSC-YPNK4-69WSB,None
MSDNZ-OJDHE-JJZSR-LZXYG,None
JWD8J-607WJ-11BVL-CM5IW,None
ZR5PZ-DZ0SJ-PMLKN-G5WJO,None
R21MY-R8FBW-TKPCM-XJSMA,None
4MZK5-QISTM-DPNHZ-3SOFA,None
0GDOO-RVMQE-3LZLK-J72CA,None
PZ29K-H6ROP-FIZ7U-AKGQP,None
QVCEU-6BBLT-CHEEI-2HWIC,None
DUJL9-0HZOL-KOPNC-3ZH6Y,None
COMKF-BDWZ5-SA76W-3KZHR,None
J74HY-JBDQQ-PEIHN-6GY9T,None
T1RCL-UG3XO-Q40BL-AWZL8,None
CQBIU-I9M1H-PRYPC-PUL1W,None
LJUTB-QTBKN-IZ38Z-ZQKKU,None
FFQDB-WNGGY-ZBEV6-BCRXB,None
DJSG9-0RH9E-NPDK1-XCKMM,None
ZV3VZ-GLZMA-NPXDG-LAXIA,None
LGBD3-USSXM-D7KPV-LM68V,None
LXKMW-G0GTH-ZKXYP-HU5QK,None
FAYRQ-EY8QE-5GFEG-MKZTE,None
5UEPH-XLNW1-GVAND-FGKKM,None
VVZYV-8PPYK-A3BBT-FKMKA,None
10NPF-EOKZK-X3KHG-VTDYF,None
YUXKQ-1BUC2-QALXY-WB5U9,None
DKMVU-2HFWZ-GOW7A-OC0BT,None
X3ZN0-KSRDD-M7JES-FYH6Q,None
VSC5S-NUYTO-QKU5B-82PAI,None
QMZSN-CIUQC-CZSYZ-DN6XM,None
HNWH3-RWPPU-PICX0-SHPFG,None
2M9SH-8QPG1-AF4HK-2E9SQ,None
NFPTT-TCYWN-JGF42-KVGNH,None
E6D0O-NZ4EB-XX7XN-7PUAY,None
SOJK6-TPVHI-HUM5H-NIG7F,None
A7AP0-XAKE6-BSFUH-E7BYC,None
5OCPQ-MKFCL-P1QWK-CXPCD,None
BITMA-YFTEX-TLQWD-YTQPW,None
2GNGX-ZEPKG-FKNDM-MCEYN,None
SWO1V-RD5XR-YEU1P-POP7X,None
LWNKB-ZOWCB-GCSHW-ZSDFG,None
YM6ZX-MJTKO-WKRWT-AR1IF,None
BJTQC-DPHNV-9LUNF-V33X2,None
XJLDY-BO3MM-PFU6W-CDO7U,None
XDEYM-7EAOA-HXK9R-VVSU5,None
RFTPQ-RE068-UFUXB-AB1X5,None
4S7MK-74KDK-RNSOA-BC8SL,None
ZAQPV-ICTWV-IFVOY-7S8TI,None
ZLLX2-BYXEZ-HU3EN-8HXYC,None
AKAB4-LPHMN-9LZHF-FXHU8,None
3YAEA-2NOA9-EFUBZ-PBDMW,None
YUFHE-Q3YS7-TMVDU-YPI9T,None
O2FNW-HCEOC-9NDY8-JVZJ5,None
IA9L5-AF3LY-FEDU2-EMBOE,None
K6KJA-GSV6J-9XHFT-I7RXL,None
SS0ND-MPAVB-JDKG3-DVQIF,None
RLTXO-GA6K9-V9YWM-O5OGW,None
ANSDE-KRA4A-MHANF-FDJQN,None
03YVV-PJUM8-V2LAQ-D8695,None
KFWZQ-LEF4K-6JEWI-E5N15,None
CHZG6-FRCZ8-YOIRD-OQ5P4,None
GMQHE-VWRCI-MY7PJ-T2100,None
BVF04-ZXC4K-PVFHT-45JXU,None
P6X8T-XROFT-NTUDB-QZP8K,None
P3OAD-Z1LLV-AQIWJ-RKGYS,None
MFTE5-HSUBA-ZGSJ4-VNGOP,None
7PCZR-QAMRD-DE9X4-2IO0R,None
HMO8V-T6G9R-MARPD-4COYV,None
LTU0V-OIXO3-ZQ88R-EW2PX,None
L7H1O-PDR8S-LRZRK-WMHZU,None
6ESPB-POMVO-GDNKJ-ERFMJ,None
L3VYL-ICEVS-Z69IF-JLAAZ,None
SDFQH-AYFRD-LCZAI-5ATRX,None
5V519-W3B5P-IYF7E-BCRQT,None
JTMXX-MCJU1-L73DN-ZHFOT,None
QXDWX-MBNWT-6NDW2-9TNPG,None
PVRFZ-CPUJB-YMAGP-ACUHI,None
GPS39-KZMN2-CORXS-HTDIW,None
SNVWY-QHUWK-FVJQJ-XCKEB,None
MKTEH-YXDBC-I0D9W-LOZFM,None
2MJ7F-ZRB7J-OGRHB-IYOA1,None
0XADW-YX99I-UNMF7-GZ956,None
W5SVY-WT0U4-HESO1-DX1Z4,None
JX3RR-4EMK2-UU6S3-OL5FR,None
2TQFL-8OJLN-40KOG-TMQNJ,None
JFTQK-Y41JE-Z7WB7-9JRKL,None
NGITO-TEXZB-HA0VJ-VQHZK,None
AWYPZ-1RPWX-WCVBJ-GYSTR,None
LOP9H-BZ0JW-MSIKW-4HFLO,None
UA7WI-DCCM5-IPKXO-AJUTF,None
GU8YX-26VZH-WU6NZ-2YY9G,None
UMXFL-T2QSH-S7SBM-HJZ6Y,None
EJ2A0-IWHUH-VMRVJ-D41CR,None
MXW2O-JJOLA-AEM5G-WM0XZ,None
V0OX2-ZHHTF-OZ2FO-E2WMB,None
MQ3ZC-MPBLG-VKC4S-REIW2,None
JGTKQ-3DYOV-QOBKW-ZQ0NG,None
FLACS-WCZKA-HJSKT-W4YZC,None
ULLQH-GZ5QE-S1TRK-U7WMY,None
4BXLZ-BKXSN-E449D-9ZO37,None
FGN86-1U2JQ-RSCBW-UU9WW,None
C3GFB-YPRYN-OJCVZ-YGXOZ,None
F2TWA-IRKXS-KPAXC-XI54D,None
CLJD9-BWAYU-1KV4S-5RCZU,None
RP7IT-XCTNW-BIVHK-DS0YS,None
3YK3M-OJ7DB-I5JB7-KZFQR,None
WWKVQ-QKOEB-YWXMQ-01WDJ,None
HXMZU-EELH3-R82OY-ZJZSG,None
THXKT-9N5TY-IN4FX-2WE8K,None
JZMJL-9BRXP-NPXZM-D1UZV,None
VYI3F-KJJCU-EIPJJ-2FDF9,None
AXO9V-BO7AE-NFGAN-571MD,None
SCIAE-XBNQQ-H6WHR-AGJWN,None
JOYUK-QUQXL-XAMU8-FTSTP,None
IR0JT-2GGWD-TBPF4-XRTRQ,None
UCB8U-BN4U0-47IVH-CF1WJ,None
ECFTT-V3QFP-XKWV0-T0SKF,None
FCKZU-EDR69-XL19T-1HZZD,None
OERW9-ZANAJ-DACKW-9TOCZ,None
PSKQG-SUWFG-WWLEE-KCNNT,None
9IDZW-DWJAD-VODH8-0NIHK,None
WMX7E-1UPZU-KHRLJ-CZKVG,None
TW92W-G8LH0-MDRKG-Q4QWR,None
LKAYL-6QU7Q-2FIQZ-VRO9A,None
BRYNT-JB5PI-4UZZY-SKX5D,None
BB2O7-HLHUK-C6NMP-XYL1F,None
OYS74-DVPDV-IZA5H-JRZSR,None
7DADW-45TSL-EOKE9-HSB0N,None
NPVB1-0YO3C-5E3E6-5MWJL,None
O6SU4-QEXLE-XJ7MH-SYT16,None
IWVZM-4ZQW7-XNMCC-CLYLR,None
MGSQM-YIAJL-RE4XM-XWYHY,None
6YFB9-YAAXX-WC1FZ-9TSCD,None
7UISG-L3OCN-FEWU4-IYCML,None
DQCNB-ZCUBC-VJRDW-1CXWB,None
RGNLO-B67MV-MIJUQ-SVXDZ,None
PE9KA-CD4PU-KKK9K-MC37N,None
FQ9S6-EIQZP-M1KZB-8YPZG,None
DA3RF-AYQH3-EEHRF-EHGG8,None
K1IHA-FKZBW-UGETL-B6WNW,None
JOYNK-PY8AN-PHKHN-KWDIY,None
YXYYS-M8MVN-JRGIG-PSE47,None
KURFH-RF8LP-0IJ0G-WN4X5,None
8OHXQ-GJAVG-7PNGI-2V257,None
BLFV7-NROGT-ZGIEP-VXRKH,None
KR50U-HLY8H-LVL4S-MGEWX,None
NVIFS-9K9BA-TPEUR-SNARP,None
AFICV-RZJO8-CXYML-ABHHS,None
4O1BJ-EHJVQ-LJNVX-1GT97,None
IFG7O-KAGTD-MGLJI-LY9SZ,None
SGWYA-PYP5B-QRCZM-V8UTO,None
YY5HC-OWNQV-HCURZ-XGSDG,None
QIUFR-7SHH7-MK4EF-DJFJ9,None
RUAGY-PD3LO-NZ9P5-4YWSA,None
3EEAF-UJOKV-ZZAZ5-Y8QHK,None
T8XQ7-TYF10-XLQ7G-JMHJS,None
NLWHX-RSB7K-RHZT9-6J8TJ,None
OUPVX-R6Y9W-JEVO2-MBNFP,None
BOZR2-U5HXG-KCYSM-WRYXR,None
SHG5Z-MCIER-GKU0X-PYQCE,None
WPGCP-4O4LR-40A7H-ITORA,None
Y7VZT-GYTCW-NYTHY-SYX3V,None
VRVAY-COY9S-YKDWS-RB8B0,None
4GDOC-KTI09-TIRUX-GA8GZ,None
8IYWE-7AEV4-PHGPA-LD29O,None
RU18D-K0VYA-1KSKP-XALGN,None
7DPSP-TQ7PM-44V6J-NUG4C,None
JSXIN-YNMOW-RINA1-DK63Q,None
6KJ0X-LERY2-L4UKG-XVVWV,None
YPUSW-AAFNU-EGFW6-6U1WM,None
LAQBV-IP0QO-HTQLA-LSJRK,None
QT1FR-TZPKB-0VQSW-P6TNV,None
BABK5-PDS3Y-3AZKF-7HUBX,None
WXK7N-W5DPN-EDLUW-8TQBT,None
Z6FGN-WSVHD-LCW0E-DOXEK,None
VQW5E-9VMIN-BIMRK-PJQKO,None
A5IOJ-AE4SH-QLDA6-RXKKN,None
0S7LG-MFR8O-OIA5H-9JNNU,None
V4MEV-7TK5R-KTDTX-PELF0,None
DBFT5-EJP29-VUA2X-EJPVO,None
KCPYD-F6TAS-BS5ZH-XAZDZ,None
HKLWK-LCPF2-RLJB0-XHDDK,None
RRQNN-YMOZK-GYLOT-QTHMW,None
PFTR3-BNDVU-STTPX-7GK4O,None
S5P4M-XKRZN-NWKP2-CJM5U,None
XBQHN-2R662-BVDBW-JSKC0,None
LRVQG-VUPPB-ZRMDD-DDV6N,None
RM5VU-X6H9D-URPFZ-GERIF,None
Z3F5I-MQLIA-TSBAO-VH984,None
0N5VC-KKUDL-LSG9X-WZXSS,None
3AFRE-GENE6-VXOWW-BCCWO,None
EERGP-XO3OA-KCUNG-2FAA4,None
MQCRY-Y61V6-GF0NC-X0CZK,None
HULM8-HQPSR-GUUB5-SWTAA,None
H3ELX-SADWG-LZ5O6-HYDR1,None
CQXFP-YJPJI-ME3DJ-O3FET,None
ZZ8EX-VBUU9-KVAPV-IO8QB,None
T8OTY-7P93Z-HLT1W-D5OMR,None
IKU1J-YGNEU-MEKGR-ELTWK,None
PMNF0-LKCVY-NPBQS-QA3UG,None
7CJNO-RQ6ES-IV6YI-N6FJJ,None
JJNUK-BJXPP-IM2CI-LIFHY,None
9QG3J-I9FSP-UP07F-VCPDL,None
6AH5E-FED6F-FL0QA-I4KYI,None
IOZCV-AKZBS-4WS8H-WVEV4,None
FXWUA-MSDMV-HOFRS-TR6US,None
NEFSW-OMNBJ-YGGNQ-KTF8I,None
IFI4D-BDQPM-RCGOV-XATUF,None
FCFX0-N20PX-IN9P6-XXSZH,None
A6UR8-4A53C-9BNI6-FGU74,None
IHBZQ-4YLAM-BEV55-IUEME,None
T4UBB-G3F1Y-CFGIA-9UYGW,None
V5JT1-PZQDE-NRGJI-8GHVE,None
ID1RY-FVSBN-KPYL6-WRGQP,None
AJ4V5-C3J2S-HSLAI-DOLMT,None
NNROU-SQ9MJ-86NLZ-PPMOA,None
CSONU-KH9PV-4SN2Q-MH0TF,None
WBLCO-IDBU8-OWDXP-N6NPC,None
BCMDN-TDQSO-6RVGF-FMQQE,None
ZHE9P-NMM72-WRITS-DHC6A,None
FDW6Q-JAFM0-AUFWF-IVJRH,None
ZEBK6-ARF6A-DJONR-0EMOH,None
AARR4-RDXYZ-VYNF0-APVSS,None
JZUDI-QLIQJ-5RUAN-TI0TM,None
VBSKG-R3ES9-ZZ8EM-A8ALC,None
XG3NB-KCA6T-HMSYE-PYPU0,None
ONJPV-9QBGV-XGGMK-LEEOZ,None
HIONT-FSC8T-6MBSR-BULAY,None
DVBM3-PNO1W-NP4N4-HPV8I,None
VCGPA-0FUUB-LQGQO-5ZATD,None
NSH6U-3RRRE-8JUQT-XC616,None
QJQVK-JBGYS-NLU6O-BKUE1,None
OYXC0-33J4S-XRK2I-RGW1V,None
KPVXO-M5OUP-BYRJZ-FNLYA,None
IIYEF-JB0HF-MRWZB-FIF7M,None
ZP7NZ-5RE1O-TAP7E-R5TPD,None
X17K8-3SVEV-WFBJU-ZJRZ3,None
1SJE2-KFBDQ-F46QK-SZGTW,None
CWFYZ-XXQZ9-OAHEK-CC4CL,None
JO4LG-T91EK-FKXAS-HHCDK,None
LUURO-LMU6P-FLPFL-606D0,None
RXOWJ-WW3RY-UZQ8Q-L4UNO,None
CSULT-JRQVE-WOE6W-LX8MU,None
L0QZY-CUTG6-YNNTY-WQAK6,None
YCWQQ-ISCFF-PQDI6-VUHCC,None
FN4XW-BHCOS-GKBHE-RNLQN,None
FWLXI-CZQWN-ULEQZ-PG9PS,None
BI7QD-AFOJU-B6KMM-ABRNK,None
WUQJT-DCBQD-LC3FG-XNGWG,None
4AW2P-M2NJI-KG2EX-FP2I2,None
L5QG8-KYTG8-ZXH5I-WGQQJ,None
HAJGN-5YA2G-IZCWJ-7E4ZG,None
UOO9Y-KD4AX-8M8JO-RZTA4,None
YBKN3-NMGBT-YTA7S-ERMMX,None
UC309-46AS6-MONFP-PLQTG,None
5KSKK-DTLGP-VLPBG-N6NFQ,None
2JVRE-KHJBG-WTILK-BNYSX,None
YDS3K-ZYL7J-N5DAD-YFXZG,None
L1JP8-E4IO9-JVHD7-NGNQV,None
IV3TS-YQVJI-BVFUT-5HWOV,None
T6LXZ-ISSB2-YTX23-XOB6E,None
NTDYD-I14EQ-YMH4V-W92WT,None
DFTB7-MRWVX-AB9IG-LSVGB,None
JXYLP-IDHM2-4FADU-PP3KM,None
SEZX1-TQGYU-BRNDP-1KTXK,None
6S43I-XQGPF-6OFWN-TEHTS,None
1CKHQ-7P4NL-EZJMH-TNTVT,None
G5GWZ-SMIUX-LUDS6-QW57Y,None
N477D-HAVQV-WV8LY-GMIUG,None
0YFNH-CEKSU-OKJWX-CXY3Z,None
PQL8F-RG8IS-9QEYJ-XUF0Q,None
DWR0S-2CPXE-WPFST-ZS4QJ,None
NUZJ4-21MQU-CK75D-M0I9A,None
K6XJY-1WCIW-DDWKZ-81VBK,None
EPLYP-PFTHY-QILHE-12X0T,None
VVDMH-OAAXO-WQGDJ-6IM1T,None
F6VSC-B1CMR-RR46D-YWXQW,None
PN80U-UFYSH-QDHGG-ZHYJA,None
QG805-OYBT0-MH8W5-5THNC,None
A2M51-1MQKK-KKSOT-IAPPK,None
PRLDO-KSOZT-3LZPI-M3DDN,None
WOO1U-F9GBL-GDKBB-RANRM,None
NJRNA-HML3N-93697-RNYEG,None
MIZLW-PIGXP-HJNFK-W8RRO,None
WJ2NP-IM5GA-GFT3Y-MVXF9,None
UAFHN-IBGHV-FDZN2-XZXO7,None
6DBBO-TZV0T-TVCNQ-X7ZA8,None
DVH1L-3RJCG-OXOK7-K4J48,None
JA4SG-3G0DQ-S3D0X-CC6FE,None
KLRJ0-S4DOV-YG1ZB-3AZJU,None
U0KAO-HUPU7-KMJUE-4OKTS,None
PVPIJ-Y1UUW-SRZJI-VIFKE,None
LRGE4-UQI13-CXFYW-LFJT0,None
OCQBA-8UHAC-NJ25J-MRJN0,None
QJ8SD-ZSPKF-8LZO1-SZSGI,None
YLKJP-VPOKI-0CPOK-EPBO4,None
P3FYE-M4R4U-JQNGR-6UYFA,None
D7FXT-APLH9-HAPRO-XDAC8,None
ZS7EY-SDEKX-JVP5Y-OFWMX,None
4NBH1-NNFNP-3K1OX-SO5KH,None
KXKI5-DZ3RM-HPYDH-W007Q,None
DNPAX-YUCFH-8DOYM-TS71I,None
KQ0WB-MNULY-5NLLX-URYAQ,None
YZBJ0-KQI9F-FPD5R-UHHWL,None
GAK3K-BAJRM-EIWBX-0DYK9,None
26JB4-KEINF-OPW8I-CDDGB,None
7HADQ-MESY6-PX819-DSTNW,None
ZHYF9-VTUCM-ZPDNE-6L5BR,None
EXE4A-TA9TD-W5JDP-4LXWD,None
EPVCC-6SHIT-MDHRL-FSKAR,None
00GNK-AMB0H-QQ2IG-NGPD1,None
JASCB-MPJIB-GLVMX-HAN0B,None
MZLZW-TGTPM-IB78I-BWIVX,None
CYLES-EDWLO-6H65W-HKJRJ,None
FOTMU-FKHI5-SEPMM-ER33F,None
B33ME-SUN12-9BNB6-N6GHJ,None
QIPJL-CLLZR-NGUYJ-XOVMM,None
SKZCX-VJ8A2-L0H2T-A1YHV,None
OQDHS-9XRGY-ZELTH-I30QM,None
9P9JO-XXY8V-6PU6Y-9HC4J,None
OGOSW-6IYAO-4R2GH-ZCFG4,None
ZKOOB-ANBYS-FU1FI-C62WJ,None
UJ6QV-YEILX-QPLZ7-ZBUT3,None
VK4GE-ZOVLT-DID0L-AEHRM,None
50UQI-B8QAI-LUN7K-YK9S5,None
RMZB7-HX1NE-GW3PG-7R9VH,None
E4JBI-PDEY1-PIBFS-HQEDQ,None
V1FLG-CYRWT-D81YY-PR0K1,None
AGAQN-EUTCF-RZWQA-OL4W5,None
XZOFW-TDSY7-PKLYE-RTRFA,None
P6GUV-2JTHO-FKF90-YJAFQ,None
EV6C1-YQNDV-QLF90-WY6H9,None
TYWNJ-L0KOC-BZIP2-AJPNW,None
G5R2G-PABLF-P8AHC-1KVNO,None
XZZ4I-QAPG4-CDC1J-D0G4C,None
CE6RZ-XI3EB-MVADC-E5KBZ,None
BL4CH-SDLUO-OHJME-UQLJE,None
HW53C-FSQIG-ZRKGZ-I89IH,None
JKYCK-KFUNS-IMBDH-SLPW4,None
G67VQ-3O4LC-0CGCC-PO8YQ,None
SQKFP-0VBJH-ZQ1ZD-JBONR,None
2QHMF-ZEOEZ-RU12X-CZE9V,None
Q5NNF-84QR3-WVLCO-9GTCZ,None
GLPRA-8NKMS-AY4DO-0YA0Z,None
XK45D-KBH5U-TQO1P-Z9JOQ,None
T6QAD-XVMIR-C5SBY-HNGXJ,None
MIDS3-E2PEC-CZDCO-ZR3NK,None
CADFI-LIA5N-JZK28-RTZNV,None
6Z8NQ-FSWSU-Q20ZO-GKKXX,None
EKGZP-GW8ES-0TDQF-39R08,None
5E2WP-G77BH-JP5ZD-VDOZS,None
H0XZW-L7AYY-1GBJV-TRTY2,None
RTDYQ-0ILAI-TZTTF-OTOZF,None
7Q4KH-45XUJ-CIGCN-1KOEX,None
2JYR9-7CONO-IO1HB-7VYZX,None
4TF8J-BZIVJ-PFFUG-ITRJU,None
SW3WG-G4V1H-9ETRJ-RORJD,None
VHGZR-FJTVA-H0QUG-MPU3N,None
YVCRE-IY4IG-RS4SH-VNMOI,None
L6KQQ-O1YCK-LXK16-KVF1O,None
7U5KS-WGCEY-M3LHX-LDFUH,None
JJI8H-H6ZJA-KPJHC-Z8RAN,None
KBAFM-WZKIQ-EHJPQ-AVUV2,None
CNSUV-NRPAI-EDMFE-VDWSS,None
FSUKY-XEQ7B-HN7JP-WBAKP,None
FYW9X-30GLA-MXYME-FZ0WT,None
15NG4-CBCXP-2I9U8-YRSZB,None
EBZL7-CEB65-Q9IXR-M9EZ1,None
I5QRX-GNNNN-J1LAM-GG0WH,None
8PPFD-UQCOA-CZYNL-BIQM5,None
LGB2S-EW6KN-QZSCG-GJEEM,None
9ULDO-U6AOL-LVCNI-YRDVR,None
GXCBM-AE982-FTSDP-7XXME,None
RSRNY-Z1PMQ-M8LIE-IXXYY,None
TLGYS-5CMZ4-9TIXJ-FQVN5,None
WFKGN-W1OBR-9VUG3-ILAWJ,None
MOGWZ-UD9TW-KFETS-MXHZM,None
AM3JL-Q3DUP-TE9SU-KZPYB,None
AJLXU-NBC0C-8BCO9-KSXWY,None
IPEMB-WEJFU-U20IK-82IVS,None
SIDCI-HZOSD-NWX3E-9AX7A,None
A2BO0-EYR2S-MSXQM-NUWUS,None
FVHXQ-4WUH0-JVFY9-RW5RH,None
S8RYC-9SFEH-10S7Y-IBWGB,None
PVVSW-8FMKI-AGCNL-ECFVH,None
GIEGC-U07CK-IDLSV-ODTFN,None
9T9HM-AQCOT-7CDXK-QF1E4,None
1BN3Q-KBGFX-AKHEI-VLVTT,None
T2VNW-HDLZJ-BXOSW-5I0WI,None
Z8Y2I-GLON6-ZBKMA-FUYDZ,None
VUFSH-ZVPJA-WEOKF-7ZHMX,None
CKE8V-A9K01-JRAJX-RJDMC,None
IPL5M-PRDT7-VBHKE-H3JVQ,None
12IB0-XUZGR-AACNM-3KEEI,None
GTAE7-JUI6N-ZMUEU-0LRRS,None
GFT32-C1RQ1-UGCHW-GBPML,None
S7CKP-WCSBI-LZXAN-G4Z1P,None
MUV2G-NGNBM-QDAUV-BV4BO,None
LMBES-OWQYR-XEGSL-5WRVZ,None
XMOFI-QMCMW-FWZNY-UPJAR,None
8AGD6-BKTAF-DNGKH-OJGRF,None
BCY2G-3LBBN-D0OSH-6CT12,None
VRQ3I-UV8RL-O0FLW-ZBYF1,None
OTHKJ-MNQHB-F9TBY-SGGWH,None
LNU8W-EYXGA-4NB7M-U8ZZH,None
MK1JX-5R3GI-WTWAR-AYGU2,None
NKABE-YAPKK-IHR5R-YMA6X,None
PQ9Q3-Z1D9E-VF44M-5LVWC,None
ILAO1-ISIT2-WZBIY-4MYT0,None
1NOIZ-TVJES-J03EE-B18BL,None
BFQPV-SW1UO-YYSZN-AGJ7E,None
QQD30-QICT4-MLBDF-2S4H3,None
B5XEG-NZQNW-9T5P8-V80KN,None
CLBG0-VXZQC-4FY2P-PHQDL,None
WUFIG-3DQRH-2RBIA-1UCJD,None
ZF5RR-JNYQN-EUTSR-NB7UM,None
TAGHR-MIR4T-J2T7C-1AVWE,None
I5ZT7-OUTZQ-WWUFS-XAUXD,None
XTC9C-F8HBL-K98H7-MDHTT,None
EDPY6-BICPW-QOZQ3-1IPKJ,None
RQIML-YYHCL-SQVGM-6ZQCZ,None
MBFOA-TTBCJ-PEC7D-VBT69,None
UTRL8-C8YTO-GFSLA-HEMRW,None
8NSGO-URSXW-0LXRQ-0SV4O,None
NADNE-4D2PB-NPOUV-YWGD7,None
HCM4J-OILMU-IUUW5-MTRZH,None
FQRTX-RTZ1N-ZVRVL-NPPAJ,None
8XQR7-QRR3U-OWQS2-TITW3,None
YDYJB-L6KAT-SOLJ7-3CUXM,None
YFRXV-CDIQH-SLPN2-WUMRC,None
F3D6L-FHFQY-3JDQV-TFXXC,None
JGCXW-O8VG6-ZLPB2-4W5L0,None
TAWQS-KHQKM-SEHUX-NKFB5,None
URHNX-ATY6Q-UOZHM-I7AYE,None
FAWD1-F74DU-4FGEH-Y6UI6,None
SFRPG-IMX9L-8MVQT-EXUNO,None
BPEAY-4Q5GN-OXUQV-PP51W,None
OQAZW-JDWDV-RBJ1O-GJWCS,None
2VICG-EDKRB-TAODC-G7RSB,None
SFIJF-CLTS6-BE2IW-0DGJ1,None
URF97-CWPIV-OEZ5Y-POK7T,None
WEJS2-RJOK9-CHCHV-DHNEB,None
2WXFX-UNX3U-SYTGS-DJBHQ,None
2TDU1-UUVZE-IXROD-PANFV,None
5M8QB-971L9-LXVOL-KUKXI,None
VAS8N-LUT3I-FN4Y5-DCWQA,None
PZRFK-RDOZH-JJF65-L19JU,None
BNAGJ-YS6J1-WJJT0-RJQCP,None
ZAX0B-MZJFD-CPAZF-OIGF4,None
MEAK4-0XZCS-D9GL5-CDZTN,None
BMAHK-8WJKM-Y2DW3-FFROO,None
H0HKV-PLTIQ-KZZPL-NDOZ1,None
XCN23-ZCB1Y-FIGRU-YZATT,None
ABRVT-7ZEDL-6ISFY-RT4QD,None
R7D2J-JCPAF-WJLQ0-D6CGF,None
LXFHI-N16JJ-EUFES-2XHL8,None
O7SFJ-83ZMU-FPRGR-3SVQU,None
NBBPL-JZBLN-UFKRU-2YQN4,None
PX8TQ-0EXAM-GFYHZ-FBY8B,None
1HV7F-Z7QQQ-VQMQI-QXQ3V,None
3RCDH-AL826-Y8KAQ-VPNCH,None
GQSGA-CIPMA-T1DBA-W2FCB,None
HWUJI-R76G9-DC7CW-M5XNS,None
Y5FB4-RIN9E-KRMNN-TZDUT,None
UOFDY-N1E1I-23ZJ7-VEHFJ,None
JBYHH-AVEE6-VER2L-5USKX,None
VQOO7-ZKPDA-OPOJI-7HG1F,None
SW0SR-SAM8L-LIQUF-JEFMF,None
2VSVA-VHB03-P9J0B-NY3IZ,None
SLXSH-AQ5TV-KGX4I-E3ZMR,None
2SURM-KJXFK-XNUDS-NEMKC,None
GHAQF-T6D11-N05PJ-URBKB,None
ZSEHO-WMBPE-306EL-RT7SJ,None
SJXSN-PECAW-XYF3K-FMNUP,None
L4SML-PTJVW-GWIT1-91RNF,None
IKHTX-JJ7TB-DQDGI-M1H3W,None
UM5G2-KMDNS-LWNSD-PLZDH,None
UE1D2-VO22F-CYOSN-JUJ5L,None
L8T7P-BO6BN-I4YR2-TBQ5T,None
IUCSG-MO7AE-KOMTG-IGVHR,None
SR2I6-AXMI9-WKB86-LLVEO,None
1JNTN-YF67L-FWEME-YMCBC,None
ZBPEF-DGUBJ-JGDA6-O6LK0,None
DBSO2-CZ51D-KOT8F-HAUPM,None
A0NNN-ZWOEK-VGMIN-C6ET0,None
BJW0C-RGQJV-PRV9J-J3BFE,None
HJBYM-A2M5Q-EN5GM-RDUOM,None
OTOAP-HDERW-BQ0OX-DBGDF,None
NW4EZ-A92WF-FVKZ1-TUVHD,None
HGR44-ZYAHX-BQ212-IUSYA,None
CQSLK-HPRE9-24EQV-PZU4E,None
UEXQB-OK0XU-P8NIY-M3L9E,None
UE2E7-NBBZP-WOYXU-E8QDH,None
VAQGS-L6USI-BGLCO-2GLXZ,None
DJSRI-RLFOS-SA24K-D0U0F,None
TW7ED-LGBAT-JFIPT-PPDP3,None
UMR3X-H0KI0-BDQCK-VPHAQ,None
YDDSO-MOMSU-SXMCK-Z3TEA,None
7Q6KX-RQRJY-461LS-GB9FF,None
UI8ZB-SG5SW-FNXP8-DBWFZ,None
Y8AJO-AXEDN-L3LD6-OIAHE,None
FGHF4-MT7QS-9KWHD-2QURV,None
R8VA0-VGYFY-VFHI7-9IFOS,None
M4LRC-XKLM2-4BAFD-HAZIS,None
ZDXQK-DVCN8-H6HYV-CQQCP,None
QYCJJ-WUIUR-XD982-G1ZZL,None
5LD3E-Q8O4N-6DJMX-6JUBB,None
JPWDE-Z4SKO-XIKXH-NDAH0,None
WJONH-ZOBUO-DUSZP-IJGI7,None
COY4Q-KDNIP-KDZRN-XBJ3P,None
1EVY5-C48O0-JSPHR-HSVX5,None
5UW6K-GD0O3-OUQLW-GENUE,None
V2QBN-5YZLQ-XC7DY-JCI2Y,None
HKHNR-BJTCW-CPVZE-KPJFR,None
EGGZN-MJ9RT-EFPLL-ALVBI,None
JF6V6-IAIBB-GMHFU-LE6BT,None
Z2WTY-UMRIE-KUXXK-CB7W9,None
Z0FLK-DHKJY-5L4GE-TT0ST,None
B5VJA-MZD4N-KS10C-KEPSN,None
XUW1V-GN7LG-1Y3YD-PZ0TP,None
Y0HIP-R2NNU-REDIF-2W66N,None
LAN4Y-JZS1K-AV9D7-R2HW4,None
QKSQW-AXLWA-9VTNR-JMLVI,None
9M7ZD-KXJIW-82WHQ-ZDY9H,None
LALVG-YTFLT-QCGID-M3FHG,None
GZY9S-AYAJF-VSPOJ-IMCMK,None
DWWBW-HLDMX-XEJKP-XTMLY,None
UQRFJ-XJHL2-M12D1-LMVJ9,None
JLVFC-XQ7AH-RAUIH-ISGEH,None
F8HKI-KTVYR-BOYOS-Q3N2W,None
PK2V3-SJIKD-QMO4N-ATV7A,None
H7JCV-BVYLP-ZNCHP-S636D,None
C7RSR-M5JV9-2PUE4-DZONS,None
8K767-NQWUF-RVTIH-LO0YV,None
YS0KU-5CRLS-PHJRF-VCL2X,None
GVOCN-NLLQM-LVMBA-BFDWX,None
QOQIA-RQMRV-E6XH5-8ENGP,None
7NPU6-FCYZL-KPCKG-SSLYL,None
V3LNI-LGXBN-WRGQQ-JQDZI,None
JA8ZZ-7LWJK-VJCTX-LYOQF,None
FYWFK-NNHUA-MYHVF-ZIT2P,None
4P1NI-OGOGZ-OGCSF-G3THN,None
IUJJJ-RRGTZ-QM1IE-DDX4L,None
EMRUK-8YPD9-2F68Z-N0TKU,None
6G4VG-YKGMV-XT1LL-3KONE,None
PT90M-9KCQA-GFBDW-QVIBW,None
9TY7M-YURCX-U0TLV-ISVO9,None
DKPSV-JR3K4-KNHQP-DSV2O,None
IE63M-8D9PG-TRUQF-0KF8D,None
IL9D8-GUJ6D-V0J3O-RRNNO,None
7TV5Z-ABXAY-0JYNT-8PDNA,None
JVK15-SSRPB-7SMEF-NADNG,None
LGZTN-TWYBJ-QBC10-ULKNR,None
SFAQM-CQMMH-Q8AOI-8YTRB,None
CCV69-UTI6P-X24NM-ZTQPV,None
VEPZB-O1ITO-UD2YM-LRFWL,None
G8SAG-S6PMH-HJRUS-0D1TU,None
KHET9-3LHVQ-ZHQDH-FJKXM,None
EQQBA-8VFBI-OBRXA-WD15P,None
XYVOC-APSZE-AXFHY-E4CW4,None
PELEJ-PEWMN-8XRVJ-GNS00,None
AU6ZV-OBX9J-9NLEG-VP06Y,None
6KA7W-TLMXC-KBNTF-GQDOR,None
ROIQV-LXHRM-2KL25-ZN8MN,None
XZ1CA-XDTEK-YDZMK-PQAFP,None
OUY0T-YXM6Q-AEWFN-FO4PW,None
BUFNE-Z5D4J-JPACI-BKBUI,None
UY8TI-MNTWI-Z7Q4Y-3YUCC,None
NTEPW-AJWRX-8D1AF-XU6BN,None
AY5ZW-CFF3S-JZVX3-HDQCA,None
ODLKY-I7D8V-3PJZ6-T9NYR,None
VGOFR-DW18L-HPHLE-Y5MBX,None
E0PAX-YDAKR-PWZ0E-FOZMD,None
9BKM0-AAVZZ-B1P2N-1OFI2,None
FGS3J-JTSZX-I5F8S-4RLZK,None
LPVPF-XWJ3Q-LZTVW-PILZP,None
UD6ZU-XMNKY-BFMTP-9TKB5,None
GVH1R-JM9RJ-T437D-SHDFY,None
MHVSW-RNT2D-PY5VV-LVMNS,None
HCXGW-7IWDF-JZWUM-8NRPR,None
VIZMQ-C0Y4X-X4QY0-85F87,None
UQLAC-VJSG9-ID8HU-R9U0E,None
3PLEB-T89DC-GP5OU-9IZR4,None
RYBYG-KH6V8-CKAVN-DGFTV,None
JAIQ1-1HV4Z-ALBZN-JDDL6,None
SKKAK-GZNMA-UJUAF-3QHNL,None
GRLFZ-HTYTA-ARXCN-AQP44,None
PDDCP-6XUYY-1EYRK-VGR3F,None
N3DUY-O5WPU-HR4TY-THGO6,None
ECSQE-YKP5H-IBQYC-28U7Q,None
KVAFH-SDSLE-6TTPJ-GXIRJ,None
WUS3D-NOVH8-NT1H8-FYCQT,None
JIAHO-LHQQV-4CXF6-CEJDO,None
VOYBA-NOZGI-85MA8-XCCSK,None
7HW6N-57N5X-YR4R2-PIHUZ,None
L2RF1-AP5BQ-VMBDJ-4YGSX,None
1KFTU-A9HM3-QXBSQ-VJYRV,None
K418Y-H2CIT-2QLA6-ZBT6G,None
HYMMN-RR2MJ-HVGYO-2C2WB,None
MYCZ5-0GN6C-VWOES-ST85X,None
HHYFJ-3BS8L-AFRCL-3NI1T,None
PSKKX-PVO98-TR6W1-ILIP8,None
PPPU6-X1QIZ-V8RJ8-BVIGP,None
GONCC-N0HV9-FZT6H-32WCN,None
CGUNL-KUSCP-LHVR7-DLLXB,None
SQC7I-IV4JE-VOJGD-3FKRF,None
XFCNJ-D8XFG-A4BHR-S1REK,None
P0WWM-F4PYZ-CS7FF-U6OVP,None
RE6HI-ETCA7-XBAED-ANZUE,None
N8SF5-JFS0D-NQMKY-QGSUZ,None
8IKYM-TPSQQ-MEOF0-ISTDL,None
75VBE-6FRBU-7YHZW-FTKSB,None
BR7DT-X5THN-YTCJY-RQYEG,None
NTNOS-GBEWZ-V79MM-XDTS0,None
1J7H7-ZTMQS-ZIMY7-5HC45,None
FE2RT-S3RP8-JRO1Y-FAM6D,None
QOLO1-3OHY0-7VCRM-UFDGF,None
HXTTC-UFD2X-TCYFJ-AMVJO,None
ZQXHU-9CBQW-L8OA8-TZW9I,None
0KTHN-553OH-L09ZJ-RVO6V,None
OWNQF-6I2R5-BCTQV-YQGWL,None
EI4Q9-JDJRB-HVUWO-LO9NA,None
WW7KS-ZTHHV-OQ5LX-L4A9I,None
S5RQU-FUAYV-3W5DP-VNLHI,None
PSLFO-IKK7R-MQFLA-12QZV,None
OTB7J-OKXP9-PDOOE-HY7T8,None
R8YIR-GUKZF-CUXTV-JDRLZ,None
NURUQ-WVHJF-FRQMN-LK5J3,None
CIOKX-OPO4G-R8TXH-G6ULA,None
KUEDY-CQBWQ-GCEOC-FKBB6,None
DQ0BH-8N9N5-YV1TH-370E8,None
PXJ8T-GXTFV-8JDJV-WV1FC,None
FADYN-73WSD-W03RF-RO0N3,None
7YJTQ-I6U3R-ADT8D-DA5SN,None
XPGQP-BU3CY-DGJ51-XCPSP,None
AQ7R5-2H8G2-QZAKS-79XR9,None
AQ3CV-4CMKJ-T0UTT-DEYXW,None
RLP9B-IQY56-U6MRN-I4GOC,None
ACNDK-SQOQO-C6DEI-6CU18,None
2ULWH-JEJOS-1C8RZ-1XTXP,None
NNCI8-XNRBZ-XEGUJ-S3RP6,None
OQXUR-UYITA-88MNT-WO1IN,None
L0W76-I6STP-6G0EM-Z8PNR,None
6TNOR-YLUYJ-W7QWJ-8MB2K,None
2HR61-IKTSO-9G5TM-TEITC,None
2QQPP-YS1FK-L9UQL-DSCLZ,None
I892L-TR8FD-XTKI8-DD7IC,None
OZ0W8-YRGF9-V58MY-DXNGW,None
6DZ0X-2KTKG-NWZST-FGCG6,None
AJVAJ-OHHAX-5ZCCH-RA365,None
1WYE4-7EV6E-VZDTZ-VFKMK,None
NUPMJ-U5J3Q-WSIZ3-Y78UA,None
DHANN-PMYCM-C36PC-P3QUS,None
2NGM3-MA8RP-SS1MC-JZTXK,None
QWQQZ-JZZNQ-B1N5D-ZMPEZ,None
LQPVU-CBCVK-VAJKL-C5LJU,None
THHXA-XWHNZ-BDJSL-HYZZL,None
H8PDR-XR4KT-N8QZY-MSVOD,None
GRRPA-CU2LZ-W8HG3-VNVSU,None
7EANK-72HKU-NWNZD-62FFM,None
BQR0G-69KCI-CRK9L-E66O3,None
J7FGG-ND5TD-8YATY-FQP7B,None
JBEU9-NE551-UVHFR-MRVYD,None
A6MVR-5PVXY-CEUTE-MXBLH,None
EX9UN-WWJRO-KLDM2-HL2GE,None
54ZRE-FLU53-T0DSB-BDS6Z,None
TWA0C-S3MR4-TJGHP-Y9QGF,None
F8LUG-SMRAG-EHG0A-DFRES,None
FV8QU-EB62Q-JKTCJ-0SLDN,None
LCPQQ-5F5LO-A7MSG-R8YVA,None
N1YLU-SZJ2Z-OUEYN-L2QEF,None
FHNZO-CDIN5-R7HYA-96S5Z,None
LZCIM-MR9XN-MEIMR-QVXP2,None
YUNOL-KDOJ3-TUCY2-2NAX7,None
2ZVBY-OF6SU-QUBWM-6BITP,None
ILZC0-I0VZH-I6STM-NDEPY,None
A3RHR-JRFX3-KOA1Z-4AG4Q,None
S5VNC-OFIRE-QU1ZG-IPAB9,None
41DKO-71JPY-W9W3V-ZY0D8,None
IN8CS-AFNJR-VRPQJ-9HMXN,None
LMC2Z-5VVHN-ATDH2-P1KVY,None
86WE0-M3IYV-5HB74-O6RGV,None
CWAZ7-MHZ8Y-A356R-5JE2X,None
1T7EJ-23R66-FBCJI-YSEQV,None
WTTD2-O27JU-6MTMC-3II5Z,None
W2RMZ-FP1BI-PVN74-VJNPW,None
1DEUS-KC8WP-5AEKI-NM6WG,None
E5HW2-QN2CT-RCIPD-XQQQM,None
PSB5E-504MO-OOY6A-06Y5I,None
EEO6Q-S6RT6-RCT24-67YF8,None
EGQ4S-GETW4-B5M6L-8RR0M,None
F2KSD-BKXCD-BCKS5-SACUG,None
FEDKR-JHBYC-EYI14-UPX05,None
KZKPX-K0LJX-9DDV2-N98QN,None
XAXOH-JPDLZ-UFHBF-IFDFB,None
XALJO-4Z3HZ-1EIX5-STRNB,None
ORX2K-H3RG1-RC0EC-7HKVV,None
AGWOB-50VIS-YN3NR-HTURX,None
7MBOZ-3SQXD-URNNN-MCPXP,None
OXESW-4DPF3-2BWTY-7EPJR,None
OUUAE-YGLBE-WNRLJ-UROT3,None
ROLB1-RA5FK-QHT2E-OBH2X,None
2F8HI-ZPWFD-JZ4YB-6BRHV,None
EOZUC-VPBH5-APVN8-GRQHE,None
LRZZN-W80Z8-WHSFA-T7NWE,None
1OYTP-DC2L1-HBOBU-MAXGM,None
LMHF9-TUPFS-B7YPT-EQD7L,None
UKD8C-HLJQC-N3VNQ-G37FX,None
OVIWH-RMUCE-L9ECX-4SKFQ,None
1XVVY-49EHE-S9KRA-ZTO7L,None
6LAXU-7ZNDD-APDHN-ITLPO,None
MEZDJ-G6WHS-GKHFH-SV8DI,None
VMH2J-SBQET-X8SPC-06GIL,None
F2YZU-LLC49-XIREA-TCYWK,None
TQHUN-YSIXZ-MKSTF-SMAZ2,None
SMDYG-Q2SLW-B4TI9-539T0,None
CDTBC-6TB2Y-SBYDO-HEN2G,None
BHP1D-DVV2S-IWWXJ-KURPP,None
HLI8E-BR3IM-HF5KV-RNGUM,None
QW5CM-BGTZP-TE3SF-H8XDY,None
WXS38-FF6TQ-PCFXO-8XLH1,None
GNMVC-1BEIW-AAKXN-ELRWN,None
PHPGD-AZZTF-2JSAJ-ULCCF,None
3G2GR-HAGDA-JK7T1-JMOSH,None
QKZQF-GI08E-WJWJM-MZ5SG,None
PDEOM-RMNFC-5YZZE-ULOKL,None
ORVCC-TU1QX-0B248-ZWF2E,None
2ULLE-NU4G6-A01GY-MD3KA,None
KYPYG-9AG1O-PAYJC-1QYIW,None
ZH0S7-U5KDP-XVUCO-M9YTO,None
BACCS-YJ3Y0-2SRME-MTUIP,None
0870O-3VBZP-ID9RE-UUG7D,None
NB1WF-XEFDG-HGN7U-KRXMZ,None
VBG9U-J8VMT-QIBG3-2UT99,None
KYAYC-8OVTY-QZIZ8-MQSZJ,None
VIB9E-EDDAZ-IW7K8-VIFBK,None
05EQV-PDEEI-VSIQ0-8D2ZD,None
LXJEO-TOL6I-CABEA-TAPW3,None
YM1LC-ZU2BK-KVTUO-AMZGH,None
NWXPN-HDG2H-RQYOE-0FO3Z,None
LJSCO-14V5J-ZOKDU-FHYEB,None
TCB07-KMDZS-RI5ZD-7UVI8,None
3MNFH-I2NIR-ONOWN-F7L3X,None
VE8II-DVGJQ-HTXWN-9H7Y2,None
31SAR-FUUDH-5I6WR-JSITT,None
WJD3V-AFPYZ-DCRSB-ZFMG2,None
F7Y9H-HZDBA-GVHHJ-40OEG,None
OSCLW-SUL2B-TSBUX-KX6I0,None
CBS5W-SZBHN-SK951-5UHW3,None
P5BKM-SFGEI-NMB0E-69RHH,None
BQLG8-CIKWR-ZVFAC-G1IJL,None
LL2YR-OMTBM-KM8BX-TUKJ9,None
5ZGYU-TL33X-L0IDC-ZNM0N,None
RR2KV-EZZTN-IPVK2-IFIDA,None
GUVDN-LLQGY-YRYHL-J5GIL,None
GU8D0-LZNBT-YK8OZ-ESUWL,None
LMNLL-ISTRN-LIQTL-UYROH,None
258OO-4BW88-MURBS-CDHWM,None
PSOIH-YU0LW-ANPGO-TQCEE,None
QCZWS-D19UX-ZO6L1-PBB3U,None
0KARE-ZHNTV-IS1EJ-RZFOG,None
WO3FO-8YC6L-F6DLB-OWL2K,None
OBGZ4-KZ7UX-7MZRQ-6BCDN,None
GB8MP-3C2US-OKEWS-HQS4V,None
NIOJZ-YEDKU-TCJ4H-DHQWP,None
D6NXZ-QU0M7-6TSQL-S3SSQ,None
6BLQ9-PGQOU-801AQ-JXPHN,None
JSOYX-O66UT-OOZXY-LERLN,None
DZCDS-DQBJG-4KUVN-X7X0G,None
8JNIZ-TJF2O-EL0LU-JCK00,None
XI0LM-SB2NN-CHZGH-ILPH1,None
55RAJ-LRX4A-Z2WTE-0US5E,None
WWW3Y-90ITS-EORZ3-5NHR4,None
3I2WD-BHAXM-YEICV-LXINE,None
FBBES-LMSM1-TPN1Q-FUXIA,None
JVU0C-FPBUF-PCOMS-LI8AM,None
7AGPK-WST8I-XYSTJ-LMVK7,None
3X8MK-RI8UT-DW6K7-DHY8M,None
RSS0P-C8OYU-GM1NF-6MZ2Z,None
UQYML-JR3TX-ORAYJ-AYXPN,None
C0LJE-WBNMI-Q5YUV-VR9BV,None
9NTOG-YE0BM-5ONRX-PCBGP,None
RTIMJ-UEE6M-EICTD-S9WKW,None
QG8DR-J0RFE-QEUIB-TIDSE,None
X2JFI-H7LXB-T4HMN-YGT7B,None
PQB8X-XIPGV-PY8RV-1YDZO,None
TYIXX-RPSYT-WDHA0-AGP0R,None
LKLMS-G5J5F-VLPYJ-FLK6A,None
MESQT-QJHS1-GQTOH-CVATS,None
U864Z-CXVCO-ZVAAN-LZFHZ,None
I3WH6-X4ISK-VHAGJ-YLXIY,None
M0SDU-PCBTX-BE1XU-X7NLY,None
4EWPF-FTS3F-E91AC-RWQ6J,None
3VGDB-0Z9DM-FCA3Y-SKXEP,None
G900V-4NXEX-UB2CZ-CRA8R,None
JMSBF-C4A4L-CWKDD-UT08L,None
BU5IJ-JUUES-BLL5F-ZTC5E,None
TFHJG-TTHCF-DMC2P-VTQJA,None
9R0NJ-FVOIR-X1K9Q-XKTKG,None
UF3NU-XW7ZD-C8MWA-EAFKK,None
JEHES-10PQW-H8MJT-OKEEB,None
OMAES-UMNVH-YUSPE-37DHB,None
OX2DD-RXLAW-MTBLO-YRL6K,None
PVDVM-4OQUM-0XRSQ-CMPR7,None
WWLG0-WOOP1-MSAAZ-KMATL,None
TM9VM-5UKWV-BVOXL-4DB6L,None
W9CMR-JPGBC-4ZSCD-KPYD3,None
M1XPN-FSEHN-YMOX6-9M0HS,None
6IHWC-E3VG0-NLSFD-7D8UP,None
8E4M7-OPSRD-PN3UC-CQPR1,None
N6F8Q-VYSTC-IMFWY-O1FUI,None
1OM5A-BCS1T-DK8JE-CTK4T,None
65RIB-EF89W-9QV01-NH5ZM,None
NQUMD-Y0AVN-SNKFJ-1IFOO,None
ZKX6R-SS3N4-TNCMJ-2T60H,None
9RRAA-6D9T5-KKBK3-0RS2S,None
BDOFL-LHCTY-QVKVG-RMSBF,None
7JM8H-IJ2QO-AUAHL-NSEB5,None
TJXG9-NLWT4-NAWXR-B4GPT,None
U7GBN-9HUDK-Y2YLV-BDCD6,None
GFL6Z-5IW3G-VOLUS-GKPQ0,None
CTUPJ-KEIWB-A802K-WUOVC,None
RUMZZ-MN0OW-K3KT6-F3BCY,None
XR0VM-BHNXO-TTB36-TAAHI,None
OEHL6-O82WR-MRPXV-WUI7F,None
HZABN-EHORY-IEJTL-OROXP,None
SYNJZ-QN8RX-WNSPP-CO3BK,None
PDXJ2-LHRNC-A5UKU-YVX1G,None
VJBAF-HQ4OU-NA9BK-0GN2G,None
CU92Q-UK7P8-1WZ9H-C14V6,None
COAHL-OWQ1V-UGQVL-KUNKX,None
L2MQG-HZXXY-4WRVR-JUTHW,None
BRIV4-ONT0X-T47WU-YXVUT,None
0H7BT-3SHTZ-FNXT5-XWZPF,None
RHF5Q-V7NFS-S9VET-PLXBE,None
YTOZ7-ROKKT-LKPAG-Z0FRU,None
QKFR1-YA4MO-Q15VF-YLFWW,None
E87DW-DA7MD-XLCCZ-I89NH,None
73WN8-QBKIO-MST5E-VNMCI,None
RJMIT-ZHGWC-GSP3F-PT0UH,None
D5KGQ-KMM3X-1AQJN-5L1DH,None
VLAJH-VLWSZ-LMGNL-BXWBJ,None
0HKCB-XXRY0-ZSGJS-4YVIL,None
TCJ6X-YNF34-AMERG-P6ZV5,None
UW3LK-VKJFV-DC0ML-JJDW7,None
KM1IG-JMU1B-NKH1E-IBZI3,None
C0VIW-EXPAY-8M8BI-K8NKU,None
OCSIW-5FBPJ-C9RPH-FUZQI,None
48BBN-XUNUD-U0EG5-Q5O3W,None
UNBIJ-NIQM0-5GWAG-34CHY,None
AZ4N1-F4DUL-FUBV5-6AKX9,None
EV3RT-XKWBR-OAZOY-GDCJO,None
57JVZ-AS3UL-Z9ZKS-LRZMP,None
BJDKA-DQH9D-2647U-LI2NP,None
OENSA-1ROG1-BIBGE-FL9WO,None
U3BU6-4RBMU-THOQL-CRBKE,None
BLR0V-EWWHT-KEX2Q-TBAQQ,None
JUROF-RXQPQ-CMMPQ-MKAHP,None
IX8FH-XRSZC-G3XOL-6LYAK,None
WCHGB-XEKDO-WMRBI-RXHC2,None
OY0QI-2FDWC-SCEPJ-9H05G,None
GDH1J-PC7WX-YV5OP-XCNBP,None
BTV16-N3HDC-XFOMX-DRZYG,None
4ZBTG-SHPLR-MAZGF-YQCXP,None
0MCFJ-39FGC-7P3OK-XTH7G,None
NAUXY-PCHHJ-3NTKS-PAP7Z,None
IJSUN-ACS9R-UH7VO-JAOTL,None
N5AMO-UPWEC-7RXYK-HUS9D,None
2MTNA-BH7CG-KDJR4-3CEYI,None
0B72V-YBULS-MHQHN-OUN6L,None
KI8R7-D5253-7FBXE-W50Y3,None
OCBHW-XSRFK-IWHQL-3AXWX,None
BF2RX-D9R2G-EPGMU-IDCKL,None
PWVLS-ZEDFX-3GSUO-LRVCT,None
TCIRT-DWYWO-UCXPZ-3AUJ6,None
SZVMB-WNTJP-BOBV8-NDTOG,None
L8CGK-RFKQB-Q69GV-VQNDQ,None
SZXW7-5OCJ3-JGELG-IQDRG,None
YTZCQ-2DKGX-6QZYF-LXX7A,None
B9MZ9-FQ7QU-GUDUS-K800A,None
UI4H1-Y4UOS-EP7BS-N2TIG,None
9EREO-T7IZY-B91EA-AHIWR,None
RBF0K-LID99-TBO2U-NZIVB,None
OGG4K-BKKOI-NGNKW-IPNIQ,None
6PGHZ-VPMNV-8PXC3-WUEUI,None
3II15-5WKDY-Q4DFD-L41RY,None
8BOHS-5MULF-T637V-6YLOE,None
P87PE-P2KDQ-NZZ1E-9UPEQ,None
PKBOH-GDBTR-ENLP8-EUSCL,None
57WXM-OQO7O-CZLSP-J73SA,None
EQXSK-S9ZGX-KVINR-PMGMS,None
X5VRR-OYEIC-9QUJR-WHNNN,None
VFVUB-VZFXQ-239XD-SQIZX,None
7OXVO-2H641-G03IU-YA5GM,None
XICHB-B9QOS-ZOW7F-LPGOK,None
BWVSJ-JGRRB-OF8SA-5KAH0,None
EWPNW-9T8IM-RP0KT-ANNOP,None
WLF8Q-EZRGB-EPYX6-DMYZJ,None
CVFXX-TM3WM-TRKIS-RTPR8,None
Z7B9Q-NLPMJ-BCCQT-5AXT0,None
AWSS2-C5QSB-7I0SP-3STU1,None
NDCIU-ZNO6W-OU2AK-DE8N3,None
HXXJY-N2HJC-SS9UL-1SK08,None
B4XR0-4DXBS-YQIXA-VXOD7,None
SBYGH-WZXZI-S3FA4-CSTXD,None
FAXRH-AJRAF-SDCOP-MH83S,None
YOPJH-Z9COQ-O5T5W-GVS3L,None
SUHCM-IDFPC-STNUL-ZEGDA,None
00D1F-OZNCY-YDSL8-EDOKI,None
JW53K-3SQV9-NDWZR-SWEU1,None
IORW8-EH8SR-XI0LJ-PIDGV,None
9NAWB-FOCTB-UCWKE-SNYLC,None
MRXWY-CDHPR-NGXFL-BAUNS,None
QRCHX-M6EMS-BG6VK-X740Y,None
TYFBJ-NBOOW-3SDTN-LMOLA,None
KPW64-QVVGM-PF44F-1BQ9M,None
QPLWF-SPMOM-YQFAW-EB38X,None
VC3OV-3HCCX-WQ4S8-WTQGN,None
3Z1QA-TJBWN-TTQVZ-MSYNA,None
UOZ43-LLLG3-P9CNQ-MENXO,None
HE3KL-IGQUH-QCHNE-9ZT2F,None
IA7I3-5JBPA-FID0R-JLLBL,None
83DV3-6XSXK-RAXHY-ZTNRR,None
KUUED-X8OBZ-LLFS1-A5KRP,None
AMOV3-Y3FT7-2RWSD-SFQWT,None
ZBBM3-YBOUW-6BMYQ-BS6JR,None
KXHGN-X7H3Y-NHGMX-LUGTJ,None
4QOMO-EZHTK-XJGKB-STXLR,None
DUXLU-2C8YQ-DQMZG-PPO3J,None
R2VZR-XYFUH-DJ0VQ-JCOWL,None
T6N1O-MEI1D-80K7M-ET8UH,None
AUUM6-WMFDC-21HFB-GQEGA,None
C5N7R-RDHQ7-VYCOH-PPQJK,None
4TSM1-X00NC-7V4RI-AYGQU,None
ATDGC-ZNRXI-IDQXQ-UYEJH,None
8NGPN-CIPEG-4KBPH-9WJIV,None
IEVZJ-EHLHQ-U2ORK-J7XOM,None
G9TGO-WMDLC-RKLXV-2ITKS,None
LKSXM-WW9J9-YEXQ1-O2BEN,None
4FC07-CKIX2-RX4OQ-JKNJD,None
RI3Z6-5LUYY-S0HVW-RCHRT,None
VTW1J-4YRN2-T06UF-Z0MT1,None
H59HM-VGN2L-MFSLP-LYJIK,None
OE0PW-SH9CV-QEZUZ-7R5HC,None
FGJON-MPFGJ-AWMKA-5CV8O,None
DDXNE-QKWJP-XBKVW-GWVIX,None
WM4EP-DMLJT-JJBUE-SFVIJ,None
QTX8Q-QW7OK-KJWL7-1QMUX,None
KS21T-IRCL0-PZVUG-ES8AR,None
ZQYU2-GFODI-AE9FQ-1ZIU1,None
KRPAE-MKP6R-DRR0X-MZIKU,None
ZMALI-Q9KEC-YWKLW-OXA2X,None
TNEQW-Y2MQT-8T2XV-L35QU,None
H13WQ-WPOWJ-RBBWY-S63YQ,None
BKW7J-PAJGF-ABWNG-9XVCA,None
YWKZO-ZIS0J-WZBCD-NBUMT,None
WSYOO-EW2C4-I6DVB-WGHPU,None
UW2QH-DNSFF-Z3LI6-J0RFY,None
D5H2N-V7MK8-QPO52-AA5TG,None
P9AF1-QQRAF-DADEA-REDT8,None
DKM0T-GUPI0-I4LSS-LF9GK,None
JGD46-AWIS6-D4G2W-3LCEG,None
IBOTD-ZMRVY-BBLSC-D0BDC,None
AQKFW-DO74E-2WXTP-UAX7G,None
PDJBH-LDMXX-FXDBO-TIWKM,None
YORLC-GAPCR-KVGR5-3FVZA,None
RZOP3-0VNBG-LBB8W-VCHFG,None
9FTOY-TEVVL-D2ETI-AAJM8,None
W2CQV-QHDRG-9ML7M-PONCR,None
REMIS-P121X-GOJNA-9KECZ,None
0807W-IHCDC-6TT7C-ZHKD0,None
OYRON-F57KZ-WW4ZU-VAQHH,None
KQLGP-OVNUK-A71VF-JGLTQ,None
NENUV-DRBRJ-EOKVV-LUADD,None
GS9A2-YOJSZ-ILUW4-INYE6,None
Y6OGS-Y52YG-HKQTC-96UD2,None
BZDXL-L60PG-GZQQT-DH07G,None
DWN9W-OGFGO-TP57R-QLNAL,None
K7OY5-SGJE4-5CRFD-AT0G3,None
YVWUP-SF0Y1-YRM6A-ETCYE,None
BOFF5-QCPB8-37SI7-QWVEQ,None
BWLO5-PMVFJ-ZVCVF-LAXBD,None
WIBS4-TITK1-AOXJL-B0SHM,None
TCPUD-MROKR-UDSJZ-R5XM0,None
YOBOU-K9OBW-UBSRP-I1JRW,None
CZJTI-XKMNJ-CSB7G-CROBL,None
TTALL-I1R0J-WLBSM-BQVAZ,None
SHVVO-STW3J-GC0AP-8VOFH,None
XUOGN-IHX8K-SNBAF-K8ZTM,None
2UFJL-RREFB-UUWCQ-TM1TG,None
7DFPX-C7ONE-WZ3EV-1PXSU,None
GWXK1-OVZKH-V7HQ8-XS2FY,None
BRSGE-REP1G-1EMXR-PSE0Y,None
M8M81-8TWCO-UXVP2-LPZEJ,None
3J6CF-FLOMK-F308D-9SSWG,None
EIWGH-DAWBU-AV4W8-3NCBG,None
EKLRA-9N1OX-MAM3U-ORQCU,None
3TOVK-GAPWP-A8HLT-K8MP1,None
IUJ6C-PSSMH-LLR12-S77E2,None
LLQW1-HZQFW-KVV2Q-KLJFO,None
B3IJO-VT29I-M7ICE-NHFLF,None
3EYEK-0OBAN-GND6O-ZBUHP,None
F7LZ5-QFZLV-YS6HS-BOKA2,None
XQ2K8-Q1H0M-P31OD-GWIFP,None
8XCZU-SEEXL-DDCSB-HUIZG,None
JRREU-OLH5Y-MPVKC-ILBMP,None
VOEAH-Z9JMR-TWLEZ-CBEZI,None
AZ6ZH-LRIVZ-P4YFX-PZKWO,None
EQK4Z-ENGT2-AB9FO-UWDDE,None
DPRWP-EOLPM-621YX-BHJP1,None
FDK2L-IQHIQ-FKO3E-TWQ1H,None
GZBNC-IM1M7-BMUJE-CSJEP,None
SHZWX-0OQ80-Q2CCT-GTZME,None
AZ2TW-T0KOM-XICYH-DCBB4,None
RMS4Y-DU0E2-0TJ7W-AZEKV,None
ORO01-BT0EP-EKZUN-UD9QH,None
UUOXE-UGFMD-ESTSU-ZIWR3,None
VGLDV-3FDXJ-PHBST-U0VOY,None
Q8JC9-VO4RY-DKBQ3-IX0LK,None
3C8TB-NRZVJ-V44EV-TXWTF,None
4IRB8-XJACA-BPP0R-FQLRF,None
YE5GR-A4PCT-Z7GYQ-KEXWY,None
IR3SN-FRELS-BXZQB-38HHM,None
BN82E-HUXCP-3VKX9-QKFUL,None
ZQ0HL-LBHOL-RYTJQ-FTLIW,None
GV85J-R1GDD-SAL4A-TYUYW,None
WEYMS-NSVPD-Q2R8J-5AOXX,None
IN4NM-PMEM2-YI0JC-PSZG9,None
ZOUSJ-UKPPK-LTDED-WYZ71,None
Q2X9S-VCXOY-UKPP7-VBZTH,None
EMITK-N6IVZ-SH9UQ-ROE5U,None
FQMHG-B0KCN-D96KB-SKODN,None
IZ1MG-XYJHN-3SYCS-NNS7L,None
SQAIE-EXGAK-EWA5J-RA6D6,None
DUJYN-X0LXK-UWBCZ-ML5IR,None
FKGNK-JSOGC-YTFKW-BVZFC,None
ISOUZ-KR1FQ-GQWL8-PAQ2N,None
RHCMJ-NUAUK-TNBFN-BG84V,None
YSL1Y-1ES2U-YWBME-5BQ12,None
9EXOI-98C3N-OQGYF-GGDYQ,None
RDG7X-3RMYR-D2N4Y-FLYAF,None
9Z2PS-SVRU4-HB4WN-105N8,None
SCSUX-4W58K-AME7H-TOPCY,None
IE95Y-YFBAU-RTXOW-DAKR7,None
LMISX-DBA8Q-1KGIQ-7N2BU,None
LDRJ2-LBUWP-IJW0C-1QTYA,None
XQYE1-FMO2T-F5EUU-VST0O,None
LVSOO-SJ9JQ-L1Q2Y-QIRK4,None
7YOXE-CPBKG-38OMN-RQVHD,None
ASXJ4-33BQD-QLJPX-DU5DK,None
ONP1J-WERMS-KVMWQ-TI4WA,None
53UQQ-X1FZL-FMZB0-5HD03,None
ZHO1J-F3DLK-7YQVD-6CHUY,None
59PJP-WAUSX-ZKUIV-VWCDF,None
FSHJX-VEQS7-HEUNG-DM4YZ,None
L5TJT-NLGXQ-J4THV-CFF91,None
GQHQ4-LU3P6-JRRCU-FUZQI,None
GR6IA-ZX4YM-PEAAA-XIZAZ,None
ICCLP-H1QZU-ZWUNK-IAM6O,None
WIFVM-HBBDI-XNVT1-O2MFY,None
NPYUA-FGDTH-BAZWY-MGKY3,None
OATMQ-ONU8T-2GUCX-WU6NM,None
FT94U-O7SWI-0BFK8-NBFRU,None
WRH36-UUFRR-X2R85-YTKQR,None
NDQOA-QC5YV-YK0TQ-IMM8V,None
RAHFY-WM8QV-GUW4E-GL2J6,None
LMCOF-VFLLY-RCNCD-5CFFY,None
ILDJ7-H4JI6-XKXIA-8HNPH,None
4DC7P-GVPOV-UYFDP-QPR48,None
HIKFL-6C82N-Z2NU9-WWJUJ,None
02H1K-NLOAG-AUPLI-NQBQO,None
0BQWD-PHBZM-VKYVR-UG6WW,None
IR08I-QIPUW-ONKQO-K2KB1,None
JSB4O-OREQ9-Q9XXO-CRE0P,None
JMY8C-WKPLW-ER2X3-HXBP1,None
QH5ZD-6TKOE-GNUPV-0BI61,None
LIP8A-NXP9U-QI3Q6-EH0YK,None
E56NK-16PM3-VAFCX-CLNCU,None
ORR7C-FFVWX-LFMGK-D1MSY,None
HK31Y-KAUNX-S1UWG-FBBX4,None
TZUTC-3VN70-61ZEB-IJGG3,None
BEHAJ-GAMVX-GJK7P-548SO,None
FWQSR-SG4Y3-PICKM-ZW7AW,None
ZTDMK-OPKU9-TYQGF-3O0GF,None
VA6XC-QD0KH-XAODV-RA2HC,None
XKRBJ-EBRLV-DS026-MXWMY,None
UVKWE-XSKLW-54JRW-CYRMQ,None
12FIT-QF4VJ-18BQX-WQAYU,None
DTWOS-ZGV1J-XAWIX-MQTC5,None
L4AGX-Y60RQ-UGQQL-KZRCN,None
R31RX-NMCPC-9J9X5-ZY9XE,None
TDZMM-MRFUY-EY2BP-E9MRD,None
ILZY4-WJNBZ-VA1GQ-6AWIO,None
KGKB9-7LN9B-LJNMG-XYKF5,None
GLINX-9AYWV-MXQVP-PFHYZ,None
VGJIR-OU19T-RYSJR-T27NJ,None
URDZV-OFLBA-LMAIV-ZQHKG,None
FJ2CN-GO5ZZ-5YB8G-ZT506,None
TBRF8-D3AFD-6BHAI-SBHIA,None
DUYEI-H8CCB-RTWHS-QYIF2,None
YW42N-WZ0K2-I1D6T-RO8SA,None
YQIOD-7LJ3G-TDNF4-FIMOA,None
D3FX3-JAUTF-ZI4NZ-TWTC7,None
MWPEF-ICOOS-C1VNA-OOG5Z,None
SXDV4-O60W9-85XPR-I7U8W,None
X3MGH-RTTHT-RKUEY-0AOBX,None
GYQ2M-OLYEK-E8GZK-KKSC7,None
1EWKE-8KJOS-SFSEH-XC8GY,None
WLYS5-SDLSC-IPBW1-BQCBR,None
RVXYN-YKDFO-HKSFC-5LT9L,None
SCLHP-14NMY-2LM4Z-PMU4K,None
ONIEF-WOVPR-Z5AIH-MALCH,None
B95G6-BSQTT-VIDPI-E30G4,None
W2SVG-LWZRO-QL5TW-J0MKB,None
T1YMW-1JPBG-KZ35J-SKYDM,None
KDVPL-JFRYW-SYGF0-DPWHT,None
JAJD2-FMANV-IHIEW-MIW4X,None
BALRH-K6M5Z-1CZFB-4L7MK,None
J5VDC-B41TQ-OLFSB-571AH,None
Z6OCU-15APO-JL55V-5NRLN,None
HIK2S-K1UAM-VHWSK-HCKT9,None
AHAWW-U0MYM-0SB55-JY7YJ,None
4N0WU-BAHAF-HNXLL-GDBZU,None
JHNUB-RMBHE-DHNFK-YH63X,None
VFIO3-S8XAB-0S8OX-RWHEV,None
2WLQC-LPXBS-BWGFP-P71FW,None
H2QTN-2GFQP-CYDVG-LCOM9,None
YA26I-VVDI8-MOFVX-RJ1RK,None
GLSBH-HT4SY-RDCJP-RUHOZ,None
V2AA5-35UZQ-SMNMW-JLZYG,None
404GE-SZXII-XCUVS-E3MCG,None
4PLZK-DHRAX-ZIYGQ-DNE4O,None
3TAGS-N2XTH-WIT2Z-YYC97,None
JQLY3-7KTMT-GLN56-JHBV2,None
YK0OJ-X74BQ-RQBFW-LYM7U,None
Y5KV3-6YTJW-XAPPJ-IDLPP,None
1VGJ3-RXA3N-DAVLD-ET2VL,None
CWZNN-NKSNV-KVHOU-WTK8E,None
CAFYN-DR9D9-TMGEM-QVFOG,None
5MCYK-PHNOP-U90YU-Y7JNS,None
EZM3T-Z6RUI-QKXGS-NUA8A,None
URI59-MS22B-0NMLZ-5ZMJI,None
SAL5C-ITCHM-VGRBC-YMJSW,None
GRWY8-NJG3Z-3YVCM-SN7PD,None
IYK0J-SSMQ6-BQQEY-APODK,None
PG3ZU-T8DAZ-6VWQY-HMUSE,None
KRUOL-6JRQJ-D2HTY-9KVYK,None
YN8FG-MDTJC-RMYEW-7MYOS,None
IWTKS-L2QBD-PYZYR-9FDLL,None
9Y3KG-KIS7Z-2P7BO-G3UGG,None
LOTNZ-MVGCX-TRQF2-GP27S,None
OUWQA-KMEO7-EVM1G-WJVNQ,None
DTQID-XFZ6G-GAHBD-6G8LJ,None
RHBXM-0Z9DY-Z91EU-AZ41Y,None
B5HCC-K6TFQ-EXG7X-DAMLO,None
FSCOQ-UHDRH-CFLVW-T8XDJ,None
UNRJM-SRVPP-FVOUB-ECVTF,None
AX4BD-XL5VG-NIASX-0MBHY,None
ADX5V-E7MQQ-QD6X2-FYJQI,None
AGNWM-JYLH3-TYCHW-SPSMG,None
5PZHV-7MBJI-BQ459-HZXZV,None
Y1F3B-WVHB1-GHVYL-QTKUF,None
VCTBY-SWIUW-RH0QY-IXM9T,None
3P1EW-6OXSE-5DF5I-KW8C3,None
2UI7G-EGOMM-TFUHM-7IWXB,None
V4TSL-ZTQ4P-LAEKK-CDKMG,None
HF63L-UOOFO-MQ17E-WZJD7,None
Q4AHO-HVRHM-U9UQI-B5UJT,None
4AAT3-S5AHF-UNZAN-ZWOAE,None
JFXR1-WESBJ-BB6PN-P4QLA,None
IGHLZ-RR2DX-DBXZB-BZVIQ,None
ZWPPO-EVVOD-LOTLK-QLNAQ,None
OYFV1-VPJZD-ZA0LX-DCXMT,None
YBUCT-EUINW-XL1BN-GLSVY,None
OMYTG-RQSRF-CFFKD-ZKNZK,None
QWCQK-JIVN4-CCHEB-S9IDV,None
JJBTF-SAYBV-UDJ7T-PIXGS,None
KUXZQ-CUUBS-CTRLG-FTNAP,None
XFMSI-TNDOL-R2W1U-SZZ22,None
NEK1Q-KTTE6-TWHOU-IK981,None
OP15C-SQQL1-EXHZN-WQV0B,None
RHJQR-CZRMM-YENB2-NJKZI,None
UZH6B-4YNBW-QWZOB-TDG15,None
WQBKZ-FYPZ3-DMI2C-RQD7B,None
S8JE1-CMXRE-GG9SB-0ZFRE,None
IOOGN-J27RZ-S4PTJ-3RTCQ,None
JQ1WK-SXKIB-RJACV-L59OJ,None
JN31G-D3WEV-9GVWW-VXVKR,None
OQANT-13HLV-Q9CPI-OUILV,None
NQTZN-CFF8P-1NVIN-KEJYK,None
VOBQD-JWAIC-L01AC-BIMNW,None
GA8D3-YW0EA-KKOKF-PHSTS,None
U3A19-GOKAN-U271M-TTR9X,None
M7XQ8-YR5MR-ZDRBV-7DD5F,None
IPTOS-9YMZ0-00LY0-HW4BY,None
CY9MU-RKY7M-O4N2I-SVHOM,None
MZAYJ-F3QWX-2AXNI-IFKD9,None
KB6RT-11UXJ-MWXZ8-0XNSK,None
OXTWB-TMT3E-JGTIQ-IECKL,None
FZ7QW-8V363-BNL3O-W9KXN,None
8M4PZ-7O9PX-ESNG7-QO2BJ,None
RREBP-YGC1Y-BBTUU-6VL91,None
96IA2-JRBGB-R1LSG-XJ7UC,None
FBR31-SKQY6-ZVRDL-NLBHD,None
4ZPDW-LI1KX-AHCAO-PP3TC,None
IYQOP-PCIZD-VAQX8-GRTWW,None
LRDUD-38NME-QWVP1-KSQ4B,None
AXHYG-XCS7Y-V4JW1-BR6IR,None
FLCXR-GWKXI-OPVCW-WSD8V,None
X4DEA-VBWO9-6WNNL-YBE6S,None
XO2TQ-RSZNX-GMLNF-HJLDH,None
JUVW1-HGVFD-UEQEW-PCIPP,None
ENU9E-ADFYU-HITVD-XNC8W,None
R27RA-UPAPD-CNUEH-FPS8I,None
QGYVZ-AIB7Q-W5N0Y-SIDPV,None
UOUB2-1VGTI-HELOY-GRXSG,None
NCGC7-SWNMG-XPGJ5-OAHVK,None
OWPWD-MN9OO-IDV1K-WCOYI,None
TWPXK-MW9WF-EYODF-BV1EN,None
WTE8T-WETTV-APSDJ-MBTW8,None
FSHAS-GOYBL-JJQXF-40ELI,None
U29P5-EBRTC-TCMGC-EXCHA,None
P9HAF-WADP9-YTQYP-YLGIL,None
UOQTR-RFQF0-O6E3A-TCR6F,None
CPVUH-EKOYX-S743B-NDAZK,None
U8I05-HZXIG-XQHJ9-S5LLO,None
UJYD6-HYQTE-UHZ0J-AJ65R,None
IJENX-PWXNX-3W8Y1-BP8GY,None
PTYCP-ZTENP-TXGVN-XQIVH,None
97PWR-LZJYM-RFKU2-Q3QSF,None
Z8NOL-TKJH2-49LK8-OIPPP,None
T8OH5-IODJL-K8B2S-NMMJE,None
BCV56-AIBXW-H6POU-CYBB0,None
19Q2T-APQBC-RPINI-TSHMV,None
IUIXC-EWZYG-K7CZR-FCPMP,None
BTUCA-PXYCS-2PJZQ-SIXUS,None
Y79EQ-0H9QC-YCUH3-ST9OP,None
ERQVQ-0FJF3-MMQX4-BNAW2,None
TB1CM-2EEST-ZY84L-0C5A5,None
YDUHH-0RB5J-Q2AT2-VKTNT,None
GI0UQ-NTFJ9-LORFB-NTL2Q,None
GF1DF-I9RL9-YBN4C-EWLVS,None
0BG0G-ZVKEC-GAOYB-A1DSX,None
ZQA0M-PF6PC-0F8BQ-KBXUC,None
G2ZGG-CORTR-X1WUO-1NOHO,None
XEJ46-7D2YB-X802D-UDQ4L,None
GGYP6-JTAYQ-DVZZY-P00LA,None
O7UHC-U3XAI-RRKBY-IPJVR,None
ROQEO-QMUCV-TT018-X9FDI,None
XJH72-BH1NU-K3CDR-NXNHT,None
YON6N-SAQ9C-7SXIT-WUJSZ,None
LBBII-NP8MX-ISSCG-QUEWJ,None
JWCYD-3FQBK-BOC8O-EMG5U,None
AAGCP-MBJIM-CFPMQ-0I6HH,None
LABSF-PQ87S-GRT4B-9O2YT,None
4LGPB-N8USM-YOKD3-XPNZ9,None
M4O4V-ICQUC-XSEJG-VXLNP,None
26BRY-ZCQIK-V5GPC-ZKJFJ,None
S6Y0S-XTC0D-8BUDH-BJCUF,None
6PZDN-MXITU-7NYOQ-VD3RA,None
TXU8D-DH2XB-ZOKHP-FCQG0,None
AHCZU-HFREV-ZQFZQ-EGQSF,None
N6DCM-BPLXZ-NBOS5-6EZPB,None
XQDAY-MKL7G-7ICL9-PQBCB,None
HDE7N-1UEPI-ULI31-WQQNS,None
SZGYE-G5J0F-LZTZO-XDULN,None
8FDOP-TTGIG-ODJ5C-U4EAK,None
VW5VW-ZIWQQ-FVVLJ-7JVR3,None
6HER8-NO5PN-FMWJS-HDWTF,None
WWDYV-JITGY-9IBZR-GZTBQ,None
H5TYK-BJPRZ-G8A7K-ZJWAG,None
QJX8M-WGGSE-H6H3C-ZDVJB,None
EOQHG-ULOHM-KXRXD-SF3XN,None
TNL62-DSWVM-MRSRX-VHM9C,None
WQE4F-TOP3H-MNJ82-HDU6S,None
3KVN1-OM2V2-AOHZI-QNKBL,None
HGLOL-BHPHK-PJLKM-4EXRZ,None
OWLZ6-9SK4X-GKY7Z-GOIPH,None
7YRU9-LC9GB-FTAZI-MUP1T,None
6JJH1-OLHSP-8QBXX-WUHNI,None
O2LKA-OB9H4-JUHDF-QQQDV,None
EHBEI-TV3EB-0QUA5-FXB3X,None
XHD1J-DU0IH-6PDSO-ETQM2,None
J0ZDV-8PBY9-C5RTC-QHR1M,None
GBFUH-XDSKB-U5L6G-I9YIO,None
WEWOU-LFDDI-CFJWF-MBZKD,None
HQZWM-62GU7-0DLOZ-AZZNK,None
QV79O-K1JKC-LC1TO-YY40C,None
PLSIC-XH7P6-CQ4ZQ-WONKL,None
IY63P-BRBXQ-AL39H-AJPQZ,None
DX64J-ARHT2-LVJPB-E70YW,None
URBPP-OS39Z-CD1J0-BX98O,None
FDKTM-JT2CW-RTTYT-KCFWY,None
WRFRP-U7IW5-JFE8R-F2QDV,None
E6F3E-DZZEW-FRCHK-MRMWA,None
6CP6C-XIFJS-CD4EX-M6BCH,None
RYYNL-2QJEF-XQ2GY-3YPHY,None
FMPBA-NBE7W-HZPXI-Y8KJW,None
QNSGU-NLMHE-VRFDO-AKPBF,None
AFZ58-ZAD0C-ZKAI6-SZBOD,None
XQFKC-O9ANX-TYWGT-SJXJW,None
FNGVP-VD5EF-JTJ45-UL25I,None
1C3XV-UEMTU-E8ERP-VSXXY,None
HUWOG-84R04-6MG13-QKWPH,None
9LDKO-XWDE4-XZG46-PMHEN,None
QENYQ-HOLTD-G39IB-FFCDP,None
QVSUI-CNEB2-JCHSH-65BDF,None
YJ0UL-G4HAG-NZOHU-WJC1I,None
QUWHW-1UQ8R-MSDEL-LPGPO,None
B2F8U-WEGVE-Q8LDI-ULPNC,None
MRUUL-MIF4R-X2OIL-QHDDH,None
NUEHB-SDDBJ-1GLFK-SNKCZ,None
PWY22-1JZOZ-XASQB-LYXKN,None
DGUI0-5BXQO-WBRRC-FBLBY,None
54OUN-9VHY4-RC2K1-JUWI4,None
KZCHO-OPV8P-SLWLS-NUP14,None
R1AUD-66EPP-AQMVI-9KOAN,None
2JZTQ-DBNJ9-8F8UZ-IWN2U,None
XLWEA-BB9HN-0IHC3-F1BZT,None
JSWYZ-FFE4E-LK0VE-GKVLU,None
GWBLX-XJV6I-ORJSF-ESXHZ,None
V8N5F-PPPB1-V3MPD-XOUWX,None
I5YBU-F4CTC-ROGXW-PZLBG,None
NRTQN-VRX1N-FFB6X-BZVZW,None
DX9X2-BOTOR-VWKBJ-VFH08,None
41PED-HCQFS-SMLAM-RE03T,None
JCRHV-APVUP-AT9Z0-K8IKG,None
LZWZS-S6WDI-6WQXT-BTPVO,None
ZE8SL-GX4LS-ZZEYS-LWVEV,None
XG9AY-ORSPF-LQTAF-JHJRU,None
TSUGB-MOL21-RBCSC-XRPMY,None
OVPVZ-N73AI-GZVEA-MYNPO,None
7A0QQ-RVHBR-IRIHZ-9RRAC,None
2BVX2-JQONY-JXWYV-CRKYQ,None
H0SVZ-P80RR-FJPU1-ULY0J,None
GD93I-U55G2-YDGBB-N6HXX,None
EVVQH-5NUWU-NH5W2-QEUJQ,None
UZBIB-SYFFQ-PLQMA-DYHHD,None
SBKDD-45J7E-WHFM2-HSUIT,None
T0E8F-SCARJ-ZVTTW-X4VZC,None
UGLX2-BNREC-BVNRS-BGHAX,None
I0BRR-SRBNI-SBVXY-XLZRW,None
PLU7F-ERI2Y-M1LFE-ETNVS,None
NHDQG-2PBKV-SLTN7-WOPGX,None
P5RGC-NZTWI-GLVGT-QHDTQ,None
CRKIJ-52CK0-IWJIF-AG7OO,None
BELGO-M4UVF-A0WSP-DA4NN,None
NPBDY-KMNB3-ATG2R-JU06O,None
MB4EZ-RJPWX-8S2RN-UIVLM,None
JIJXF-HBYLC-MPGRZ-YK8EP,None
TPHBT-71RGO-JWQMA-8JBXV,None
IYPLZ-2GTS9-CA2I3-VPAUE,None
6E32P-YOK0M-P99J3-FVDNB,None
VVQYT-ZK3HY-EJNZ2-NFQ5A,None
IMCII-52EMN-50GTS-IBVNW,None
DVNKB-ICZRF-6QMOO-XN1YN,None
4OGVA-1TDF1-NP8WV-M7YRT,None
AGLC4-2NKSH-G4VEM-NV8JH,None
K4JVR-6DSV6-OFC6A-9WSBS,None
VMLCR-XJWHH-O2FVE-9QJTD,None
UIQOY-QU76U-XDAXM-XF5CI,None
DBYLA-GOTSH-GOSFF-3R6JL,None
IQJNR-TSNR6-JXFAZ-SAWHM,None
M0Q2T-KJK0H-I18T9-C1K45,None
S5WJU-5IK3D-9HX6I-ATTAU,None
1EOAO-M4CYU-MSLWD-Y9KHR,None
VZX8V-YLLXJ-K3UUL-FD9GX,None
R7HBD-QRM5N-7ZJNV-6AJ91,None
KWRZ6-OX5PL-TTOCP-TWFTI,None
G9CFJ-HBXRC-NSP3D-9MTX6,None
0ACXC-YYB1N-J4O1Y-TSDQ7,None
HGBAJ-0IVP7-MBPWJ-FK8RI,None
RNWCI-PYOMI-W8ZH8-TPKAK,None
YYGVL-WU9BJ-3LMOJ-XJY2P,None
ZKK2D-HZKMN-PJXBR-3JFYS,None
BQBOW-MWOQK-6LSGJ-GOGPT,None
CS2WK-XECLQ-HSMEO-NJ1VJ,None
FOTJ4-O7XY2-1H6LC-ZFNMM,None
QK6MB-ATVD0-RXMCT-62ZTU,None
USXEH-AHQXL-ASCPZ-IHIZM,None
D6KU3-P5XI5-HAYTI-X6RTX,None
TCLWL-BAKTF-NJBG7-GYZCH,None
DWGSZ-RHT7N-AATVU-VETGP,None
JHQJQ-DZRZS-VFFFU-VBQWR,None
YRNRO-H4CGA-M0XGQ-1XGC9,None
ARUDY-JEC92-ZBOOD-QA90I,None
AKMLB-RDMJL-HY7SL-I7EHY,None
MR3HT-0UE2M-68KPY-OUXI0,None
LO3NG-7NJAB-KEDRW-X5432,None
HSKRE-HFQP1-KYURV-WCD9D,None
ZYPII-VTMFJ-OHXF4-1WVAR,None
39WCF-CNM1C-CQUXA-PTR7J,None
4VUXV-9MAIR-AKBIT-NVNUH,None
D3759-Q3RNG-1MAYS-486PR,None
Y190I-OQ5WC-VFAVX-1STBV,None
CDVWE-JLFII-0WQRZ-ERLKL,None
BACTA-LUKV1-J9N7E-I40MC,None
VGBU4-6B5W2-KJGCC-9IEHN,None
DXE5B-HI9M5-MGBQP-WRY0L,None
BGLPR-TBKAH-ASR9P-7SWCW,None
IU4XY-HN6EX-3Q1QA-8VHZT,None
1JNPU-HSYBY-I0SCX-NQO1G,None
P4NIU-WZEFW-TZRLZ-LEYUD,None
K96KK-IWQQM-A7OLC-J1CCE,None
SA2YJ-VFRNY-JBEDR-CGRGH,None
ATZII-GEQCN-FXXSH-RL189,None
MK6SC-9M1LP-PSQ5M-NI6GV,None
IQZFE-8436G-WDH1G-OEBQJ,None
A25UO-UVKGQ-TOAYY-6TLC6,None
HWDIF-HZ7JS-AZG15-B6Q6E,None
L8WXQ-IZFU6-WRCQI-NICUW,None
IT3U5-XW1AP-KHZAZ-QDPSJ,None
9LVYJ-1I9AO-VSMRH-GYBMG,None
NHMSO-M3I8N-IEPPT-VMMSU,None
Y7TQH-CVA0Y-L3AKC-SC3D6,None
BVZ5C-QC8NZ-JUNHD-D67X6,None
ONKYQ-BVX4D-DYK8B-59CSW,None
87QYQ-3MXQP-YLNB6-FK6NL,None
7WT5C-UKTQB-BO8BZ-FD9ZD,None
3XRLL-Z4E5U-VOJV2-4LLFI,None
CDPCT-JRIEI-Y5DXP-0P6VH,None
VTUQQ-9PYDQ-EJIC7-MSVKM,None
HOMTX-XXCW1-DDDWK-OTLIT,None
FCYON-CT9QX-5ASRG-XEUYV,None
U7CZJ-NGK9J-WTGKO-RV6WF,None
ABXRN-TH9DR-XHV3K-516NJ,None
UZ8NK-4ZE8P-G5YUB-XKOFU,None
5MKH4-1UNNP-F0DQN-DP4ZV,None
DOUL0-1TFW6-YXLFX-MBKV1,None
USZUG-CYP3B-S6OVD-XZH2T,None
YNXKS-Q4EXO-XAJU4-MTKRI,None
L6JSW-2M3RS-BCBTL-LQJDD,None
7YCME-LU96P-DOAKN-C1DKH,None
Z8IIW-MU6A5-V1FZI-5HHTQ,None
LVT0Y-WSIGM-X35DO-XDUJY,None
CXGJG-DWMO9-XKGUI-ZH6D5,None
QRLS3-8BI67-BTTNI-U8RGR,None
YGHBI-SO3WC-RURQH-DKS4S,None
1VHIB-8ZXUE-6XWAK-L2WCX,None
6FGWV-PYG5C-ALI7O-CWC0G,None
KMOLL-490LA-QC1UG-G01OS,None
8M0KP-IV5WY-OLWI7-S2UPP,None
RJJKY-88YUX-LSKZL-BNIPA,None
EQVWL-FSBSY-QHWYU-ATVLT,None
JPYO1-YTNJR-BJKQC-IJVVR,None
YZ512-A9KZL-7SJ88-1ZSNV,None
0LZ3T-YG0MN-YOX8B-ZXPYF,None
FMZT2-KLBSM-SVBMU-CTZZX,None
ILL2T-9E2BR-XECST-X3NLU,None
XTFUU-X6ZQP-FIHZA-L0Y1N,None
GE9DT-GY8DN-JBN85-ZQ1WP,None
MDXIP-JOLLF-R2YRP-QPIB5,None
VGQYS-MWM20-WJYHO-FPLMT,None
LMKEG-BOJTK-CYZIS-6PV1M,None
YCYQJ-SOQ4J-O1IV6-ZTSZP,None
ATD0C-SN6FL-HU5HJ-RVN8F,None
HXDFG-BCS1J-XWGQF-ZZGAM,None
GENT9-63BY0-QOCNX-DANBZ,None
LOH0E-0ZIRL-BBCUU-QC8LI,None
E2EME-Q8MOJ-Q063X-7GNLU,None
NZIBP-SPFCC-DSIIF-BKSUZ,None
GO1AG-GLBE9-SLE8K-V7BUG,None
LB5N7-0N7I1-JJPD1-FAK97,None
GQJEV-GZOA8-63NNE-XSQHA,None
4F5QL-YCCME-2RHJT-AI0CF,None
VEY8D-GKEDO-QBWZQ-KVTFC,None
SFNVO-HRHKA-XA5OW-B6ZOT,None
LGYFO-4OUOU-1MRJ0-HVVM8,None
AWKR0-JTTJZ-QQ9LO-9INML,None
NUQLZ-G45SV-ODAMD-R9Q7Q,None
HK9L6-M5G3R-GUNSA-HICUO,None
SDPHX-NQ7PQ-NK54Y-QD5UH,None
2NNHS-Z5N8H-T2NZU-ZKITU,None
KL4Y6-XLRU5-JZLUU-LJITU,None
6GYCE-3GRIF-VJKEL-DODVU,None
3M7ZD-4TVKJ-SNOAB-TXZ2Z,None
D3SMJ-LMPZB-T3TNH-E79TG,None
FBBEP-LJ7UZ-OXSBH-GQRHU,None
1JOCN-OQLL1-VAEFX-GPRJF,None
4V6S2-RVPW4-NDC3R-X9BA2,None
NQ14W-W9MRG-CPNAJ-OWEBQ,None
S31ZP-7EK46-XSMXT-NYTYE,None
ZWL1E-I37VR-TQFSA-OFY49,None
QKT4T-E2X93-ICDPY-BO8SN,None
DXGWO-YOLH7-YDZRM-LBP4X,None
J90T4-N23KA-6LFBP-PWT4Y,None
N21G2-2ZIXI-OMT24-VABBJ,None
XIRYA-Z39PM-UTLY4-S8KLI,None
AMFSI-VV55P-9S9LH-JE4EJ,None
7UPYJ-4NYXY-COQ37-MK7EJ,None
BB344-V1LR3-3I8JW-FFZDU,None
GR6U8-GCD4L-VBWZP-5TMHP,None
YWU5X-0TRWT-KESMY-LMRK9,None
JFOYN-49FAP-5141J-MWGZN,None
39H2N-4A0VH-ILRXB-OQOBS,None
8X95Q-2DVLX-JRHPP-JP1JS,None
EX4VP-DDPRQ-GVBC9-DCFLT,None
R7X6M-0SDOF-MHNJM-DX0CF,None
UH2LG-9MHDF-NB7ER-8INDT,None
GIF9P-0V5LT-6RMDV-NFEJG,None
OUDOM-0EZPG-VICXA-IE221,None
2UVTJ-9UN1G-DVPRC-NYWT0,None
UG5D1-VWNRT-VBEKO-BGS4J,None
AGVAS-R3JIA-G7S5A-NGXQT,None
QE8HS-2JX9E-BBDTB-PAOMR,None
59JAA-L1VGO-HWOWV-OVJRF,None
RGXF2-WX5O9-PF3Y5-EX9RJ,None
JG0IT-Z4OTR-MI5TP-XCEAX,None
LIBQY-10VM5-9UFCR-DAK5L,None
OQRJ4-IKIM3-VM9Q7-D7F4K,None
VTOJ0-Q0YI2-ATJTY-0PTPY,None
87WKU-X748D-PTTRT-RE8UD,None
UOLEQ-M8QR3-8263Y-7EIBN,None
Q7JV3-VBZG5-EVES1-BTTWZ,None
SLNGD-WDLQB-AHMGB-BALRP,None
PHMHM-72QDL-DSACR-GAQFZ,None
4LYFF-DMTFQ-4WU1Z-3H6RN,None
RZVE7-JO7RX-44SHM-G06KK,None
RQRHP-O89D8-W53YZ-X9DQW,None
M4FKG-P9UB0-F91T2-91U1G,None
KNR6W-D0IVS-1B0DR-0ENNA,None
OVSUI-YWBG0-H9BI3-IKOW4,None
ER1YZ-GIYN8-ZMSMA-J3KY6,None
1ITOZ-YTSFP-2LZWW-SHBMA,None
LT4RA-PXVLF-7NMJP-YDGQ6,None
37CNH-G9OON-WVDHT-ECIMF,None
L3FGE-AG3IA-KVYYX-L2PTO,None
EUHOY-NEFG1-WL7OG-2SRQH,None
NYZNB-RUWA0-SJ7FB-PMSVP,None
GNYGI-D58GK-DCIKD-AJGVB,None
E5GYC-PHZ4L-K3329-UH9ZZ,None
QWUYV-GEQEF-TQRVY-RSKXC,None
MLREL-VFBUI-FCYND-FU0T0,None
DVOSD-HJP8J-E9RYC-TOETJ,None
UFSHV-YW6ZM-TN4X2-TJ2SE,None
65A97-BNYZR-EU1WM-UABJE,None
YBYOX-FKJQ8-NRTP0-A4BOD,None
VQJQF-IT0QY-QZPXH-UNFKA,None
3ZPAH-QTWN3-7JDZL-E03G4,None
MFQD2-B9EGA-6QCM9-DYPBU,None
GS6Z6-3N7Z8-EMVEG-PPIJW,None
DCTOL-HAVJM-RVK2I-MSWED,None
CKDPM-HFZLX-LNJCM-UHDTZ,None
WI2KG-OEXGJ-ZP9TT-74W95,None
IUZ7B-S1OHG-RAWBO-N2O8T,None
632XF-RQ5AC-V6LJZ-OIZ0Q,None
YWHAZ-RVBO7-PH7EH-ZZWLH,None
IIISU-3GVHC-5SMOZ-F1P9F,None
GUOXH-1CR6E-OOJWR-ZEBBU,None
ZIZPY-GOHMM-5ELHL-HA7FS,None
FIO4S-DLZAZ-GMBTP-JEVHG,None
V6ZGQ-HTLWN-JQI2Y-WW8UO,None
W1FMH-XO4RH-UMEYC-CL1VR,None
ANFXR-DOWWA-FZXFP-1MLOY,None
XUW1F-3BZCC-L2J9U-QCD6A,None
2F5NC-YA2CQ-XBKLM-1FBSI,None
5VCYF-SKXS1-RPQKI-4XVZW,None
PMUD6-EYIKT-TD59K-VGLQZ,None
B6LML-4O1BJ-TXOMK-HC1PO,None
7JD0V-NEYCW-RGOEL-MHOMA,None
ROUQA-JRX6F-0VU3G-T8YKX,None
G2ALS-AEEOD-GMWRQ-KOFFZ,None
RPUOP-PJETV-SZHUM-YQ1SB,None
T5BNQ-7BX1P-XOIA4-YVSXX,None
7DMSG-4YAAL-0NTOJ-NNCL8,None
ZBZFN-YJPUE-ZVHQE-FTQ2Z,None
GLGWF-HNIG8-Q4A5L-3P6FJ,None
KSAY8-DR1WV-YSABR-S7WAF,None
DJRGV-J2CQM-QQNMZ-W4DLY,None
LLBTP-SWJZ4-I87TJ-3TU1M,None
FRAIU-FSL0Y-ZZZAV-J19O3,None
EAILN-WNC7I-QXANG-ERQFG,None
72XG8-VYLEL-WFEXV-KR5YI,None
ZTUYP-L04NZ-EPITI-HCJJH,None
JBLKM-VRU5U-BSDGK-NGALN,None
IC118-CTSED-RFD6N-BCPHI,None
PRNJ3-DWIGL-RZF5W-8Q2LR,None
TGPPP-ZQXTN-ENMPD-IUQA6,None
XBHYS-TINW4-5WAXN-JYC4B,None
HRZKP-KIUIL-IM6G3-XR8H1,None
OC9AK-IRIAN-VE8OM-PYZJO,None
B1BAZ-TSKG7-I70HL-IBXQ1,None
RUWXU-C4DRK-BUZL0-CJXUT,None
TMPCP-NJB9C-UEKFL-QWC6K,None
NAQZO-P3D1O-AHWOX-1HBQQ,None
VUPUR-MEK5Z-EMRNR-UM9WQ,None
XE2EK-LOYNC-RDGMF-N3ZHQ,None
DFQ7Q-NEMFU-NHBG2-5ZPVP,None
YBNEZ-JXUHX-PSC2R-VFSNU,None
5T7RW-TOQLI-QL5F0-UJUQU,None
KS5EC-F29PS-85MWQ-EJQD8,None
RMHR5-IMQTU-UFJ9M-CTCPR,None
U7UZJ-8V2B0-45XXM-KFIQH,None
IOGSS-CB2VV-TLOE5-NERSQ,None
TLSB7-CXPEO-ZKEGY-A9VLR,None
W3ZS7-ZSNXE-NWZVZ-DRPJC,None
HGNFG-VCVYN-E0JUE-OGMF5,None
YPZKR-PHYKL-AWYPV-KUFWR,None
VOC1V-M4RKT-KOU1M-PKOOW,None
P9UG1-NZWM3-6CVCT-MGAMM,None
LEQHK-XIRNX-1U0IE-P0MTC,None
IYSJX-2V0FE-M3HA8-XYFAF,None
G43QW-VFPAH-QRIFI-BA99M,None
4OZAZ-NQOWH-3WRAB-F8LPS,None
1KUDH-UIFOW-KIDNC-J48WE,None
MZSMI-1OZ1X-I1RCS-9FRYL,None
LHRYK-VVDNT-KGEQM-JVNHZ,None
EWCCF-TJFUI-JOUWZ-EEF9E,None
25W9Q-81UJ6-ND59P-OR0MJ,None
NBKRS-T1J3I-2AGEV-4KNNF,None
8VA50-QZPHX-WOVVS-DFHYM,None
TAHIF-MG8WA-KE3ER-OG6Y3,None
ID8WK-N7WEB-F7DV1-ZFBA9,None
I1YF4-2BHUZ-3APCJ-XXS8X,None
DO5GE-SSJLZ-B2X6Y-1KGHP,None
FUZXK-8VKRJ-M8ADQ-7AJYZ,None
UUUKV-YPG4Q-E9QJV-K6WHZ,None
BIHNL-KQCTK-O9FHO-KDYFL,None
HD1H2-PEVXP-Q6LPY-7IYX6,None
HKODN-EOBGB-V41DJ-WY2XZ,None
795RO-6KBKG-C0SDX-ZVUSS,None
RM4QL-SWHKS-ZGPF1-YFBFK,None
MABIH-3VCY0-SMLX5-J7IAL,None
9GCU0-B9VTJ-KJYDF-KEVGS,None
UNMQE-GL1BY-AC06K-0MSRP,None
ZYYMI-DRZOZ-MDR7Q-2SPLG,None
74IBA-GFRXR-WBRVH-SUCJ1,None
PA1EQ-RLDEP-BTSHA-H6D3B,None
JRCTG-V8XY0-J7SPS-AMGYS,None
OVLYU-6HVVE-IEBQ3-L6SUO,None
ELOBT-4IATP-9YWOI-S4ZAQ,None
Z49KZ-RJWDX-VCEUY-EP2C3,None
LSUW2-GUMPH-T74K9-CAHEL,None
NFPDZ-NDJ2W-BQDWJ-4GBYN,None
EQ5UL-TISGS-DK5MY-JJNJG,None
NZZJK-ZYC1B-JDOND-FI6VL,None
XQM4A-8XKHQ-URXE8-EBXHG,None
OFN0L-CIF6K-P5L8R-NNZZK,None
2GGQI-6NCRB-PEKIQ-KCGBO,None
WLF1V-DC0DT-HL2BA-TRIVD,None
ZWKW5-GRXOS-XTATC-CHMFF,None
ATMTF-5RSXS-OFL5M-JI7NV,None
T65ML-CHEHP-IU47M-FUZU2,None
RWBYT-XVQBS-UIV0X-N1NER,None
RIBDW-DUOSE-WOOJE-GVWHZ,None
M3ACW-BCAHX-WMHQL-EPRQ4,None
OFJWF-YO6IZ-B3FHO-CHU1U,None
YOLID-3SZWD-4VXWF-KQQXI,None
4ONHH-10INM-IJABX-4RGES,None
ELAHK-TZSFY-QDVPD-EYO69,None
KS6LU-SV6LP-91J3N-GUECO,None
0GBQQ-O1DRT-ALIGW-MYKPE,None
LCJY5-GJKXM-SVI5U-KLMVJ,None
3Y0UI-CF527-SJLWV-XCOM0,None
1HCDK-JVB4C-JOHTA-7X1EY,None
VNR4V-A0XZ8-CQWRT-TJMMN,None
ZLOKG-CR5HU-XEMSV-9KR1H,None
TUWQX-KIXYK-IRAGG-MX54T,None
TN03Q-SAPEB-TJZ9B-JSHUZ,None
N8EVI-CPMW1-04QS2-DWUDA,None
WMDYA-MEHXG-F1JPY-IG7RM,None
GGMTI-TE6QB-8I8ZQ-LZAG8,None
EH0QY-DL0YM-4T8JE-ULRSZ,None
CDCH5-QGBTY-1OEDX-3CIAM,None
K3LTD-ZPTQP-KKI9Q-6V31L,None
WZNLE-D3LGA-CLITG-YH07V,None
MZHL1-MDMZG-WN3LX-MGDGR,None
MH8SK-AFUDW-PVYVT-0LX37,None
T65UM-VT6S1-BPEY5-ASATC,None
KQDLN-FUQFG-PAERT-0NY23,None
92VGF-JFTBY-US9AJ-HYAFQ,None
PIIBZ-BLFJK-PLTBS-RVK2J,None
LUQR4-M9JSC-SWUQD-N8ZFX,None
AT2LK-UVA3C-EZZF3-H3K1Y,None
DPTHK-UZMEF-9AHRX-5AUCY,None
VRCYI-ID91J-SICUB-VKRLO,None
KCUVX-LQQRC-2KJLY-MLRWO,None
WK6OT-SFVHR-OF0ZA-E4BM9,None
ZXYML-ZJMR6-CQXWT-QH3OP,None
6QXKP-CMYIP-ZDLQC-AXUEP,None
LHVKV-GRUUU-GB6MJ-S3DOX,None
QDINU-CYMG7-4SO52-6M1Q0,None
GJZBC-NK9PL-ZWODJ-UJH9T,None
ZPZGY-EM1WN-ZMKXG-XIN7N,None
7QQZ0-AYJOV-J1AZX-FL5H5,None
LUUWN-KAJES-PJRWX-HMP2D,None
KVPBI-EXOFJ-GUDDA-EWAPS,None
WD6VZ-QUYH1-ZXY13-UANSR,None
TZC9H-X6FV2-GHB9K-XQVCN,None
THAPI-SVG2K-HDL69-5NB6W,None
YQMI3-ADA1J-NVR9C-496KS,None
MYAXG-TVJ3U-JKNVG-GVEWW,None
NVLGF-KCYTP-CZJJR-AEVB5,None
ZGN4V-IEDWT-Y8YHH-YF9Z3,None
21RBE-GRQRV-J2XV9-0F4Y0,None
XIBII-THU5S-FOUPP-Y5MUC,None
OL6EJ-S5SRH-8EM0J-Q12KN,None
SPUP7-TJXCF-IJBTG-XT9EA,None
Q04LA-JMBVC-SOKHO-DACJ2,None
Y5LVI-7PHDJ-7U5XF-XESYJ,None
T9VJ7-FMSDV-OSH7P-V2EED,None
XAHKS-ARA8K-7XVNY-6JAPD,None
VBZ7C-UJKB4-EVABH-BOQWY,None
JJW23-MOGND-HC3CX-RPBNK,None
DIWPT-N08PC-DR0WY-TM0XZ,None
E5N7H-CQ9QH-URH9D-QL3UX,None
W1UMN-AUGJB-2XPLM-MDCZW,None
YNJZE-CYFCM-QEMMR-FG4DK,None
BMIND-Y7LM0-JKLL1-B0OQH,None
LQFDE-QPUQY-G994G-BMEH7,None
MLG9I-Q2NLH-C83FI-BERKE,None
FLFGR-KDI7M-1VA9N-KHEQN,None
WTQJA-RV4NU-GOVC3-LLKWI,None
CCBRS-CXAGO-AMDNP-HLHYX,None
NJQ0B-HIPAT-IKVFK-MRT5Q,None
JCIWG-IWPMD-AAYB5-RUH0W,None
VUAVC-QRNAQ-G5Q9I-DQG4N,None
GLKHZ-NNMOX-XETBS-ZURKR,None
I35VO-GLMXS-RYRIN-TOBBY,None
FKEGP-Z04QI-QZV5M-X4MS8,None
YW0QQ-TAFCC-HLBYU-0MLUP,None
IW50W-HI2LO-9RE2M-SZMNO,None
LQEGN-OINTB-YNDXU-R9O9M,None
H1TQP-DVS4A-OEJJG-42FAQ,None
E7OPP-ZMHVW-NLBHF-UEC1D,None
FUI65-MLEBP-M1FSU-KC2X6,None
VXIVR-CU9LU-NPPVM-3H4NT,None
B8MQE-UBCLY-ETB0W-S73LM,None
H7OXY-6WRY3-TMHHR-5JAMJ,None
TUFMP-RSZST-5WEE0-JBD89,None
B96DM-A8TWS-MSRSZ-AE8X5,None
RMJAN-83KHW-RFGTO-W9CV2,None
VNSR3-CBI8G-M3TZO-AQS5T,None
ZLQ3H-LNCBG-2FQQG-VI9CA,None
S5VGG-KI8C5-NGFYG-P0R8N,None
WWRRI-O9W0N-A7NJ4-SLFJV,None
BLPVA-OWQYA-XN8XC-JNZHP,None
PGFKU-PCJAV-VQHAC-YB4JV,None
8SZGV-3L2AE-ZAPRP-BVNVG,None
7MDKQ-OFJDM-5IEGQ-4ZQTG,None
O2GX1-KNCU4-KWRY4-FCTTS,None
X6AHA-PNWE4-JVK5K-0F8UX,None
C9CUZ-XNNVY-3QDZU-YDD42,None
HZJRT-ZK1CM-S4QFK-UAPU0,None
8NDGL-9AIBM-MQRQ6-G0SDL,None
IERVU-VXVXL-F3UPR-EEGLF,None
6BS0J-B8KDG-YGSZ0-GILDM,None
F8XC7-V33OR-AHU76-ANESA,None
MYCQG-HLVO7-UKY07-C38GD,None
4CTSN-UQG48-ANXFI-BMJYM,None
BMYCD-OJEOZ-BKGIV-BPFI8,None
FWZQO-N4MKT-976JF-1UAOH,None
NTBHF-FFPPG-A4842-SHG7N,None
G08HD-NXSWG-PPTGO-MBRXV,None
GBZQL-RKCF7-E35OO-RFSES,None
GSFAP-LVFPD-QIH4I-O8VQF,None
I7QOF-MMNRU-JNQCZ-87XW4,None
BDXSQ-MOIKQ-QXWRF-RY1QU,None
JYSJR-JES1F-EJU75-F1MEY,None
RJZTZ-KCTTF-BTFXW-N0FL7,None
GR6RW-OP40F-1X7Z3-UWX8T,None
CZ0X3-7I11N-WHDQE-UZBES,None
OOHYX-QQ4DX-TMLQO-NVW4G,None
EMMOL-ILNSQ-SO1NF-SGPXA,None
WWHVX-6UIHE-JBO4C-PQJSO,None
PU6W0-VCKHU-ESNXR-WY4DV,None
7CVOM-32CDW-PJR69-ZMBRD,None
Y4EKY-N5I7H-YLJT7-UHXWD,None
YYIPJ-OSJKT-GITUI-0O5OV,None
Y4OPL-VORAP-CK2EM-QMYW4,None
5JJR7-KWIK4-TGAS2-E9NJT,None
LNUWL-HOB0J-JWTGO-3Y7KK,None
BDSPF-9MOL6-8JGUT-XEFCF,None
9WFHQ-KXPRL-1TU9Q-4SOEZ,None
HGARE-VOTNQ-X2CML-XZHM5,None
JVBMW-MEXSI-KZBJZ-1ETSO,None
AFPUW-RIBKY-X67YP-QE9WE,None
P0BHV-4TMT8-R6SNN-GN0S3,None
U9YFO-RHW19-V6CWT-JTWMQ,None
AGHUP-OLULX-J5JUT-CTFYX,None
Q6L1C-RGEW4-IPBFY-CWN2A,None
KVTN2-W6IPT-89VO7-DAULC,None
KBFAR-CDJPX-4GU48-AZFGE,None
0SSCR-F1M9L-CUZKW-HW73L,None
44NIS-0WH7M-ICO4I-PIYCM,None
XBCMM-DECZK-VSDQ3-ASWOD,None
7XQNL-MLCA1-7KPFV-P1HSS,None
CCGXO-IH20B-4PJWN-XKLYF,None
OYWNN-WCYNB-COPIQ-DPFYD,None
A9GTP-PWD6W-L01NC-NSLKU,None
UCXEX-RXBUA-RVYDF-Z5TSG,None
IXHUC-3ILZV-PS9RW-WJHLH,None
244QC-GDSDH-3OEHT-LLOOP,None
G5JUJ-BQM8P-F9O9U-WQWWN,None
XLVQH-VM6MO-S1UJ5-8FRVT,None
F9MJY-17UU7-3KMA5-XUOQW,None
RITIR-VNHJ7-WXGVA-DWZ6A,None
JLBC0-ZK6HX-HUEHU-7WXQ9,None
OES8U-KB6M1-OCFPJ-ZJMK5,None
NNFPF-78ZB6-KPPW9-JJOOG,None
DNP2A-JCQEB-5AIW4-YIHGJ,None
IGTUZ-NGKSB-5FW9D-ROC8S,None
JLFSI-BPEO4-ENGSN-KEG7N,None
2R4LJ-PNDN5-W6R0C-W75SH,None
1ZNIW-2FEZF-MTGNK-LRWLX,None
KXERC-A08MJ-PHRR5-JTDBS,None
NJTD7-FGLUW-NMJKO-J2QNM,None
WUD0R-8XWRI-RC1ED-STR5C,None
VNMFY-ITSA1-WPC5C-9X9BI,None
QQAOM-A7DP6-6HLJ4-EXE2W,None
CPKL7-XRM5K-7KKU1-MADJP,None
V4SUH-3X6NH-GPRDK-JSAQV,None
JXZKF-OKJ98-QOHWN-TAETY,None
QOKZA-GKCXA-RC5RX-MNWHF,None
IVFFI-RCEMW-BC4VP-E5XI6,None
OONNA-ZHNCP-DYYED-P5HTE,None
XV2RE-X8QHC-YUOPM-5NFYB,None
MRFUD-3UDSF-P5ZPU-WRUWX,None
GGSTU-MGWOG-CZQ7V-SXP46,None
8JU8U-GBDH8-4XDN3-LNVCN,None
DH7MZ-Z1SGC-8GV4C-RVFYU,None
CKN6D-T0UVR-OGNX1-FUMH7,None
ILOCA-ZAUT2-B8CBQ-XDBCR,None
R3D9W-E990Z-VEEWU-WJKRP,None
UFWPK-GNS7Q-TAI5E-YSJ0I,None
YRF6T-IBZBR-MFTRA-MQOID,None
OPQLY-W6VL4-YUZYH-3YHH0,None
GFPUI-TWMUE-FE9ST-RIAQK,None
CGYJE-MYKRG-DFL2C-KG94W,None
4DAXC-DUFHD-GMHEF-HHAC4,None
8NXQX-NVB4O-RRWRW-JDWW5,None
1U8GW-ZMUVT-BHEMD-OBTCE,None
CRY5K-M5YK3-PYHTJ-ZT6UT,None
5SEBH-ZK9V6-D7UR8-XEMKN,None
WPQ54-UNPP2-DILJL-QYSNY,None
MILVL-ZXT6X-5JJJI-DHGNM,None
9LB1C-PMWST-AF5IN-MKO9Y,None
GBVTF-RGII6-FGGZD-T5WK4,None
XIBDE-0GZ8Z-ZJGB1-UMDQE,None
LK4YA-P2YGD-JYD1O-B3KPI,None
MSNJJ-DI72Z-6OTTD-JV1I6,None
7OC8S-BQKTL-I4ESL-IZUFK,None
W5YIX-EJJ7P-0TRHY-HLU9A,None
CRDMT-BYFJM-SWYP5-NKNYQ,None
DHRR6-CFTPR-SDTFI-ANHU4,None
SXRT4-ZWBTV-TUIHI-S3YXK,None
AMW9A-I4WDT-YMQLK-IAFAR,None
ULWQU-NJPGV-LYH0P-EM7CG,None
MNAJO-XLVCT-OME9K-OKKFF,None
EEFOS-1GIC2-RMIEW-V6BZB,None
QQLXV-B6HFY-L8XC7-KWHFK,None
JOODJ-C9SOY-QLEJ7-NSSGP,None
GGZEK-L1N15-N8WBC-M13PF,None
J9AO2-7BUH4-50LHD-36FZZ,None
XLMHT-IGE9S-KZF1G-HKRXO,None
FYIV7-XVNGD-9PGEG-Q5HNQ,None
EMIQB-4WKFW-XUKX4-ENWOR,None
D29WN-5TBYS-JUMOC-UPTBL,None
ZM04H-VUPEZ-IPTFK-FJPGU,None
ZOYAK-Y3BHJ-9EP4M-6RMGM,None
IAX9B-HXCCW-YDREF-4ETZU,None
LUDQS-ARUIC-NCLRI-JLCOT,None
L3NYD-UBIN6-GVSMX-FSX4W,None
LITBD-T8UA7-SGMD4-YDARY,None
RGPNO-IYNCQ-FGR6B-HY7WM,None
RRJQN-JFUP0-5OAQ3-SIZUP,None
EQNFF-ANFK8-VCLQF-MVJPV,None
O5A89-YANMJ-FRVW2-QPDE2,None
LWTO0-K3VXJ-BNCLP-WPBT6,None
XYBEZ-YKILY-L3VIB-K5HDH,None
L1KDG-KLCIR-VF4PQ-R5CL3,None
RNXMX-KH1DS-ZSRUI-BWFTY,None
HTEUL-X1JRV-XFF5T-H0GZW,None
5PU5S-NRTXJ-CHUM1-ZWW1M,None
H91OZ-NEHKU-O0NAM-SETWN,None
M1KHH-37SAL-DEAZF-RGCAM,None
O2I4J-FKFLO-IFF2V-77PPN,None
WMESR-9AYBD-WPICJ-MT3OH,None
9JVZG-G1LVZ-CJEEL-KUE38,None
MDFWI-3FNJY-V1E5Y-MPVAL,None
FEZM5-YHON8-XNY2H-JESX2,None
LC2MH-GUL1Q-IRJRA-SHS0I,None
C1K5L-NJABP-KPZPH-4PFP6,None
WM7VO-OCFHA-FACSG-S5E4U,None
4MRIS-7POUP-WDQ4C-JXBUU,None
WGIVT-SX0WZ-XYSYA-UFXUG,None
0ZTCY-VIQWI-2XKI8-GTMPP,None
YJEL6-QPIVV-GEFMK-7BSCI,None
0AD1A-J1Z61-OEFX1-LSTGW,None
PQ1BG-W3DEF-PBT6Q-JX5AW,None
COEAT-JKAAW-2P9TT-A4YSP,None
TE0G3-BH21T-34YPJ-OEX7Y,None
WY01R-AV6HV-SJOYF-X3Y2C,None
GCXVW-EMVIM-V9CAW-0TYAY,None
TUZOI-1FIWB-PJ3CI-0WFGX,None
AMYN3-OLEVM-RYXK3-9OY3O,None
CRMZD-FAH4D-1XW5A-7XVMR,None
6PZRK-EJ4XD-NKF4W-AP6EQ,None
UJFMA-GFBQG-KDHSE-9Y04B,None
NBCUX-SIQWX-9OAIT-YTIQM,None
BPFQX-F3NYL-N7UPF-US4SH,None
LTPDB-L10WN-GHF9B-2JA2U,None
LSEOE-O4OPG-HPYB1-F776B,None
GPJJM-GRGEB-DGZUU-2SMVJ,None
NN3HV-DRKZ3-QWKXM-EYTPZ,None
OCO3Q-X5ON1-ABG3Q-IRLJG,None
BRZWX-QIFRP-3PHVX-DRXXE,None
J9RTJ-CVEVM-RHYST-BRTBA,None
KSXJW-AZKSM-PVZKT-HSMFP,None
QFPVC-WX4MU-YFQXK-JQXFZ,None
7HY23-AZCIB-E0IBK-1MFNI,None
2LEMV-5F2EA-ME1ZK-YA6LN,None
QSJ4L-CERIB-8V7BG-RMZRJ,None
1LHMU-FMEQE-TUE4N-D3BZQ,None
QTFBZ-XJWER-4DAQS-NIOPZ,None
YAVFJ-MM1VO-QMC40-DAPHI,None
ZJOKT-T8JPR-NVIWR-1HMLT,None
ZMD4V-NMPLR-S3OF5-7PBQN,None
ZJEE2-M2ZFT-UEPDD-MOOIC,None
TWMBU-DYNTP-ADXYT-C3IMF,None
OJI7A-IOHFO-RNKMO-07ZEH,None
A90AM-OBFCN-VAW2J-YABXE,None
ZZCPW-YHKIH-S7CN5-NJ4H2,None
HVYGF-D8GB0-UWURQ-UW0GN,None
1CEQC-YGFTD-FVIJE-JTV1P,None
WH3PC-1LTEN-QCDGJ-ZULXO,None
6ZSAX-QCCBA-YGBWJ-GM9QW,None
NQUEI-WEHEJ-LKKW5-2QOJS,None
UGLFM-86EJD-28047-LUXEC,None
W5VQP-HIM59-VMNEQ-VNXV8,None
KCS5S-COYFT-ZJZHQ-XBTUK,None
8OULA-S0BFR-LU6F4-A3VLJ,None
GJZEX-FPJL3-HIIA1-RUIYT,None
DPWDK-PG6L5-AXWXK-ZTLQA,None
ENNK9-HPSAD-7UVHA-7NJ6K,None
N5VRA-OXBI7-E4ZJX-J2FDU,None
YZO6F-RLLSA-QH636-V8DJZ,None
BJBEZ-4AX4T-POZZQ-ARXOR,None
SLOMZ-2SQX0-RYWBM-NBBRF,None
CQY6F-00FPC-TDZLL-M0Y21,None
QXBUL-9MWPZ-3MCYZ-SXV7D,None
OHEKX-PLACY-ZGUZL-UZXWQ,None
4NQLT-VXEQA-SY7HU-PPDA2,None
AHS6V-DKJVB-ASKBV-39ZHK,None
EPNMM-8WLYK-Q7JJM-QING0,None
TFGQX-YPMPR-UQJJL-VLMJI,None
GJIUC-QLQNI-J4Z9M-IOMUR,None
SPL2I-8UPCZ-5BKXB-HBYTV,None
GUMUS-PGSDQ-6LMQD-Z0GOZ,None
AIPZX-SB1N2-FBH0D-WJURR,None
FZEBL-6YME1-5PI8H-CBRNW,None
W2YGC-9OMEN-FBQY7-WVVVO,None
OSJ8G-LEFGA-VAUGA-Y7KQC,None
EZNAT-EDK4B-GZXNB-8V1SJ,None
XEEYL-1QSR5-E7VIP-R4IZO,None
I9DTY-VYIV2-YBTTO-RWC2Z,None
FV8Z4-MMTEF-KU15F-L8F9B,None
SDDUH-AHYNU-THMTO-GX4YI,None
ODHQR-J6GFY-UY19F-VZINP,None
5P26G-JTDJD-5CHBJ-OIYLG,None
3BZTW-COWRV-EOMAG-ETYZX,None
EIKOS-4BDM2-GKJGA-IVERH,None
QIXTY-ZFJZK-ZCWKK-MNS6M,None
RRGTQ-DBQFM-T1VIZ-K3YOR,None
RMUBE-OVJZE-L5KG0-KD1IK,None
DA92Q-PNXRL-JJTGJ-HF34K,None
BUQHB-ZYDZR-AVDSN-AZ6EJ,None
MGUZI-UYANE-NWKAG-SU4E3,None
XYIW4-O8AZC-CWKJ2-XY1NG,None
EHOGM-NB1B2-CUQDN-CSFRG,None
EEI40-PN2TS-V2XQ1-EOKBJ,None
LINDJ-CQPNQ-MKUU6-M1LGT,None
SG3UT-A2TP5-NDTGS-KLJVW,None
QWG3R-LWPSJ-F095W-SWMUN,None
VUXPO-GCDBM-HGY8F-UVDCF,None
JHM9O-VIAUP-3HKUO-L27SF,None
4RRCB-CSRUG-T8F4T-CC6FX,None
TLOMZ-8L9TI-EYWPP-7EUB8,None
HAPRM-THN8D-AES7A-SEQIJ,None
8NVE3-61ZGZ-X3XCA-NUTHY,None
RQBQJ-RYPNL-S7OZS-W4JGA,None
QKDUE-CFHSV-OAWEV-7QYII,None
UJTMW-PNQXQ-YXE3S-3DFV6,None
EHWEJ-EBTAA-VIWIM-5XR4L,None
ZGDOU-SYHOY-AOJJW-AZ6PC,None
CIG4F-FLJW8-DIG6N-QHKWW,None
FR3EQ-V8QYK-PX1WO-KDPA0,None
7GUVY-VQZDT-CJNQ7-UGHCN,None
GUOWF-WXRPE-TPOVI-D0N1S,None
F4PEA-X12PK-MHXLJ-XCS1Y,None
SZNLL-TSVNB-UUAEP-IK0B8,None
WHYVC-TAOYP-ZJUUB-XXVWP,None
KPIRL-UYFMK-JRFK9-XCQPC,None
MBH5L-R3SUD-66WIV-4UCIU,None
CJRYS-06XPF-OXROW-MUTKZ,None
YE9AI-DLYZQ-56XR9-ME5S5,None
74DLF-GJAGW-O5UNX-ETF5P,None
9OQXU-60DTF-3S92Q-JYZY0,None
P4HVV-NJYRR-MINXD-E9PGB,None
1NH9B-QDHFG-TVDPQ-OZCFU,None
52LS8-0ZRS3-SGQKF-PNHLV,None
P5NDO-BKO22-4VFHR-4XIXJ,None
PSDKR-QAKNV-MOKHW-NAYHD,None
IPZZP-SMTAJ-4MLP5-0JVWL,None
5QF1D-HGZ1M-PIFMH-GCD1H,None
RRIGY-WC6WZ-IVE2T-4TW9J,None
KPWNG-NSUWG-EIR5D-VMQOG,None
A3MCF-FLRBC-3GLZH-BGLFU,None
LID2B-3XQLM-OERWS-ZQPLT,None
M2UQG-MI3CY-AMVFI-BP0LD,None
C2EXZ-UQANR-YXWRD-JOR8X,None
XGENB-FQAPG-BMZNY-WXXGB,None
IOFIW-KLIA8-LBCRV-RH8ZT,None
W0ZNX-I8FZH-TGKQR-QXDMH,None
W8B9V-C23WR-HR9A4-APW1H,None
IECFX-ECSDL-ADNRO-K8HWY,None
BJHSA-EXQYZ-VIIST-PI9FS,None
ZCRIY-2SPPU-7RYEI-CQMTM,None
V2ETH-EHPOY-Y1PLZ-CAEAX,None
4XHRT-OA06I-0EHCZ-IBIGN,None
0Y4KL-Z1ESM-9VJHM-UKZR9,None
FQ4IA-FNDEE-CLDGY-EJI5D,None
HVWQC-Y9YOO-PRYYN-KLRFD,None
VPWDS-VAOHI-XM02Q-E9TS1,None
8MWCW-O8PSY-9KLSH-WL9QW,None
FTOWY-NJZD6-NILYO-6ZZPE,None
VIODV-RXBXC-GBQUH-HQHIJ,None
AFC19-MHV1N-HMUMH-G6IXX,None
FZFBA-4LJJP-SQ6U6-P7HRE,None
ZKIY3-UGQGG-FUOFF-V2SRW,None
TXKMV-HWYBS-F7Y6B-XI6KE,None
TZRST-GLPAM-CFXBB-7P3QI,None
XD8Q0-Q7KRS-JVI53-YMLUR,None
RFSSV-OGCHD-GSOTN-UFUBL,None
AJIOU-KEYY8-AQNU4-Q3ER7,None
YFYAP-RWYTS-O9JHF-3I3BE,None
ZRQDD-GQEYF-CZRO0-OE6RM,None
OMSPX-LXUKO-QMM1U-JHSNB,None
USP5T-6BTG4-SXKAS-XSF1W,None
EUPNW-HSLAG-V2W8U-8EADJ,None
MI7YM-642ME-BN8F8-JRX5P,None
OW9ZL-XEYPF-M4JX5-RDN1E,None
DUIFZ-TGUEK-O8IUO-LHK8G,None
9TFS5-NWT8Z-XG7ZA-ALWEG,None
B4MMD-HAPIX-QU9GW-PUJMR,None
4BJWO-QOXDL-WLEH8-3CXEN,None
LWJHY-7DOVL-GZZ20-TO192,None
XCNVS-LQWHY-PWINM-WBTQA,None
RVQZD-O5MIB-KXJDL-INFZX,None
3AFZG-06VYU-B8WKW-O176F,None
TZ4J6-92HMT-UV5MA-LMLSZ,None
ZU3OQ-AVPFG-DI7QN-QDICA,None
4IHZD-1DFKG-82YM7-U9FU0,None
TZTLV-XUJJI-XEQUN-MEHG2,None
MK6YA-905KT-U5FJ6-JRSSH,None
LCMGE-HDN00-OVBEF-UFDJJ,None
3UXCO-WZIYH-RA8LL-XSESJ,None
TL9WH-3HTVT-DXCRX-EMJ2G,None
7BVPA-GGRMY-UI7FZ-4VLHX,None
XOIYA-CDM98-SXKGO-XSPPN,None
V0LRY-HWWGN-67VIH-RP5UK,None
B50IY-NHJCN-V17O1-E0YGQ,None
T1KPM-QZ5LQ-ZDJ3K-AGH5G,None
JMPUC-OUZBG-LQZCI-VBIGQ,None
VKLK2-ERBJU-RTFPF-PTWNC,None
SMRAI-FKVNL-XUHPV-F4STK,None
7ILAY-SP1NE-SW2LN-CUGXL,None
E1YDE-4KENZ-ALXSH-RNZN6,None
4H84W-QHGVL-3MDTP-NX7EO,None
JPYDJ-AJDLW-0GFJ0-ZDKGE,None
0OCDR-1YNRM-ZMDQH-P2UOC,None
NH155-TVZJG-MAWPO-BFFNU,None
4RWFQ-QD54O-AJ1RQ-EXKBX,None
KXTMQ-OFL0S-ROMUZ-YJW5Z,None
KZ2F5-FFUJY-GIZ7Y-ZPYOM,None
OANDB-WFOEI-XWE3J-MN2VQ,None
CLA1Z-DG7ZC-D47JH-IKFAQ,None
YRF4T-KF9VJ-SGKBV-0ISVI,None
Y1ZSO-YLPDP-2UB8U-YAJSI,None
TIWPD-BWGXF-YWXDN-X7WOY,None
V1H6C-ZOXAG-GYI4O-3KBJ6,None
9IVWD-QM5LF-1FTL4-K7S2U,None
YB0TD-MURPG-CCVZL-9X8YP,None
MIE2V-2KMWN-LFRZC-CEU11,None
XPM7Z-SZPTR-KEURO-FFGKW,None
USNAU-XZFUJ-OGZA8-VCKQV,None
WL9GP-Q5UJ6-CMUTR-3188P,None
KXWOX-O6FB5-VADCI-LQFYE,None
GFQWX-MZDQF-75NFN-NGBXI,None
SFBQH-NUHDY-XFZDE-TEUJ3,None
68GHB-66GQB-C0TKN-4EOC0,None
RR4T0-F3TJI-KH7C6-HC4RL,None
QPKGW-6RAPM-Q5QU2-RKSH2,None
KRFEH-OEDKS-SPKTW-QHCOF,None
4R2MD-TEILE-IXYNT-YIK7X,None
DGFTX-NIYAU-QKNRY-TOLZC,None
VKJI3-9RD4S-WREVZ-0WNBK,None
AGFCA-SF3ZZ-D6EOG-EVWS9,None
1WYOF-MZFII-IHMAH-R9AOC,None
PIM8R-PWGY5-KNTA5-8YCQI,None
4L1HI-Q36CW-HTUKQ-NBBQM,None
RERBC-CHFQP-QVPIH-JJVC8,None
MVCTC-OWCOB-Q87HJ-B6Y6X,None
EQDAL-ZLQF2-PNANQ-R1NOB,None
45MNP-JZRJG-ZA35F-ZMJDZ,None
4CCQK-Q6UAV-RMQGR-SFDYD,None
SHTZJ-DN9C2-ROORE-DWNCH,None
EPWCO-CVITK-JFQE4-FQNAH,None
VU3FA-WYOHI-DSD4I-8DJSJ,None
6DFYY-G4XVP-MT6YJ-3G2HM,None
UVR8P-DA1A3-SIW4A-EOXI1,None
4IMMB-PIBZR-QZYNJ-2HPKZ,None
JEM4X-GOBEM-8YWRU-DED0I,None
VSRJ2-GCFNV-AMOKY-BMTRT,None
EW6VR-KMY5C-CEP1Z-9SOSV,None
WKO0K-X05KR-ITWNE-GUECR,None
GIIYQ-5ZREN-YBOJS-BXPCN,None
SXM9V-NQT2H-KTNDA-LBBHZ,None
SDVQK-1SIHJ-ZBZ9O-BJHUC,None
6SQ2P-RURGZ-GF727-YQIML,None
ORYDP-GDED0-DAVFJ-BGM8R,None
OZEI3-2BJR7-LGQPD-34P6C,None
XQOA9-ENW1Y-MMLE1-AOF75,None
709KH-JWFKW-M4WBK-COYJS,None
2LB75-PLJGY-G4NWY-VHIBX,None
RYQXP-A3J47-BXHX7-UTNIS,None
URVSE-VQCPL-XRBQM-C824G,None
0EYR1-H3AUT-4XY7M-MA9JP,None
MCBUM-R86VH-QEVDP-AABCX,None
ANIWN-YYEDU-HEZIM-5ERJQ,None
OPNNI-NVKPC-VMRGK-AQ1EX,None
TPVJF-D50NI-GGCTM-F0N5H,None
DQJMG-ZYUN4-TRCWS-SEMFT,None
YZWLB-TOUSQ-WN0ZV-NSRH4,None
ID05G-6YSOY-CUS99-XW5X1,None
VGCEW-TBX3D-YTXBX-GWPPQ,None
W9PMP-LNCUC-2J0SZ-W8YVM,None
GF1RQ-TNYG8-PX1OY-EYKIB,None
ARLYA-B4CIX-PPDSD-VMRBL,None
LDNCD-UMRAM-QTQZX-7ZFQQ,None
ADSRZ-SKX8V-Q0G1S-KLFQN,None
FQBSS-SRUCJ-3DRFE-VFOAH,None
IMS4U-OVY2A-EMOZK-HV4IP,None
S0EW8-RS02W-VSOUA-6AC2E,None
TMJSJ-CVTKA-YFF3B-ELB2E,None
N1WWU-Q9E6E-1M1NE-OSHVH,None
BLHOV-3NAGU-UFARR-JLZIF,None
YUET2-K0JF6-9TOGK-HRUT9,None
IUHPH-DJ0QN-ZYMI8-WSVEF,None
RTZR1-FHM7A-2ACYK-IVRYE,None
LGJTH-UDJI0-Y2YWF-SACDQ,None
V3YEN-B3ZMM-SKNMK-BHOQO,None
6AKMJ-JWNY3-HT4SQ-LAIMD,None
EKGJX-CIKA1-DF5DD-EPIBA,None
0ROAF-SGRDY-HVBI5-3VC1U,None
36QDJ-DNT52-UOX6R-QCCRJ,None
WGW0Q-MUOXM-ULFMN-TGOKD,None
ONI4U-QZDC7-XBLLV-JX16T,None
OIWLL-E6U6R-9R6RJ-7MA4J,None
RRRVW-CGDTM-WRZJ3-9ZVV6,None
G7SIZ-GLZWX-SO1NC-JPACE,None
U1NAH-MESGQ-KTN1G-PNZJR,None
FEESN-WMGYO-JFNKP-CJCDF,None
QK6FR-F0PN0-NG5DZ-TPLS0,None
GZENO-EYMVC-AWMOL-RLWZT,None
VV13K-0JSKQ-HXC85-3KAZK,None
WOACR-4C8GV-IGHLI-AYTSJ,None
AB6Z1-SRXXG-AKI9X-EWOBX,None
UXLPJ-UKKW8-XXQ2S-S1WW6,None
0LRWX-PAOXC-TZHJS-N3QOL,None
TYWSB-HTBIV-8B7HD-NS4JS,None
SFBF4-S7WUO-LBL2H-3CDLZ,None
6JVZK-HLKXK-GYHIR-8EYYK,None
NRMET-OVS4H-NUTO6-ESM0G,None
0WO7Q-KVP2X-8XDUZ-PZIGO,None
BB8SA-QQYQD-ZTAGB-IGCKI,None
Q0SMC-SHZNY-HDGFB-ABOC4,None
OLDUT-XNYON-8UZ4O-USZHO,None
QLWID-N2ITE-NX89H-C9PKG,None
EFMEX-0XOAL-VLVML-LEXTZ,None
DFDV2-YTNNS-3UFSU-S52WU,None
FIKJG-SI6EW-ESRHJ-P2QJN,None
WTI5L-SMLEQ-RBQES-JLOGV,None
9Z5NX-XNIOZ-J088R-XAY0T,None
7MLAJ-QJBT6-DOTRS-6GIGI,None
BRJBT-V3FMN-9H4IR-DTYM9,None
LMYC7-DMONN-K8BRY-G9M8X,None
ET0RZ-REOGK-UIFN2-GVBKT,None
SRRRR-2D7A9-KLWTJ-7LZE6,None
TGQZH-EQE7O-0PC5E-T9ZZC,None
LRDA2-HQEED-MZ3JD-FILNX,None
ZHJJD-LRMKM-XWIRY-PNCOW,None
RRC0Y-NP15M-HLBSJ-DE79V,None
TLULA-XJIAP-SNC8T-TQAIM,None
WH2TI-JDWIE-CVF5N-A6XVN,None
RN2XZ-Z7RUG-ZUSIB-6P1AA,None
D3DR1-KVZ2T-NMMJO-MMMWL,None
J2STW-XBMKU-TMMB5-4QRIJ,None
OYXAM-T6T6E-DHMVY-41BVS,None
OHI71-2FIRC-1AEAX-LN2RO,None
3DNY8-IAAHS-4HCOS-CY3UG,None
4K5RF-MGX7Z-ISSNG-L8TNJ,None
WE83D-JXTSS-U8TZM-A7LUA,None
WWMU9-FJJEG-FQFIE-L4A1X,None
91FBO-LQ9FF-QUO57-JYWLU,None
GVSIS-YRIPO-SEWOD-S3C5U,None
TB3I0-2RDLG-1YJ4Y-VPY6S,None
RZ9IO-9SKZZ-GKDB5-ZKK0S,None
FD7JX-SEEEB-7LJWN-GQWRZ,None
APFSQ-BPDFZ-CT16I-GSFUF,None
HUXFC-7EFW8-VAIXI-VU14V,None
0DT4B-PQ92X-8PBAE-CY5XB,None
GNIIN-WEKHL-FPFYC-RZPFR,None
FY3RS-QWR5C-9ZIMP-G2SHD,None
IDNDE-QPTKG-VNGIP-GCLOC,None
VVKPU-2ZEZP-ZHBSO-NEHSC,None
WF680-G9S4I-QKVDN-AP4PZ,None
DKD3K-6DWXP-ABECJ-7X2CN,None
PHTY5-IA7EC-VOIYS-CYE2I,None
YQLIQ-WS2UH-NYJGQ-WGNNX,None
CH5CK-Z6CO0-GCPXT-R6E1D,None
CFEDV-FDMZX-UJJWZ-ATYMR,None
MRHMG-LRYRS-ZVISL-ZC6XI,None
UHW1B-Y1PKK-XTQFS-RP8XA,None
SJ548-I1RXH-PF7UM-JBN5A,None
VOAI4-1V0OW-WO43M-EQO84,None
GJRYX-7RRSW-JSJWO-ZMIMC,None
5STYV-7YMOD-6ACIM-N6WP0,None
NJHNB-NMSHT-V2VVT-PQSVK,None
KW2MU-1JEHU-PGPSB-GEWWE,None
N89QG-8S1WO-XXQGM-FG7R1,None
MK7NN-BZJBK-IADLN-0Q0DK,None
KJY0X-3954Q-ANPR3-ON7PZ,None
VYRUB-36XVF-SFFBQ-UOR9J,None
M5PWF-RMVGQ-FEKJB-LKMMW,None
PBJQI-GDAA0-DZIL2-S2WHM,None
UDYK0-KN5DJ-YGGIL-YRFZU,None
GIQYG-IUOMP-GWQLE-JUPTC,None
5O14R-BPQR0-CGQV5-7ZBNJ,None
XAMET-TX7P8-INHI4-U7HCQ,None
XV8WK-W68DG-TEZN5-OS3RO,None
79UBW-W96CL-UGNPA-WJRX8,None
YNREB-OEMZS-JDJEM-CX5WV,None
A8WLZ-UZJM5-BKKC7-UR2FF,None
RHJPU-BIUZD-ACS6K-BMQ4A,None
HSKRD-0MEA8-ZHDL0-GCVZC,None
BG1BV-QGU3N-HY5IR-E10LF,None
MDWGO-RBVAD-8TJSA-XDE7K,None
SQNSY-GHXL4-ZM2IV-DY9BM,None
MPDHP-Y2DVR-IWN2I-9AN9K,None
PJYAL-WADA8-MJHPQ-PZ8KR,None
SZCVM-SGOYB-8OISM-Q1ZYJ,None
8D6GG-HCXIO-SOXYV-6TLMH,None
H2VXX-BOPYL-1UC6B-GYYAZ,None
RRLYM-RQ6SP-OGARA-6LWJ7,None
LM9CX-M1CTC-YNXQR-DNVXK,None
LWYY2-RGC55-DKUDG-P88AF,None
FGKVV-OQJOR-7GQD1-B1YXJ,None
JE8CA-IS2P2-2VREA-JJ19W,None
GNGNQ-BVP5H-HD9SX-5OANV,None
E6OEY-L4OAW-XSC5O-AXOXJ,None
IF0SG-ZY3KD-ALR5N-PEVFG,None
W05CD-QSGCP-D61BC-PCDXA,None
IWROK-SYHDR-JPN2C-JCEJO,None
BL8WV-Q082Q-P6CK4-ROPBF,None
EPNB7-OOTMC-NPA0L-52ITS,None
RRMWX-VCMF8-NNEPP-EMVCE,None
DYFTC-EI60I-DS4MT-YAZ3R,None
CJWQQ-GUTMW-C49D9-JWCEE,None
UXKFX-YQPUQ-N9SWH-LCI55,None
JCOFW-IR73Q-DD5WJ-ZIFVU,None
WCXMV-5O52E-HFQFC-T9JEG,None
BO10J-QDOFC-K2O9H-TTIUO,None
OPXL9-MNADH-GLZFL-BJ08A,None
F2RPZ-RP4E0-HHMNP-YWBBZ,None
JM0TK-YHZ2P-UDU5B-070LI,None
OD6EY-MSO81-FZ5IY-PIYJB,None
U4NBD-NTER4-OCFBW-RERKO,None
JZ6HI-VZOXQ-PZFVY-F6KB0,None
69CVX-SZRYK-HALPE-MYIG5,None
CLHJC-0RBQK-UNQRF-JN6A2,None
A21UA-JOLHT-SLFB9-IG9CX,None
WP020-A34VC-LPFEC-E10RA,None
J5DAC-J5RER-VBFAW-MTGYI,None
MGXHW-L5EWA-5LGE3-GLQTQ,None
UCVKG-FR9LR-LSOU1-A7V0T,None
BUND1-RBPDW-AUHCO-NNMEP,None
D1LVF-Z7HGZ-NE48L-RKSRD,None
CYAVH-I6VSU-IGGMZ-F3C2G,None
5JKG0-63BUX-WWAUH-L6UMK,None
PGJSV-SKITD-BJI9K-6CBKN,None
6FJHF-UATRY-YJ9GM-RYTLV,None
2IGKH-WWF8D-PBYIW-4Z21N,None
OIZVW-JSQCH-4BXD4-VWGB6,None
3FDUD-3SCOC-J2CRP-8QLVJ,None
A486V-GLEJA-WXGNY-GER0O,None
ZAT60-L4M37-YUSNM-YR37R,None
M1IDM-NO8ZY-BGNPH-6TXEF,None
ZDLGM-BGVLP-Z1QQQ-IQICL,None
Z9COD-CFXAP-RUXHF-XXASX,None
OLN6W-51MRF-R9TPG-DYKON,None
NLSFQ-ON84L-6WOMJ-OSURC,None
RCCY9-PTWMZ-L4IX3-XL9UE,None
QOSR3-LA8KW-BLLZV-PHN4C,None
KEZRO-IQ5MP-MELOS-EWYOV,None
BW8RZ-DZJOF-7OZ3H-JSQU1,None
P0PRN-ELDFV-TJILT-VPXJ6,None
SUBOX-7BEFC-YVNEZ-DHUWN,None
CW0ZO-EOFMB-DIFGD-3AATH,None
ASG72-O0IGO-APXHX-NKD8L,None
95AH3-TUTPU-2B0NJ-BEN0C,None
QYGBX-09R4P-NRN3S-1TWLP,None
XG7NR-VVPIC-GW21U-6P99X,None
AMELF-OA6T1-PBFFR-XZVWF,None
F4HAJ-EQAJ2-5LAWZ-PHOOW,None
IQGYO-LLZKV-VKLQN-3NQKG,None
1E2KW-HCTMJ-ZM5RL-HLO5B,None
ZEUNG-UHNI0-QXPPM-O55VF,None
E2CTC-0W0OK-FRZN0-XS09U,None
EUSLD-PWV5I-17QF7-GXIUR,None
UM2CK-APRST-5SCEI-IXA57,None
NIBHG-H9KUE-E9HQW-JCFRC,None
2ZVFH-XMFE4-MQSCM-7A31M,None
UURXC-KOQ6L-34WS2-SJNIT,None
XWFQK-GZJUL-WAK0O-0VWWP,None
5LCWD-4EO9T-AQ7N0-J8EM3,None
AQ1WI-FPREH-DUZW7-CZ7GW,None
260RJ-34VFO-FUDUU-D9A90,None
KARQO-YA5XB-DLMCC-DYO2Y,None
HBV1B-CLIBN-RJOZC-URRQN,None
EKSTL-R31E3-PQ7ZH-AHMQD,None
YNKTI-3LMDP-CUZIK-1IBDC,None
NURYK-2YAYI-TZ3SI-DPZM1,None
QQDPQ-QKIQY-SJHBL-VFMYU,None
BFXT2-NFX6E-GANMS-ATE0R,None
4XR1P-IPP1B-NZPAN-PCCCA,None
SYRW0-GSLH5-MGJAP-IZEVQ,None
SZWPF-FJ8CV-WUVTU-KT6OZ,None
IXHFJ-BR2FY-SIK4P-QMFSK,None
SZKJQ-R6IJX-J8GT2-TXGQE,None
USW3E-PXWQT-XVLFP-YRHJM,None
UN9NN-YBBDA-TMXOC-BPRUI,None
OY6KC-CNVAB-TDZPG-1XNZD,None
D8PIG-W4VM2-IIKGN-AIOYF,None
IBJFN-X9XGY-HFVKL-5DYEN,None
I21AG-YBCDD-AHHKN-XDD2X,None
P1KD8-01GNZ-GRJOK-DWT8N,None
MC8AS-QP4UV-KHHXO-N5PVE,None
MECH0-68RCE-ELOHM-8H3MJ,None
QGC5S-KDDR0-IQWJZ-XD8ND,None
N2JZU-MNL2U-V9URX-RNTPQ,None
KT08B-LJRH1-KKAUD-PWIUV,None
FKGPN-PA9V3-CK0BW-JCRXC,None
IAMPC-6EFM3-6S1K4-VOKNP,None
JPFVK-NCPVV-M120M-0ZNKD,None
AGWVJ-Z4JPN-DPY9T-DUABZ,None
SMH61-SCLNJ-MKYC4-NFGEO,None
3PTRR-BOB5F-PY2AR-9EOMP,None
MAO0A-CNT8T-SEIED-3YMVY,None
IMEKH-GEJKK-4DRLO-Q8NP7,None
4MBKJ-W7TET-XE8J3-B5RIF,None
A6IXK-9YYSN-IAIFS-MTNBC,None
ETGZF-B5J9I-BOIN1-MIHHI,None
WGFJN-GDJOY-VXLXP-GN5GU,None
HYG0Q-Y9ORW-YBCME-E7W2J,None
CGILP-GGQLN-ES91F-MAWUP,None
DJGG9-BKR4Z-ZXNRT-ZNTLG,None
2APHH-AIMYU-DJOBG-YMNJP,None
UJOAW-WJACZ-SLLJS-7SNBA,None
IHBMP-FLBBG-VDBAV-WGNWC,None
59WCU-FTIRJ-CAFEZ-6W00V,None
NWQ5A-EPJCB-GVLSM-J48OY,None
GLGDK-UQ86Q-YJBBY-73WTT,None
BUMNU-RPZGL-P461L-NC0XF,None
CZBXF-GODI2-VTVUZ-3NXBN,None
0LIGD-QQ8N3-M6L0X-F9LPY,None
JQ01A-UNQFQ-WRFZK-1D9WV,None
RDT81-HLGCC-APSII-B0BMX,None
AL6SR-4EC0L-SA78S-ITA4G,None
YZ1M4-MLWN6-VBPPO-YDVNH,None
ZJI27-TS6UN-ZBZSS-GIHHK,None
2VZUW-LB7FH-Y0LXM-RDUCV,None
BFQ8B-9OXVE-TX3IA-MYAK2,None
HALFY-E7AXE-R2Y3U-WJYBG,None
9JME3-ZIIZX-PCU2F-UA3EA,None
CLOS2-8QPNE-RFTZD-VB3AH,None
KZ8SL-ES76O-DUO00-ZIA5H,None
CLC6T-PTMYN-WQRQR-TNV7Z,None
DNVQ5-F6LOU-NT7WL-VXCC6,None
YM8OJ-WGC6B-IEQTW-IAHS9,None
GW8XN-BZJ5K-IFIQS-DQNGA,None
HGDOQ-JPRPN-DYLZ7-USJ48,None
9S65J-UYMJQ-SXAR3-AFF0W,None
ZHJGS-2NKO5-JRFPA-IUHXM,None
SK4XL-AGWAV-USPET-UZLD1,None
Q0UXE-CWBBO-B05DF-QTER9,None
W3CPR-6IOQR-JYLQV-KN72A,None
YIIGK-RYTOO-OBV51-M1SZW,None
04SWC-LXYEW-PKYX2-7BNWS,None
YC19Q-HI3MD-ESRKH-YONE6,None
XASZX-QOUH1-HQ6K4-XXIHT,None
H6CNT-VQCRE-IBNLP-SELUJ,None
AKBRP-GDUMD-MR8BI-EYLCF,None
9X89A-2HYK0-4KGAU-R9D4F,None
KEUN9-RH6MF-OVWVO-DSI4N,None
RCSHU-WVGA2-LYDKG-ZO0DS,None
XS5WN-20QZR-XEBPJ-LZNQH,None
RSBMG-ZNKNF-BSWTB-PSAAF,None
J09FE-6D8OG-YJKMN-EGM7Z,None
QY8GZ-7SEX4-NCY86-2UNKM,None
LMRO2-G6YMB-QMI9U-GWAVP,None
J4R1N-PT1YX-MKDGF-BPZYD,None
O1YZP-CJJ8I-VWRLF-L8A0M,None
VL3OZ-ODY9E-9I3P8-C3I7I,None
RYNF0-1OHXW-1O1VU-N46ND,None
AWDVO-TXPPO-7BBRK-QXDNG,None
FBKAH-ZFKTX-FCVJD-PT1UQ,None
JOH6Z-OZ2HQ-JZO19-5EUIU,None
LI6TR-RNX7N-E0KYV-D94VO,None
UXESX-V1VSG-ISIXM-OO5FS,None
6CL9W-PO4D7-HOOS1-HMHNL,None
3VQN6-TBIY5-QBFR0-ID8MC,None
ZU4JG-KJYJM-RSGYP-AZAG6,None
MCM2G-NNW06-ZB3JO-4PIYE,None
2NMFD-GYFOM-RQENZ-KD4LK,None
NBCOL-PQPJM-22UFO-903OH,None
PJGMX-XCUSQ-SCYR9-ZQP4J,None
TXLFU-CYEGG-8TLPO-86LXM,None
HAH9C-RNA6V-LOBXS-JOMDD,None
TSBO4-BIJOQ-SSGLZ-P8O6R,None
XAV1X-ZYC0Y-BIDPN-EISPM,None
9DQKA-S02NN-BAH4P-JZ8KX,None
EQYKM-MSM7H-FNA5Y-G9LDY,None
YRRFJ-ZIWWC-OSIMZ-QCXLY,None
X185D-FO93T-0MSVF-3MTAM,None
WEZOB-PFCEN-8QRWM-74HWX,None
NU91Z-UXRV5-ABV1J-ALBRW,None
ASECN-Y9UYJ-FOM3K-UTCVA,None
JKL0E-7MHJL-BC45X-MF5LO,None
RZAQI-MNYPM-SF2FQ-3R0UP,None
WTDTF-RTXXZ-AHKJC-JSGE3,None
ACYRP-PENFB-Z0VLR-DO9QG,None
NSECW-QUXGR-B28CU-FGZSJ,None
UVLCH-IQTGP-BC5MI-LOX09,None
L72AF-MZGYT-5ZZ4X-NQNPE,None
KDCHB-PSQOB-8ZLE1-MIWRF,None
CRLQR-BQTS2-AWPRC-FGRZQ,None
SPTGU-FSBIK-OX37V-WJ4DA,None
VZZCL-XS1UQ-5FIKH-LMBT2,None
LVFOH-VQQF7-BW8MZ-TAITI,None
9DX19-1D8SG-F3XS8-ZJXLE,None
3EBAB-NKB0U-SZ1AR-SV8BS,None
BINXG-RWRNT-VSTMN-YBPFS,None
C3GTO-CZM07-5LF4T-CGM7J,None
QSMQD-UXLQK-HMVWZ-M8A2W,None
ZIK1Q-4VPK7-CE5AJ-ISECW,None
BLKZK-CRY0U-CD35F-BMKEB,None
LHBU8-TJ6UU-MUCDR-C1L5V,None
GPK0Y-YQ4FM-XIRPM-7QXSS,None
04PR0-JD41U-NBDCU-RMSUN,None
QEEXC-9DDQU-ONDNM-RQTSP,None
KM3SC-WUGKR-OYBCI-92VO5,None
MDO3N-BGKDQ-ZEG4H-L4RLP,None
VHC2V-YRLWI-TQZDP-QJP3F,None
2MOXF-C57FE-E8GVB-USMAS,None
FRLZQ-9ZO9Y-CJ2JT-KFVPF,None
0UTAK-HEELI-WT4P0-2FEF1,None
YEJAH-JXNCL-CXQA4-4JHCQ,None
DATOK-NLIH7-M7YEI-TEUWZ,None
FCABD-HIHV3-2MKFO-SMMVH,None
WFGIX-OZC2V-U0OPB-LKQPP,None
YSP9N-6D7LH-1HOP8-LKU8R,None
YVK4D-ZI9WU-YCZP4-QWGK7,None
ITQQC-FDZCM-2VPYD-JYTRF,None
5ASLH-BKRAA-ZI4LF-VZLQ5,None
TXD5S-BGVWO-YGTC9-XSNBG,None
HCWR1-CEEMH-YRDXM-HA39H,None
SEIIZ-DWKHB-AFA2X-GK674,None
7II3B-UY9Q6-3C2C4-V8SYU,None
4R2ZM-NE4DB-1IOPE-VZHIL,None
0NHWM-ENTKH-EDNKF-9JF1C,None
XNNZO-J68PC-B5VSS-7DTNH,None
5WKOI-FUL0W-XCEGB-GGDHI,None
QGA3N-YJKXO-PP61F-J4FSD,None
QJQLH-TFKIW-OHGCV-7KYDH,None
DCSKS-NI0A7-0R8ON-KTW08,None
B2MA1-THYT5-SKZY6-QYPFL,None
FBNA6-YSDOS-XOHFF-XAA1Q,None
W1OHC-VXMJA-5XVFP-JATLL,None
O220I-KMZED-PLPJY-GAKNG,None
KPH8K-K0LN9-S466O-80XWU,None
BNUGX-GKKC5-HTXGP-RYTOH,None
JYBC8-GVQ2M-QCFLM-MIAQH,None
UP0LK-EKT4A-G7NPQ-LM2SW,None
K1FR4-9QWZT-G07DK-MMVA4,None
PBBVC-OGJTO-WLCLF-IRH2U,None
Q8BS3-WSLSG-QKGVS-ERDS2,None
I2NRA-ZHSRT-WUBEX-4TRN7,None
EUCZZ-RAWQE-2VLBO-OITIS,None
VRKQG-MHV9E-NUVVM-DZXOT,None
LF3RT-PDRK1-ZAPOH-ZQZSX,None
TA9FM-OWLI0-JSBMY-OQPRW,None
1TCHV-ADLST-38R4C-XWKEX,None
YKVD5-CCSKS-FE0Y1-ZZBFJ,None
NXJ3T-S7ZZ9-ZKWDM-NVETD,None
ACZFF-NMFCV-PKMDP-H9IAN,None
8DHDH-XVNH5-KY60O-40N7V,None
RPDEE-QJXLG-UQLCN-UYCFR,None
OQ8WG-LZN1W-DUUFG-9KGDY,None
OLDGT-QAWSR-ZDRML-VH1HN,None
YKFGQ-A8UXM-U5Y2S-DFOF6,None
H7B1G-6ICIR-IDPVM-RQ3UB,None
ZOAWZ-R1BEP-UMOFF-44OTH,None
TMUKC-4SOYY-C4E8H-NKZYP,None
DSEEM-PRVBB-8PIW3-ERK1Q,None
7ADI9-M5XQE-DLND4-LMVGG,None
OLALY-CKLQ8-6GYQ1-PPJIP,None
MJAZ8-GBHAQ-GIUCN-EUTHJ,None
UZO1T-IBQHW-MLOZA-MTRE3,None
DKEXZ-89VX4-O0V0F-IUH07,None
WBXYA-IZA8J-Q2AEP-ZTMZL,None
QAVVU-MQEDA-OSTTG-NGP5H,None
TP1K4-R5V1W-JC5V6-EN8RP,None
0R2JC-9YLTV-7IMWB-KJXYN,None
HNDNE-CTHPS-0HBDW-0MBVS,None
CF1SA-O88LN-U0YUF-WFMKI,None
L0CSM-AU2D3-DGHKN-TU1MP,None
LDVJH-OHYJ3-WJNDH-GWERQ,None
GSKCV-7KFGY-HZ3BZ-PU4WF,None
XK3LM-P18XY-HMPSN-J9CLC,None
TWUP5-43QBY-70GLQ-41M5B,None
DSS5L-KFIMM-HYQE0-RSG5R,None
SHFRP-2SIPC-QQTMC-BAQC9,None
7FNCR-8NU5P-2KBCS-SXGZG,None
MMMAO-XUXJV-OL5RO-YGTJA,None
ABUUN-Z4OPK-NWSV1-EAKXB,None
1PRWP-DR6MX-GTDGK-JI7A2,None
2ICM6-9TF3D-8UZ8D-VKXLU,None
BM6WU-ND9KK-QA0RM-IDQKW,None
VGMVC-AYVCX-7XC5F-JPKCQ,None
VOT7J-9TIRA-S4K5V-2NVVI,None
PTYWX-PZU23-DMWM4-ZKWQG,None
AUIW8-XTN7K-NVOG0-SHKUW,None
AC3O3-NUMXQ-EETNY-X3CNY,None
PCKBK-JNLQQ-GA3XO-ZE6QT,None
RC1JF-9MAQD-XWDPM-O0EIS,None
XR7Q1-S4F9P-EUMIM-YHWE5,None
9RBP5-WTPL4-VUCD3-BKPDG,None
JLUKI-BXY7R-FBQJB-8NJHB,None
8W1BB-GSOIW-XYZNO-NRVYV,None
EALF1-ZEAH2-KG4OE-31SC2,None
OWYWP-V6RQ0-ZHEU2-ZWNRQ,None
C74AA-ILS2E-8NI6W-PIKZZ,None
GEDKB-TPCCE-7PEF1-ZFER0,None
F7NHZ-QHUEW-10EQH-JARWK,None
6QN8W-47KYS-8ITCM-POZSB,None
UFIFV-SV6U5-CUNYN-GPQHU,None
E5WYS-QQ7GR-3XTWU-PVRAO,None
TGGSJ-C3SJR-PE6CK-FGY6D,None
MFVM6-Q3R1O-J27QV-GFGZX,None
AARHN-HSFOZ-JZ1JY-H0H2X,None
WIHIW-LDQOD-NPK7Z-Q5MPE,None
VNIZ3-XB0JO-YYBK9-7FIEP,None
DO6K1-TNHOD-YI0YM-LDQP3,None
GXHJ0-LL4KH-ETVKF-XAKG8,None
MXBWC-XX37Y-BCWRM-MYDAR,None
CYDYK-7N9W4-TFIRU-LSI85,None
K8R70-CSRN6-OK4UN-4XF23,None
Y5HAI-MJ6AG-RQ5KU-PLOQG,None
LMN4P-WWLLU-DQTXP-SEFH4,None
HQDW7-XLXIN-DYTOF-AE3RB,None
XLFPC-4EDLN-65OWM-C5BR8,None
OQBI9-EFXXU-Q12QF-1THTV,None
3APYB-2S2IN-JR0IK-VHCOR,None
URKSH-Y78AP-DJ2CO-Y4WI2,None
JSRK9-LTMYG-A9I0Y-HMSSD,None
A2JOC-ZHF1J-F6CGY-UHR9Z,None
8HKJ1-QHPRC-JZKQI-5OEEG,None
QKLFW-ZNAZE-KVEAR-QF4TU,None
MYTMC-C2IB7-IELQV-LU3AA,None
SDVZQ-RJELF-0IQMH-ASCEA,None
IT6FJ-PZPUJ-VZLJB-BUWPC,None
QMYRR-V74Z7-J8OJZ-KSZNI,None
OLU9D-BG9K6-F1FQC-GFH7J,None
ODADR-8A3IW-IBKIU-OSNEK,None
WDSSS-UDGEW-RJDPC-4HUHW,None
YESYT-TKKIA-T8W85-KHBVA,None
FZBT1-OP4RT-IYTKS-8RDQK,None
FV8YX-DJNMA-DYLVC-ODEFA,None
K3DC0-KBSGW-MR5CL-MNMPJ,None
ZITFA-3PQND-WIC9X-6QYIT,None
EJJBL-NSAMO-2NJQH-UKNV7,None
6LPRX-YAVXD-WQYHL-UBJDW,None
NC56K-QQXMN-RRKI3-GNYA3,None
NUI91-SBWE8-GTM88-Z9JLR,None
1POZH-UUTMJ-SHSVG-17AWJ,None
H6AIP-2LSYN-KGIQ8-RMQDR,None
F6EYZ-Z1VBO-2FDFM-TH4XW,None
GS9BF-MVCFH-FMRSV-C0K3B,None
9AWYM-6W9B6-GQHTW-6SC5Z,None
KMQXP-RT5VP-ZXDKZ-Q7OYN,None
EIAVT-VWMXE-B4LJK-5CG8X,None
YGGQS-JVRFM-YIJZO-G8XMJ,None
COZXD-OYMWE-MWXXQ-YKO2J,None
JEM0E-DABSL-WQJFF-CSKTB,None
IIEEJ-SNXDG-JCNEF-Y22WN,None
MSABG-RKEF1-C3KLU-AHIRB,None
G6PV7-U8LBY-NWSQG-GZ0WF,None
IPH3J-POEVH-WMPEK-MHMVV,None
DTZLM-NJZLF-9LCLS-DJJVF,None
DMJ74-WIAXV-59UJG-H4TWM,None
02CA8-0RMWD-L8Z02-BKC87,None
MOQ5N-DBBX5-DKQCL-BJKOM,None
175VL-9MQ1L-WCGUY-TIIH6,None
FKGWH-6J6H1-NRVN0-YQS2Z,None
CSGXK-NPRJL-TWPNF-0W6TA,None
HLXBG-JLE0K-BCN7I-DVKZR,None
IB8AB-LVBQS-QHQ7K-8NAMD,None
DDNRP-4ZCYZ-VVFPV-Y4PTP,None
GKQRD-RGE2A-SQVBT-T0GOU,None
RX2TY-IP99B-QQMEZ-2L86N,None
SPZ4L-WLPPL-FT0UM-6EMVH,None
TY2SE-WQV2M-U5IHQ-IGVEP,None
OJDCA-CUDTX-INFJZ-URYRX,None
HJDE7-PFRE2-ODZU6-AVK8J,None
UQXR8-DTJKA-SRFVP-ZCMEP,None
A9CPT-CSNKJ-FNY2S-0ETMV,None
4IUZX-WLXVE-I64Q0-MWTLK,None
WYQVU-Y5NWF-KU1SU-8MZI9,None
2NZ5T-OTWAJ-EZXHY-3GQPY,None
SB0BM-YTDLS-EKLVA-HD8EQ,None
DWEDR-2J9EA-KPYHP-9DH0A,None
WVB10-VHIMD-FNX6Q-X0J8C,None
DHSB5-WU6BA-IOI86-JOKYX,None
AOHCY-4ELR0-VNHL5-6L48A,None
Q1NIT-MP4GD-U2RLO-IK29I,None
K8TUW-LDRYO-YJZGM-JYKQU,None
IQOIR-I2Z2J-BHULS-EESIC,None
FVD8U-7R0NO-E5PHX-IWR1E,None
VX8YF-FM5FL-UJI1D-5GMV9,None
LR7XJ-HX3LJ-BPE5Z-EDD9M,None
NB5YK-4QAMP-AISGT-JOWVB,None
E9KGI-JBNN9-HCZNS-BQCCO,None
ADYSR-DNVLF-AXWVJ-BFRYY,None
VBKGN-UUPPH-3DZKV-N8BUU,None
IRI6R-FJREN-AEQAW-8T81U,None
6RN4C-NDSTB-ALXZA-TUTKI,None
ZVUKI-OWSVI-IIXZM-PEDZN,None
GBUGD-EWZQ5-MAINA-JJXNO,None
ACZLB-UNOLB-PXHGZ-QKIQV,None
BRY58-B8YKL-TSQNJ-M6AVX,None
POWRY-CIX0K-BVJD6-BUMXZ,None
NWNX9-NXQEY-CT9A1-62AHP,None
BSMFK-NRLMN-Q4XJ3-XVN5T,None
MUKFW-X16EG-TEUVV-XDXAP,None
AVS1Q-QHRA9-KPO37-CHGNI,None
8K57S-QDHXL-XCXQA-GKQXR,None
NQRSQ-TBVIY-DDAHP-TYPP4,None
UVI8A-3KTN4-B0DTU-JVYO1,None
CPNIN-LM9I3-JJKBX-G9RXP,None
GHHWM-MNEEW-Z8CRU-VUNRW,None
FHWBH-CZWNT-CXIO6-M9WZ7,None
TNMUV-QQILO-WAPIL-JOSMH,None
YEVLA-U0PTE-ITDXZ-MOYPK,None
NOOO2-FU680-UTOP3-RFKFH,None
VFQHM-PBNAP-AQ9QE-RXE0Y,None
WRDPV-PTEB7-MPMWW-HBD8P,None
2AR46-ZU2F1-AXRYT-IPCYV,None
VP7VY-SK7CW-HEGRW-ARGAF,None
AGFAZ-VD3S7-77UIU-NQWYH,None
4T8PZ-76HYL-JOOW4-4LIFO,None
R1ETU-2XBUS-9PKAO-SZP62,None
JIFDW-ZBTDE-AJ55L-DAR32,None
SJX2G-2VBPS-Z2XOQ-QPEAH,None
D0HMX-TZ8AR-DK2YJ-QGNIJ,None
CZCEF-ONH6Q-OTNMX-SSKG7,None
HMTMA-ZJ2O7-HNL6T-SYFDC,None
H1FVA-ACNNG-4J8QY-ZEIT8,None
7QLL4-IGP3N-CN74W-T8V0Z,None
PAFSH-CSBMW-USSSD-JDYNX,None
PJ7BB-6XXMB-VCKSI-XWI6Q,None
WSHC7-P9C8D-GAKUG-Y0EE2,None
H3VBY-DTDRI-DYHLT-CRP9G,None
CE2MJ-IU9OB-BMATZ-25UG2,None
3KCQJ-BNE7C-WHUAW-CYZBN,None
BG2RA-DJMOH-FPHED-SMJY8,None
CZQEQ-HVUCD-5DLXN-ZUBPV,None
IWMJH-92WTK-I0FU6-GVC3H,None
KD4KV-UWWJU-CRTTZ-EJCD6,None
ATAFF-XRJYS-YXTEE-PGFUI,None
FZ2JH-R0ULF-YPKX9-RLSRF,None
XOAY4-BZGWE-AMB8V-QRBNJ,None
M8YTK-ZVQOR-E0LUF-6GNPD,None
FYPAY-TZYZV-EBTV2-EGUIY,None
6FZ7H-7UUWC-VRFGK-4IDCR,None
KR7AI-QFYV4-SHUXS-2MCPR,None
0VPQX-LPPAP-WC2TS-I11NX,None
WOZ0Z-PJV30-EGDPD-IRFUA,None
GZ3SO-C0T7R-FA6O0-YR7OT,None
JN2QZ-JHQLL-WN8YE-TLJIQ,None
LALQT-MYK06-Q6ELG-VQRXP,None
GGHGB-2WHU5-4LZAR-KVGO0,None
OWRTK-QXB1Q-2ZCEK-XLWGJ,None
GFHCD-YNCC3-GMUXY-9VTWZ,None
MZEWC-ZLGE9-HHHMZ-PJQTI,None
GT33C-R6MSN-8RU1R-VUTKV,None
LHUJS-JAXEA-NRRRY-3SGRY,None
JKJP8-TNNN5-2J2HW-PXJYQ,None
3ISGP-VCYTM-MJMIR-LFBQJ,None
UQH30-6T6HE-OHPKZ-PMO6U,None
OIHDY-CITEW-OSJRX-GKR2G,None
PZ9D0-WUAXE-GTPEB-T4KFU,None
G1KYB-AMEUL-E7QGY-VTCOX,None
E64U6-ZW407-OREQC-RFUNA,None
LDNMT-CRXSB-Y8TCX-7NITV,None
RNMXS-HSD9G-DOPVV-DZORZ,None
ZE69M-LEA7N-4RT9Y-V9CW0,None
AYZIH-UTR1J-HIF5F-5KXOH,None
CIHNE-2YHRZ-PQQ2P-JQT0X,None
XGBYD-OODXO-XTUEZ-AIISJ,None
VNTSE-JGOOR-ZSPGU-BBCSI,None
GBCN8-3BHJE-ZT8GF-GWORR,None
JAEYB-BJSBF-KDKWZ-T6W0H,None
EZD4G-CPZET-WK0K7-ILVDK,None
IASWN-N7X1E-ARPVQ-C2URK,None
RLITX-CZN37-JZPSR-7ZH3K,None
L8LHG-4MITX-L8BQ9-EBY30,None
H3ENW-6BKRW-5WKN8-E8L6U,None
7GUHR-Z7Y8K-WAIGD-FGQZL,None
XANH9-6RGQX-NIQXQ-OLV28,None
ZDUNY-CQGTD-7DUJI-MVSVH,None
SCVXT-CZRL5-HTJFW-NGUOI,None
MIM3G-4AXH3-5EECC-PBMJ7,None
KCLRB-XMUYH-LBNNA-6DGAE,None
4QKCP-VB6GI-B6LX6-GCRDX,None
HODY6-TZRBQ-L8CZ7-VWJIT,None
SUGF9-18HJW-JUP0T-2BVS6,None
3PQ71-HRAHK-ZHYTM-RPROR,None
OK8EV-0UNSI-FMTW5-EEV3J,None
D4VZF-BW2Q1-16HUT-SFGLG,None
UBTGL-F9ATQ-OWU7G-QADK0,None
RFTFO-I84PP-6KBVN-B1ZU0,None
MOK7U-CN71L-VWAIN-URV0D,None
EXBVA-E7NY2-RZOIT-DC9KA,None
XUQRT-IMCXE-G3PVJ-CPFC7,None
2INEG-ZCC0Q-E46U9-YWKYG,None
YLZVU-KAXDJ-VHV4T-CUTOM,None
J2WVV-POPYR-GTMXD-Y04ZV,None
IJ4I8-7GZWG-KFJQW-F60MK,None
EQGGR-EXL6S-8QAUT-SE8FX,None
MJ4SJ-COWCD-9JPVS-PATVS,None
JZQBV-WQOUH-3EPKH-RRKMO,None
DMJJR-J5BA5-LWYL9-1W6RS,None
1MB6P-F1QMZ-YTO86-36ZXZ,None
O5IVI-MROEG-WFMWI-IJUGI,None
V3TRW-LVALY-W40BF-SV8EL,None
1VA7O-F30Z9-WE3GX-LHYVD,None
4PIFL-ITZTK-WTRG5-N6VTY,None
LAOVJ-8NUBG-BET2H-DFZQR,None
QDIZO-PCIMV-HK48Z-EUVBC,None
JCQDO-SQHKY-ANIAS-LMXLF,None
DLVUF-S0KHC-FG3OJ-GY57G,None
CD69X-TOTNC-2K4PY-DVX2R,None
YVEOX-OAYMF-IQTRN-TZ41J,None
ZKXSE-0WQLF-9XCLA-UNON3,None
DES2E-HESPH-CKM5A-XBVIM,None
RVHCV-NUHKR-JT10D-F5OV1,None
FYFJV-RAWK8-FBLL0-YOL1G,None
KT06Y-FEAFI-ZER2C-T4LHA,None
LSSMF-4UFGI-WFOVJ-HBQDZ,None
8VVMO-7GYAV-FI1IG-JWS8P,None
EU6MK-KIPFB-4964O-7AM8S,None
HYJWS-PQUFE-SWGJA-PU0UI,None
O0EOB-OQYFU-TLOKQ-4Z6EO,None
0NHQO-KOYFE-X9QN0-VIQ5X,None
R1AST-ZNRQL-Z3RAX-YPWOR,None
GCOCK-OXMIS-D6X5L-MT16L,None
SCULF-9M2MH-MY4D7-ZRQBN,None
Y7HN5-SGE8Z-2DZCP-NCBZB,None
IUEYU-1LQZ8-5ECRJ-CPXTH,None
Z3QGN-UNG5H-V3UPK-XMUMH,None
WVTWS-SQDS2-KWA0U-1NIUJ,None
LBM30-ELKA6-QTRNK-E855R,None
3QKHE-LOB9I-VPXJG-HNBLA,None
Z6B3E-JOEDP-RJHGR-JLDER,None
QWQDT-GOX9Q-AR5DV-00ZA9,None
HMW7H-KLTCQ-KVPUX-2ZYYN,None
C6CSX-39SFL-2H27N-GLJBP,None
PKBG3-RWOEC-J0T2S-O4GA9,None
4YWCK-BXFD7-NKABP-A6H8Q,None
VARZB-EYMCW-1LLM9-OBZA8,None
KGT8Z-UBV5C-XXZTH-SGOC4,None
467BC-WDP6H-X3GGP-VVSMJ,None
RORRH-R5HCQ-ZJ5WN-S5WGN,None
XBEPV-1IESW-3CEXP-CYEE3,None
NREMW-FLUGN-TM2FS-HFKC6,None
0KRXM-7TTBD-TY5JQ-YHCHH,None
IWZKV-HOYU8-0XASF-VLDMQ,None
PMT3I-WNHP8-DLHY8-7TYN8,None
GJDLA-0ZGXZ-YK03X-D19TP,None
13QNK-VZMPA-LR9GE-96IF0,None
IF6UD-C35OI-3ODWC-X3N4T,None
ED3OF-KZZI1-FODFV-S1G0L,None
21MCZ-YDZFN-U3040-WWBLY,None
N6NOQ-2IBJV-IM5LF-QU5GE,None
HKNDS-VTYMB-5JUDS-5BI4L,None
D3A6N-2URZX-LY5L9-PQAOG,None
IEMN3-GZY9Z-Q2BYR-RZSZY,None
KTV1Z-HO0UB-RANZO-QSONB,None
XOLIC-T4IH9-ZZOXS-JOFVC,None
WSKJ4-GX5RM-BNPGU-IG7V8,None
BBUUY-T56KI-MOK8G-MDPFI,None
DF2ZB-NZA8I-15SKP-85WYQ,None
7FW6Z-TQPM0-TJS2P-YTACD,None
GZUBP-MWEZJ-L6EBH-MRL94,None
0CFXP-OZKJY-E5XZ5-QDLJ1,None
JAR9W-SBJAH-7CV8U-SERW8,None
9TCZV-VETTC-FNVLM-TFUXA,None
SYQ3G-6GVJM-QI2Q7-UV4L1,None
CVNZA-CZYLU-169GD-BFWNG,None
G9GVR-RNRT4-0HBGY-MR3O1,None
A1SAM-6HXQF-72IA9-SQ8EU,None
OLAIN-TIUQZ-SCHFG-IDHJL,None
DDACE-92T4Q-RBEW2-ZNRXL,None
GHN1I-REIGP-LEAYB-PUDWJ,None
NUFHN-QYKCQ-EC7KL-Z31DT,None
B39NX-SZ4NG-JGVIN-3COUD,None
WTREJ-DA6I2-EYR9B-64IJX,None
MWWUF-NDN44-GVMXR-5X5EU,None
IQ4Q3-MWWLM-RU9CK-NJGLG,None
HG4EA-QAEUD-IDJCZ-CA9DK,None
XDGJ4-BWQ0J-R80UW-XR1VL,None
KWS4V-GXENI-GIVDR-1XPJA,None
JNP1P-IWJ2Y-RR31I-LYY1K,None
TUISC-BQUCB-CN6P7-DJMFS,None
UVITB-ULA7O-I8IV5-SYVZI,None
ZIJVR-EE6FA-MEBXN-I8LHD,None
ADRGM-NFXOU-OYEUN-SBQDP,None
IWWUQ-PVUFI-JIYA9-3W9XF,None
YAOLD-HTC6R-JDMUU-NXOYN,None
TCHGS-RPYA1-HSKLK-JKEGF,None
4STDN-NXYU4-T2EIF-W3HQ2,None
1WEGA-LIHNG-HNPCX-RYUSF,None
7FG1U-ZPTFQ-IHVVJ-HGIGH,None
UR1UW-MUUAH-JA9DS-SB44W,None
HSOCP-NQJOI-A6C0N-UBUIW,None
AHRIF-KXAAU-VKPWD-HNFES,None
8CUL9-SEEXS-5N2WD-XYUML,None
X3DC8-EQUM2-U8FMT-OQPL8,None
OVKPN-D1C2N-5KE2R-H03KN,None
J887S-2JWQS-OZLIR-DLPLU,None
CTKOM-EAIJI-P8Z5X-AG7O4,None
EVQAH-NLQ8L-UY3UJ-PYYEF,None
XNGDC-VE429-A6QIN-JVDRS,None
S1PUJ-CRQRM-W8GUZ-PJZD9,None
HMIGB-GV8QD-R1W8M-ULVHW,None
QXK7L-QAID2-RVHIA-7MPS4,None
V8MUU-6WXMK-JYK6Q-QXNI1,None
2RDT7-MU2PX-KBVBD-JIGK6,None
8GERI-WVTAS-RRSMG-B37D7,None
SPVEE-IGCPP-AZDBC-Y7QDM,None
N7CDS-PRLA5-X2WEH-ORO5R,None
0JMCU-S4HSA-46C1H-N82AF,None
SKCUF-BQQOH-YIPYD-ACSXB,None
29BQR-QVKA4-LTE17-46NPF,None
VKZZM-RLGCQ-XLTM3-POMGL,None
9ALSN-5WE6L-F2XML-2TWRV,None
VPFNR-0INUA-V9P9G-QKXDP,None
ATNMG-WENGV-JHWZI-2THJO,None
V6KSY-TQ6L3-MSBES-9FYRW,None
RGANV-TRCEH-JE6NI-WW5WC,None
W1GGQ-OUKJ0-CWD5L-YES2K,None
V09MD-48OTB-DCYZ2-OAFXU,None
JVH9Q-G5VVW-U3RE4-UNSNN,None
BUVNN-JB2D6-6L4KG-QJRJH,None
QQ4LJ-XOUVA-SKDOO-NF3CD,None
ZGHVB-7OU3O-DIPV8-CGHBU,None
GPFOT-VHXC3-JTGAN-Y6ZYI,None
VMQRR-BHGZK-LIG7U-C7KDS,None
Y0A6V-LRYU4-IIX6N-DNYPS,None
NDN4J-ZLWCH-CNIZN-PL4MB,None
5UYBH-WNWUF-6OK7K-DJTRG,None
PI1FD-MUHPL-RKM0R-I64O6,None
KBTBC-V0QCP-9BUS4-SBDQG,None
KY8GI-W7SA9-0L5PY-IU9WF,None
GYWWS-LCK5L-5B9JQ-J0AGP,None
0EEPM-GXFHN-SQEIC-YZQ0Z,None
B9SC2-0EZ5M-DFJXS-UH2RP,None
PNLDQ-UFS20-UOWJI-8BCI6,None
JS220-ZOEBA-1E0NI-EJQUK,None
8IXWF-G5AQO-OUBSW-T43O4,None
1MCNG-4FH19-SPZMU-XXRHD,None
JHUFN-5GPFM-47DFE-OITCI,None
EEKYN-HMLPP-VBOLW-8ZCBM,None
W35SC-L5GVL-DITN3-BQ9MP,None
MTMYK-3XMM7-9A1HS-RVM7Y,None
CA7LD-K9LCX-VHM9I-YQZKN,None
5V1HO-F7HYE-G2SJP-FMPQG,None
LZ8HZ-JZY3U-24NDG-LLW7A,None
BYXTP-BKY8K-EOU4M-CQO4C,None
FYH0R-C4LBZ-B6YME-VSWNH,None
C5Y8H-YGIW4-5QMHQ-PYMVH,None
ASHJ2-0SHSZ-8H9CI-UPBSQ,None
OYMKF-5D2H8-JEELP-EOVGQ,None
K3ODW-LF3UD-93VQO-EPKYX,None
2FGIA-DBJDP-HTEUU-0FYRA,None
8RSDF-OIXP5-PGZ1R-OXNM4,None
ICIPQ-NYPAE-RJL3A-SU1I1,None
TMSEP-9EIEU-MT5R6-4MXTI,None
GHUNJ-BGUVX-IPD8X-FY2GC,None
X4SWH-NPPTW-GJPJ9-FFZJP,None
28CHU-O3JRL-GZ0D2-KXTMZ,None
38BGL-DPQ1A-UEJ92-EYQZV,None
XGVTT-74VSH-WH8N7-UZOCG,None
BQGWR-I3QZL-Q9ORZ-2XPFF,None
LSRTD-AKEMM-AIMXY-CY3NW,None
0UJ9F-UKR9F-68UIA-NX2HA,None
8U5KB-I170H-DGM6E-LJU3I,None
SIENL-CGAOE-GI5EQ-NAKQS,None
3GAAC-R4BIP-NEP0O-56MT4,None
ALYEP-S4CEM-MG6XN-QFVKF,None
MKO5X-EZSCH-LJBR6-HLY2F,None
VSQBV-CL7ZB-V89QN-RWAQE,None
VZZBV-YSURO-07ATE-MAFB7,None
IQ1FC-94N20-EMO94-PNYKK,None
BQONA-J7COR-FUGD0-PJBOL,None
YCRYU-YKDAV-3SFAU-VYTQL,None
KWAI9-FWEP7-Q2NWN-JTZZT,None
AM7MC-VIBCH-6I7IB-PXFII,None
FA8KL-EKC8B-DF5TZ-ZCAQB,None
IW3MI-G4MPL-VBG85-IDQR0,None
5KDAJ-XX3JA-RDTPU-AEVJW,None
KVP0F-FNGGR-4R7FB-DTHOT,None
IT9QQ-D2LMD-388ZF-D4QZV,None
TBGW9-EPSQE-DJBQV-DIGA0,None
SSDOZ-CFOPH-0SSBD-5PEKC,None
3BNSE-ZBCGJ-6FVGT-FBJC9,None
HUIC9-SFTUA-KAD37-P0EVG,None
ROXPM-YFCIA-DUJPN-X9FHA,None
3HGWB-WO5CP-C8SMR-VLB5Z,None