serial_key,activation_key
OHBVM-VRCTN-IVHU0-9LKO1,None
5RDQ6-C41QU-ASIEB-30VRW,None
EEYBW-XCETH-R6JGG-R0VMR,None
NAPH1-WNB0A-XMT9G-XVKEU,None
2PZAL-N0TNJ-WVQ4H-X1MEH,None
PU7GU-DRQTR-LM6RK-YMDZA,None
OIUGA-NUQQW-8IC01-SCRRF,None
FYGSM-TYIJW-BDK0O-KQJHP,None
NITSW-WPZOC-CM5VV-EMPT9,None
7ET08-YEU9G-6WDZM-ZFTKU,None
J9MQE-FMLUV-EZUSW-XTYJE,None
21N2Q-SLSQK-CS18B-ZLXVN,None
TTGHE-OYY9L-GFFCQ-R65GC,None
MFSXW-XIH39-INVZD-9HP0W,None
IJP0M-DONLM-YMCKW-WU5IE,None
5Q8YM-2WTKU-4DLXN-62UXP,None
IPG3G-VJQ3L-N4WVZ-V2PSD,None
5I8IL-ABM9B-BQTJA-BBB95,None
VVQJW-POPMM-GH9OS-BXRGC,None
CFZFO-8ONMI-EBLRC-P2RKN,None
W0CJJ-GLI88-L65XT-HN7F2,None
I9LPO-AGMTL-KHP78-ZKKAA,None
9SLMG-1QM6S-S605D-KG8OM,None
IT866-J4IKB-E6IE6-IVDRO,None
4OXRY-QPO9C-IYJJF-P2EKM,None
UTYVF-SXRXI-LWPQ5-GHJ75,None
K4VSA-OSUPK-Q2BVZ-HGBME,None
POGFS-ERDUS-B5ETL-X2IOQ,None
BMKSX-79TKH-J2FI1-KNVDR,None
9J5MC-VNAAI-HSIRD-ABMQX,None
85KBU-IH3HR-JEURW-GIU7I,None
R5AYV-1QUSX-BJVHP-09JHO,None
VDV6V-XTCGL-ZAC0R-QL2MY,None
MRRX4-XNH2X-0ZCD4-QWYWE,None
7LJIV-PHWQR-A3YFK-DAKZP,None
5PNUX-KVP5I-B5J4U-SOSMA,None
PRRU4-1ONMT-YWGXW-WBWGG,None
XQ9EW-5VREB-CGKGL-RKHED,None
IEC7W-NBN3L-UHKJT-TVRJO,None
I1OWO-Y3RFO-F7SC2-ZYDDR,None
8ZCCU-4L1CG-ZY6D3-KEYDO,None
K7XXL-GCRLM-LQ6VJ-R8NU1,None
1UVNC-MYKMP-ITVFS-Q5GSU,None
MBTSD-UHBE3-TIB9Z-VOW36,None
JCGK3-M5P9A-NNWXV-SNW4D,None
L9CSB-XZ9QV-S2GVD-VWMYJ,None
Y0IXT-QABDE-GYEAG-V85OZ,None
VSDDT-V6NSI-NVTU2-T2TYQ,None
NZIBG-U3SUZ-IE8ZD-RR6IU,None
LRLGL-OJOUS-F31KA-S5DNX,None
B9KPC-Z7BFU-BJHLX-PWOSJ,None
XCGMP-ZI4W1-ROIEH-KYKOU,None
UPYW7-8QQ4X-DVL1F-2UDT8,None
89LSG-HTDKV-HRYX3-GHCAQ,None
U7M2N-JV4VM-7XBUW-MLNLG,None
4ZTH1-IA4MP-PEOJE-7GQZ1,None
U9I7N-GFG3O-EZKEC-2BFPQ,None
LOIVN-0PCDB-FBDQ1-T7WT2,None
TVYHD-S06B0-4NRT6-W8GJI,None
WDDZF-OAVCC-PGWHX-UQCCR,None
JSTLB-G5IL8-RLK96-XYZXB,None
DYYI2-2L16E-TPDM6-QPHWO,None
OOPCD-PK37F-J02CE-NP7HU,None
2EW1M-TL6BE-NQDUY-EK0LN,None
UJVYX-3YI2L-VYBPS-T52AT,None
QK0PQ-3LSQX-VLWD7-RD6VW,None
SQDXD-EYHPQ-7WMWD-6ASJK,None
M4ZK5-ZAEKM-CM77H-PIAVK,None
WMENU-RRMMN-ZALPL-I21ZN,None
X9UJP-OVFCV-6WYQ8-O3TEG,None
J4E3H-H1MY8-OQNZL-WP4LT,None
TTJKT-DDZNL-Q3QBX-09UZT,None
NPB3S-O2BIP-RLENY-WH81S,None
XZ4PJ-XCBPE-HZINR-MDTRJ,None
3TYJV-GFPRP-2RDG8-DMDNU,None
P9NX4-KIOXV-B3QCH-9JHSO,None
IHITJ-JNAQ8-KJLIN-5CY7T,None
6JGCM-IGCEW-UOT1S-J2QDT,None
ILKNN-6K2RF-NSG5Y-IDW0Q,None
G19CU-UEBIQ-WOJG2-V7MXE,None
8IGFY-I7BYT-CXYJZ-AGIBW,None
DGJDT-3YB1D-IL4PS-A5ZUJ,None
JPTG0-SYTZM-ZXOXF-69KH0,None
KMWVX-GFOMR-AYJKE-RYSAB,None
COLYQ-ASUY8-VZCXK-WDZEX,None
LU1OC-F7O46-97NQG-PXQSR,None
CHIO0-KVHDP-1WXPI-ENE7C,None
FIOFF-ADETP-YAIZY-WMJNV,None
KRFL6-6R2YM-KPHWK-WBFAE,None
D5QLZ-E0CKN-QDHOT-MTYTX,None
CTCBQ-RFCA6-NWCED-2WX1B,None
CVNGR-PVKZL-GT83J-X795U,None
RS2CH-IBTQ3-ZXZRT-WCSHQ,None
V9HXS-KLQKR-G9VUS-JWFBV,None
JWPEP-K6FZA-WERYW-DM7RQ,None
TG05E-YF8R4-ZG2RF-16WFD,None
G96FP-ES9QI-CMRIU-BBECB,None
WAWO7-CH9RN-OXL8O-NDAUX,None
XJNJC-FIF9F-B742A-1NJPF,None
GSJTD-JF6AW-ULBWG-KGAIN,None
M50ZL-IS7DI-EWR7W-R5SFT,None
J09RR-9TCYQ-CYMS1-VKBY5,None
Q27MN-AA1BY-XYF56-FMZS7,None
6WL1K-LQWHS-BGAUW-IQIQY,None
7X122-BPEKP-PC8R3-EK7E6,None
BWGWX-CULVD-Q5XMH-KSDHR,None
GKHSZ-REUJD-Y4KF8-96TRX,None
0A3BP-0CE6U-MLVIT-NCHJN,None
MNONU-ZZICQ-NJ1X0-SO2EO,None
BM9RT-OK0HA-RC99L-DVUVA,None
XMYHJ-7AVR9-YE2O8-XVUU2,None
IPVMH-ULXP6-KA93M-6ZTKC,None
LGW8O-KDD6V-1DUEN-CISRP,None
7RHIY-G3JRV-7GE7E-IRROR,None
J4GNI-Z0NKT-CPZKQ-1ZHLV,None
UXCWZ-XWLRI-TWJ84-UDYKR,None
6DYFV-GWAUM-9SPX7-K4YLM,None
0OUEO-OKIOO-SEZNX-TP4DH,None
UYXRI-0O1KE-MUNKM-DHGFM,None
HLTM1-BGS1B-KWZ9M-J4MQ0,None
UISKJ-NYTFE-M6LTF-BC849,None
YD85Q-LKACC-O2B5Z-QFHYN,None
VXM5D-IKE6V-1246D-D2C4B,None
GJPUM-63DBZ-SGYRS-97BNN,None
UIZT8-RLJ27-EFWAG-VDHLR,None
YWD1V-ING88-UPHF8-DQQHK,None
IDH1T-IKUZX-GNNBA-PEO8E,None
OEPOI-NKKJG-LJN18-LYG27,None
3GYAF-EOYJO-COWT5-BLC6S,None
GO5B8-URTHL-GPK8P-IX5PO,None
KPAUL-NNQQP-UHKYI-JAR5N,None
S09IW-DAX0E-CEQQR-XIX1D,None
2RNGS-W3ACM-UVBZQ-AGAJM,None
G73FB-KJC3M-JC5RS-JT5NJ,None
JHCQT-WOZ7Z-QNFMB-15YNV,None
8XNFI-V3AV0-BUDHT-P1HYF,None
VYJGW-RAUMB-EBJXE-EXS0Q,None
CKBSM-RACDF-HIFFG-V8BFX,None
K57LU-K2VAZ-KZI8M-WD4B6,None
W8WSW-MJ7QG-8VYL8-6ANAS,None
LYWMZ-JU5JJ-67Q7G-VIOFU,None
VLTST-OWDBV-KPR6Q-HLV06,None
4JFP1-PAK4S-9VFPW-XZLJP,None
KDCX8-G0SSI-SCJY2-ZHSF9,None
1OXQS-IHDBY-DYIDR-JN0MC,None
4RMS8-YO5PM-XVEIM-1TL8F,None
ULXY6-STBON-4LHRM-WTKFF,None
03PXX-CGNKE-VPJ0W-YRDB5,None
JDWUZ-51MU3-A0QMP-90MEU,None
YOESI-FT6VQ-OXOJT-2QRMX,None
FUMMK-QIY2Z-8VLDZ-XZOY7,None
FE2XD-5U15C-KAZEH-1ZGMV,None
M8YR0-XUSZV-ZUA0Y-9NQVP,None
CXISM-Y48IP-TSDYR-6FOEW,None
L4PSV-IKIIM-95GLU-3P3NZ,None
W2DUL-RVXLA-JA4DU-NIWAM,None
IASSC-NM3QT-FEALR-HJ0US,None
UFOP6-87LEP-FBNIN-PEMVB,None
QIVKF-TLPEP-3MTVF-0Y1EG,None
XVWHX-VUMWO-ALICB-WOBVV,None
ODSBA-8ZEJK-SMUD3-SVCE7,None
FRUDD-7OQVY-BROLC-853YO,None
FCIOJ-BABQZ-7CUDX-7IHSH,None
Y0LDX-9BL7E-PHZHL-JEQ0B,None
SLRPW-UGBN1-5F5N9-XOQJ7,None
CUZ59-5CNNK-YG5U4-V5RAM,None
PMLJM-GNJKT-3Y53B-ASNKR,None
XD4BQ-ZUSDR-N1TVF-WEIRK,None
QRDAL-J2GUD-SNMV3-MXFEJ,None
K9ILN-KMPDO-BO5UA-WY1WB,None
MWSDD-5KBYT-S4UZC-SZG6D,None
5WEI5-FOOV2-AFXTQ-8JZJ7,None
0QMNR-USGAR-8ML3P-3KGAC,None
LMUIV-EXNR7-WJ5ZB-8PMGV,None
GVWQP-Y7ID4-02639-U9BW4,None
LVYRL-KFUQN-QWENQ-BVEGC,None
YHGQW-JUH8H-OQE2N-TBKZT,None
PPPP1-XRJZM-LNF7A-15UE6,None
Y8SAS-OTWMV-ZL1WW-A4DZF,None
IV8TR-IP2HI-MMFXW-QX3UU,None
01FDP-S0ZCW-TS8L6-HTH7I,None
YUVL7-YLMES-D71K9-4TGKZ,None
8TZKV-LUGYC-ISAI7-Z5EX1,None
BCIY9-13IHR-MB83K-STZEP,None
MGTFW-WR8S5-WRFS7-DSA3Q,None
PP6EC-RCWPT-ADHRT-7LALZ,None
ABNPO-2EWWZ-SHOKK-EQIJV,None
MZW15-TYGJM-BNS3Z-K41Z4,None
KITX2-G5QXD-KRABO-3TUTL,None
XWV3K-M60AT-NLWSD-DQ1T5,None
VLONF-LDSX6-UK8B6-2OZEQ,None
SNZ41-FJIBJ-RIKLY-VICEL,None
X0JF3-YQ3UA-IMFDJ-3SQZN,None
HOOBX-3H7VH-FNEQD-EPKDT,None
Q4LAJ-ATIJP-FCSYM-SRZZF,None
EDAO5-F72JY-C3RPX-OKLTU,None
ZZX8D-8NFVJ-TRU8O-EFTKT,None
GYKZ4-BZBI1-TZU1Y-D2UDI,None
P0FIV-8EMOD-VFHTJ-HRUS2,None
PLIYZ-6WUH8-DPERE-5ZQPA,None
OACPH-DJIDW-HQUKY-8DLXP,None
SXAZN-KYYUP-3TKD6-ULBZP,None
TRESO-A2SBA-OYB0M-MKJMB,None
XDBEQ-DUWQR-HENMZ-XHSJ1,None
ZLK2W-YDSPD-WIXRC-CQDI1,None
THWEZ-WQTBS-MILRT-CUHJT,None
Q9VBL-STNSJ-ZMPIP-14K3U,None
NYUXE-MXIT6-ATNZJ-RHSXY,None
USIH3-CVXKZ-LST9Y-1QUU5,None
AADUP-L3VDQ-ONRQN-ZHHDI,None
YOAXC-G31NF-X93AQ-IWCA5,None
G7ZNA-YAH7S-WG6IF-WNWOL,None
KCE2O-56U9U-I8URH-EKUVE,None
S0BNG-BG6YA-ZFQUG-KNBSA,None
EIIKC-YJKYQ-RKGGN-GECBW,None
VBLBP-IJMEO-OSI28-LT4E9,None
WQ8JB-FV5DA-3AUDI-Q2VYN,None
JM1SJ-LEXAB-IXKGS-WYKBV,None
7LXNZ-CAB39-OXWSV-HP7VC,None
CTKIH-8WQBM-UFJQM-0W9GJ,None
QAIJH-UHNIA-KXOBV-LK0U2,None
EQSEV-8LAKZ-DMI0A-S9N5S,None
DDLND-DP2D2-Y2QPN-JQZD1,None
JBARV-GLQCJ-R81NN-FL073,None
ZG2H2-LV2EW-INHAQ-8DGSQ,None
M67M8-Q1EQY-ZERFM-CXGV7,None
CFHDR-NNL5Z-IV99O-ATF8J,None
QJBYP-MCQVC-HXLAJ-ZWX0Y,None
K56IX-2CGAV-65OXN-6TJVN,None
OYREF-EGA4W-3ESTA-LPGXB,None
VLJFF-DVZF3-87F8A-SA4PQ,None
WRZMJ-0YBFW-LVIRX-IEU6C,None
QKDQD-S4XSC-GFS5A-A8JUZ,None
L0QIM-JCRNG-SKVCS-SNLD2,None
STJRA-D51Z6-RHCQQ-NSJA8,None
OW762-G1WKT-1M4LA-NGQWG,None
NI0LB-1DG9U-GHDDW-CXF5E,None
VSWXC-KWVKL-ZPLT1-J0TXT,None
WRWED-16YEZ-6VOPA-8NA9K,None
HTCVX-6MWNV-54EVQ-VW7LU,None
EPRKB-HOXRL-KQFRG-GKFRJ,None
M4L77-ZGRXW-XOJOZ-7MSW0,None
UUN7T-7RJRN-HMNLV-9RPQU,None
GUV2G-DHTXX-LQFKP-MM271,None
52PFP-2UIG2-H4UOA-6FDXG,None
XR9DQ-IUVG8-YQJJH-RZQNP,None
RMDOH-RJRUH-ULEPK-WIOLR,None
FJMMN-MXX0V-TE9N9-GCECT,None
JXNBJ-T68E1-B3CRR-9M0TO,None
LHJUL-0TTRW-X7ACT-ZLF6W,None
HA9HK-V8F6D-RWNCN-ID96F,None
V3ORX-X6HVD-U9RNR-6LUFB,None
IMCAR-8CNRF-A0JCJ-N1CJ2,None
BZER7-SAK4H-PNJPK-UBCIF,None
DGZDH-DGIVB-P8EVF-LCDFY,None
NMNNJ-UXYKH-WAQJ1-AXBHZ,None
5PUWE-YIPMJ-BZC5M-XSQWJ,None
QPLBG-LJT7J-5A1IA-EGIXW,None
2K6UY-SYZ1I-U4VNN-NCBCH,None
VQK2K-GLBYK-EMWMA-LQ4UP,None
AD82I-CBDUQ-8CHCB-LD904,None
X8DWG-PC3PU-YVOCO-MEU5Q,None
TFRD3-15FF7-LZGZF-BQJFX,None
UEUFV-67OCX-PRXIK-DWG3E,None
2XVJJ-OTQMR-CKGXP-3INVX,None
KVOKX-NFSRI-DHE0Z-RQTPH,None
JLY5P-IAFAC-LKXL6-6LPRE,None
MBSJ4-7WZAZ-YA0PE-1KQME,None
LEFXV-VHZC6-YSVTF-V3CIX,None
V3OMD-QS2MI-0WJAG-RKJXY,None
WRZSF-XTN7Y-MZJ5O-BIY5V,None
SG0NU-KHFDZ-REHAB-DHU01,None
07OVF-F3IF8-RCVCV-JB7LX,None
KIAHO-EEFCB-4ZZKF-FGCNK,None
AUE2X-ANTAG-JWZGR-ZPNLY,None
XLXCF-BOYZF-FPXK0-JEROF,None
AVFPU-DRWCC-TFMCT-YDFZU,None
XWRW0-UL5MC-VY21W-0U65E,None
V3LQ3-AHBDA-PWDPY-SCL9I,None
BK7RN-JFDPH-9HADJ-LADMG,None
07BJG-UJEXX-7V6BY-I5DZU,None
WNX9O-AUAES-D4WPU-DIADZ,None
SDK5C-UCH05-G2QKG-XQUD5,None
CTQ8S-CRXDK-XUDNA-1BQRW,None
ZZCIS-EX08B-KL9QF-86INW,None
HQGTD-IRDNI-RFNOJ-ZXKHH,None
PULWT-BHBRJ-E7AII-W1AAD,None
XLT78-LXYPK-OC6KO-YGJXH,None
92ZWM-VVAOZ-27RJL-GEECU,None
JCJ6J-MF0OI-UJHKV-TFT9J,None
OJQ8K-IFX8A-QX6NM-Q82ZA,None
FCK5T-PG6UI-DCAJ1-LM3AL,None
HUXY0-XNAOR-BWREA-NUIHA,None
JGICJ-N8JB9-WKTZK-LEZSO,None
1YNSY-ALYH5-5LB6T-FFOF9,None
DE6WM-QEKOM-U0O0P-T5OHJ,None
UTO9D-UUK4C-U9F8Q-TCXC4,None
EPKHX-HLWGN-KLD3E-ZYHEJ,None
LXQHB-31P8K-3JDHZ-8U2U9,None
PXPKX-HIOGN-FBIJD-D1HYH,None
BFGXX-HKXAS-3BRLV-JRKP9,None
IFFKM-JAA7C-MQOYW-5BYSF,None
V4O1J-RPNKW-FV62Y-B2MQC,None
A0ZTU-GXMCC-ENYI1-1KVXB,None
XQ3YK-0IXPH-G6J2R-AQOET,None
OER2H-PXRTC-UHMMJ-FTTJZ,None
J9JJQ-ATDC7-HBVPM-YBD0L,None
QSOM5-DGYDN-RQA9V-AAY8E,None
MBOL1-D9HYR-FRY94-UMCKX,None
KGCKD-5WTQX-6V5MS-XREVG,None
MIXAT-TUZH2-UTDMU-ACLEA,None
F85HB-DVSHU-UE5CL-D4CBT,None
2U3U1-YMLCQ-T3WKD-QP5TM,None
M083O-DKKOX-XM5HV-BZK1S,None
ZN0PQ-RE9M9-J6WVY-OSOGH,None
IZ04L-YSV3F-1TTXK-QQWYO,None
N4L7Y-Z0WJV-MB9BT-O1RWQ,None
8M7QD-0SLTE-BWFX2-AOTAH,None
HAQLP-Q49FI-YV6VF-JZH48,None
ZSM7E-PM8G6-SEUTT-AQI69,None
L5AQ6-JTLLM-UGRUG-ACAZW,None
932NV-LLPY5-NJJ1V-SBLMU,None
R6UMY-8DQ3Q-JRWJ1-NCR07,None
XRCMU-56AHB-KAJPD-XPAUE,None
LLWGO-DN8ZK-I6REO-XNU1R,None
XKYYK-XDVFJ-KUDXS-RTWSS,None
PHGGD-9LLPZ-LOO6S-3JIJZ,None
MQCRY-76GO0-QRS64-OHCZA,None
EOD3O-ZGDAT-9YGPN-FCWQQ,None
YEK0N-X7H9K-UKBAQ-2EDCC,None
R55SY-0SNNB-NMITE-307GR,None
B6VHE-PBJJG-YBENS-VJJTC,None
TBYZP-VVDLG-MHD80-PO2IT,None
KOFQ8-VKCLF-AEU6N-DH5OM,None
BXHHY-ETYWI-35DE2-22PX7,None
AY4FS-XF2HV-6FOL8-QPNP9,None
FNKRU-A4W0D-ZBTD0-VOI4D,None
PFVMF-EZKJA-RIDZG-8ZS0G,None
QHHYF-5PWQ2-NQJJQ-E9CLW,None
9XXTR-WAKSU-AHLNU-XVL1O,None
COAA3-2FNNS-Y5ZOI-QJBG5,None
LFX8U-GW3EF-5FBTW-EV5HS,None
AZSLU-UEBNN-MRBO7-GBYL9,None
YJBAX-RK3SU-G37HQ-4ULNW,None
CSTLG-SMOSF-KHPYQ-APVTL,None
ANRKE-4AAVA-0D0RX-WATMN,None
I2YBW-SNGNE-VMMZR-BQCBN,None
5HQBA-GZZP9-N02RB-ZUB7M,None
NQBNU-EXVIJ-C9L8S-OGTDS,None
WC79B-O3XBK-X5PLG-ARWU2,None
PTNF3-IUQK8-M03DU-GXQW4,None
WJFWM-NPJVM-S9NYW-VDXYU,None
SB8CN-NWXJK-GBO0G-IJCBC,None
DUGSE-J4GUR-FLHQM-UBMOE,None
QYB4E-2LRRI-6DBXO-KVZDZ,None
HF5EH-4J7IM-WWXEZ-HEIFA,None
AUKG9-MU11F-NP65N-VQL7Y,None
ALV5C-ZZYDZ-WWPLJ-YABZD,None
QFFYE-RXDMQ-QRY6R-SIPJD,None
IMJLP-KRLL0-C7PAA-TWUWO,None
VK0Q2-TIBL5-9KATR-L17NG,None
A1BPJ-ERRFR-TRRR5-9S8TX,None
ERBW2-CPWAS-M9WUY-VY69K,None
VVZCE-0YDWI-D3NC0-XNFPP,None
H2JCV-S79AD-HVBUE-EFEQM,None
C6ETQ-MHIZ4-ULIJW-VQESX,None
QJREJ-CRTTZ-WUOYH-KWNKD,None
ZFXZN-0NK9W-2VXAV-OQUWN,None
5WHKA-F25JH-AGXA8-NZNNA,None
5VXPD-WGALP-XBEVR-AGCSH,None
EZAFO-0K3UU-NGM02-TWVUX,None
T42QL-N6NEZ-0XFKR-8NF03,None
FSFB6-CGDYB-XRZAR-RYEJV,None
19L5G-HDXCD-YIWZU-C2TCA,None
UDN6G-2FU45-IB7SI-DJIBU,None
MCWAD-FOAIH-NAFQ0-QTIDS,None
H4FUT-EGO3E-JTZUU-EOTID,None
YGSTQ-GJLLZ-IWRBE-E8MW9,None
7GU69-RMWFO-DCSED-AUYZW,None
KFQYS-E6NE3-H7VZ8-PJVZI,None
UTSWB-ES2CX-ZUCWK-YAP1P,None
LLSMK-A2SGN-RWUFF-2HUZM,None
BJISS-XY0VV-ZSNRI-5FLOZ,None
QZMQG-AFUM9-FUWIQ-CTFQF,None
OTXOH-JCNFE-MPYH0-WFIVT,None
6FHDG-MUA2U-DSYDZ-NJMVN,None
JEFNX-ADHBS-3PCGM-VNTGK,None
DGMPB-FMVAQ-NF4DX-MID6T,None
60ZKB-ZPEID-O9ZIX-6TRMU,None
LIEFF-PCERT-UQRW4-WAVP2,None
PBK1C-AYINY-FWFHI-HEP5Y,None
B9IZ1-2NKTB-O9R1I-OFG97,None
WU6EV-EOVJJ-YQU9A-XSLZR,None
EUR6J-WVJWZ-H9AMB-CRWOZ,None
VE0V7-QTQHZ-HTGQQ-EVRVS,None
POJYV-F4R87-2Z4ID-VPXYU,None
UKCW7-XLM9P-VTTVQ-J0DNS,None
1OE1I-TIGHY-0LNNH-AFWSJ,None
VGVVC-7DFAY-YYRYU-K7XGT,None
H5HCF-QTISI-8KMFL-BDQ1X,None
I0UQT-OVGRS-Q2JOO-WHFKE,None
P6CDI-B2XVM-URS7W-RSSJ0,None
6CB85-EMXZQ-UOJDT-UOPOV,None
YZQHY-3Q4FB-LBLG1-2JJWT,None
BVLQ3-WEMED-MZBNT-R6PNM,None
TNUXM-CTATL-KJGQR-YNFL9,None
LWPQS-ZKVSY-VSFNC-H4Q2P,None
GURGA-BUKLH-BVQDJ-SHZHK,None
AUDBC-EDNLB-LFA4I-5TULT,None
B9RH6-SHU9C-YFDYM-RXUTH,None
7YIZD-Z6SSM-MMF8R-VSMZF,None
LE339-IPG2T-KAWZQ-GYUNM,None
XIKBK-M8J4P-TC4P2-KV7NO,None
Q3Y3U-OACZI-5FR2J-BIYXW,None
ZREKN-NKDTS-QWTPR-DIZ2Y,None
NKDTK-TRRRV-GDQQM-J0500,None
MJXAU-ROPYN-TYR20-O6HJH,None
NRJUM-BB7SA-EZJKH-6JOZ6,None
ZECYH-RKQYN-GUGDM-GOVO8,None
VZ7WL-RQKPW-Z3QJX-GUAVL,None
M8PBZ-ZVC2D-7TDJQ-MBZNA,None
EP7SB-IT3D7-ZLTKP-CINPD,None
VWBTH-N3RDE-C80YX-IUMW6,None
MKLWG-VQUMW-BS45V-MBT2A,None
IIOUU-EDYQ1-HDGMH-UKXXM,None
EUF8Z-60MYW-6UGXL-YQMIJ,None
XQJII-ZSZVT-78TB9-8REEH,None
XQ04U-4736G-RFUO5-LS5ZN,None
DX4WN-OBOXY-NFEWU-6LR41,None
MPEJA-U3F0R-OOUKG-TBPOE,None
US9J5-GLL0V-NKIH0-NVGIP,None
YKYA2-MSMCP-N6HZK-BDLPJ,None
RRXUT-VTX6Q-IJLZA-80XHO,None
D0OOS-KXSZH-U8IMP-VWQGG,None
8VU2H-96BJ1-IWCKV-I8JFG,None
JVUMZ-VMZFV-VRIBQ-7SKSP,None
Z59VD-OBZZS-3KBYT-HLAES,None
NCLNQ-WAM39-19TIJ-SGNLB,None
AJ1SY-VMKJZ-YCVY3-I8MN7,None
SI6IX-6Q5WC-XHTEC-9SFEJ,None
FIRWK-V5QNW-NIUXM-SJOFQ,None
KXQHA-BZYJI-LB4KW-RUDI7,None
E8LXT-EFQW0-AAPE6-RIMNB,None
SX73V-DTXVE-XSMFF-TGBYT,None
UCFB7-ZGZ6B-W3T9P-OGKAK,None
L5EJM-XJHMQ-VS3NB-LPGVK,None
YKEXU-XLRMY-SVNE4-UZAZA,None
2QLE2-43JUS-3T1AO-RJQMC,None
S4FZF-3P3HN-CKQAE-LENFY,None
CAN2P-BAOVY-RERTN-Q8PVU,None
QL7TT-2A81F-3PXJL-KB8VU,None
ZFRYV-VMH89-88ZVH-QTH0M,None
FA39N-ZYZZS-77IY6-V6BDG,None
OKMZ6-OTJIB-G0R36-BKWCV,None
7RFVM-TXSJE-IN8WX-PMJL8,None
M9UKC-R07KI-4J4BM-8UJQG,None
OWKJC-SECUJ-JB63L-NCV9Z,None
XWFFS-EQHJG-DIV7D-KNHHS,None
6C9N9-FGCTA-3BOK4-6F31B,None
93NUJ-L8W3U-EQCYT-N2ULD,None
HHZBB-BJJVI-UHFNN-TRKIX,None
FZACD-RHNVH-PIGR1-RQMLX,None
AX65F-2DWRX-4PE4O-0AQZR,None
QJQT4-8UKHR-YCE3T-05C7Q,None
IQVFZ-T3MED-HFK9U-JY9EP,None
TIAYB-U25LQ-YMDJV-X2QHE,None
FHCFI-TTLBR-WADLY-3Z1G3,None
WKCQS-2CQXO-EXPFE-T2MXU,None
B1HAM-DSGXC-IAIBA-8GA3D,None
R5MP3-NJLJO-T8LGX-OFKB7,None
I3DFD-UNTBH-DAONV-BVBCO,None
Q1QYX-OCCWM-8JMHR-U8ASK,None
5RREG-4VY74-TYFRA-BFVHZ,None
JHLRV-IIO4W-HRIFF-SCVOR,None
C1HYH-JR7EY-GPZ04-10ZU6,None
3NEUP-GVY6Q-2CLHF-KVFMJ,None
BVU0V-TAJW3-IRUQJ-ZBSZ4,None
ARXUC-TOBPP-OUSNZ-P6N4J,None
GQZDP-8KHIW-J1QT0-IEUWM,None
NSKBL-FCMWL-EYPLY-TRIO7,None
CXZKA-TSUHT-QCVE9-4FQ3G,None
LUS8C-MPPIV-TSW1S-RDNKZ,None
RTXZS-3VDWR-J9OCX-CVWET,None
WJFO2-AAUSR-NUSWW-9O4EA,None
PSWUJ-6VZUV-XDP4O-NLMOD,None
GHKPS-ATEDJ-ALG7D-WRALF,None
KMUOH-UDU5B-EGAWN-GRJJY,None
PUU3W-HBPZI-3NG5D-Z9JYJ,None
QQFQR-E47EC-XFIOS-5G5HM,None
JGJVJ-B17UD-YGLUI-M1PX5,None
QCXXA-MNXG0-WPTEE-HPCLU,None
DS2KC-1SPFT-7OSX9-WXLCI,None
NMVCY-LFJSH-N5O2R-RBUOT,None
AELFG-BE2NR-Z3LBJ-NDGMG,None
ENHYP-LL8XH-BNV1J-BMZPV,None
XX29C-SZ5SG-O0GXF-H2BHY,None
FUF1E-YXXKF-10LCR-S13HG,None
774HI-EYQ7R-CXCGY-8G892,None
QYIOJ-15DML-I0NGV-5TBMM,None
HPHTI-9FEXI-0KQTN-JXUE6,None
SZIJU-YIW9B-GXXTW-OQ0L4,None
TZCRT-PA6IP-APLE6-DK9OL,None
EKTON-NZDQM-8WATT-FCNZA,None
BO5AB-ZTGGB-ZDDAV-2JZN7,None
5ER7O-4A94I-IUXPJ-ZXCAU,None
ZLTCQ-5WA5B-L4HE3-NSEWL,None
SHLCZ-DQP7F-BJN7T-Y8RM3,None
A5WVE-KBXER-TW4SR-SLEBF,None
GILKS-DXGPI-MYFDC-DIP2M,None
CFUMO-FN9GG-JCKOQ-TQ1TE,None
FT8KO-YQ2SA-HTDKO-H1AQ9,None
ONZQI-YPJA5-QDWAJ-HBZP2,None
YSVPF-NMPPS-DLY3W-JTUYF,None
K5ASD-RGLQL-GSBZG-GSDZV,None
NTXOM-ZZLMX-UWAWH-I4I42,None
CTZWT-BVSPP-VJOZD-L79VH,None
TT477-0UUVG-UVRGI-JZBNW,None
ISLLG-MXRG6-4TNQT-QSC2U,None
G0CJR-U00QF-UZWB7-RFKJN,None
J9UBV-PX9XK-BSBJ5-INSWM,None
PI0KX-LZBY8-IFXEG-JYTQB,None
PA9O2-LLW3N-BSK9N-1Q9UO,None
9GJVF-P5O6U-JVAOB-5GWG4,None
ANMOH-EG71S-GNGHB-YIN1N,None
7MVMN-U6TIF-4OT3F-FKH7M,None
U8OS6-HDZTD-V8SDU-RHCJF,None
LAECG-K4MCK-YLVSW-UON2N,None
AN0L4-N5Y3X-HZUGT-72KAD,None
YEGGK-5QERX-QHVVE-EJVGZ,None
BPNTE-XVX98-CQUSM-PQXEW,None
UR3M3-4FCRC-VOEBC-DAFND,None
ZRVFO-HRAZY-NBPTW-13LXC,None
5VMEH-DVDIX-Y1AHG-WHTJF,None
RV4RQ-AQPVS-JDE2G-D9E14,None
MUHNM-CCKAS-FBVUI-PLYHI,None
XBQ2P-IUBOH-AOMZ7-XGH2K,None
3RU3M-J3QRL-Q3WSU-RDKLQ,None
TUEGX-KFJ3Y-M58ZQ-SQTXJ,None
RATFM-G80BS-BQNCW-YBUSC,None
FP5M1-EO3BP-KYGHB-6IIVP,None
GZC66-YSBRG-0L253-TJLEG,None
FVIKF-Z1PQ9-TMCDZ-VB7BV,None
EOVMJ-ENMJF-T1LLC-GCP8J,None
KAGVN-VW9V1-P7GIO-JSLYZ,None
NRC06-PNKSR-7FS47-CFZUW,None
EKQFP-SSVAE-SUV9V-7HWIK,None
VNGYE-FIFRW-3E0BD-BYZRA,None
U6BIC-54W58-XLFNN-ASWUJ,None
UCW0N-OBJWY-L2NQL-BAI4C,None
A4KWN-SZQAH-DGD8B-JDGYN,None
1ZKLY-TURYA-AEERR-NKQAJ,None
RVZFZ-INIPY-55HLL-0NAE5,None
O9IFX-GHQDU-2TZH5-B3KTG,None
APOLO-VVRYF-8Q34L-RNEMK,None
YTENY-LFU0B-YOTOH-Z41KS,None
6EQS2-0Z20S-CDHV8-JIQMH,None
4GNKU-ZYDA5-GJ9MX-7TZSB,None
3NOA7-D0F5H-E3RM0-CZ6XY,None
JURHP-PDVJU-1LPGC-D2RU8,None
T4BSY-EOHQT-ETWZY-HRY5W,None
FICEJ-BEAOI-WKUDX-HLAQH,None
CTSP8-USVI1-EF3PE-GP7S0,None
KI6TJ-8FCZ6-2FLHM-KNUPK,None
6O5JJ-STGXH-IG3FT-7SDER,None
6YAMV-YJNF5-JSW8I-0RKXX,None
OKX2Z-KG6P2-XT8SL-DKHLA,None
GLYFF-LNDBQ-7AZLC-B3RGZ,None
UOL1Z-FR9JX-SGUE2-2ATGI,None
Z8GYA-K0ZBF-1JR73-JTMYR,None
B60HL-JPH7O-C60XT-SVKML,None
BHRCW-CQ2CN-MEQMI-UYOSI,None
SSSKL-RBMRQ-CGMZ2-XRJCW,None
GXALZ-8K3LG-IOXDA-KG67R,None
OEQHC-XC1FV-CUCE1-MDFHE,None
DTIPJ-YPZ0F-QTCEW-6AAOW,None
60I04-OPBHI-QVXB7-N57SI,None
JEPBZ-WZCMT-NHL1P-Q3OFU,None
O6IDV-J2OPY-QCJVI-CFZEU,None
ERLCX-QGEGR-NS5DZ-AMENS,None
DPIHQ-LU5WI-RQSSR-RKA04,None
GSVTA-0YQEI-VIS52-TDOGD,None
TGOHO-KG1EH-VF0VD-P0TC2,None
58GKD-Q0ZVM-NIEP8-GJXMF,None
CJ5S7-0BYRP-RXCME-OB3TM,None
UO8AH-XY8HO-K66YV-IZB65,None
NJY53-BA2SL-PMA92-MQFAS,None
DM2PF-YNQUZ-AZXC6-Z3FC6,None
RRWHC-T4HAM-8P3B6-QEYSS,None
MSVBA-Q7LRW-Z7SOM-MQ3KH,None
HA3QI-IYLAV-42N9S-PACQW,None
RUDVJ-QCYUY-XQJSL-IBC7L,None
MTNAX-HZTLS-EQYXA-3HZO7,None
ZYMJZ-UDZBM-PEMFK-NGOPE,None
TA4XQ-7Q8SD-PXRUS-JSZPO,None
GYUWH-H9RSI-YZ318-IOSGI,None
D0HW8-I5P6V-8HBMA-FODYH,None
DKJGH-HLAEH-7TS8H-SAJQM,None
HAPJU-PSPFV-X8LFA-GKW3L,None
TGA4N-MSF4F-FXNIG-MIGI2,None
Q55BT-GSXKE-5I2I0-ZYSUX,None
FUITY-MQGTJ-9ELNX-NMO48,None
BFCTD-WCRFD-FFSFR-HAFPP,None
1ZTOY-S4WL8-PBXXJ-K2P2M,None
X1JS3-4OLWT-LKJ6Q-SHFHO,None
4PDA6-AZVX0-OLTB1-VMGEN,None
TUGL9-KH1MY-3WXHW-EGWHW,None
IFCSI-EWQLO-AHWEP-BMMBA,None
22ET3-ZUQER-RCVO9-ZI4PG,None
SDRES-INSF4-2FKZO-CUZPA,None
ZOKBO-5AIR0-G6MJ6-7JVMN,None
A2M9H-FLKH5-PNEGU-ONI0J,None
4ASKW-PDTUV-IEC95-UNHNF,None
ETY4M-NACF2-8VSQH-AHLDD,None
PCL9H-8AGG7-47IMY-HXXY8,None
HLT7U-IMRKT-PTQBX-7XMW7,None
X0KQA-DUBAK-UU9OU-55KW1,None
I3GSM-BCHCW-FDRCA-1RZMV,None
GCNQH-VMZLH-JHZGA-P7PU2,None
EAGHB-MRYAO-VYHTZ-9BJ06,None
HIRB8-DAXGU-5JDHJ-LM9KA,None
7D0B7-LWM0B-M9OH2-XX3NE,None
59RAD-W6SPV-WHEBY-K3FLR,None
V5T08-MVZED-PCBXE-15DXF,None
DLAAA-IVRC2-LOXEI-SSAZB,None
HV4HH-N70WD-0EQO2-L3XR9,None
2CVD0-O5Q8K-Q9K9V-XCWLR,None
SE40Q-BTTXQ-TDONN-FKN1T,None
DHRMV-X1WDO-PAIBN-YMYD3,None
N0WRS-YUCZI-9ZEJL-CSLKH,None
3KWQC-VFYVY-GPDOO-K4RVR,None
RMAEP-XBKUS-5ZAEL-3PCBO,None
ILOPU-S5SVE-WJFPM-CKRWJ,None
QHARE-QPDMK-E2RO4-EL9ZJ,None
UWSCJ-7GGQ9-0TVFZ-MICKD,None
UBPKO-4NLAR-0VZXT-NS6WP,None
DXPUZ-VIHDB-AY9EF-3AZYA,None
XGY6M-IKLDC-YHHZ2-Q2HDY,None
R3UVH-ARGPO-AB6ZO-PVDTR,None
RI1CV-CLDNZ-YENOX-VMLG6,None
VT14M-UMGPW-VG7SE-WKBEU,None
2YSG5-Y8H9X-FVGYA-5ZQKP,None
INNQA-YDNAF-VUI2T-NG6GZ,None
V8UK0-MPSYX-CQQAP-1ISLK,None
FMT2Z-W0Y3V-AMISO-0DEOK,None
W4TOP-N8PVZ-YC9OV-A7FSN,None
TF9AL-86HQS-QKS4G-STHOS,None
YIAY5-J3LDI-UYQXH-ZVCV2,None
PIQEX-QZPWC-7GWPV-OIPKB,None
ADAZB-WCHAB-HN6HY-1TNR0,None
AJJUD-ZPGT9-K6ZGO-DUI66,None
EW9BM-SMOPT-D1BX6-EZPXC,None
T7RXN-VWMDM-USNHM-BRA7N,None
CNT1Z-SGPQF-MHJ8M-IFJYV,None
E5TLI-ALE1P-1QJ4V-AZHVD,None
4EEYL-VZVG5-EMTZI-JPFQP,None
DN3CM-ZKTIH-OCRXV-CFWUR,None
DXUSY-VSY2F-DMFSR-S07FX,None
6IIMU-0GHUP-XL1UL-PSKOQ,None
YS5OA-ZCHWL-9BYBQ-BPJJ3,None
Q7DPL-DZGTT-9PC0H-1MWXB,None
LMIL6-OB05F-PXGTO-JAKWH,None
KN07J-VL9RZ-QWFKQ-GOSUR,None
WLHRW-ZCSFN-I3NVW-9AHZD,None
PAV2H-VG4XA-ZYBQK-BGGFL,None
NSS7C-NFXOA-EI8EO-HGGNQ,None
7VTOJ-WVI5C-BRNNQ-AXLN6,None
CDEUJ-RKYIH-VFPHF-U5PHH,None
OL9BX-RQRX5-RSTQ8-J9TJZ,None
ALCUQ-KQFY7-ZNAYJ-EW7LD,None
48Q4K-XB1OK-DVSME-VIMC6,None
6AEJB-HMPHH-7R4CJ-H3K42,None
ZUEZF-QSNBV-WCLZN-Q9CJH,None
FRQWE-N6EPR-VSRRK-S4JAY,None
XH45Y-LFBLS-ODWYH-TO739,None
YX2UK-WRBMA-BWCCJ-4QKOZ,None
W2AK7-CUGFV-BPL7H-2MJMK,None
IIQFB-IDH7A-KAKUA-BRQ03,None
DTMTT-OOMJZ-5Z543-BZWBX,None
H1V2E-IXAJY-19WSY-TWKPQ,None
SJCTK-M3N3S-EWFIF-B9LWL,None
TEXJQ-T8THN-CSZPX-ZCW0Y,None
YU1LA-MKAMC-NXLHO-WQSLI,None
JZ1WX-BLWV5-UVE4R-EM04F,None
BDYTE-NACWT-TBWLI-AM45J,None
HWCSL-SQEDJ-DWOGO-TNIMG,None
3TEZV-6JU7T-L7PMT-MXCU8,None
QFMQM-2JXTQ-OZCL6-9E8S7,None
FNFJH-S0MU7-ME5R6-SF5J5,None
WYEZ8-MLXII-WWQDC-RTCKV,None
GI2DM-9DNYA-WZ1YD-UCQBV,None
UZNJ8-NE3M0-0VUUU-UJ2KW,None
U1NFM-NM3KK-FVZGE-AUX0V,None
KGGKT-P0JDP-VZZJS-YNRUK,None
T5C5K-5TKB3-MFMBP-ETWDU,None
7ZDZR-MFUSO-KL58K-7GI5W,None
V8F1J-IKUTH-6IATA-AZV4B,None
CQ8WN-SGYEF-VQNM7-AICPY,None
ZKAEE-WYYKA-B92SU-ET6CG,None
N294C-WGDFW-WPNN0-FTXI5,None
0NTD5-DWYAE-KHBNV-3Q37S,None
X4KX5-5OHHL-RLXCG-DHHRK,None
W8ENZ-ZRET8-CZ1CN-V843U,None
GGTGW-5KILY-K87AL-VRLK6,None
HCSYG-5NT6X-2OC9L-GCF7P,None
VYXA8-Q8FO8-ZTABF-AQNHO,None
UQNJJ-N2LC0-U9Z5Y-QANOP,None
KN4YT-AYLNJ-FG50J-XZYJX,None
DGEX9-OGFJD-TNFTA-N0QB4,None
QWBAF-7RJOS-XS0R9-QPNFR,None
4CWFY-PRBXP-LDA91-JVUJJ,None
U3ZIU-S863A-AIKIP-LMRRW,None
QIKZY-XLS68-KDT61-LO6HM,None
HZPQR-HBKWW-9GAOV-MBEO0,None
TOJSB-HMZRL-ZOVPH-WVLUT,None
52RFJ-ORVII-F241D-BXKQV,None
X1DRG-GKUZP-UPZH3-7AABP,None
OKXE9-YY4TY-8QY2T-OVIIZ,None
2WF8J-CRS85-GBFXW-PNMJ8,None
OBAOC-6CIGG-RTSJQ-GAKEP,None
EY5TJ-H3HN9-X58YT-9V6PJ,None
AOXOG-LHOOO-KBVKR-48N3S,None
KLS0C-AAUWM-AH5XI-SVQ6L,None
CRM5I-BVKLC-27RAY-BLDJT,None
GLCDH-U71VD-R5MZB-D81DW,None
CLLHA-5MCAB-UMIWA-W4H1N,None
WA4VS-4P0JN-UKOM7-P1EIT,None
QZQBI-XYWCP-YMF6P-RLEJD,None
8JXXD-NKIPM-ZJEA3-M0VRH,None
VRBRO-CXS7V-RF1RG-2EAIJ,None
CYDEK-KQIK7-RDQ6D-KBNKJ,None
POOKB-OUYOT-LMOCN-QFNOU,None
DASE7-5RNQC-XZQQH-YUBL7,None
WIXRN-HKYSM-XPUB6-ZWVTN,None
TFG78-XPV4N-MB1RM-PTU8S,None
YL7E3-XXK08-C1TUY-77NLB,None
DEYRV-SBW0E-WRJ99-INSQV,None
LBML1-IEKZO-QW4BZ-FPRTQ,None
WSIBA-LW7IR-7VHT3-EBHUA,None
GPXQV-A4TOT-VJISC-AQPOF,None
KPYWV-Z51FJ-OJUE7-3ARGV,None
XTEZ1-9GLRU-7LWWZ-EZEIW,None
FFARA-NDSJ3-7FQFY-4YDKZ,None
CMWZP-CRE0H-Z0GPM-FQNU2,None
EJ0V3-PJUPW-HZMME-IURAK,None
AV1QJ-UUW2W-GETF6-7TDJH,None
KT70F-QK60X-UWOGR-JOOFG,None
WSAUW-Z9GSP-R1V7P-26BKR,None
9DF9B-PGCT6-FM8CT-VEDLC,None
3GRQY-6DUDP-2Y1J8-Z8OGM,None
0Q0AI-WWQW8-FI6S7-SOLUN,None
9NYY4-4OQ7L-AYKB0-TQBEI,None
JXK3O-SHIYT-YFLJU-5GRRA,None
GTK2F-4JL62-EJV6A-GOUGH,None
SW3XD-3EBZN-KKLAD-3BSVX,None
VJLZS-5ZFYF-0KSWN-KB6Y0,None
SNSQL-U9NWF-O0GSA-LSLDE,None
Y2G5T-R6VO6-SMUT4-NDY3L,None
V3V8X-SGIFC-4IIED-TNKYU,None
LDABD-XSZE8-K66CK-RCY9U,None
X8CYW-O3KBR-GICWF-IK5FZ,None
BJOP3-SYYB5-RRYB6-XAS9J,None
4F3A9-HSZR6-NKJDZ-C81WH,None
DOA9T-PXCAV-33HBA-OJMBW,None
GRVO5-UZW97-RRCCW-MEKGC,None
FATU7-9UPEP-YA3LY-YMQBJ,None
RMVGL-DGPQR-8YEZG-OYQNX,None
TMEYC-3N7D4-KIELT-3X0DO,None
YDMZ3-RJMYB-YUAIO-X5F0B,None
FWWBO-24URW-WNSGX-ELUAQ,None
LOI74-AF4RE-AD5XG-RNT91,None
OVJPG-4BP8Q-QVDQJ-PILPH,None
QPXL2-HT775-NVNSE-BI0EY,None
WHGWZ-DYRZE-Q3I4V-5NTTE,None
EPVK1-HZD9F-WRQKU-36FN6,None
HMT1Z-ZCZX4-VDGPQ-NSZKB,None
9O1EV-4Y6OI-5BUBK-4LYQJ,None
UT43L-RQIWV-DRXDO-P9K0F,None
2YQX8-CMTXP-YSFRF-67YBQ,None
R3MJV-RR492-8O4WM-KE1YJ,None
AYN6N-OUSC6-IYEDD-FQXXU,None
EYGQU-9JNQX-P3QK6-QKUCH,None
8BUUU-AKNCD-5FLBL-PAD3C,None
HMANR-QGVV6-CYXOL-YICQR,None
9WJ50-UXTIN-ZOTQG-8PGSG,None
QCHGR-CCBTF-ZQFFB-TOOOA,None
QEJMT-2GFNH-B51SB-Y2Z7K,None
FLVGQ-JQP2I-GASL4-0EXFZ,None
90CBH-Y2ZER-OCNNL-MIZW1,None
PFD8Y-PY5EE-1EATZ-WUTA7,None
VVUVM-YDTTH-2FYSF-OTP6M,None
6MATN-ZW0RG-8NUEG-GCGD7,None
2CBOG-KXEOA-CMKYW-ADPV5,None
ZX47N-000W0-4P78G-Y1ZIX,None
8BIUO-GARS0-V8KBM-NHDJV,None
BO3FP-8KXHA-5ROPM-IWCWE,None
J15MD-YNBJP-6OQUA-QQZ16,None
MDAAI-CPSWP-7TTTR-XXL2M,None
E3IX8-ZGJKB-BFRSA-TPWHF,None
2DM9P-TFUMS-YSGNX-CGOON,None
RB5E8-QRBES-TLI8O-CSEU6,None
ASK5D-MRL7W-XE6XL-JVRX6,None
TMMSZ-EJ1SB-QULAI-NUAQT,None
ZCB7Z-ONMKF-XHZ3F-N9KGG,None
BP0BO-C7FMF-CIGZN-NPBQP,None
WPZHM-SDSDY-SBJI6-WMIWH,None
VYQQC-2LPET-EKCF9-CM9NL,None
QFNYH-ZFWUG-DWRXL-VPSNJ,None
CEF8G-YYRAM-RMA69-GOA6T,None
D5OQ2-3C31I-3IYJC-JORYR,None
O2F8I-VFYQA-OUTB0-BFIFV,None
I0OAI-QIBEI-BQBID-XVGSP,None
NFUTR-PWLB6-ZCT8Z-D6IHE,None
6WZDX-F1O9G-ND0KZ-Q8MKI,None
ECYQK-9SLJH-PZVZ0-NRE6B,None
SNEMD-QMQ1E-V75E0-YEBLP,None
YHNQS-GKDCK-F1CR9-ARXLW,None
VEHRK-JAAUI-VXIMR-M2DE5,None
0ECL5-0AMHF-UEGS8-YZ6P8,None
UXK3P-J56XL-RWBLZ-HIBRL,None
GESWY-P1NJZ-KK0F8-2IYKB,None
C6XJH-4DUEM-HGJR5-1H5PD,None
1ORSE-VH8NO-EM2PY-8P8KU,None
1WXPT-5J9HG-54U6X-VGGY3,None
CQKJD-G3NCW-MPOXC-WXC1V,None
VAUEV-EKQA0-XFGCG-EQECY,None
3N85S-TFMXW-AIUES-SZ9LB,None
SYDZV-2QEXX-HCDK3-CJCUH,None
WYJ0W-TFDJ4-SVIDV-0BKBA,None
YGIGB-E8VBA-F95VB-GG6QG,None
7REEB-02IEQ-PQC0F-KQV8O,None
P1NVH-WYJTZ-NXOLH-GQHSR,None
NA8CF-SO2NI-QPZ1C-0AFFC,None
NFG1P-MKDLM-C5HOL-BTBO2,None
7ZIEW-ZDQJQ-362NW-UJLCK,None
JB48D-KV4XW-IFNVQ-9ALXY,None
IQR4S-52XIH-U55GY-FFS6V,None
RJX11-PZHFU-BIE7S-VLL5B,None
OBIWN-6HEYU-QGUT8-DEDYY,None
PGNLS-KWU6L-OOOYN-XK3TM,None
LKHRV-XS7FR-JAI2D-I35S2,None
A2QOD-HFRBU-EQGIR-NKC6X,None
G7TH7-MOYSA-T51IE-TSHXX,None
6RUWU-3LAXW-PRLDM-KEK2E,None
GFY7W-JA95P-KVWV0-9QL2D,None
8VR1B-QH7BP-HWNK4-TRCPH,None
I9UBO-CJVL6-ZE1C4-B0RM2,None
C5WWL-IZJJB-5LM2R-2R0WB,None
1IGKD-1XPPF-XTQGI-MWVPJ,None
CEOF3-RRMM3-ROLIZ-DDZCN,None
XZNWJ-YFMER-4DRCW-N4LYC,None
XXF3S-D5QZU-PYSUO-A4MM9,None
GS2J5-CTBOY-HUWB9-AEI3O,None
U7UGM-SBSQJ-KVXIX-HBX2E,None
ZFCPN-3OF0K-MDM1X-ITOKH,None
LRDIK-KIIPO-5O497-RGBGF,None
PRQWC-NNUSN-0T2IS-AY25N,None
R4QG8-EXID7-L9UUW-HE2KW,None
Q1RKI-NXFWP-85CL1-R1TYB,None
QB1RH-HJUBU-AF2FN-HKBXH,None
MIHT6-WXQLR-M9PQQ-RGM6N,None
JXW8I-BBIKM-X6SSJ-LHMVZ,None
D3UB9-L28FN-NY0EN-AZGJ9,None
TC7Q5-VTH22-VVE5X-1M2VC,None
QQC3B-DRFIP-4DDYN-ANYHK,None
VZNOW-J5UTG-B5P3Q-MJMIF,None
7QLRD-ICFE0-ZDLDJ-5NIIW,None
HR5KU-5HPHR-YA3MZ-LA8AT,None
BRTNF-RHLWQ-8XYXG-EJN9F,None
KRIB7-1D5DG-GXF1I-MKKL1,None
JUDHX-R1OFF-IQSML-NWJOE,None
FVOBF-AVCN0-25JW0-TDYEP,None
SLFK0-WJLPH-WUX7K-9ZGHO,None
RAUDY-QOBZJ-RWVJN-YTRON,None
QTY8O-Q8OWI-GOXF3-LMIHQ,None
6FDSA-YENL1-GGMWI-RH4HE,None
YKJ0B-NPVBC-U1ZOM-31QWP,None
T2B11-ONBEK-JLVIM-ENTJD,None
GSYCZ-2AAJK-ZP1HT-5K9ZY,None
CSSG0-VTUBV-P0EYY-VCODF,None
LUNLH-TSV8S-8BCKK-0RWKR,None
VW5XX-UI43S-C2MCO-BJSWC,None
7GWW2-DENJ8-SZDJ8-PF81O,None
RW56J-BOJIH-XZ1KR-GBPUV,None
TQECR-7DWW1-NUFDA-DR2OC,None
XCTVS-NTQML-OBXAX-FOTUU,None
7KECI-VQGJD-0KSLC-X7OAW,None
0FAJ4-B8Z2V-ZURJU-D8BCI,None
TBFGM-WUBO0-VIBEB-GL65H,None
EV5Q0-5AVZX-ZBTTA-W5GOP,None
KK9RO-FS4BB-NLFFM-WGZMC,None
YUXCI-LGRDL-IVATL-3TUNW,None
GTBC8-BBANI-TKASP-SPUYC,None
UTYLV-TPWYI-A54FG-C62MU,None
SEDBT-JPIWF-XHEXD-VZGGD,None
OQCAC-KIVOX-INXDN-CLQ8G,None
ALLW9-HZHUH-STZDM-L1HRK,None
5ZVBF-R3XXY-GIVBD-RYU8P,None
XL220-PX7GR-WFYFC-9R0PR,None
43ZIS-NIXGW-YZDQJ-0XI4R,None
YIVWU-5HBVK-9ZCFP-4HPRB,None
GH5WD-DENJ7-SHQC9-TTEDY,None
UR5PT-7BZ1V-92RYS-YMLXR,None
SRB4X-ANYIS-NSUZE-7SMAS,None
RZEJA-RKPRT-QONG2-LASLW,None
FJBYK-X4WCX-CMWCU-MLSUS,None
J1G3J-F0PTF-YCZTF-IMIL1,None
SOXKV-MM5AK-N7CC3-ZJUOU,None
BPSPC-XDQQH-KBE9C-LKYHT,None
B141B-G28RL-GN3I7-6OF3L,None
QE1DW-JG2KG-MNTB4-K1F6U,None
IVBRW-D6JW0-JEUPA-AC1UY,None
FJZT9-WDPYI-SEB4A-MRKBV,None
GEMFO-M2RMY-GPXGU-RHMI6,None
RO7BN-8FUDN-XBFLY-H7GBY,None
GMF3T-FW1CB-BH0XR-QZRKZ,None
R2KMZ-ZGPAE-YXK0W-OADEK,None
YKGY2-9HXDD-JA1CK-Z5LYJ,None
TIWJA-PP9ZM-WNTZO-W48LE,None
THZCY-TZXZS-JLWPI-4H5MG,None
GXPQA-VGS65-OSCPX-T5KQF,None
6CDBM-H3S06-DCIYM-6RDLC,None
JGSWM-PBNSB-PXUTE-OZPXF,None
S5XHJ-7FHFD-BBIGG-QPTS8,None
HTFNS-GLE8T-VO8RD-GVFLC,None
HCHN8-YC3XD-O31NN-QGSIF,None
V2WV3-T6AUO-JETBA-DLHBX,None
14AJY-CF8I6-RTLEC-YRVHZ,None
AAHHD-ZJQHS-ELMZG-19W1N,None
HHMED-9FDEZ-RQXGR-ISP66,None
G1KNT-RXPTI-ZIFEX-LWUQQ,None
UAGL8-UXQIF-JXW5A-Z3VMI,None
D6TTZ-EWSMM-LNPO0-CMZBP,None
OFI5N-CXST9-4C6RE-ZKORI,None
C3RTB-DI484-DQ1TR-3IZ6G,None
SC5TB-JDVN7-0HM6F-QBYWP,None
CNSQ1-FMX7K-SSUA9-FPMGS,None
WR3MO-UVV3O-PKSSC-COGYP,None
X6XFD-RJ3SF-F12LF-NDBYG,None
DLFM4-0YYYZ-ZMT7F-LXUXF,None
OVFPQ-3HIHW-MXIRZ-NOAOW,None
L1IQH-HZIQB-HATX1-DGPXK,None
6JJOZ-NDCLY-UFPAK-F4LLR,None
O8IZC-R2LG1-HLO0K-ODFUE,None
9WUUC-KYNQC-R74GE-UBQ3S,None
OJ5ML-FZTCA-5FOE5-XAJVT,None
NHKZI-6QBQC-9QL5K-78JCY,None
X0BB0-3OB76-ZVF65-U1EW5,None
IHNIU-ECYXB-WSO64-RPXZG,None
HSQJN-0X55I-OEY9F-N4RFB,None
QJ3NV-5S234-WLZYG-3N51V,None
G8GKW-VW564-RS4WL-QEJEH,None
SQTLD-G77NG-BRCMG-XZOC6,None
AO0YD-OGCJU-CWHLX-UV0MS,None
BUGFE-V80ZJ-FLHTH-YETA9,None
JTETA-7OSDM-WDHY0-RFKL7,None
9ZE2P-UZLKY-UWHCW-L32XK,None
BLSGD-2Z3C3-M1TAE-RWFDS,None
DIAZ2-UAWVR-8V801-VXRWZ,None
0DADW-XHI5Y-Y6FPL-0APR8,None
JSPMU-UKMEU-SY3CH-OTOOJ,None
UPP4L-HHHPK-CIUL5-W1UHZ,None
FIREH-APR0J-ZOXFW-FVDWO,None
RR4FQ-PBCZV-5ARWY-KE8TQ,None
2DTAO-FN44Y-L3HOQ-NP3WG,None
F111F-SMNAJ-QBBOQ-DSLIF,None
LCB53-P1Q3C-PGPFB-C1B6T,None
2HC6L-7VSHS-FQEST-EMI28,None
UPGRV-REKRM-HHPKA-LFOZ4,None
4WUAE-CPBSR-VX6HR-FTPV1,None
FNK11-PKFCR-IEPDY-ZLYHQ,None
Y16IY-SVRTE-JRP3E-D8CPX,None
U6KZ6-MUIXM-2URLN-WNQAN,None
7STV6-5HMMB-F9OJP-GJHAK,None
W0GGY-Z9T20-IEJ7P-LHFOJ,None
ZWP1T-N9JII-DFEWX-WAVVK,None
GCXCL-WWBOO-ZOL0G-NUFWC,None
IWCZT-CFWX9-WEZ56-C7RUM,None
HAJKV-SHNZK-GU0CJ-9Z6YR,None
XPXEO-VJTT4-SULB5-YTP0K,None
ANRDT-GJ02T-POCSD-RUIRU,None
I3BSU-MKSJW-9BMR4-LQVUX,None
4MYFL-TS5V9-G2WNE-SUB39,None
EUXYP-V2DWJ-NUMGC-SPNVM,None
MRR1T-QNUDR-LNIJB-5TLGB,None
PZLP0-QQQL6-PDBE3-QXXTJ,None
W6XEB-G0EBE-T1ODK-ZXCNR,None
5KLOL-CCXJX-RSYN6-BU3FQ,None
TIBN7-7TDD1-BZOZS-BAPEC,None
TQ86I-UF6BQ-LGGQT-13COU,None
P37QQ-ACHGK-ZOFJQ-BLOB3,None
VYWLR-3C6QH-SB8LS-SUI4Y,None
IBVBJ-HAUXL-VUXQ6-KNPV9,None
RU8D8-XNXHA-XSBNC-ISJZX,None
JCHRJ-3MYCO-TLZ8H-GGJG8,None
9EKXS-E64EO-RXVHT-4WK8W,None
2TQXV-OKGVV-XXZIW-BF4XH,None
J4A0A-ORMUI-Z7DTE-H5QWJ,None
C4XZW-K2BP4-J8ZTS-YNZSN,None
GBF1C-07O5T-37KYP-GAILV,None
VL0SH-BPGFU-F234I-8KVVH,None
LBBFV-GTLM9-MXNNP-UHCZN,None
3IKDI-CI8CA-KG8FP-SAGEZ,None
9CA87-W5NZJ-FSIXA-PSG6M,None
RCVR1-Y7VBM-RT0ZU-TGU3A,None
ESVNX-DDCUF-E7BEZ-VYXBT,None
UPHMJ-GWGHP-9J9S5-LUZNR,None
DJ2KV-R2IZJ-U79VD-1D1ZC,None
3VAPX-KSW0S-27VEK-J3J0V,None
YNINT-I37YK-BEPWA-QOUHR,None
QKAMU-SAFKE-OS4GE-JC0L0,None
YLQHB-SZWUX-OHZFM-O7SG4,None
ULHDD-SE6IK-GLRYH-SY9VI,None
FRJ1D-RGPSN-NP2GR-4KHTK,None
KQNRM-MQVBK-7WHVH-QLCVO,None
COI4U-5GX5J-2TF4G-W2WAR,None
DPXY8-2UT2V-1NPRL-KSB5I,None
LQIQV-7RIRE-8NFP0-LRFDK,None
I3WUJ-TVZ20-ABLUU-DKKCH,None
XTZFY-AFHV4-QLEJG-FFC9S,None
APMHP-0CRND-5THAL-BUPUK,None
QB8FI-IPD4I-YDS48-EPNQF,None
UI5MW-43DXB-WJ4F1-CLXYZ,None
GHHE6-ZJMUB-G97CT-LA0GC,None
ZWJ9M-QM4TM-OPAWG-RCNCI,None
PNHAK-CLWAQ-MXTUB-TL4CW,None
B7R4A-T1ZI4-Y2OYJ-YEZJD,None
Q9S6W-GYQNB-1UDXM-JNOFH,None
R87HX-UX4XJ-KP4CF-HUVQI,None
ZC3B1-NLO43-QSB5S-XANES,None
05JLP-LXMYL-NVB9A-RGGRU,None
V6F4V-BHNP5-7UGFZ-OSOQQ,None
2KAVV-5OKMK-GRMXV-DMOJD,None
ZQHDF-OVIXJ-FDTFE-OSKKY,None
EFWC3-SDMWQ-DDLJD-CF6TP,None
RMSDT-M9SZR-B4ZXQ-EEATP,None
VIYGB-YL1BB-MECWS-LRVMH,None
9TDY3-XYYC2-Q0ZKS-UXCCV,None
2USMA-EIJ6E-RBWCL-KZVIQ,None
QRPWT-8FAQV-CAFWN-QDPNQ,None
9SZDZ-R0RAD-S3SDB-ESNDL,None
MXBJY-3PMIO-WIYC6-T0O4F,None
YFVTA-VWCME-TRH9Z-UUL1F,None
VNEPC-J7S8S-J1DJN-QYDHZ,None
XT5LR-E3MMK-NQBDF-PJKD2,None
AOZCV-I58NB-1PKKE-IM2ZO,None
E4FW6-IZL6M-O7W0F-GTXG9,None
UXVRP-DCM1F-MUHD2-GWKCQ,None
0GXHY-WHCOH-V4M1Z-GKVLH,None
ONYO8-1N9FF-CIIN9-OR9Q8,None
1RLCP-BPNUC-5RNTU-B5PCB,None
8HWQF-XMKBM-MSNBD-ZQJ8Q,None
FSNSI-S3DCP-NANHI-FL7LJ,None
9RY9N-YSZLB-B4SKR-OBKDZ,None
YNWZY-QESON-HEE4D-QCWXC,None
VSUWA-A5AIZ-EP7DG-XJPLE,None
ZHJMM-KZBO7-MWYHN-3MXHF,None
G28WB-NSYIZ-19QX3-GLKUS,None
VYZW9-3HYAV-QQ7KM-RTJVK,None
YJM3U-0KKNJ-B4LK2-SDJD0,None
A8V7A-PGXVY-XTLPU-OZYAT,None
ABQUI-IF4OY-NEW4J-UQSEX,None
PI3OK-468GY-MIGRM-HMUSU,None
VHELD-MDJUF-P1OPG-OFCTX,None
I7IKF-HEKRY-GUHND-TI5HB,None
FEDUT-CZRKK-YGY0Q-PZQAJ,None
HFXUE-IYRBP-6QKQS-SHTN2,None
JCMYA-Z9LQR-F4KSC-MJOYR,None
Y9YJU-9CE17-NOKLK-S5XJ9,None
RPE4Q-Q6WO4-JPPQK-IIUDC,None
UJHPM-BLKF6-EAPWW-ZMX24,None
YYFP6-UQBBB-PNRKJ-LEGBY,None
4OCV4-RNJ37-M9VV9-BRFKT,None
GBDDV-W4RHH-HEDYF-OU0D7,None
E4ACD-GKV8Q-RKAOP-SBTXI,None
FPMSW-QW7MB-JPHUV-9HWVC,None
MSCAI-GRR9S-TKHLR-WIVPT,None
ITRTV-PWH3V-5GCX2-HLDNZ,None
D03PM-ARCBT-ILYCE-AQDKX,None
YFD09-PRHXS-T0LWJ-35XTF,None
5POPY-CCBTU-PS5AW-PACL8,None
YNGJF-RMW0A-FKNPP-QRMVP,None
H8RZK-DS8LS-1ETXV-PQR5Y,None
GRQPY-QCYNT-L6Y8R-RN4AD,None
YL0FN-YWRLO-PWZAM-3AKH4,None
DCSUW-E2XNG-N9M5S-460JL,None
Q0AZ6-SVJDU-UMJYL-Y1EXL,None
GRBND-7VUIC-NWCL7-AAQ7U,None
KOJQU-FCYDD-5L8G1-FTXPD,None
O1HRO-CB3FR-OSGUK-ZWYRP,None
SKYON-ED4ZJ-PLCQP-5WKWM,None
NCC9K-HEQW4-WYZH2-YRDWI,None
M3Z1B-0C7T7-VUTQZ-BTFLU,None
L249L-XKOM0-8PUQC-9Y2SS,None
VZDBS-WRBLY-0ZVLU-QDCJL,None
7REMF-ZZE76-BYODL-ZTD0U,None
LGNP6-X2F7U-R9OGU-MFZS4,None
N2ZHM-ODA1U-NUYCN-SJKNE,None
5HUKI-GJEUJ-RVNHP-PGPNG,None
9UDDV-BNU7I-BFGP1-4WQZY,None
CBNEP-NSAXP-UCCHJ-Z0EFW,None
2UPD7-TPUXH-VGGUR-OXGGC,None
MFFLO-HYGLE-TN19E-W6ZDZ,None
YLUIT-AAXPK-MXIUZ-7RPF8,None
CLSNF-JA6HX-RJNHQ-0CBDD,None
2QXJP-ORGIO-ZC4NQ-XUCLC,None
6FSSF-FLBJR-E6A7M-JOUJH,None
IJWZO-SZEQO-FWXCA-OBD9B,None
XWKGV-UMM5O-TZX1T-YVEBY,None
DHYRB-WSDUX-FKS9N-2KUXR,None
ZJEQV-CFKSL-TW5H1-X3B1I,None
C1XPM-GRYJN-8CLOJ-XLTGI,None
UVUCP-T97AW-7TLPB-FIA5B,None
IVJOH-L6ECW-OWQQA-ENSCK,None
VI3J7-Z5H9S-FZUKR-DYZZR,None
OAAGG-4EUDN-4X2RJ-W5RVD,None
UIFMA-BFXLC-WVFRB-5ICYR,None
LJQYJ-A1LS0-ZAHY0-1DMOW,None
WJFDF-NAOVB-FJJEN-W6SOH,None
5ZGAM-YY5ZY-XOMLD-5PRYP,None
BQRJB-UFHBU-MYT9O-KPTL9,None
VMK8M-XCGNO-SPURK-BPWRC,None
AWFYB-IG91J-S0MNH-6VD8X,None
Z7XM8-PKV7R-ZYF5J-8U6Y9,None
E2UFU-EINKB-EBRKS-KJMOO,None
XTZA8-5U2SD-TM1BI-Z5EHC,None
S4GER-MIYZV-AMAVN-RVXNP,None
XVVXP-RCXTJ-NPT3N-JCJLA,None
JMA1T-HFX4J-KROXR-ZLTJX,None
9FWSF-N32Q5-DAOA6-RFEL0,None
I9FRN-SGYG4-1QHST-X0BTE,None
AOTH2-HHALX-XKBSZ-WF4NX,None
J9HLV-DDZ9P-BWCUP-4GWCP,None
DNNRY-XUNUZ-NSULU-9Z9W6,None
BAJOD-XMI5E-1C7DH-JTYQJ,None
ZXELV-UL0A6-STOQG-VOA7M,None
3UTQ0-8EJND-TQNDG-2OO79,None
WETHD-RNRIA-JQD0L-WHJYF,None
8IW9O-YROVQ-VLPWW-HLR9A,None
CGBLZ-DGP1E-BJKP2-7BND8,None
I87SD-CMDHX-EYGUB-WMCRY,None
YDWVG-E6TFY-WSKGI-RQGPW,None
PRYXB-L3XHC-UE7HC-L6KFN,None
7PA5R-K5LA4-KUPOK-QADC3,None
MENGD-OBP2P-ZGC55-EPIB3,None
BRRHG-HVQHO-EQ09R-VYF7R,None
3BGLW-SARCG-4SKWG-XB6OW,None
0OAQW-KT2II-PVRIU-M7CPW,None
4PR7L-FAKJF-WHZ49-H5ZDE,None
KYKA8-48Q66-BGYXY-HOGBP,None
3Y1OT-TPPTF-CPX2V-ZAEUB,None
XBQOL-DUWDQ-MKXVE-XD0T1,None
ELERS-IEH0U-NI9OZ-J0B96,None
EX8MT-TYENM-J3CKK-8USFL,None
AQG3N-VQTRO-KSLX5-WB2BL,None
WCFVL-AO5U8-9DQCT-0AK4T,None
FZD0K-A3Q5C-GSLFI-KVHIR,None
QVAVK-FKOTO-GJHQK-5BFL5,None
UFGVJ-ASKQK-INPUW-OGUOK,None
XQ2MF-YUCFS-RVFOS-AD6QA,None
2NP2N-WTALC-OKSLW-UZ4V4,None
ZT0VY-3WDD6-TEJBI-N7WDX,None
4ORJ7-1FSFM-SWHPX-40L3X,None
U63D7-IY8KI-UA4XF-Q1NMY,None
S0ML6-4MUSM-YSGPM-NJ0ER,None
Z7QBS-B1IV0-4INLE-FRBU5,None
G3BSF-9O8IS-Y5MVE-0NDKY,None
407ET-2DWLL-LIEHH-MNZWA,None
ZNSSM-BPESR-A0GZL-R6NX4,None
VWXDI-VUXVU-PX4RH-HYBQB,None
NQVZT-OVFBL-OXJ1T-SNZD7,None
UC68R-NYWCY-L6ACM-PSZVJ,None
1GGJC-JQPTV-ZKD0A-NEYRK,None
KSTIH-UMPKZ-AJFY8-0KB0N,None
WXHI2-FWZVU-QFAZN-BOGNL,None
QLPEZ-UXNDI-MHDKN-DBBY7,None
ES11W-GKCDO-PNPHZ-QPJPS,None
WDWUZ-VP20K-QEB6Q-LCRGA,None
6IDSQ-DTSER-P6NZZ-SEZQC,None
OZ8YH-INTZQ-V4NCF-I8RAC,None
CDMRR-TKJDB-KB3NC-8FZFJ,None
DWZVN-EZHVK-WNUDQ-PUCIE,None
Q5TTF-6BCNN-PIKIC-YOTHY,None
JKMCI-LZXHM-J5INW-BJFCR,None
THNBF-2FQJ8-RXR2V-SBGZ9,None
ATQLZ-UEYAK-Y1IBJ-2BWWX,None
AGYOW-BTH1Q-UNJ8P-BLHTV,None
9LCJM-V2BTH-RUOOZ-JMBLD,None
UPIXL-WTPFG-HHRVY-LHXJO,None
NXKQC-QQYNM-CEPVQ-F67RJ,None
LZQJT-FTKPF-WPADQ-TYXEC,None
NYEYF-GV7IK-MQPBR-6QVDZ,None
E9LTY-WXPRR-5VSEQ-DOBDC,None
Q5IIY-COAVS-AHDXU-FISYF,None
BX9HO-OBEU6-IK4B8-FKZ9U,None
VNXPN-LUGKN-A479C-WHBXE,None
WBWFQ-FABBV-3O2YS-Y5FUN,None
1ISBS-4AOWQ-VJXYY-ZDGBJ,None
SWHVK-E0ZTI-NX3BZ-BN9XU,None
32NCP-JOQVG-YTV9L-36TY4,None
43VY8-J599Y-E7TDX-3A0GO,None
9WZDX-4LX4Y-GDT2X-YEVFD,None
THQTZ-EKOEF-LBHMF-CKKXW,None
D9BCL-ZEOCY-BXDYD-JTESN,None
U2WTS-2HEHS-1WTAL-L7SVN,None
VZBGX-GSBN1-DZKKO-HQ1Q3,None
W8KMX-RKLGH-HBA5P-CGCGZ,None
NBMCE-LBKHY-VUUQ7-BMG6X,None
I6HCY-VTZPG-K6NPG-9QG6T,None
PN4FS-797GI-IJO2O-7PHPX,None
52EFD-FPPLM-7KRYP-8RNS5,None
NKXUS-G85MM-BFA4K-TMC8Y,None
ZCCGF-9X0QF-7JHFX-06G2L,None
GYQQX-JX3B0-7H8N9-O3D4V,None
YTHIB-UQJGF-CNTWH-RVFAI,None
ENBDR-9MVK5-XXZ8I-DBRG6,None
6SXSK-GSRVJ-4ITID-MF4MA,None
DUT5Y-0VIHQ-QJ2NC-GJG31,None
IGGY8-WUGWQ-4ALI5-X1KS0,None
YGDBU-Y38RA-86MOF-6AEYB,None
QPJZU-UGIVJ-QVHVB-JOFMZ,None
1L1OT-9WZHJ-TFSMF-LSSBG,None
YMAFH-ZOOZ8-KONJ7-ZOAHU,None
RT2II-EMVDX-JY2BV-B7WHA,None
7L9MZ-JMWA8-NY5D6-VDWYF,None
D7EXZ-ADXMD-4MZ3C-YIC1O,None
T4BOK-5CEMN-KFD8Q-INHMX,None
PI7SK-4I5BD-3OIWH-I0WLJ,None
MUMVS-UOCV3-89G70-VNZT3,None
IPJQQ-ROKPR-VFRWD-CZJUF,None
HEJZM-HMD7M-JR9AN-LZUOK,None
FIBSC-UT1TH-KE2PD-MDAN3,None
LCQQE-ZMFVG-1P1JE-CDMGM,None
0ZCZG-HFPWA-5N8N3-BAAEV,None
BGUO0-0DLH2-ZBUJ9-UWL5I,None
KS5TH-2M2DX-FFMPD-9KSCQ,None
7IJR0-RA33L-DQZYS-TUIJP,None
Z3L33-LN5CP-A1QNN-PZO2I,None
ADBCR-3FSPA-ED1GP-LYKEK,None
JQPNP-YNZIE-1RXG7-7SWPU,None
JUIAQ-LO3JG-XHJAV-8PCC4,None
WO5PA-H6A1C-XO5LI-DBHDL,None
SIQDW-V9XSK-YQ4KA-BL3T8,None
XPM4Q-0XKXM-NVDET-WHPAW,None
SUGR6-TXR6A-YOEXI-CPD3E,None
YNFQX-OH6CD-HXGRU-LQFHW,None
EISQD-OYOCB-PZN0K-VRAYQ,None
ZEPKN-OR76R-TIFZO-EMYSR,None
VO5MS-ZSGZA-A9FYG-AZHP4,None
NEVFI-OXCOU-ICXYF-B6EVN,None
YMNDW-QHACM-8QLOO-WS8T0,None
98EI5-CEA7R-EY1LM-R3BCP,None
U7RGB-1HVMR-LTNH0-2MFXL,None
XTOD7-ZIGAV-GIZUT-GHLY2,None
BMXMS-QARLS-NVHYE-6PJU0,None
XWKEE-CK2N3-NQUYC-CPTN3,None
6R6EG-BWHD6-JY4EK-ZRAOQ,None
I3SYR-LLIKL-MVFFQ-CGAJE,None
B7EIQ-CG2GI-JRLE4-UJKI6,None
LOVJ9-BRTFU-0UCDH-M83CI,None
MPFTA-FVZFY-JUNI9-DSLA9,None
MEVFM-7JSM0-U5Q1M-E5PTU,None
GTTTG-FBRQ4-UTLUU-J7RQY,None
DMHAX-R3ARS-NKKBL-FEEA1,None
YNSWK-TL5KK-GXESS-C96D7,None
YBLGX-1RWXN-6W5R7-1OFAP,None
SLMTT-RMCIR-LQLGI-WYHMN,None
Y28BI-YLR8A-P8AOR-ANXMJ,None
C6WPB-TCVAJ-WPBVY-WIJ6P,None
5KNYH-L7P3U-VMNHZ-TWDES,None
09XUM-KDWYP-30I3N-NGDA0,None
QIZWJ-B6XAL-GCLEB-GG4FA,None
WNSFO-LS1RE-UPPKE-VFWPN,None
FXN5A-7IUV8-RURXG-LWFNE,None
GXNFG-DGFQP-BAAM1-GS4EI,None
UOXHW-J2O7T-B8GX5-ROSX9,None
41GOZ-DLREZ-CYF5T-YBWRB,None
K3TKF-0U90I-BBPRF-LKRTI,None
9GQ16-AZIX7-7QOFP-VVPQY,None
TA5ME-ZJM6C-JA29T-RCZVZ,None
DCT8Q-NGCNG-VSAMT-VAUYW,None
A69I7-VM98H-Y7O5H-PQPCY,None
B8T6J-PS7FJ-OUVWF-XBD8G,None
LNVKK-KFPLB-R0QPX-U6QGZ,None
NHG3E-SNUUV-LNF2J-PAQJG,None
0GGHW-CPFRN-9HBVX-34R95,None
ACU8S-TTHWM-C2R9W-USROX,None
ESWKZ-PEODE-8JXYE-RP2RN,None
XHBVI-FZCL8-QDIUN-N24QB,None
ZRLCC-RPPNN-7JRW0-SZWBU,None
9M4XT-9A4EP-ELOHX-RVGTB,None
TMRMA-3L6CQ-CS6GT-JBNPE,None
5VHKD-AI5NC-J1QQV-ZMZZV,None
OEMRM-LMNB4-TTCRU-EKXHD,None
VPQHK-ICATN-R1BAQ-LS0K2,None
L0FNH-9NDW8-4KLTS-B0AIT,None
DVFHU-B61H5-SJW6B-HNIUM,None
TZW5O-MR9UJ-BLFEA-JAVMS,None
A5QYM-T4DZU-A4V8I-1J9VK,None
Z0ITV-23VCV-DKRP0-PDZRN,None
RODLV-VW9YJ-VWY5J-LO7G8,None
FEX60-4JWCC-DAM3N-3FI1U,None
LDVHR-FRGZ1-O17WN-BQZQL,None
OCK4U-1FVW1-JYHUU-3JYNJ,None
K4RDZ-MPUNJ-V5M6V-JZBDD,None
5XPLK-9YREI-O9OB8-WNKUO,None
C8FII-MWCMX-M8ERD-BZHXR,None
OPVM7-L6HHR-IPZHE-90GA8,None
9TTIR-VX0AB-I0TCS-YI9FA,None
46QAO-YH6WL-X22F1-7BQUR,None
LJRQV-EHHYC-R3ZY2-8BJUZ,None
UJGCI-3ATVD-GO2CW-HLBNB,None
9NDEK-EMARZ-TCMBK-5U7JM,None
94HM2-MIV7W-NNEGS-QYQWT,None
0G6MS-QID6O-BMZLR-JODTY,None
IXVD5-2YJ0Z-YH1CF-JGHQI,None
IRAXR-VRRM7-HLELL-Z8RQO,None
CZHGT-AI1RA-1AIRW-PT23R,None
IR5JU-VO79Y-LXCOB-TOFYB,None
6FAQZ-IJ5EE-8NGGV-WWN0L,None
PSVNM-RGKHQ-BDGKG-TYPM3,None
9CK0R-AHS0W-4MS7S-MLZJ6,None
MF4B5-AEOMW-BZLKR-JD6JP,None
FWREK-OD9JK-0VZPR-LPOKW,None
24WVF-1UBRB-NCPGQ-Z2TKB,None
Y55M4-F4RCD-GBHLP-EGJHO,None
UXJJ9-B27I2-DIHOW-K50NO,None
YKRWO-XXAVJ-E3WXN-PLOX7,None
OZHWV-XH0SR-QUDNC-JRYRZ,None
7AV4J-KFVO7-XO7JE-5QBK1,None
AWLRJ-V4D1B-37LQU-GWL5I,None
Y0TM5-ABEZN-NVOCK-S0BX1,None
SCSW4-ICSES-SXUYX-10U3F,None
Q1SW3-CZJDI-JIM42-WGENP,None
4YXFY-ASCYW-FQJZH-BKUOJ,None
BMV2J-ENOMN-MITRM-C4FXU,None
NLRG4-QBH58-XZECP-ZUTGH,None
GJ5AJ-RERUU-ADTFV-UWZGG,None
K9LQE-5CU1R-VWNWD-C6XTX,None
MQXOD-REAAF-WSAOA-01TIQ,None
JWIIK-3RSFH-8ZPPP-FJVIT,None
HGH9A-4UESW-R8APJ-6UIGE,None
VYYIK-02OX6-TMLXH-XHTBQ,None
IVANK-0HDIW-3E2Q9-VFKVU,None
HZYOY-JSCNK-7J8UK-Q4TIR,None
6CM4E-HLWUO-I02BJ-ANOVR,None
J0FRO-FZKRQ-TO9EQ-GJDZH,None
M7QI6-6BJTG-GDQXD-WCBYW,None
HDC4P-MG4Y5-SFDFJ-0FJU1,None
GOIVO-WGHQP-DC08K-SG75H,None
3BEAH-RGVBY-LXYL7-ZIXCT,None
DGPKE-D1PHZ-ZMS8Y-DEGZM,None
53C2E-4ISPR-KBIS9-UWUL5,None
7LZPD-QVYSO-K8TIQ-6AH3A,None
N4TJU-F2EVM-L3LQA-JIXCP,None
TUESH-9FQ1H-ITHDS-G6MJG,None
GB810-SDDOM-UF6RG-N5ZSA,None
R8KSM-IHB1W-YXNRY-3U5A9,None
16IEF-J8U82-3UIFR-7VHTT,None
PXKKN-YC6AA-FCCPA-HQT8N,None
TCPBR-WICYM-YXKYA-W700R,None
WIAEW-XLEYT-UFZPI-98YLH,None
6LQK3-BZZXI-KWF5Y-CB60T,None
NPUU9-0F8BY-DP7ZR-2EW4W,None
KX39Q-AFIGR-N9MRW-2PKMF,None
8QBX5-8DKDH-NJKYK-GVUEP,None
LI2LI-LDOEJ-TK7CN-LOSY0,None
6JVPS-HWJVB-J8QSG-IBRDZ,None
CFMCZ-5QPQG-VFQZZ-373TE,None
HU17A-WJXTK-AFR5T-7DFSD,None
WJ5KI-SLAOO-HSE8M-SDGXJ,None
TGEHX-PVHMZ-O1OZV-TCUMC,None
ORHWW-F5AN2-YJ60P-8TVL4,None
1L0IN-FM7Y4-HXFF2-E1HVA,None
DARW7-MGVA1-B6AXU-AZYIH,None
0BGXR-A6ECI-55JLF-F24VT,None
JXKTB-BHOFY-LFPON-Y68KH,None
RGJ4Q-J2K2Z-73BWT-JM51V,None
JPZEF-1VGOZ-OTSCS-OZJGS,None
9OI6K-EQXR1-DRSSX-FF6KA,None
LMXGF-AFDWB-W2CKT-VCVMI,None
RNEUJ-DLFFG-SKVHP-WFCZJ,None
V4CQZ-NJBVC-CXZ8W-DECW2,None
CEWR5-5A5GI-HBR6L-BREGZ,None
JEBIA-VHLMI-QSGGI-TPVX9,None
WXWBI-GGVFM-Y88LE-YR6OS,None
6SHUK-ALGEX-DJATV-VAUKB,None
I6WLS-SOHFJ-UVP9C-FXNNT,None
9KLUS-EJESV-EDDRB-DRMH1,None
NXSGP-XL9RG-AXYO7-ZBI1E,None
LDTSW-YF6YV-Y7R5Q-LVEN7,None
T83TC-H0PYL-6WM95-MMCDT,None
VUK4N-XOWRM-L0ZMX-DWIGY,None
O0ZTA-CA6YD-G3Q8A-GW3PF,None
ZKE1N-XSEGW-CB0ZH-RORSU,None
QUSEJ-A7RBZ-CRCOR-OCNEP,None
SCJPB-WNKCE-WMSXX-OUOK3,None
OKLCN-PR5I0-T3JPT-EMTRG,None
S8EGJ-IIZTS-KAPMZ-ZCL7N,None
VZFSK-WVJE6-HTFA6-QN184,None
WYS6R-YNPET-FP4D8-MJAZS,None
CZNHP-BXYMN-SPGNR-GKFBV,None
HFNC9-URBWV-7HBK9-LG8DD,None
GSHCQ-5TI28-IXR4O-NXRFH,None
V5WOR-XYE5U-ZY1TP-IND09,None
LENUP-LHCQD-RC8LF-AHZZ3,None
S8HE2-UFMAB-GGYHX-XZRPN,None
GLZDO-W7DCP-7YKF8-EJCDZ,None
LPGNX-S9IH4-D9CEB-IMVMC,None
ONKPK-GBTLW-ESHRQ-1INFU,None
W1OJ3-YNFJB-24XNP-JNUYL,None
2OPAC-7FJFF-WXBMJ-FIFVT,None
QKBSJ-NK3RG-ZWSNP-66TCJ,None
WTW30-TGGLT-1NDHQ-XRYUB,None
QJSDI-P4HGF-AY7NJ-BWLJE,None
RRR1H-T1J4H-BN5SH-8SD5Y,None
LWVHB-JHQXZ-AWLSM-RM6PP,None
F583V-DL0MP-ENM9D-QHB2A,None
T8X6D-DQYGJ-FVZ02-7R5KP,None
7POJM-57Q2P-TZTEF-NKB5Z,None
A94IA-JUPJV-RCQHU-DMGYQ,None
JLTHC-UC0TP-CLMRW-WZ3DF,None
6FQKW-MI3RS-ILDD2-15LQQ,None
1ZQX8-JYLOO-0ZI15-DPQQ6,None
1K5RA-3P04F-ETEKE-WFH7P,None
MOZIM-39T02-XIPUV-QU36D,None
CKP7E-NDGOB-YEEP3-LICF1,None
QISCW-6BU5I-6LPME-ECCPK,None
EAK5B-ULPPK-S3V7I-TXM02,None
JIZAQ-EMPSP-TUDZS-YAWEO,None
MWVQX-KCYPC-BPYZI-LJAW8,None
XHAPX-YP0MQ-ZHBIG-MOC7J,None
9MP6N-4MPSD-2Z5US-B6FKG,None
FDLHP-TI2KY-PBMDO-PCZET,None
GAGXK-NXO1R-39QF3-JRTTJ,None
W1PQK-V0Z0X-3KHJT-HZDOO,None
X5CSA-5VVAZ-8EA5W-W4XYY,None
TSY2H-T1QJF-BQKVC-F9TGF,None
OHC63-QPSVN-PLDLX-SRUMK,None
2TXQY-Z2O7S-VUWAB-9GFOP,None
CYV73-GDZVC-OK6TD-9MUDG,None
KNBFN-YU9RR-XBLR8-MJIOF,None
ROUXR-O2KZO-3YMSJ-1IPVF,None
V2VVG-QPGFN-YPQPR-GBHQS,None
QYXOG-JTY6H-WBJRI-9VHUI,None
KP1ID-F7TYH-VNGST-56JMM,None
REQDX-PT7BK-VPH1F-BHPBU,None
LZ2BB-XTVH5-OPPRK-6MDHH,None
6DW3F-SRWJR-ZBJDQ-6SORW,None
CLO5S-DOZEY-RTPZZ-0TYPC,None
NMLCQ-JEFTB-L9LSE-JL6MB,None
JFZIN-MTXVO-RI6XA-H4K5I,None
HTYGV-QFPE4-VICTU-AAVTH,None
XADEP-ZU0E2-NEP5B-QF8LR,None
PE1PI-BNCU6-28OL6-3RLO9,None
NJ5FW-I0SPE-Z8TNA-JDDVZ,None
RHQ5G-YMEUO-9V4F2-AALQY,None
E2TLW-2KRO5-CKNMT-M4SU7,None
AOJBB-MN8DD-E3QXP-8LRVG,None
DYBIV-NG3LU-UPXIJ-ZIDII,None
XHXOT-9RXTC-S5H3M-M97MG,None
DLAKV-BFYFJ-YAXVX-NXLFV,None
SNDLG-WMOBP-JLT1N-GW1NU,None
ZAOE2-MBCM5-NPAZ3-T6MM0,None
XNZRF-KFCI6-MOCI1-YIPQA,None
XGB9J-NZWQV-RP4WE-PGHTF,None
G4EUS-SFSGI-N9SJD-F1WLB,None
FHVLO-KTIKH-NKD2E-9GEFW,None
UYDMV-C79C4-L3HBA-LCNBF,None
BM3RC-2PKNE-GMNBI-YTF1N,None
PZS7M-AODZG-H6RZD-WY66P,None
O9LXB-QDOHD-ZSCVG-BUSMR,None
B07KP-ZH3S1-VCI9H-5DZRF,None
BA6C2-JO7WZ-UOK9R-L05ET,None
MFCY9-NTKT4-UUNVG-QCBCV,None
CZNCF-6YSYL-TVHT0-NTYBP,None
RDVLV-W1Y3J-H1DN1-NCU9D,None
FGJOD-BSWG6-D6JKS-9TQXR,None
BOYMP-5AVJX-15DEF-UD9T1,None
QBZW6-0CTIC-3ZIIK-ZMKTV,None
QOFMK-O6XGE-2TTJF-VPSP8,None
GFWLX-OUIVQ-J0LGG-1HTFR,None
N8K3Q-ETPAW-C73C0-FNSF9,None
KKIRV-FLGZS-WOO87-UY168,None
BTYBH-SR74H-P7YKD-F8IJV,None
HVLGN-YDNIE-UOEWN-UVIND,None
WLKMV-RHXSC-IJLCS-HLSBK,None
6TT9S-USFFS-RYEFU-HTNGR,None
W2NVH-T1TEZ-FIXIL-OPEAG,None
IKBYX-0UV6Q-HI5VC-WRRZT,None
BWFQU-EBWUE-YNC4X-CAPL4,None
C0KHE-KZDXC-BITNG-NG4H7,None
UA9EZ-BR0W9-QGWWZ-HUWFJ,None
DRPQ0-CTSJC-TDLGV-N37U2,None
7AU0L-CBSPV-3R66E-SFQ3O,None
LQJ2X-0VJUI-TSTEV-6X6UD,None
RNVDE-5NS1X-RS1WL-IKGX2,None
GDPOO-87Y7G-RGXC8-10WGR,None
196I5-USYNF-R2WYG-GVGI4,None
TF9U0-5RN7H-HBGBL-EOC11,None
DOGFG-95ZBC-QP1HO-GEM2J,None
HDO71-UCSGX-T7RY6-PMOLY,None
X9MEA-ALVH0-8XMRN-Y9A7D,None
NWQPP-KXLNH-NR2HU-D1WS8,None
KFX6D-RHU7I-IWXYC-JAQYS,None
POE42-T9X1B-MJ30S-OHOFL,None
NNOZK-LR1SY-UD2VT-K4TJC,None
XCSQK-VFYXV-LIXO4-IZNEN,None
CG6TE-IYNOW-255GV-WJUWO,None
22Y5C-SEFMU-UWXG1-RH8OD,None
NJD8L-EBE8F-VGKMY-JJVNC,None
SOEZU-P9TL8-4TMAQ-VATNN,None
CYABX-PR2AC-LLIFO-MKQ79,None
TLQBZ-FHGO2-TZAAP-IGJJF,None
USCU8-SJAME-JHLPC-B7YN9,None
BIAUN-WBEZ4-I0H3J-EYHLJ,None
R2UYR-UD7T7-V0FGG-BZWW8,None
B6SXU-MOLZQ-JS2SX-P3FI9,None
QO1FE-JUTAP-E4ULM-QWGUI,None
JOYZK-JBI7U-RASQJ-IKCUO,None
Z5GDV-OVGNJ-SAMFK-BAFGT,None
OBPCW-CHXXN-JHFEY-JNODY,None
DG5DU-U8FVO-HDFT8-Z4ZVI,None
ZBD9Y-GXOAN-KKZJH-736MO,None
QMXDI-B7L5L-ADMOX-MITC6,None
HYBMV-IXWFE-XREZY-7URAT,None
AZDPB-DSZBV-XA7HN-J3QGT,None
BA4BW-VIAOB-QRGL8-7SWLD,None
QAMJM-IWFIK-K60OZ-GRAK4,None
L9POJ-1OLGS-GYHTO-EUKSR,None
TJL4Y-FVQSC-ZCYBX-KO66X,None
YR7GV-RLHXG-T7FQ8-TKKW2,None
GPWRU-0CTWD-B810H-0Y5P6,None
0SGBE-XAX7M-GCGU1-PMKWH,None
EMXBK-94WIG-CBD6V-15VLU,None
ATIWB-XAPE1-RSGXQ-FWFYD,None
NSJZS-X9PPW-PDRYU-DXJGD,None
09HFG-CYKBP-LGGFL-BREXY,None
IMFNM-HQOZ8-IBWMS-JDYXK,None
FUEE2-M68HB-RGXOK-1YVMR,None
VXIEH-JUQ2E-ISWFX-ALZFM,None
653Q1-LQIJK-UTHUG-NLBLG,None
2PWCA-YIMSP-I8CSI-BCMIM,None
L115P-R7RJP-I9A4X-DONJS,None
DCHMF-KYDUL-ZD0U6-IQCZZ,None
WZ4TQ-USIIZ-JSD5W-YGSQ0,None
NDF8M-7TBTQ-F1AR6-6YCQV,None
Y261M-HNCHK-R14Q4-2HBKK,None
QBJXC-Y8PET-UALXL-UPHID,None
FAISN-FQ1FR-6QJNP-W6N1L,None
MW7CO-KLMO1-G8NZY-YBLX4,None
DSLLW-K8TZT-K39KV-HWWBQ,None
G30HR-Y9AIK-QNX1Y-PTOM4,None
JAC6W-QJ2IF-HE2DG-OGUCM,None
TGJU4-RTL6Q-PCKBU-IFITZ,None
KTHJB-QXUZP-ACGKS-ZAYIN,None
T4AOT-ONMC4-EFZYH-WVEVR,None
4KBUE-IQNMD-MJC2J-5QR0M,None
46JEL-E1ZF9-R1K86-PDE7T,None
0UD7M-GJR7P-P1VGU-7W9CB,None
OT8IL-1W83R-WYSD0-KUP56,None
8ZZ7M-QZCV2-QKMAJ-X3JNO,None
2UNJV-NO19J-UQZUB-E47GZ,None
FKF0R-KUFWL-BRQZV-IWZAA,None
RKDIS-LJCEO-X25OM-7QJTU,None
WIUZE-JL3JV-LT8MJ-D78DA,None
LOO5F-ZS0ZZ-7SNZC-MPDXC,None
45SQX-KH32L-PETIS-SM55E,None
ASRBG-2QQNC-UKG5Y-WGYSZ,None
SJSL0-OLVN3-RWIJF-GM88K,None
HBXSD-8W7OA-EFS4P-WRZUE,None
4ACBL-VMYWX-QFMKL-NUFFB,None
WXKQF-EN2VE-AWMGN-SDEM6,None
ISCXX-BBG7L-0TIMH-ZF7IW,None
KMSEO-QCZLL-CYKWA-B9DUP,None
GJV5P-LWLCB-9J8FQ-XNL5W,None
QSAWA-OXDOQ-RGHEV-I9DFX,None
VNEGC-OEB6B-YX8GC-HTU3I,None
RH3N6-CA8VG-MFGEE-DMTZZ,None
84ORD-MSCFJ-3RXOT-W4OJZ,None
R5JK9-9IDXG-70OJP-W4GKW,None
KXUUB-KFPSV-AGQEX-RGAZH,None
OMBQS-QFRPF-BZFH9-ZHHVF,None
JBQXH-IFUCC-HJ2FH-YP3BW,None
FF3HE-UTPQM-YICEP-GIRNP,None
CY7SR-LLKCV-XV2EV-QV1XZ,None
CYKXQ-ZZYYV-OR0P2-ATPAR,None
RTOZC-IVCY0-ZXWVN-CFDLG,None
CLJUZ-NOCC1-0VEAE-SSNJL,None
3AXHJ-SGWHA-FTBDW-UDIRA,None
LNBR5-3MJ5E-HWICP-AK0E1,None
WC8VV-BAPOS-TB5VL-IYMQP,None
UHTHZ-6OPYC-Z8N1V-T4K7A,None
26EP3-ONN91-FUU8X-PHQEB,None
6TZGI-N1Q21-6ZOUX-3TXFV,None
FAYPL-DJCAH-EBJUR-Z9FK2,None
EPRJW-ABQZS-TK6SM-IJ4SZ,None
5BLIS-OFNEF-7Q2OT-WWTE9,None
QXTLS-RHAAL-RG9B8-5R6UK,None
HKVX4-5UJZP-DPGCR-ODKQW,None
WSUVP-E1EF2-ZW22X-Z28C1,None
EFPYN-AO3TI-RGMUU-5MBVY,None
EZKWM-9WWPK-XRDIS-MMQYO,None
TRQCA-78W0R-RWPWS-4BPMF,None
MPZXI-DJQJN-YGXCL-ARBUJ,None
RZKBC-GAJF9-GRXZ0-QFFBF,None
NHKUF-H1FGY-PKYPI-GJ45P,None
9KVEA-ZJ47M-6OICY-83RMA,None
YCFWQ-SG9O7-RJ0HQ-12SMV,None
TR1CI-HWAGC-TGQTE-UZXTY,None
GYSDT-KCPDN-35JKA-1L1MA,None
TR0ZE-FPSJQ-RE44N-QPF03,None
0SC6P-XEIQL-H4N3P-IG9FG,None
V8EA2-JSNSE-VSHNU-7X5AP,None
N7A4Z-AMSSC-KAZZK-VAGHO,None
KE8TQ-EJDFX-PIIZ1-40ASV,None
3WLCF-ZUS1G-0ZNTV-0AI6E,None
SURXP-XLQND-4F4M2-FBIP3,None
7MRR6-QXJPC-IPQ03-PJWSI,None
9LAWW-A0YSC-BVWQT-LQ2BN,None
L3OMF-SNVEM-GZHOD-JGC5K,None
HROOY-BUON5-KTXDC-IBUVM,None
PUWYL-X0ZUZ-CP2VQ-MJECO,None
TPV4W-XQKFZ-KDBDC-3MMWK,None
VKMCK-GEREA-J2OKF-IJAP1,None
7HEKK-VCITW-F3Y4L-KNT5R,None
R0WQV-SNAPR-NDILJ-KPIL4,None
KERGM-AMX6Y-7AFOO-O0L3H,None
MPSP0-0HZ1B-DBWNY-IIMEI,None
MLOBB-TUOQP-UY6ZE-E904X,None
VGQYH-X7YFY-GBN76-QLMJ7,None
G3R8Q-D7LQW-NUNXL-8HOJ4,None
RJ8LN-DYGNF-06UNG-DIYNQ,None
EYTV7-WMK5P-ZUPS8-ZJ6MH,None
NPSWS-35YXH-GPG94-N3TCI,None
3TETD-8CXPX-IT4HY-LDGJ1,None
O3HM8-SWMKY-URBP4-SN61V,None
AY5RG-ESQ43-1XPPT-WUZBV,None
NAPAD-H6C1V-5LW2N-RVAAU,None
CH83G-TJMSN-LKH4M-WTOBH,None
TDYNQ-VFIGM-KA7UT-JUX3A,None
ALINO-GZK6I-AAY8H-5LBTX,None
U2LKV-ZWZJ0-QXBGM-OP2CV,None
AF3IL-RPKMZ-RMGJV-E8RZP,None
M0K3A-VBVK3-U9UH4-GVULA,None
NFVRE-N9N6J-Z9K9I-83CMO,None
F0WQQ-NPB3W-RIZ0F-KHQEE,None
SP5PW-RCFWV-IN3KY-KHM0Q,None
GWZMW-ZP17P-RSBL2-VLGTO,None
TL3ZV-LVEY6-PPBKG-7GP8K,None
LKQM4-YIJFH-FNUQW-LGD24,None
K9WGF-XS4PL-TPW62-J6UTT,None
FJAH6-WW81J-J1BAJ-3UOS6,None
M8SEN-P9SDC-NFYT6-8OQUA,None
NCDOP-YJQQ4-SP2AQ-TJYGX,None
CXCLJ-NKDYZ-3I15H-WUOIB,None
1MVVB-KG4JC-CRAFG-8SGS5,None
FI0LB-8UMFQ-DUXXL-TU55T,None
G4KJH-J2PHF-HPTCK-BLEWD,None
SIJLD-FBVJN-MICYY-B6RHR,None
GMIYN-MGSO7-6OBDC-YBU3D,None
89ZDQ-X4VDY-8FUZJ-RPDAU,None
R5X97-XSZON-OXR7G-HAYIK,None
BY4KV-OHZOV-YJWCT-QHECF,None
X3KDM-2SFGM-S7R8N-B6TCS,None
V4GN0-VGODH-TRPNL-ODPWN,None
PZCCC-UTMZP-YBDM8-WFF4J,None
56YVI-HETYD-8X9EV-950FP,None
A7RPV-KV3SN-OCSVW-CHWJI,None
FRXNP-YSVU3-94RGY-L18NS,None
DJYWL-RIFBL-QAV61-OY7X3,None
6NNC0-LKAMH-ANRPZ-SUTK1,None
UTW8P-GJOYC-EJWZI-MEMWS,None
DAV3F-KNCFU-TPOHD-EYMHM,None
FW5OV-ICQKW-QXHXA-QW8SH,None
QPFYA-6140X-AWR7Q-Q8USN,None
EJ3HW-CHY72-W7S34-AUMMH,None
YTKT5-LCHGB-PDFSV-SF7EZ,None
BK9VO-E1UXZ-CVY4S-FU6ZK,None
SXUQ4-LLWLK-WCSEN-ZA2OH,None
YFTFT-YW6VB-WQFIF-VVVS8,None
SQGQF-YJNTY-DKNMU-6CRXS,None
RNMH5-GKZF1-AMKJO-YJWF4,None
DBD8Y-DPIBC-VF7OZ-C0UFK,None
NPYT6-UJRUT-IJBMH-8X9DJ,None
GKZIT-YZMW5-7OJUN-PABK3,None
MJYBH-CSRN8-KZD1E-GOLVK,None
SVF0C-KDJWL-JALXX-CCMYH,None
KROUI-ZQVP3-PHXL3-M8GIH,None
FWLSL-VU3YF-MDHKZ-WRUBB,None
QVMXW-3XTHW-KFW0H-R8YSW,None
PCJRB-DFAQS-R3KD8-MEGA5,None
HVOME-JNFXA-6LP28-H0JRM,None
UHOIC-OQKAF-XFU2U-JBNB8,None
WTDPG-KJTQW-34HG4-2AJCF,None
NLVG0-JCYPL-JOVLX-N5SOB,None
I8UJG-BBUXQ-8Z8EL-1JEBL,None
STQHU-NR1MU-Z8WZG-IYHJW,None
PSZJF-BGWML-IN47W-ZQODO,None
VFPV4-EUKBV-LDV8P-JIQRJ,None
CSEIF-QPMVV-NMCCD-EHB4D,None
MY4WF-3VSVS-SMXA7-3EOV3,None
CYGJW-YYQSZ-F94RF-DNGYS,None
XFWXU-1MJHA-GBEGH-ZLSR5,None
FBGM2-KJFNW-F2SH2-WRTOJ,None
WWLJQ-4JYWX-WMIZM-YOVP5,None
PYKLQ-JGZ09-YXAXA-CQ3HB,None
EACMD-LRZSS-PCTFG-NJZTC,None
VNDRV-YVPMN-XF6WA-6BCGG,None
YCUSE-ZKZN9-QDMIV-MXF6D,None
C9BC6-4G06B-2MHCG-97ZFV,None
QNMSF-ONTDQ-ZOBFO-MCZHG,None
VVSMF-IJTQB-NUQD3-VDXPW,None
X1SHW-ZOVBR-JDCWA-FURG1,None
FTPLI-48AH9-8FW5V-OOS5R,None
VJKS7-VGGJ6-WAOEH-QSZPV,None
N9FIJ-YEBOX-8GWS5-CVH7R,None
HKM7H-Y37RR-3DRVK-QYVTS,None
CCWKK-U5C40-JCCKA-BPKVH,None
DC2RX-2HJLO-TJXYH-ULIFW,None
N7CO2-I7LSK-5CQZN-VFQ8E,None
EFB1E-XG3JA-YQZPT-MTL3R,None
CM7FB-WT9G9-F4NXY-XVBIQ,None
43QGC-SNSHH-E8NOV-JICY7,None
IDKMQ-IQVXG-ONUPN-FHH9Q,None
VSIS4-BLWDD-1PCGP-1M9D5,None
XEIO7-VC2BF-L8YGR-2AEMA,None
OBOVU-SJK1V-1IDDZ-1IO6M,None
V9CZ7-JUH8Y-W4I5F-QTLOQ,None
UD0D5-RDD2X-W32ZK-QROG5,None
7BV4J-KREML-Q02XA-36QMA,None
BHCAX-3W9LQ-FTQHU-3TRYE,None
LZ7RL-HLWFG-MYJQT-H0KW7,None
H0REK-OGCMV-KJ9NS-BWP6L,None
HVQQP-1BMFY-DKRTF-XMJLZ,None
BFDFB-LJJEF-UIHZH-MZKMT,None
UYPSN-QI8UL-GSZHZ-AYW4B,None
RSQLZ-17K4I-P5AJL-AUJUK,None
UCHSV-2MMQI-LNWMR-I5ZSE,None
HEJQ9-UACDK-MGINI-JL7UD,None
21TWE-JU5I2-DDOGU-JNXV4,None
WRYCS-YDL6E-8EKRS-K4LCQ,None
Y6YEO-5E0CJ-ARVON-JWG0Q,None
LXSLR-MVLZV-IXWQZ-3SC1L,None
OAEOJ-23XWC-GBRCV-CN1PB,None
Q6CF2-5STIN-GPTJK-Y9RYI,None
LIIT0-UQXAK-0YWFE-VF1XB,None
MHTYB-IQJLY-F71QV-GM4TK,None
LE3PO-KYXRR-O49YY-07MQN,None
6FC1W-HJ3RK-JJYUS-HFBWZ,None
6IFL0-VVLLM-T75SK-P7URW,None
2M6PZ-A3VFB-VXQGC-GORIM,None
94MZD-YI7TW-99U0G-XUJ0N,None
CF4KD-SVRV0-DGY5Y-MWNCA,None
2AAQ2-H00TD-NYCO0-4BX4Q,None
P1BKC-QPJNO-YEAE3-A8QMV,None
ZXA7F-YNSNV-RIXDI-CAINI,None
J5UBJ-VNTR4-FU4WU-CDU6L,None
ZSSCP-UMUSG-FDGTO-GGVZG,None
FCNU4-EBXGZ-CLDWI-XDQB1,None
1JCOT-YU4U0-R8SFZ-NZOIT,None
O7JX9-C1Q2J-6NMUZ-HF6WE,None
H5FGU-4KLYO-5KMQN-PWV7A,None
IP3PN-D7F8J-RPKOR-VUH2M,None
ENJPC-4MKRM-ZSVUV-XNJ6J,None
5BGTR-K1YUM-1KQV7-ITD5N,None
A1IET-H9A9V-TAJCA-AMFT2,None
P6FVG-WCUSN-BSWOC-6DCUX,None
XNFFN-JPSPY-FMACR-1LVPD,None
RNVEQ-RY42W-8R1SJ-YI2LJ,None
NOKJZ-QWU8P-4A6QI-4PPXN,None
AM5UP-PUW4K-4BESD-5ZMQY,None
OOJ2G-MZQ8Y-Z6WN3-FDMI9,None
DKXKP-GKWXO-0VDSZ-J5UGG,None
CSGA3-WUNFZ-VSXVC-KMVRA,None
H15T9-I65GO-FVD6O-KVHAQ,None
HVQ29-VWCMU-UZ3PX-EZQXI,None
G7QNQ-DFEVR-AIVEA-JAJ2V,None
VRJTC-CGQXZ-6POKJ-JD0CX,None
6LCEU-E5MFM-LCZ0U-9HPLJ,None
97SGF-6KJGD-SS0OY-UDMXR,None
BSUHW-HP0WY-IYRUP-MZQXQ,None
N7L1R-IQRQ0-4E6HA-H9OFC,None
PQZUU-XXROG-KNPLC-8RD2C,None
YP0OX-QLKRF-8VA3X-KO3CB,None
U98TK-95V6A-9THJI-DO3WR,None
IPJXO-CNT09-YTLWL-5VKLM,None
MYBDV-KNQG9-UG3C6-BIDMH,None
JZ0Y0-ILKYU-B4EYF-YT6HA,None
GPLLX-AG0EY-JBUH5-EJXA1,None
81AA1-FVXVT-4C5IX-O1R6B,None
O6YNY-C0DTI-PTQEU-O9V01,None
W2ILA-R8GKU-SB5N8-RUHQ9,None
WLV71-1GXC3-DZVRZ-UHKDG,None
KY8IP-INHVO-IT2XI-JUDSU,None
URDJM-XLAEB-XQRCD-CGRNX,None
GOZOJ-JBMRY-GJ5CD-EKBLR,None
9ZWOF-E6UBC-XGBBA-9K2XM,None
62PW6-QNRHG-X4TVF-8SMCA,None
LIKRW-AQRNL-DG3LW-FHNYI,None
QWA74-OBEYC-UJSFK-CNB2H,None
IYJHZ-QTF1G-61R7G-QF0EB,None
FLDOR-XJFVR-351RS-YU4R2,None
JFO2U-NL6JI-JDU8Y-5WPVT,None
XELYL-1EBAY-L2AZW-W9ONR,None
N6IO5-RZDCY-FMJ0R-AT5Z0,None
GVWEX-WLBKE-9NTUB-SNMTS,None
PE6PU-XAJDV-H8VVT-AAC4H,None
LGVI5-LRNKB-GJZOQ-XD6IS,None
6TTKJ-RMJ5H-YO9W6-YLYAF,None
XJDCZ-X9PWF-GSRGR-6VZ3O,None
P6CVB-6CCDE-YHOOX-KEUF9,None
DNHQG-LMNU6-GANPR-ZKTLQ,None
QBROT-MZFIO-BRNYS-RQRO2,None
FGMST-5CXQM-CG4IB-RNK4M,None
QYTO2-80QOP-LDUYM-AWB0I,None
GAD9K-UFT15-EFRFU-94RL0,None
9ZKOM-4SYWP-ETKED-WSHWV,None
FCKNB-QUTVU-LLXNZ-PVQ2R,None
GHVX4-BL0JL-DBYHR-C833W,None
70LLL-U9XH9-VRBV9-HOOYV,None
LXKJX-FF0ZC-RPWWE-JJPUJ,None
IHC6G-UPTPZ-4UZUH-ZV0WW,None
HRMFA-3NKZ2-ABW8Q-EZYZZ,None
US1JP-GISBZ-IL1HR-LCJWX,None
NOOLK-FTNHN-YQ8MI-Q0MTZ,None
UHO4I-FURQ3-HTNV7-OJJD9,None
ILPNE-6KL51-FG8TS-M3XQZ,None
AXOMT-OKM5L-RABRX-WHAXP,None
GKMZU-CNJ3G-M8G5E-LGWBN,None
OT3RT-DCWMC-7BAWF-GJYQP,None
JYBRE-695MI-YWED6-R4NKS,None
BFAOO-UPR59-BUDHW-75RM7,None
GFOVS-PMJ9K-V1RRZ-9TFNE,None
NB7XH-LMOYZ-LDIMC-CNLAF,None
DSM0J-YN7PT-R24DT-A2NGO,None
HJ8Q4-2J5ZJ-QLWQB-0OUKX,None
HBGRI-SK6OQ-8FAZS-ILLNU,None
ZUHRW-M0KMV-MJVNQ-4INUV,None
N5OF2-O9RAY-AWE1P-ON7M1,None
GWZGV-RNVRK-MTYMA-3VVBA,None
QBLEV-HWCDL-B0ARM-BYGLK,None
8HFLF-ES2BP-T3J7I-BFTSE,None
UW3OG-XHXRH-IENCH-ROSBG,None
RQJBD-NITCC-1Y6SB-J31LQ,None
WKAGL-A1XFH-8K1RK-WLUOJ,None
CJPDL-CVRYE-90DQ7-EPEIL,None
P4SIA-123WK-AVD4H-BNGXC,None
FRRWO-QFA7V-76SFM-KTZEW,None
YKAHP-KWPSI-67CRD-FY1V0,None
KVO6Y-G4LRG-FQD0A-ZEZLH,None
TKTLC-MIJ8I-JIUTG-XGVDQ,None
3JWW2-MSSP0-6B0ME-5TGEK,None
DTMPA-JFIVG-U1JMW-LPYUD,None
F99TF-VVBP1-FH7DJ-OIP3A,None
ZC9NX-WSWJD-GHPLG-CBPAA,None
8TXEZ-HYQ66-HKQE9-7TVH5,None
S0FET-VRG48-CEOHX-JQXSK,None
XAZEP-G8G6X-HYATO-S0LXO,None
U8JBK-W3WBT-QMRUD-7REEV,None
LQZVG-Z4H7T-CBQBQ-W1TRV,None
B4D6Z-N3DIZ-AAS4B-XR7LV,None
2IXNN-QA1ID-W9A5W-IVWQW,None
TZV37-PD7UR-A30I8-USK5I,None
BE5C1-EGXM2-4YVRM-9JFDD,None
YANWQ-1RJIY-03COW-MDPVM,None
HAGLN-QHHQS-9PLHN-KRTKJ,None
GQT3U-7YUQL-H6UUO-B8WAA,None
P8OOJ-K7BLR-5W9JY-LCGCU,None
ZBKTC-B93K1-LPAIW-GHWQ4,None
DYEKM-QIA5Q-MLGH0-2JJCB,None
92QX0-DFLDE-KTXVU-UTMIA,None
Q0G1G-8QTNH-9OB74-EFRPO,None
ILPYL-N8R0T-PJGB4-JXTW4,None
TQY6K-LCN4X-8FO9Y-WNC2R,None
9G0TP-HEQAG-GLKKW-0IQTE,None
4JSPD-QQL4W-BXMHL-D8BXM,None
6NT0X-SXUH7-8SZB1-77AKU,None
NPSRS-KMNXF-M2ZRG-R7WC0,None
WNNO2-ACBJM-NH0OV-VCYOA,None
2P0DR-B2MC1-A9KPF-U8NEA,None
HGCKY-MJMO6-J7BSS-C2UKG,None
RPFIF-BCGP3-RTCB8-BAYWF,None
WIB3R-LUDWL-ZLKRA-R5TJG,None
4PYQ7-WLWHY-JZECF-MBQZL,None
PCC89-J5V2O-GHLP8-KRCUE,None
IQSNX-UXHRK-AZJJF-KD6CT,None
DS55R-PR2UI-WSMRB-ZOUVH,None
RWXBY-LXI9E-07LJH-F635W,None
ZIA9X-UGWMM-QLMLG-3UBC6,None
GL0YK-AUCIR-EO1J2-XMWZP,None
JNOY4-3Q6F1-47CLD-RRB4I,None
S0CXQ-UVJET-ANOCM-XXWTK,None
Z7ZKM-RB5IC-DRVNW-WHTOI,None
YJVBP-DL0LO-XU5ON-J6D8S,None
6TOI0-7YV61-EHVP9-7LVXM,None
VUYQ7-CZHKB-UZDYO-TPRGG,None
WAUU5-2QAAP-EZQJ8-MKFTP,None
N0NYQ-OMTSJ-BSRXQ-HUFRV,None
EZ2WL-MXBN6-MQHX3-VVU7R,None
GB0JB-LONUR-LMSZW-N3SXH,None
I83XW-J0J5G-DVVWF-CAZJG,None
QH7O0-6HGOU-4I1TH-UIDO4,None
241MB-SLAVL-8WJQ3-STIBZ,None
KQVGE-ZGIRX-QLDFV-9I24S,None
DYYF1-Y1NI7-OOHHG-L3BJA,None
N5QCI-JLDMK-WDZXR-JTCJW,None
Q1PNE-18QXJ-GQQLA-FTC3F,None
IURAA-FWOQK-JUXTY-KFYWF,None
SC4EZ-C5JKR-QVWOO-A2TFI,None
QNTL5-97IEU-5BT6H-MP4NE,None
DWSZJ-80GNQ-FZP2O-US5OU,None
UTQJQ-QTOYH-KMVDY-0AHPW,None
ZOUJT-K75NN-VU9WS-LOKZK,None
727ZG-CUJVD-NWLP6-O8CJX,None
SFCKI-KEM8I-L1UGE-ANS6D,None
ZOHR4-ID7C8-E37LZ-KXAU9,None
1RCCK-UITL1-NMOTS-366XJ,None
B9YUV-PDELG-XRAAS-RPUKP,None
UZD95-IRFXC-N3LHJ-VCQVM,None
UFU3Y-D7ETD-K57YZ-3WUGH,None
EN05Q-XTMSI-DGUYJ-NYGNX,None
SFGFC-QFDLK-E4AUY-TAXMB,None
AH6UK-LTRSD-A6FQW-UOGMJ,None
OWDV8-GB4SK-EPJ1A-HWTSS,None
ZUL6Y-4AYAA-Q683X-UNSSB,None
TREKC-E2QLN-PBONG-B8PSE,None
BMA60-QL5HV-NHBVH-6HE5V,None
SE54D-NRNKH-SGIPA-V2MGX,None
HS6QA-PBEUP-RNLWO-ZO2XC,None
TEBFC-JS3GL-2XWHW-CFJEC,None
A4HEU-A7HK6-5UAFX-E7TPI,None
QWJYU-G0YEZ-SL7II-ZR6TL,None
BMAD9-PLSUY-YBNOY-7HSGD,None
WLUOI-0JW5W-1QEN5-SIX4I,None
86QY1-VNQEP-XBTCJ-P3QYQ,None
W7OU5-DTSQW-LZAAO-6DTE7,None
91OCS-XG8NZ-6JUNG-WFJK2,None
P3QGR-TJC4A-KM9XM-NEEEX,None
AJCOQ-2XXPK-A8IRZ-VA9RO,None
DP9PD-F06RS-SAX09-068KN,None
CQQJQ-1DB5W-PB5RE-TO8YP,None
AVMUX-YA81F-6UFPY-1E0KC,None
9PLVE-QL56M-G2LPO-WMLHP,None
8EERG-7HBVU-Q5UKC-YQOIC,None
ELVOZ-XRYUR-EYSK4-ZJ7AA,None
FQAZE-LKSX9-QD9SJ-DSGMJ,None
VF8PF-UCBRJ-GM8WU-X0WAP,None
IUFPJ-0IIL1-EUHHW-W1PE7,None
QVBCG-ZOUBE-8NM4L-ZQLUI,None
BYROT-QJRG3-62GQN-GYE9L,None
CBRI7-ZHOBU-CVPEB-TR9FQ,None
KXIWI-P5DZ0-B5EES-P0I2S,None
WAZKC-6OT6R-D4FQ5-VCSVC,None
QMXTS-PKFAQ-JVT1U-Z6SLB,None
IGZWX-VUXCD-TCLPQ-3LSLH,None
DDUHO-DYIJB-0NB1S-ZJTXF,None
DSV9T-7LO0H-OM0QL-GKKT5,None
RMFXO-UIYJR-4ZSTJ-TTFLL,None
RFKDH-LNNQS-W8NMU-RHRX4,None
EGIFA-SGUGZ-W2CF7-TDZQE,None
Q29QH-HPYC5-ZN130-0TBCE,None
CLMGE-3BR7J-J1CGU-AEMEU,None
8R45Z-9UBSH-J9IEO-CUBD0,None
TUKNJ-BQILD-9NGLR-XX127,None
HYS7I-MYMJE-Q0KTY-XHB5C,None
6XLAL-E5GXU-KNWCR-GSJFD,None
EE6ZH-970ER-QYRSI-YANHD,None
A7XCO-QI7H5-DD9C1-YWCUB,None
BQPA0-BM0YH-VMAS7-VPJAC,None
B5RLK-YUWFB-1PZCR-MAF8J,None
J72YH-KMTWB-CWLGD-TYEHA,None
8OAPJ-6SRR6-N7XV1-D3YMB,None
ZWTLO-QEFAX-NU838-VG9WV,None
UH8EH-O7LUR-ZNH6S-WWMCW,None
8FLA5-JGWAO-P1UKE-YCS6Z,None
AWPT0-RYEOP-PIGL0-WH0RY,None
9COOA-ELSKU-4HI6L-IVC0O,None
RR5PN-STVUI-S5IZI-6CSGJ,None
CKSAF-SJRJ5-7KXBT-WOELY,None
NEW45-HIJPK-EJHJS-N9RWS,None
YGU61-2KLJ9-1AIDO-E7NLH,None
GRP3G-QR0SN-LWJWJ-ID3DU,None
MG56M-8PQD2-YCDWL-GGISV,None
A1WA2-0QK4K-JURRM-GFSBY,None
1I9YE-DNOX3-MWRBS-WBMCP,None
ET4IN-ZHNZS-ZGCK9-PEMAH,None
SU1KP-KGOMW-AIY7M-OLXSW,None
8ZKCQ-GBVNO-SCFJY-ALHOZ,None
PTTSQ-TJ3IL-3OSQA-OYK4M,None
W2YG0-0T05X-SPJQO-SEVEV,None
RZQWU-UXRJC-KRE8S-57HVR,None
OSZVH-3D2DE-UD4ZF-BNWFB,None
SHB5I-GRUTM-IYDVA-TEUAY,None
QSA2U-IK4RB-ZP5XD-L3Q6C,None
OQL8H-DMNO5-W8JWH-JEWM5,None
0V62E-ASMR8-JDKGD-IYKNF,None
XW0EZ-PLFAU-DUULF-TXCMB,None
X9RO0-4DSCY-E0MN2-RODDE,None
QNVC1-AYBTU-PI743-EA2CQ,None
SVQTZ-QUAFP-8H8KR-DCGXY,None
BZU9F-2BK47-KYVN6-BHZQP,None
MZLVJ-VEEQL-YUNSE-NURNX,None
TXLJX-V3QK5-DUWXA-GZC8Z,None
YJZGQ-QR902-AVAR1-7OPT1,None
JK28G-RD45T-CTKP9-74WS4,None
VIVOW-Q2JTJ-GVUOD-HVQEQ,None
VGJOA-HQD6D-QSQOG-IGITI,None
6S9YF-9YMKJ-AKEND-25OCT,None
EMROT-IAUFU-DTNQI-4DGPF,None
QDMFM-QWNOQ-MXDLY-B0SYM,None
AZAOR-TJEJY-9MSMN-AKDZA,None
3NFNE-S0YSL-PG2XR-GXHUX,None
AAYSX-SRSZC-LL7IZ-IMXF9,None
QRXFM-L4ZSX-ZULAH-9L98J,None
UBMHP-SM7TU-EUTZ6-7PQNR,None
O16JP-XCLGC-VWDHY-TROWV,None
MNSHO-4RXPS-JKHWZ-YYDIQ,None
KO8BW-KCTJN-Y5H7Z-THJVD,None
S04SE-MUOJP-CRREO-VUNV4,None
EOG06-JUT9S-YH6IM-5Y4BY,None
B107B-KIT7O-O5L1W-G8A7T,None
YWTKT-KEQO8-MAACM-V5AAY,None
XHO4I-IHBEM-UHUV9-9EZXI,None
YRNFK-4IOUM-J4LIX-BIR9H,None
HWGGQ-ZDHNK-ZCXHS-YHRMX,None
B7TPQ-BRUUS-LCECF-IWWFR,None
JPGZS-SETXT-ZK23H-4RTO4,None
3IYGX-ILEJA-JS0RF-52AY2,None
LPUTZ-CJHYE-ICB2G-3NY3S,None
A3P00-ZRNU8-AXI63-RNTGB,None
P1JZI-YEUN3-SN5ON-W94NU,None
66DQ1-XKAWR-B1VSQ-2ZNDT,None
POONU-KYVNO-YDB5V-O68LM,None
JEVJA-LCFRE-ERULM-R2HMO,None
ZCAET-PH58U-R4UGV-3CXGF,None
GWR5H-LUSFF-7OE6I-LZNY0,None
GYVWQ-9PXM8-YXAHD-ZNHH2,None
KIHQA-TEWLB-QDCMB-Q6JGG,None
NONQS-KIILB-L4DQY-X2K6O,None
SGYEV-6ECVJ-KDV9Y-UFESJ,None
SNY5D-HV5DC-ECDWJ-VZJ1A,None
VMHMR-P7YZM-62LBI-2DKZ2,None
RFQAD-TKAQY-0JKGU-YH5VW,None
Y6XOY-DDYOH-YM1OQ-LE677,None
IX1U8-2ERIG-A0MH5-VF9A1,None
XRBQY-IHPKH-JCLNN-QU7EX,None
9XVCH-W45SA-1DCEQ-IDPHB,None
WOUVN-TPRIN-AND2Q-ZOYX9,None
5GZQ6-UADFM-RL4EO-0KWT6,None
CJOII-5ARUK-ZDP1A-YMYPT,None
ASXY1-UMZPS-QPTSD-S2GE7,None
DM1R6-MNM3C-UAKG6-ROZAV,None
YTJJH-SPPL0-ANVJL-RO7NH,None
FHRRQ-IBMBA-N3PFA-DY4YA,None
VEMSI-TKXEA-ZMCRO-RDFIS,None
URYLU-RLOBY-MWAJY-HOOEX,None
9SNP0-O2TXA-OQFPG-QXIA5,None
SXA8Y-SQY9L-BGJFA-RA7GR,None
EHN2N-CE5CE-ZQXJH-UADXH,None
NJCBP-KLZ3W-WV063-9FP5N,None
RQTHB-G7SB3-WOGNB-NNTWL,None
WKV0K-TIARD-GDYRO-YMHYP,None
A9CJB-ONMUI-HUO7T-RPIPK,None
YOBAU-12OKW-JSOPO-TT3AT,None
3UF6Q-DUITZ-WHUZE-JSPPA,None
LXYG1-S2TVU-NN46F-CDCW4,None
FB9T3-YCIES-AEDNP-XCYCI,None
TZQSZ-7JPRJ-HJSIP-QWGBP,None
Y0NPC-QZPKQ-XNQC5-NZNVY,None
YOKVB-JXZTL-DFEAH-HVKFB,None
FUML9-H80DP-KZQW2-WBXX3,None
GW3BR-VIFLV-WDY1Y-5KD8A,None
DNMYC-THFEC-YRNG7-QEJOK,None
GM8DZ-H9LUC-SCRSW-EAV8A,None
BQJBV-UVKZT-B8SUT-SD55J,None
XWEAI-PLQIP-BC1ND-H6CY3,None
CXZYM-2E4Z1-WLD3K-RJFIW,None
HSFFR-MFJW3-TPZIJ-VFFDG,None
3JYYW-IXDIX-ZDX2A-XP3IT,None
GONZN-SQTZ7-VVSYC-VCWRX,None
QOI1S-PVNIX-AHXHP-EMPXM,None
4YIUL-WI87J-MXIGH-8HYTX,None
VREQN-ULFC0-IQDJE-CRDXC,None
KCXEN-UIAAC-AY2XU-RYO6K,None
JJB8Y-TBTXJ-DM9MN-YSIKQ,None
MCG51-LUCDZ-Z0M4A-DJRBR,None
VMDJX-KPEFB-GWKQA-FWV70,None
7Y3JA-HBYSS-T9M33-VBDLT,None
1RZXF-LHEKA-YQRV8-ZLEMP,None
XPKFX-TQFWX-UATMS-QFOW7,None
QAXQL-RIAPF-2L2GO-CEQDT,None
FNAXZ-K4NZI-Q4NUD-RMTUY,None
VFYO0-0AMKI-0S4EE-PRSLJ,None
YQYWI-XRBXM-OXO5V-T3SPK,None
VZX6H-DTLMZ-Q25VW-MEBP8,None
0KA1R-AJC3O-T8AMF-9OHSQ,None
HRSKU-ERYQP-IZIO6-3GBQ3,None
NLGEQ-QMXQZ-IVVSP-2YGUI,None
OAZ3P-IUKZQ-X78TJ-UIFYB,None
SRWGN-S2QAA-0OXFO-1I8TU,None
R5W8Z-BCAT1-SLYWL-DVVS0,None
UWJGI-MLNTH-CABHE-LLSH3,None
DBOXD-SIARY-JRI6N-CZXGL,None
CZS57-HI9HI-TBZN0-4LMCP,None
TXONW-YUPFA-CFXIZ-PA1EX,None
JQK1D-HMQFW-YXE12-WTFJ4,None
RIHJM-HT8IT-PSM9K-EP7M6,None
08744-4EO4C-JXGFF-XFT1T,None
LKTSW-4ACRN-JNNGO-6RXAP,None
DYPKZ-HYX4A-WFZHX-HOWSL,None
AG5UL-3BJYM-HDFAQ-UAEPZ,None
RESC8-VA1SG-RDFTJ-SR4GT,None
1OVCV-OC2IY-JZKGP-9PNU7,None
XEY8K-IUNAB-KH5EA-768GH,None
MZYGI-DYGDD-KDMQR-6WJZY,None
N4HMI-72QWH-0OOE1-H5W5D,None
MMDLB-05JOQ-O1HRL-ZZ9LN,None
24AMH-GAAEV-YD8LQ-HCCYK,None
PTOGL-ODXHS-PISQ5-TN09Y,None
MNLHU-DHEEU-WHSMZ-2UPIZ,None
BYNNF-BKOOP-IONFL-MPGNU,None
MI5HK-WMZBP-3EBMV-0UJHX,None
HEV6K-1Q8HG-FM3YD-XOWUA,None
6OUL9-E73JV-2TMXL-HYF0G,None
VHGI2-BKM2W-PMYDM-CVNVO,None
QPM9O-RVOZ1-AOLAI-MA9KZ,None
NXWTJ-KAUBN-ILHZZ-ZSJCZ,None
ZU9D7-HCGGI-O3SDM-6EAZD,None
TMIVU-D2CFO-DWALQ-K2FPV,None
7OEJY-SZMCB-DP1TH-UNC8E,None
SQ1AT-FWFTD-IXRSX-0PJT4,None
MOO5Y-CKJVO-8U1T9-RAUAV,None
SOT8E-W771B-D1YPK-LNDT6,None
3N3TM-LDF7U-IX1EP-E3U5W,None
KAAUF-6E5H6-6HC8U-MNTSK,None
FXIZK-6G9PP-MK12L-CIST8,None
JLLKP-PYIEO-GWFIQ-4DAGH,None
GTYX9-B436V-GLIGX-WV6BS,None
FGRNS-CNSR0-NDS18-UEWMC,None
OHIIL-ZZSGF-KCP5S-ED6V9,None
IWYKU-P9EVM-KYPDI-IWQRL,None
F7DKB-QELAU-H8D8I-DJT1Q,None
ZR0O2-IF5NS-K2CQ5-IY2L4,None
ZAPZ5-J9GE7-TNFPS-YTJ51,None
3B8CL-EBM4S-K3UCH-63WSP,None
PXAN9-AVKXH-DUYSX-28PLZ,None
LMMGV-LKRUS-BEAB5-2L3XH,None
TEF0D-CLV63-K4HFS-T3WS0,None
QTPGE-UMVNS-QERJ0-AWCI1,None
P5A0J-ZEGPV-VLE7T-FEMUL,None
0PULD-ZJWQP-EW21K-9YKNS,None
HDNCN-GLUM8-EPTFI-9QUIP,None
3CBME-IQHRR-RNAVQ-USL1M,None
EUMTQ-NQ90Z-XQOED-NV4MN,None
S82NJ-DD59J-NURMN-1BCGX,None
UCZVQ-9UOGO-WTHZZ-9KEIW,None
BR2DE-KAWJE-H1VNT-WLO0W,None
68V7M-FGDRW-S7YOR-G2R7E,None
T5X54-QL55P-UU2AG-ETGHB,None
VGIBH-6P9BR-RQNJE-KJZHE,None
NPEJF-XODOZ-1EX2Z-7KOYK,None
CSB39-BBJZU-X7QQK-TZX2E,None
44OMQ-HL6NK-AZUAE-4UWOC,None
EYICQ-FYCUR-RNN6D-WJG15,None
5KMRM-GDBUE-GGPPI-XFWU3,None
EXQGA-X6LDS-WTYVJ-G4REQ,None
SEPJP-U1398-EVEZU-RZB2S,None
HZTCG-JOCRR-DQ4WZ-FDWJD,None
CJOJS-JR4HT-NPPGY-PDKI2,None
CWCII-HALIM-TYORK-KR0XG,None
WFXZC-A4C8C-YILTN-W59NE,None
MC9RR-YL1UZ-AJPIA-BNVYK,None
BJEDD-ZNC1Z-8JO98-OI4WK,None
7CFY8-EXICZ-6B3DJ-SIM34,None
IJA4N-FRUGU-HTJEV-HFDCW,None
ODMEX-DOQPI-VZDUN-QFTZQ,None
YO8IT-AL8PP-JYRND-RZLPC,None
IKXBM-XLREH-H8F90-QMINI,None
CMQPY-XBJ9R-XA7AO-O46CH,None
HWNIA-XFHQZ-0RKN8-HT3X0,None
FA3LR-INUMI-F3JVX-VV2IM,None
QZOUW-LTEY9-EYAQO-2YHFQ,None
W5EXK-1YSLK-GFGB5-DAOF2,None
MZLED-Y5A5C-JOAJZ-6KBJY,None
YBXFW-7KG2Q-S1SMX-2GC8V,None
LQGQ6-TZGEO-E1KA1-1LMFX,None
RXN5B-9SCBB-PGQCC-67FH8,None
RNCCU-EATNY-7SJ6Q-8FC0E,None
DGDCV-OJ6SF-XTACU-A6IAV,None
FGTDL-UJOEL-XMWQA-SNJ2R,None
BMYPC-7LRJ7-HPBOL-N6VVR,None
7V50M-NK07W-43OWQ-THQN3,None
YQTRH-RJEGM-SLIS4-U9YDX,None
YITXK-0RPMD-33HTF-WK5U9,None
XXUXM-FYQAJ-IDYFC-IWUX9,None
3YTUQ-EKMRI-0ESV0-ROK18,None
IXXTK-YQG9N-38OVR-JKMAD,None
JFEI9-S10I0-NEH7W-V2DQ1,None
SXRNN-74JLJ-FWUSK-OKLCJ,None
DTBME-LMAVX-ZGH0D-XCY0O,None
HALXQ-ENEUF-UNA38-ECCED,None
ZZVQI-CDBCL-O06HM-J6OG4,None
0HM3M-TAI9E-UBZRP-XXJ1W,None
YOYDR-J7A2J-NG3Z2-LUOKS,None
Q2VVH-TSUKY-7XUBJ-MO5BC,None
PD2OZ-BWOSJ-OTFIS-0WDLE,None
RZE2E-J6M5B-VRN7U-XDE01,None
2CITO-ZOEV3-KQIM2-Q2B0V,None
2ECWV-BQ9RR-TAAN3-G251I,None
ORRPH-TXMIP-ZJKCA-SZIFU,None
FRIKZ-4YLLS-HWU0K-AXSCK,None
D4W3J-YEH5M-MVATT-EDAFY,None
4MIKP-SOFTD-BUELC-RGWZG,None
BKTF0-NYGFT-SSPI2-NJIBT,None
3ERR2-6YGDW-YDJAG-4FHVT,None
K6TBW-A2Y5O-REABG-I9CSP,None
E54E1-6QUMV-MEAEH-AKTSB,None
OU6GC-CXGGM-YYZGZ-E1J60,None
UZMDM-N36V7-ZFT8G-HKAFS,None
YI6IN-N5IME-9OSNM-UJ4OE,None
WXKHJ-ERTAF-OOBSX-VYDFO,None
ZXLQX-OUVM4-XB3CF-ZIFRO,None
N8CLB-SQUBA-SGGTR-XWZ7D,None
CPHC7-VRUPB-XO8F8-EQP6J,None
XWGBN-G9MOX-SVWZD-66ENW,None
J7RJM-PZUJJ-HHSCF-H80LI,None
URZXJ-ORXU1-HVWDV-SIQFD,None
9OVN4-5CVJS-YFW97-EZOXA,None
87UYP-2FT2W-CFU6F-CTMLX,None
FFSYB-RDV4E-BR5XM-7UT3E,None
2ZS5P-WWUZE-L7Y1W-IFSRK,None
0LJHX-8YYXD-RKASW-NC6EW,None
GE5VK-LDOYT-SS7ID-FFA9T,None
CHUGG-8OZPH-WW9JA-QQDBC,None
VA8KH-LJZLK-JFQCD-C0Z3Z,None
OCX4Y-Y3PHF-YCLMB-9LL9N,None
B8DQ5-XAVN1-HUF3V-6TNSU,None
GZZNU-LNUU2-V9LFO-FEERB,None
ZQNCH-GRMX3-URTZR-KYHDY,None
NL3EL-HDBZ2-LSJFH-SJFX2,None
68J3T-TDFET-JVCMQ-MZYDK,None
ETH0V-JGET4-RGS5O-JOJVW,None
SD8LX-RCIOX-JSZBV-YWTEZ,None
80YBW-CDWVW-76WHI-AHO4L,None
BMQ4D-9IPU6-D2J3Z-SOSXW,None
ZFHNR-50EBS-K7HWW-GSVMV,None
LN4G9-TU8DP-24LX2-IBVNV,None
RR1SP-2JGG8-7E7YP-YW8YP,None
7EQWY-XAVKE-C2N2L-X23LB,None
OUJES-LXPRM-KVNN1-LTCK6,None
O1YY9-DGZ94-W4YE6-A9HDY,None
YZRVV-3DKM1-R3P1W-4LW0L,None
3J9CQ-ZT2NS-55YMQ-DKDWG,None
RZ2XI-T81DZ-UPD99-KTTDP,None
7OF8D-DR8RU-N1AIO-ECK4I,None
IOKW8-DJXCQ-B9QJ6-6KSGB,None
XTXPP-1FUV3-TFQLP-DIYSK,None
LLERX-U2R9E-BHZKE-MBNQD,None
APWY6-Q2XVB-6GWLL-6P663,None
KK1WH-C0GWB-QLUKC-X9KNO,None
0KD1U-RHPD1-7BPYF-XWMHQ,None
DB1TO-AXDVY-I468F-YLFCH,None
RD2UV-Z2XJD-UGIVT-L7M4D,None
5VZW4-SP8C9-DPHXS-DAY94,None
SF89S-JPEIA-DDV4E-VLXAK,None
3BUVL-9M8F6-MEFOF-538WQ,None
E2LEI-NIQQI-NNWZ7-TGKGQ,None
IKSI6-HMGAB-RQMCF-UJACG,None
KOFLI-LUHHP-6DZRY-CSU2Q,None
HFI6D-ZWGFS-KSQ6Y-ROIBD,None
JO0QL-ZSEU9-HB6DA-WW2HE,None
HDB2X-TAHF2-9WQGG-QHLKU,None
OESHV-BOMIP-SZPMZ-EGYTV,None
QQO4C-H1PIW-7CHJZ-IHNB4,None
MASFT-S7WYO-KMODT-QKMWA,None
JWDJD-WZAVN-KGJZB-PKR8B,None
PKPUW-BU0B1-YHPVW-YO6YQ,None
W9OME-G7GMC-WSWCK-RCJML,None
JQQPX-BO0VX-8VQVC-3P0KV,None
9PIYD-IDKJW-OH9NF-NPDER,None
UXGY2-MVKED-SM5ZE-HLQJG,None
FJOKQ-VVV80-UTTET-K89CL,None
XJJGD-GQ1IQ-CRBU9-OJYTT,None
1V81F-A4OYP-EN8VZ-9BF2I,None
JTRUP-PWDM2-WBBNC-INMOT,None
QNBJ8-TCTJH-GMA0T-LAJU9,None
SVH9K-BCEIF-0EDEY-NE26H,None
KP2AO-1C8FW-XMILX-8XZDP,None
XE2QP-FIABF-NNSYA-FC9N0,None
H40FA-FFXPO-HPDYU-2EPL5,None
DS4FI-PJHWV-VKYYK-PJDTL,None
E7ZZJ-ZSGCH-LFZPV-GWCKM,None
WMRFR-B9FPS-FQYYM-IK9FO,None
VAWTR-IQCD0-OIIVS-PQCYZ,None
VOOOW-NSF5B-I5LSC-CFSOK,None
Z4PBB-7BQHT-KFDL3-NJ7EX,None
GNQ8T-UQVAU-VB1CJ-2XZHR,None
PFCE1-TBNOX-WQ4IC-PIBKF,None
VIQ6L-0IEWO-AHZIL-QRQV8,None
SMLTS-YBP6A-P0KNC-LCI05,None
5HLXW-0IXYH-DZIYW-TDA9V,None
YI9VI-ZOPNV-XCXSG-878VZ,None
BOLXQ-PB80W-2YHOH-FUG06,None
OVFHM-ITN0R-SCH9Q-OFHXL,None
DJQX5-AHNY6-JCTMM-VSVCL,None
PGOVW-OMZCY-9DQHK-LQTCP,None
JHCMO-DTKBN-QKZSX-FUPQE,None
AJRG8-IVIOE-0ZNWD-62KIR,None
HGCPW-MCORR-77ZVE-NGG4F,None
O8EWJ-TN6Y2-XZFC5-2TNPR,None
67QZ0-0HJZ9-XV69B-VEJFI,None
GL5S2-NNPEN-UPAMV-Q6042,None
QUJ4A-OYNWB-NXS4D-IWJZF,None
HBBLP-VMRWN-GFGON-K77RT,None
IK41Z-J6NFE-2WWPK-IONFL,None
UCFZL-YPJLN-4RLWG-KKPVE,None
ELLRK-VTMPH-ERIYJ-BI7D0,None
BVLSJ-OUZJY-BRR2N-2M3XX,None
ZR2RH-FUETT-YOLA4-PQ2S3,None
WVL8R-WZTSD-BH4SI-QD9K1,None
SPRX5-KIJ7E-MOJBY-TABBG,None
A6YX2-FWHJF-8PF6P-HWYW0,None
XSY8M-1TLC5-JPZ9O-KHJ0P,None
VSIU0-WROES-LA9SC-WZOJZ,None
LKTIU-JDUZD-DTFP8-LNHWZ,None
WGN7I-TYHTE-VCONK-KKLPO,None
9SG4T-TA5EY-YXTJF-I3EV3,None
65T48-END1H-JFKYF-KHPOW,None
7XRK3-XRC56-VA5OP-59KUV,None
UKI6F-YVUVQ-LQQWQ-ZCWBL,None
S2GDN-ZZPK2-KCYHL-OFOFT,None
HBYPF-04UVV-N9Q6I-MM1VC,None
MR5X8-IZRPY-APAC6-G5LZE,None
AU9WV-PSMGG-UTVXO-2BYTX,None
1JEVS-YMGHZ-QWBS8-HIL9W,None
CHLGL-WKUP7-HNYYS-0B2CE,None
JPYEE-6XDBA-CO4C5-RHA39,None
X3MEB-AIK7Y-KMET2-AHMHR,None
F8YH5-ZRRKV-9HUSF-XP7HA,None
QC5YR-4HVYA-A33L5-C27KB,None
XVZN8-2RJJM-FCMIF-VBW3L,None
4EQ46-G9L7X-G3AFK-ZEMS9,None
JSNX5-E8W1Z-LQ7YP-JSVVF,None
UZ0PY-PCOLC-PLOQU-R0HPR,None
GP4MP-DMX01-9WMWE-V1RCV,None
ASW6O-U5HKU-TO8PW-405DV,None
FKRGN-IRN9X-CRTHV-JZSZW,None
RLI9Z-YTUW1-JXLQ2-8RIZI,None
WL3OW-C9XRZ-O1VAW-2RZOU,None
KDQB7-AZYKU-UIZK6-PTPRY,None
LOYOZ-LGDPH-44X9D-PPFXO,None
H9PUJ-9DECO-REPUU-QOHTX,None
QST8U-S9CN2-RTSOM-TE11E,None
YFO1L-PUBDP-VABPY-XIAIC,None
XBYTY-9OKQ0-9H1BS-ZNJWJ,None
FGDYX-HMJKB-5FCEQ-TKVYI,None
ANJPE-0Y5Q6-PTLTV-1LJQE,None
KTLIO-Z4YS1-HH9MM-JBQSO,None
TQ7WX-CWQ2D-E9BOA-XGEVY,None
SDWF9-DQOVG-C1XDW-5SESF,None
OBIUL-7WMFC-KXSDH-FXZL2,None
ARLPH-QVVP8-EQZPQ-CZKRU,None
PPAHJ-SXJL5-WTMYQ-4HS3H,None
HUVTC-WCXNM-OXDQZ-Z7YBW,None
KUN5V-QJHS6-UFYRA-JXJ8Y,None
AJ3YD-THHQN-ANU9V-2QCPX,None
QMMBU-DUUIJ-DVIZU-NIAMN,None
ZL7YP-6JDPI-WFJPY-UWUPY,None
3HMXC-6PWYJ-BOK0A-OJW2W,None
9RGW6-9E50B-96SIC-OA51P,None
BHQN7-8NL0S-QOKAK-LOLMW,None
7GWMA-IZMIL-GU5IW-SOJEF,None
NYOMW-FQ8JA-9GVEW-ICI5H,None
8MS4K-Q28U2-DCRVP-DXCBS,None
NIJS2-ACCF6-L6FIM-Y06NR,None
ISHP0-VWNOM-JP7VO-DE0LO,None
8RLCS-DTVNK-DBHBL-CM0E3,None
8QFPJ-MW0GR-VI1IO-TWI6O,None
HNM1L-FXQPO-9XAKO-34RZS,None
IBFAF-AY5TI-AWFHT-O24DM,None
TTFEK-XKROC-JH0KB-IULCF,None
KRCTH-OJGRZ-3GQBG-XFQ8X,None
IMGRD-UBPY4-BSX4K-KTLIX,None
YE3GO-O3JLP-GJGDF-LDOBP,None
RG0B6-GTCTF-PQYES-AZ1RQ,None
BUDQF-2IOC3-MG51A-VUASW,None
SYNYE-3JAGE-27WIZ-ZAVLP,None
XBLGR-JHRNL-I7Z5G-CHXG8,None
BWIQS-I1XZF-RCZ2C-HRQGX,None
YDWNQ-ZJAQ5-OBDZU-KO7BX,None
I18YT-5QIOD-AOCZ8-HRTHK,None
YN6RT-LZTHG-MVA32-Q5FC9,None
E0DB9-M372A-U9YWC-NMOZF,None
LUWHA-U5C76-CPRWN-JWCZ3,None
YCDCX-HGNEZ-UONLS-OVD12,None
L4DDN-CUF5S-GZCQV-H0Y9K,None
NCFO3-VVOBC-2MPUN-LVPIG,None
BJHIZ-WVDZT-FEL3A-G8BBA,None
E644C-JRF4F-YSEMD-4TFJS,None
UQNWR-UHRRF-WZRLL-ZGVQ8,None
YNACQ-NRU9U-YU7XK-SEC0C,None
FXBFR-I8VLI-8XOSL-RLO7P,None
XCDBY-TKZOY-DFJJZ-K4L7J,None
JEJS0-IRTG2-REC0B-IMTPN,None
XJ8ZR-FBAEA-H2IU9-KFZIV,None
5UGEN-CNZSW-EDOZY-P3S6F,None
C6HN6-N3OZ5-YJWWD-PUBTN,None
XDH7U-ECU8O-D9UUG-KFFI9,None
DTGQG-1LTP6-NBU8V-HHISG,None
ZEMR2-FL2O8-YIL7S-3DJO0,None
ZCXPP-ZL1EJ-GRERY-IPLGK,None
9JU1S-G8TOW-DWFEZ-CUORW,None
SEXPV-46U7B-S779U-XBVM9,None
KZQPD-FUQ2X-I9RKT-RWF9N,None
EUNFA-SI3LB-5PRLH-ZAFLC,None
KYHCX-QAE4R-R4H1E-TVJSM,None
CI4PS-P9P5R-LZHZ8-HSZQY,None
1GQAB-BHBPV-22YRB-Y9VDU,None
C9UTX-SAVTH-E2PM3-XIIAL,None
78ENL-DSZMC-C1TLE-LG6VR,None
DDY0S-O5GW5-TKSSU-HT5XL,None
VDGB0-1OZXA-MFSSW-L1LMG,None
0HD7I-GHWGS-NOBFG-7KRBS,None
1WVNR-RUC55-GEPCM-I7Z8G,None
3OZWS-9KLNX-BIMO5-7ATV5,None
KLDUB-VEHQS-75MJB-XG3UW,None
93CFS-ARZIT-SXBNG-JKCKB,None
MT8XN-K7PFY-NH3CW-JEN29,None
BIZBJ-JTVWT-6PO80-2CMTU,None
9SABA-KKGOK-CQ2VX-6JPID,None
SUOGJ-1DW52-7HDRW-ZN8FF,None
T47MF-E00KM-PUPHV-G4GTO,None
AY0BH-EE05A-TQEGX-CMV0Y,None
XU189-AIUXA-MLVDE-AYSNT,None
2B9MI-QROU7-MWXYD-URQMT,None
UXGCD-RERGY-MPP3Y-8JBOR,None
D43RW-R5D5W-62OUD-CNVEB,None
RDMMX-EWXCX-FKEAB-VFEBT,None
LNVXR-YMAUR-WE6AS-J4HAW,None
QPNTT-LKSSN-WAGHF-QMMLS,None
IBRYW-Z7R0B-HQ9R4-8OYS3,None
BMDOL-O3RCH-MHBDT-RIAQV,None
FPK1O-HPVET-VWYJT-RQJN6,None
QCIBL-42BH4-LGNHJ-PJQIQ,None
DVQNB-2ZJAT-WH2KE-KYVLW,None
DRIWA-ODOVK-6QLAY-CYJB8,None
XECGM-CLSJO-LB5KI-WW416,None
XOOJK-VZIKU-NOYCK-ERWGX,None
LK6AU-8YLWC-5AMOZ-MEWNR,None
FNBUX-HJQYQ-F4QJY-UDS2U,None
TIQAS-3246N-TLBU0-JXIAX,None
M4OJL-RZD7F-NI1C6-HL9AC,None
47HUO-KNPRI-UR8XM-AJ5KX,None
ZVI1J-N0ERJ-ZCJFK-B3SSD,None
A00IY-FYEPW-URRYV-VRI31,None
M8GCW-YXPWV-NIKPQ-JBPFS,None
F4DRO-PHDNL-ACFHB-T7DP9,None
U6CAR-PRH93-AVPSD-KKGNW,None
4ET2F-N4AJC-IRMQU-I8FSB,None
GAHAO-HNV6Q-JGDUZ-OK0ZW,None
S2FZR-TMJ6O-YOQ97-MUJAZ,None
J9979-J386D-TUSGS-7MXC7,None
DODGE-NOFLK-O4QKC-8I1PZ,None
DLORM-AUGPJ-NAUEU-GFMQ8,None
XF6PY-XJQGG-4PM0Q-DM2N9,None
YAY0L-GLUYJ-LSLES-QC61N,None
168J5-Y3NAF-8XUCP-JWNWJ,None
KYXJB-TDODE-G457N-WDP47,None
BLVT5-T6UIZ-N5S15-0ZO7A,None
BYD3T-GGN5K-1DEQM-NYFZ7,None
18SNG-7G69S-SYRK1-35NQ0,None
QXW0W-L9QZ9-FQFMQ-GGY2H,None
IBRFQ-Q3ZZI-E6RLA-LYYRV,None
NYDRO-WL7X9-L15D2-6CYNH,None
FBJAX-C9VLH-23VAM-EXLL9,None
HLID2-8SJKC-9APMB-V661Q,None
CWPII-PQWVV-84NGN-4ALXC,None
R7MJY-E93SE-TDU5G-CXPUP,None
ZMWCM-O1XUB-AUCJX-KS6GQ,None
DM4YS-GUCTC-FNBJ7-R7UMZ,None
V3V7P-YJFLD-ZPHYQ-KCPTJ,None
NAFPR-RT5EY-L0RD4-1UH66,None
YQASH-YJEHY-2KWHN-H9WPW,None
BM2LK-RLEVC-D1CHO-PNSQB,None
UWMBX-EHN7S-RJ19R-OTR7P,None
7MW6F-U34KH-RMDCE-DSEM4,None
JJIJJ-S6JAG-OBLW8-LL3WO,None
ZOTU3-4MMVU-PBPEE-UGXTM,None
HTFJT-7FJXC-FLPPY-ZKUZK,None
WUKCE-RU624-RELOP-AZC1Q,None
TFR6P-IZJFZ-DWXVY-8UC49,None
COKAW-ZQRUZ-7POV7-CUOXK,None
1SPAM-V2X3V-VVVOK-IRHQE,None
WIN4U-KROU7-R2YQW-U1QCH,None
AKBH5-REX3H-WBKQ6-YM38Z,None
YDUNN-GZ4S1-VZYMF-1JVBY,None
N0NWG-XPIO9-3ZRGF-EYWN0,None
HIL4S-SCXLJ-0AWGO-NGQP2,None
DPIUB-PXC3B-21HSL-UPGQY,None
BOLJX-OPAMQ-WYFA1-XJDAX,None
UTXXL-CNXS3-JYXJ9-CNS73,None
OX62M-OHAH5-XHNTQ-OBLDY,None
YIWVC-JF0SU-NYEG8-VLWZB,None
UO0RH-4EN7I-GGYZE-JIEPG,None
5B0AK-TQKDT-LOITO-UY3FM,None
EUMWV-HZWB5-BCNDI-CHIRT,None
WOVYH-EESOA-6JPTL-0QUE1,None
LDLPL-7JYW2-AZIAX-VUMHZ,None
DTS9N-XOXPF-AVA0S-C4ZS7,None
2IFAI-E4YVA-TZ9M9-PUNIF,None
4NGT2-8LSOH-YX4JK-GXMBN,None
DC3CN-LVKW2-ICHYT-XOKUH,None
S2KIZ-EXZG6-GL4BX-4MKCX,None
ZXZXT-XE2EX-UYC93-Y9JQL,None
ZE6Q5-VLHMX-YE4AD-6HZRJ,None
KCFEG-BEC29-AK02P-W4FQP,None
9OVRY-G1Q7N-8CYE6-XALMT,None
WS9DC-SFIEZ-WN1OC-8IQYH,None
LNX5L-NQWGX-UEGEH-LOKZF,None
KUISU-CIIAB-MQISX-LAD3K,None
ZJXVC-F687O-PUNXO-IO8O0,None
L9DCX-6IAZY-T1YTK-Y6F8I,None
IVOGQ-KEQJG-MLQLM-6NQAK,None
ZFP9U-X6TBD-9HPOZ-T7QEV,None
89WKH-P8VHT-OMNGR-HDZHC,None
WD4KR-A1L1X-32AFL-WQUHS,None
CPYIE-5DA0F-XTLNA-NF3Z3,None
LI4QG-B5YNY-HNZDC-1TPWO,None
YRA15-3KFEC-0CW8I-18USN,None
UHJTR-AHPXM-JAR7N-JGKYX,None
2UD6J-VL9U6-NLG8A-RQT2W,None
P9EEQ-QVXXE-ISZ55-VGMUH,None
K9ZPN-2AFAS-VJ1GX-OQUFS,None
WQRYY-0BVFD-XC1NE-9K30Z,None
X0UCX-KPKEE-OLSZ0-N1H52,None
0NU2C-TVZZG-VSNGA-XYSMZ,None
X2QAW-XFUC0-DIOLY-FTFJW,None
IN5HQ-WHPHL-PFSWO-GVKIU,None
QHGAZ-4XVEL-NWKQV-DXB5X,None
THQ8P-UCOFC-LS6WQ-YYMH4,None
NCCOZ-E5381-DRFQ1-1HMOZ,None
QNQGX-36ZR0-AXCDE-ST0V9,None
0AEJS-9FXW8-G1UOL-UDGAN,None
31ZGM-XFTI5-KBQML-FHUQU,None
BG7AT-33IHI-HKLSF-RXVPJ,None
VRYQX-FXTWT-67LOY-IZQ0M,None
PYEVF-GGR21-RCAG5-VKWY0,None
MKH1K-ROLXI-MK02X-XW3DJ,None
LWF4Y-LPYQ6-BOV41-FBLSS,None
T3IVN-JKBCC-EBAPY-LHOEF,None
KBXZG-MFSOC-LPNJY-W4E1Z,None
YAWWU-MCF9Q-IXSI3-OR8Z6,None
MGGEN-XGXI1-YXLYH-J3ICP,None
NLCJO-CDFN5-VYVWH-4CZ85,None
YHZVX-WGXW8-ARQP3-84BFS,None
TZGRZ-I7DVD-XK7G6-E4JZI,None
Z6VCA-HYSX5-DQZBB-ID7TE,None
SYB4E-ORURJ-4PXFV-VBH7B,None
PICCZ-CI5PH-LTSUM-9QCTA,None
AXJK5-CTYII-0NXBS-B7IWT,None
OLQRU-1VMAE-NZLZH-XYAUY,None
DWSWZ-MG989-DX4IM-6Q7AS,None
QULTD-6BTYD-GAQWZ-XA5XO,None
XBFE2-LA7JY-JZ1FF-NYG4B,None
PIPUY-QFSX0-PTWFQ-IVQY1,None
HHJGS-ZYTXN-AX4BF-UJ8QA,None
TJA1N-LGTQZ-IMJYO-2GOSY,None
4ZJG2-4XCFW-PTLFB-ZHTSA,None
8WABV-GGAPW-ZTWK9-OE67V,None
ZLCNL-U3MRL-JOSNW-ON6QO,None
DXQRI-13WMI-5NF8F-Y6S8P,None
Y6OBJ-PJZAH-TTERY-UIBHD,None
VJHFO-9PTDY-ZC1BO-WJCJQ,None
FAN9V-68NSC-AEZI0-YIN95,None
E4ZPZ-9WC7Z-ZW2KR-JTA2S,None
TPPES-GZDMT-Z4HN0-QZ5JC,None
QVNCN-PLEBR-FJU0P-HUV9V,None
2PGN5-I2XG6-XAF29-OOOSL,None
HMI5K-CZRIF-8Z4CN-PZWTB,None
HDA7W-M02RY-OBY3F-K1JLR,None
XEGQR-AJBCG-RENWT-LOQZT,None
DE5KA-ZBQVC-DFNF5-03CKU,None
RL05K-CDV3G-BH8I1-JB7LQ,None
JYFG8-GJTEE-AP1BN-EKCQD,None
NX9TM-PQDK7-TBJ2C-TKKMH,None
TCHSB-F6LIC-K70YU-PTWTG,None
AFWIH-ZRRTL-6HURL-JHQAT,None
V1M3S-KHPO8-7AWMB-DVKO6,None
OSEAL-TN425-RKT5Y-VSMMZ,None
IFCY5-J7HE5-7ONNQ-QMVML,None
CABQL-YQKY2-UDBXD-A8TGE,None
PBLWH-XIMAL-R4SF7-03YCL,None
EKIMN-LHXTO-XY7DQ-V7FUY,None
8PUH2-0R4KW-FKPKF-OTWK6,None
SLAPA-M9BUM-TWPIH-UP6IA,None
PQ30N-S2YPD-ZHTD3-7H9TM,None
HCUBF-DBMPG-KKJUN-ZJIRE,None
UPRXI-ADNUF-6WYHY-3WJID,None
IT9W0-IB2IM-GHMHB-HXDCC,None
NCPA1-XHUOH-IRYDR-BAXXT,None
XYHOO-0O2YB-NYZRI-OTT6P,None
FHOCW-2OQ5P-TNIX7-LXURH,None
H5OBF-HBYBJ-OIHZG-XIMJ5,None
36RYK-BD9KE-GLSM3-QQD4E,None
PHPAU-KJNNO-Q9LNT-5ASOC,None
YFDF6-H4FO8-BWQKO-TX11U,None
TRE3J-2YURJ-GM3SX-TFC2V,None
OHM7S-Y8WZS-NDECT-IIWA0,None
XG0WO-PSDV5-YC5C0-MYIKR,None
XPEXU-UVVXZ-DAL7U-I6BEO,None
OPMCS-IROIC-ADTZE-SOC9J,None
ZZQ7Z-CNR7Y-64Q8J-TR2UT,None
FEXHJ-EAXVS-JIZCV-NGTBB,None
JWLMV-A1J5I-NL2CE-OKKEX,None
AMAHJ-VMHI0-4RDIH-OJ5CV,None
XIHLG-AVI9T-JRP78-VDA0Y,None
4MJFT-ONA5T-6TAMX-QLWMA,None
8M95Z-6QTZB-DXRU0-IVEBT,None
RRALF-C3ILN-JXGIZ-VSLDF,None
LPQMQ-K1JIY-W98EE-L7S8P,None
8GLQ3-LLXVS-X12HW-LGAR7,None
ZLBYQ-EZP12-CWK8A-KAIMM,None
DCPMG-B9PAR-LNSJM-FSLRG,None
JWHJ5-CVHQS-8RIE9-O1LT5,None
CFTLZ-LWV5G-NI17E-GRXF6,None
X6NI0-AGGNB-L1N4D-BURCJ,None
DE7XZ-FOGGW-OUKBS-OD3TR,None
T6KMG-A7XKJ-4KXQS-OLTU9,None
OU0RU-QECCO-ZWXUA-XGXWI,None
OT2XJ-GC9T1-0G5ES-CYJCR,None
09AGK-PWITQ-I8YNT-AAGBC,None
BU4TO-U5GWX-DGWXY-HEOQA,None
CCLEJ-ABKPH-3EDTC-6PD13,None
Y8QTM-SWVOX-CMU21-3B7KN,None
1WCWE-FHYWC-FF1TE-VEJJK,None
JGJKX-OHKOZ-R0CBQ-6O8SY,None
ICAKV-RTEYZ-LLA1C-2ZADN,None
PLDVI-ZGJML-G72PH-ZHFYI,None
G0OKV-XLPOH-9AMZA-IFDSK,None
H4Z5A-RYY7K-EVVTO-QZ1JU,None
NF1RH-RQQLJ-CU39G-4CJPW,None
M8SAN-FSABV-UQSSU-WONIP,None
NLD0O-LHE8C-P8O0Z-P1XNT,None
WMR4H-454ZZ-TOEY7-QFNWX,None
W7NLB-KKCEO-IHAX5-MBPQ6,None
YILGM-0O7X3-OYYCE-MR09S,None
PXY0K-N00MG-5YYDF-MWWUF,None
SL6ZQ-COB40-IFE9S-IEZ64,None
WBGME-UHX2M-ABTZR-3A0CF,None
FJUBR-SVQMW-GKUGV-G165U,None
D3BQ4-5ZYXX-EBGXL-DE7N6,None
DUBI4-LLNZO-JLPWY-APB0K,None
YM9IL-PUBU2-FEDLA-NVMTL,None
JB0X2-VDBN0-CKEAH-XOKCP,None
PMJ8G-MZCRR-G8UXT-TPGLB,None
HKLXB-HAFSP-YBLGZ-ITHRT,None
1KGUG-LAYEC-WO9CO-UMCEQ,None
ZXT1F-7PESH-YVIFP-ZQVTT,None
ZCMYH-6SOWE-VIHYT-OP63X,None
IUXT6-ZMKUP-TGW25-UUZDV,None
CZVS4-9QVOY-Z60Y0-1VEAK,None
W6BLV-ZTSAB-TXFCC-BFYLI,None
VQEHO-OO0PW-K9455-N6MNP,None
H7MLV-KXLPZ-W2MXC-JZP8Q,None
0C8JJ-DA6TD-RYRMI-9OMNI,None
PYRYP-USBVX-VNK2R-SGHTI,None
WAPCV-K570W-FLDW4-B5TVQ,None
013CL-PH8A9-PNRWT-GFBNB,None
TMYQG-VUWXI-FKTUY-0HSXU,None
PQLHU-H5DQK-U5C70-L3O82,None
R2W8X-VK6MV-IAUZ5-BW7TU,None
R19CQ-TKFBE-0FIFG-TCNUD,None
5ZDIH-G1HRX-SHSWS-NE4NT,None
TMURZ-O5ZQC-FJ0ZH-ZEFJC,None
DEG0N-IQXJO-EIFXS-XJOPE,None
JJ8DR-2H7I4-MMQ4N-ACDM2,None
EFL4B-HMY98-P98R0-1L5P5,None
HUXQU-J0CXZ-LGPII-0XSJB,None
QCP0D-PQXVX-RJAI4-HPYR1,None
RK0FM-DXCLK-IS61D-PRUFF,None
FKC8K-PNG8K-QVXQK-UNMVD,None
EVEKB-G54T7-LYRS8-XNBU5,None
RJOCD-GDIP9-UZRMN-P0KS2,None
QXXAO-NLUTG-RXYUC-0FMIZ,None
3JJ20-5W2BT-NID7I-AAZA1,None
2GOKQ-TGGSL-Z3NHW-TOFPN,None
CUPDI-YYADS-0LGDH-HOIHA,None
DJVYY-VPSZX-BGANX-GBRDC,None
83UT0-YCNPD-9MTMI-0APOJ,None
6YXAI-YJUCH-IQNHH-5RGOB,None
F8YEC-FU5AT-GECZX-HY8GF,None
QOZHS-HEVW4-HXCDX-5TJCM,None
UABYR-RTMHY-39UVO-Q67GR,None
V7XQA-CDZIP-XSRUU-XBCJZ,None
QXWMD-AUI0U-QD8I5-JROFG,None
3WFOL-81NRK-RKCA1-NROKD,None
GDGQJ-EGPVR-SFZ16-AHIOR,None
H57RQ-LVYR4-542HG-SY1Q1,None
LSDRO-IVCVA-JM5FR-BJSCI,None
XXFHJ-X7WLK-2TSJM-NZDMP,None
34MD5-ZRX6C-L7DGI-SJMIP,None
4EB8Z-4WL2R-YPQTR-XAYRD,None
LU9GD-1B1ZS-AJU9N-QN4UF,None
RMOBB-BHCV6-ELHJD-XSETB,None
TXKNH-X6P06-TSBPX-CYRAK,None
1VDYT-2JXP2-V0MW4-87X2E,None
YRH1T-2NUQX-XJV9O-PYP9X,None
YCFS5-Y2MXM-S91XS-35ESH,None
49COE-ZINIU-8XRS9-CYVWO,None
JINZJ-HITHS-I5UPS-IQRBH,None
IETGJ-PB2WF-GS7FU-SYPXM,None
QVDOZ-8BCEF-PBSYH-BM6QU,None
SLCZT-PKTC8-RHFDV-ZU5PC,None
5UEF6-UOSMZ-TRPG2-ASNNA,None
GURZR-BGOHV-N0HLI-WSDNX,None
CWHWS-BYJCP-POEZE-A1AM5,None
YJBMI-KL3QD-WXPDB-IHBXK,None
9AEDJ-LM1IH-RD4OU-SCCAU,None
UMISO-ZTFCD-A9RN3-UN7MB,None
PC0HT-FL72W-TBJLX-CNFBN,None
G65GG-MIGKX-Z7FND-WHOIB,None
SI7DV-HBJJV-2A2TH-OBDXD,None
8HNUR-6PHA6-LRXQH-66AO5,None
G5VKR-QKUSI-PR25C-2RKEV,None
SGAOI-VSSLO-TCNIN-ZQOEH,None
DLFUK-EOWJO-MLDHB-1OKBT,None
SGHBK-KFGBC-TQCQD-KIOUL,None
XVFPM-6LAEZ-RIQTG-RNKDB,None
GR3NL-EQFWH-ZHWAX-8BVRH,None
CLQKK-V0GIS-R11GO-PKOU0,None
ICZ94-SBMVK-XJWOH-RLFDC,None
NBXFS-FN4JL-P7WEO-PSSGT,None
D1CNJ-VQOZA-5KBKR-RHZQN,None
2PUGK-BEBOB-COYIQ-GTWRL,None
YPADQ-GWGFZ-8UM3S-GUKBA,None
ACRZD-LI0O4-VQ1IM-RTI9Y,None
LL0EK-G7QIX-2M5PL-7DF9N,None
PYGPD-HMOSC-NJLEG-8XNED,None
OUNO3-LQKY8-VVVMJ-C5B9A,None
YFWPH-B6NHU-JLRSY-EXVSO,None
P4H4D-9SSB9-VHMLQ-GBNK6,None
MBRP6-IUSWY-URVFK-TBMMX,None
FWOJO-07GC2-TF1U6-KFSNN,None
IPYNR-SG8AR-U1RA9-PNTAC,None
JTPGN-RUMTZ-HEAYC-HYDX9,None
WUDEK-LNNOK-CIVAK-F2SM7,None
YCIAL-MUGEK-FN0ZT-SDHIC,None
YFVTK-7PVHU-BVDVR-2DS8M,None
89KGR-QYPW2-SHMYG-GQF8L,None
OLICN-TCCKW-12X0F-QV9SM,None
TBIPO-3VJ5W-1FJ10-GR0WI,None
LGVMM-FFLAM-CJMUS-ZYLR0,None
GT3IP-W9GAK-ZISBE-PJHLI,None
RMP0V-W4OAZ-QULHJ-5EPU1,None
W86PM-DG5RU-ZKD8H-3MFRP,None
IYLKG-HBZDB-LOM9J-BQ1E0,None
8MSEL-RBQXV-XSJ3E-SNA28,None
IEJSA-DZJEP-0RJA6-6CUHF,None
LNHUH-GIBSD-TAXIG-L6CJB,None
U8SVZ-3D6ET-D4DMR-PKF17,None
QD3TV-LQILH-PA99A-79ZFW,None
I6AJB-JZJWK-9PWUY-OOHYY,None
F8YGY-TZPJH-7OBCI-CVHKL,None
9UVCY-HWZG6-NGLVH-YW6MS,None
QNNGZ-LLNAX-ROV2Z-GQ6QE,None
TTUYH-03IM1-O6IYU-GORDY,None
MA1VV-GYIFB-ZZNKN-EQAGX,None
ZSMFH-MVAWW-HIMTE-B8V43,None
EYHYM-CBV7N-LCBLL-OBH2A,None
OPMVF-QCE2P-TQGX8-4WWFF,None
DCLUC-HU4XG-EMDU9-5KINE,None
GSPFO-4XZAQ-U2YKP-RPJE6,None
QMUCF-O5QNA-AJJNG-L711D,None
5YQHQ-5J0OD-GEEDS-GQWTD,None
I0ZHQ-9RFTH-HUCGV-KAR3W,None
R40P3-XEJXK-UP4R8-BUTU5,None
ZKPJD-PLKMP-IRKE8-DENQ5,None
9VFEP-DKBV1-YZHPZ-1ASHI,None
FAKRI-SWWLE-BEUTL-4MVQX,None
GNVX1-X3ZEB-ELA0C-ZSAOS,None
AWUJ7-CBYX4-QCG1W-KBWYW,None
9O1RB-IGUAC-40OIE-M8G43,None
FPFRP-Z4ASQ-QRWFY-3D6HE,None
3YD7V-QFZJ3-KJ5FG-UFQ8Z,None
MPTL2-KBDAJ-OJL6N-78RUF,None
QT395-KOXH4-AGBQE-9RMRC,None
HR3UA-OWBHQ-JQGNU-C00BJ,None
ZF1LR-VZDHU-I9M0V-DIBHI,None
TBZET-LLWUK-P8R75-IFEIW,None
XJ1JU-MGALD-QZC3Y-HZXOV,None
GYWQ5-SLTMR-AYPU4-D5CYU,None
ICJEG-0IRKT-VKHMM-1NQ0K,None
6PYGB-ZMFCF-QT3PE-9RFSI,None
MM1M1-ET7ZU-I5DIX-0JB2O,None
IU19W-M2LTI-UFEHV-JODSB,None
ZJB6N-PEEZZ-7I3UH-HGTGV,None
ZTAAY-LNTLT-JLSAF-AXMDR,None
SZQBN-DWZ0J-G4XKC-VSQGR,None
HPBRU-RDPQA-XEAIK-CXVK0,None
E6YRR-N4U3M-VG8XB-GQI74,None
YMUKS-TPP3B-FNRWP-D4NNX,None
4T12L-7IFYT-KII1U-XGUZT,None
MG4YL-GED1G-AWTW5-TMJKF,None
AZEIP-UMUX3-AV7YN-IRWMP,None
BJCJY-URYDI-UI4G3-YKHZZ,None
HALYX-Z34GQ-QIK9U-BFOHN,None
HS9U4-X4NHS-7PSNS-SDXOC,None
KRR6B-6RVLS-SA62I-HMXBF,None
QCM80-6Y1C4-QC55G-KJIXT,None
BZWQV-IJJSR-ON1WQ-OSB6O,None
7EQQT-9NCY1-NO1BI-GW6ZG,None
7DCTA-USZUJ-WIUFN-OHBFN,None
SGZ5R-VFO0D-TLK80-NK1CG,None
SXHU8-JIT14-QZWEN-3ZFZQ,None
YEDPZ-HYHOG-KZAJ4-QOCFN,None
IGCQI-9RVOV-YIKNG-CFTXD,None
C7Q4U-KZODG-5XKSJ-D5UKD,None
IGVXX-LNMMK-HOZTP-C04X9,None
UUJYY-ZIC2K-XQKHS-AFUMB,None
JRBAJ-SUTVX-VZWJQ-QPXYA,None
D0YJC-VJW4Y-NLFNA-LKENP,None
XNV55-3CSIX-KA7MI-8O1CL,None
2ENIM-FAOP3-ZFNCS-QTI6N,None
GYVGA-5YIW6-VAUSN-ABWY5,None
ZMOIC-KNTKA-ZZ6YY-DFCJS,None
3WP7L-SYT9P-FTZPY-8RXIZ,None
MO65M-N0JMA-NUSWI-YBPUM,None
NAQNR-M6903-LG5YA-OVF76,None
0GLU7-OVFKQ-XVCLX-PZRJ4,None
Q7UFY-PWV0J-SUOKO-0FQNO,None
CFIM5-5M0IB-HULOL-ZDTZA,None
U7UX5-3PBBA-7D4QI-KU8B1,None
6Y4NG-SXARW-EDQ4Z-XEEHV,None
Q7CRN-CGFQH-9GWZU-3QO5Y,None
XVIKD-OUXMH-VTY0C-NBNUA,None
DYRXP-615MW-HWBNN-F7UNB,None
U1G7Q-IDK2W-2JYKS-T56SW,None
3IC4P-Y3RQG-HJKLJ-DUMPM,None
PYT8N-4FZM6-PEQNO-K7RWJ,None
UPM1H-IVYVB-ELE6K-ZE468,None
DDGNX-J6OED-DEZQU-MYSO6,None
WLMER-7AOCU-9GZS3-BPCID,None
OB3KP-NESFK-Z0ATV-HPGRC,None
EKX4M-8IURP-MJASI-PXB1K,None
Z3LZA-GQMPN-XHHW0-WQHVN,None
ANHMY-RZLMT-RJJTT-AXI8P,None
SIWDK-24P7Y-ONURD-JPVQ9,None
2KDRV-0JSSL-RU0MU-JWF2Z,None
2BOVY-RH4EF-PMQWX-ZLXEY,None
GRZ5A-MSTYI-S6CKI-WWWCI,None
SRZLY-HCJ5P-C0GVW-NBA2K,None
3VKVP-AVQ2B-MEKTJ-ZVXUR,None
5JNZ1-GR34L-I2IP2-2BBKU,None
1GLZO-ILCSN-40SUC-2QOCQ,None
BDWOG-EPIPV-X14GK-6H4JK,None
JBDNN-TPDVX-6AKWQ-KEOJ7,None
K6LQZ-UTWDX-WPDKO-9YNER,None
VMTQZ-Q2TLY-XJ4NX-SWUJI,None
2RUMR-R3C3P-IXQSH-SNCDG,None
QCHDW-MQJQA-WBNQE-IRRSO,None
GYUJX-S4MRI-ZVWLG-ERTP3,None
QKDQU-PQV3P-QAO5Q-4POWF,None
WKMKL-VL0Q3-T6ID7-NSZK8,None
JZHWA-0MQWW-I20IU-CSUMD,None
I5YQF-C8F5K-7YHB7-QCZGS,None
AVZKG-SNLYL-QOICZ-ILY3T,None
PWXDU-R37AO-KKUFQ-S56AH,None
HNE48-FVM1X-P0LXK-UIQVD,None
N5AG6-XKEZF-XEEYM-TXHBF,None
IDWIR-HVA6I-MPQW4-OZ88L,None
YHEPG-6JPOV-8DDRA-JNQ0V,None
TVYNQ-DFW7P-UTJA8-EKEY0,None
HKTHW-LG95X-YY1KO-B3TWD,None
LZJVQ-XJVHW-MIL3V-PUBR7,None
ZCQDG-QMUYE-IAWY2-1MZLC,None
RGYMA-WYICT-4VBOR-DNX6H,None
MW5RL-FB5CM-3PP3E-BZASD,None
XGXSD-8NJ3B-N9SNP-1IFQ4,None
4EOBZ-YBTSS-WLE2F-NCLRH,None
DR6OJ-EYPBA-ZM6DS-HWOYC,None
XTADB-DCEJD-MNUJ0-RQL0A,None
CLF1D-YXCC4-ZJZOL-2GSOY,None
QI2G5-8S8HV-3UAEK-IAHZP,None
7U5V0-DMLL7-GCOJU-8ICWK,None
RPMME-ZMPAH-66YWM-OCPCS,None
RA5NF-3DXXP-IN4IR-6QG8R,None
JWFFA-LNQSI-L0XCT-E2ICD,None
TCJIC-QZ592-890YG-CH09G,None
0SQ0T-B5S9C-I8EPB-RQ4DV,None
0WPKM-BH4EU-1ZSTW-UDOIJ,None
DXHPL-SKSMD-R7DHD-KBLBL,None
ZODLL-VN6IQ-X3SHL-JILMP,None
PORTZ-ANU8G-Q9WYW-IZXOZ,None
RB8EL-4AB1M-EBALM-NSRGB,None
LPPQF-GWU5I-JGAD3-LB1TE,None
UGFTZ-O2BLC-A3ZCK-WGRIC,None
QFULW-UEYQN-KGFBB-OYGHW,None
NBMOW-HRLR3-QXG88-UUQQ9,None
Q4UXO-IGF7X-HYS8T-O2IRR,None
NONWN-YNJUI-JZ4U5-SBIQ0,None
JM687-S0UYS-JIMJQ-UPRX9,None
UKQG5-NPHJA-QPIF0-RDGT8,None
LWSSA-J11UA-QLQLQ-3Q1Q8,None
WHS6M-IQRDM-TR4BQ-CZVVP,None
EZGBX-C5LM7-2PBZQ-PDWD4,None
HYMCR-LIXFQ-BMTNX-UPMFF,None
8KU9E-HDBO4-0GYWL-I8PPU,None
K2PKM-DDNTQ-0D1PS-WDAPE,None
ATR4X-VRBIN-0YWKX-XPCWJ,None
ORSVK-KBDXW-SXLLK-G1RXR,None
YEWCV-RYWVY-YV82O-2IZTD,None
DTLG1-CDN9B-IAGYI-WVBZ0,None
KMAAR-OXF61-JIGJA-HXKU4,None
BAI2Q-4BQPO-T9HAX-LZL2G,None
HBODM-NICAE-A6ZBA-HCLHZ,None
ZQP4W-G04IX-R2RH3-KMT0W,None
QTEE7-8AIG3-XAH7C-3ZGNL,None
LV5ZG-VQGIM-TGKE0-XPHUV,None
APQA6-1QW6G-E5RZO-XE4EF,None
J9NPP-0ECMZ-00JIT-W1VFK,None
TXC4C-7M1I3-MKT55-4QNVG,None
PZRVO-CZFHB-B5X9Z-HX5VO,None
IC1ZP-FBX48-J9WLY-WYKPB,None
P96XA-0OWFU-FGWNE-KDBFF,None
JXN4C-UXJUU-DKKSP-V46QF,None
GSV7T-GL1PL-AY6WH-ZGTHL,None
HSYIM-UVE6B-Y9LQJ-KQ20P,None
OSKGW-Y8RC4-E5BE7-FMKY4,None
ZHMJ4-CXCT7-3LJ5P-B7NWT,None
BGWFK-QXTEP-TRHY4-T3GGP,None
ATVFB-X8MSZ-U85IL-PWTCX,None
DGHGW-VCJHH-2CFFM-BHZ7A,None
KXXWX-IUPTZ-6VQP2-OQEID,None
29SIP-IUNVZ-UMWMI-QFFIF,None
5BQBY-6DBHV-EKV4Z-2JLMI,None
QZJYX-HCHPI-LVS4G-Z4DPJ,None
QOQSK-6C1MX-N3HOP-XU79E,None
FSIDN-XR5GG-XB2DJ-C6C5D,None
0LASE-GS2AM-2SNFO-DBQBU,None
JQXWD-NKFJM-4H7RA-VDNUN,None
UNS4W-HUMPT-LAWAC-7NUCJ,None
EGPKI-OLR6N-LZ2VC-OXCK5,None
RTBAV-OVAHH-QYBFH-QUD9T,None
8JNLK-JKIRM-1KDRW-ZE3TZ,None
2RUNE-MBHEB-3DQEP-YTWOW,None
UU5IJ-E6WKH-VPBSJ-JCE2M,None
IQVAQ-0HTBR-7LEFN-SMQKD,None
GHQT4-QYWWF-14PC3-HHEB1,None
SHJBA-VDGYA-I75WP-WP7OJ,None
OPCDK-GGVFU-WJE2Q-5KATZ,None
DEIED-JGIQC-HXQVZ-KKHYL,None
8FW68-M5COU-VAVAV-6HJRR,None
PQDEE-NXD5A-Q14MH-JXNXN,None
AT1IR-P8STO-UNL0Z-F17NH,None
ING6L-MZ08V-5DPL4-KCR4R,None
RAITL-JHWH1-WCWYG-WCGJK,None
TQFNY-3B5SB-WJ9ZY-7AEHM,None
UNFDB-BQ7P7-S3MXQ-YL9FD,None
LKX7W-TT2PB-9NNI3-2Z2JK,None
OES1H-M4OBX-DEI92-BXSR2,None
SV2QP-D9GGK-DATB4-P9RR9,None
SQCUP-TWJJM-95ODX-KT7BD,None
XYUTF-A6UV3-JOLHX-MLAGH,None
TNZWF-RW6IY-37YOP-8AFDQ,None
FBO67-E8YP1-BBB3S-EYTWP,None
HN5JZ-87AXS-EERKC-ZHVQA,None
RUITQ-1PVZB-HOPGE-MDSC1,None
ENGVB-SGHVB-QASYY-VBWBZ,None
OX7EO-FCTAR-OYAII-1MNWS,None
YCZSG-Z8MHL-LJZRE-GQGV5,None
IIXXA-9XCIP-DFN6W-TSIVD,None
V1GCO-RFTZB-SBW6P-P3GHP,None
5NHRF-JMZ2G-TBTRF-KMCOK,None
CDOPL-WJXVC-ZH3BD-SSMGQ,None
RW9YR-GWEWF-EDKGC-HTT1L,None
HQ5Q1-KHF08-ROS9N-515PI,None
2YC22-OXNZD-RZBGJ-5A2S6,None
XZJHF-BUSZG-EFZQF-60TK5,None
ZX40U-WUEET-RYDRP-E15XQ,None
GKTIH-X55JR-NNU4N-VPKYV,None
OHXLY-3LV1B-7RWNJ-0BGMV,None
MUQNJ-V2R23-GJXPC-T0CNH,None
UMMIC-AF7JF-CJKMY-QC9UW,None
GWXRL-NGSH8-XRPD1-JELKV,None
POZMJ-JN0II-GUG9H-BF8BX,None
FGNSQ-APFWK-BLUMA-OZ6JQ,None
DOZRR-FLWSJ-D5SIG-BYZAX,None
ZSFYG-TZXPZ-XLZVM-8IQXE,None
JN0VQ-14H9D-IPXHE-KJDYA,None
T7DEX-IUFLT-88QGA-J7LT8,None
F3GVE-MMKGN-TUFDG-TNHNN,None
TTDNR-CDFJZ-OWZNX-6KMI7,None
A4Y1N-PGAJM-HQNGX-NZ8RX,None
6GRBO-KK3L1-HIQ07-JL6BX,None
1L4ZH-OBE2G-VEDRP-ROORC,None
XFAGE-KDVTY-BKNPX-G24MC,None
K0AWH-LMCLC-FIAPI-0KZOV,None
7EQFX-YXDSB-YAHXH-LRWZY,None
SANJD-GSJQG-XPBRO-B1GID,None
T5TDC-UBH8U-BSLLG-VHIXZ,None