serial_key,activation_key
DLTO1-DIP1D-JRUKZ-GHVPR,None
WINUG-IHSIR-NN3AE-9EPYE,None
BJJOR-R3HDR-WVUII-K75GR,None
UGMME-OIV8F-C6JJ1-FQ6LQ,None
ARICG-SV1RN-XLEB7-LYNHS,None
YNOVI-LSL6K-UOY2S-RINMD,None
EX86P-HZM8W-UWBK0-SB5AF,None
AMAUF-5WY5K-LRRJA-HF2EM,None
VCYLE-UTK1J-T9C86-OR5VJ,None
GQE9X-5DIZB-6VK7G-TDLG7,None
FDW4B-ZB83A-LWVX0-9IJ0S,None
QTOHL-QOVGN-VGT5J-YKNUE,None
WSTRE-J2UK2-BUV2U-UENZC,None
SSRTU-EPX53-27NWB-ZARAP,None
LIH6I-1G9XS-Z1LFS-330OF,None
LZV55-AYD13-XUAKL-9PFRL,None
PN1AJ-CBNW3-I1PAN-MG5EA,None
0YNK1-EHXVZ-PGI5C-UCPCP,None
NRPSZ-5LFYM-6YI3Y-5TGTX,None
FEJZP-MSEGS-HDWQL-GABBI,None
3UBFE-DOWAS-2DM8C-HUKKD,None
POKJ6-3BPEO-AZQB3-UFYC1,None
RWIDC-0NLSR-QUPXO-E1JAE,None
PFY6A-XYG0T-S3YWV-YMG91,None
17FGN-R4GWF-NXDSY-I3LK3,None
WDPMN-CLPZD-USM2K-3XPX7,None
RDDKN-6VKGR-2BC7T-4UVE1,None
O8C9P-UMZVI-TO6K6-C4BFT,None
WRPMU-WOXMI-T6OBJ-PLGKO,None
BLGV0-JMUBG-RNMRN-CDWUO,None
ZFHQD-IQLK5-NPCTI-55VJ7,None
JVZUN-JMWX7-IIJBL-EUBIH,None
E28OT-GTRLA-25MGX-UQAJB,None
WPZAP-AFQNI-DIB4Z-E1T97,None
0XICC-5DWHT-OJDGV-OCZH0,None
HNXEO-LERGU-XPEP0-3MFJI,None
COCRZ-8BTMI-DRVOZ-KAPHN,None
2OR66-EHQTA-DCYGR-6JVEI,None
NUXCD-O6M1M-PWBLD-QA9BJ,None
DKR0X-TZGGD-NS34L-KSIVY,None
MY1FY-EQHPM-DU4FG-T7ZEX,None
DZ4EO-FSJWF-YVNOP-HLZDB,None
LWV2J-L4CXW-MX8CU-JWB4B,None
EL2YH-K0TVL-MAHUY-AONJ2,None
VR1OG-SWXLM-DGBHF-SHDEY,None
LGYZ2-T7ON7-IXDTY-CDFUZ,None
MDYLU-XW9HF-OKOIH-SVWDC,None
PSEV1-9WLXM-4C24Q-RGVVH,None
EY85B-F3E2U-37VJ0-DZACU,None
WALJH-MX91U-CZ123-H0FMH,None
R3PMX-FKVQP-HJPCH-NSRUS,None
EV5ZT-X4T8S-DC9NL-9FOZ4,None
VUAIO-7KQAK-LFEWZ-9GTRD,None
7YKLX-YB4TA-ODYMZ-2TJIS,None
W1U37-DQVRL-G9E0F-MYUWL,None
H3PVE-SHTNB-SDHMX-CQMTO,None
N4TD6-WM7LB-OHWEE-RQP4D,None
IUJHR-ZTRNA-VJJVW-FNPHJ,None
G7HC1-EPFIK-MANOM-1HQB2,None
H1993-QD1JC-XHGLO-1FJQX,None
YLHWP-MBVW7-1CJZV-JNWMX,None
YX5UA-XPADP-YFXKA-PDQRS,None
TDI38-TPQBE-MMKMY-BNO2A,None
EWINF-V6PSK-OT2BL-UAQLI,None
CDHT6-WBBQ7-WQML4-W8B0X,None
OGTWF-IRAIA-SYDJP-ZEG5V,None
OYTIB-0YB1I-RIOCJ-V2HFP,None
83UCM-IX9GS-ZCMCI-PAPHO,None
CUOYY-ZKNXQ-DI1UD-KLH45,None
TU6QR-LOJTM-PU014-IKJRA,None
JIE4E-WI33L-TQL51-XZDJ9,None
ECME4-VEGDE-9LXQY-HAXSH,None
U2BWB-OVK9L-QFMKX-7NXPA,None
LG3NM-WYQCN-SS6RY-LS7SS,None
LBKGD-NSISH-ZD40E-2YGXH,None
O894U-IIGWF-ES2UY-P0K9U,None
4DENP-JRMGA-9O936-RFKCU,None
WEUV1-KDK0K-YKMUM-9MFV5,None
LKDBW-WACOS-8AZ4I-J3RJK,None
9B60L-SVNLB-4N9AF-Y0D1U,None
ZHVYJ-NI9YK-7XDTN-HIJRN,None
ZKMFQ-4296K-VAFNZ-HELGG,None
QI92Y-ZHYTO-RGDMQ-CMZOX,None
PDHZM-3WMFS-ZIHDD-LS9RL,None
UTMOJ-4ZUJJ-Y7DSI-ZNMBC,None
GIZR6-BQ7CM-5ZUNL-Y6TXG,None
05HZR-IKT7X-A8YD2-YJI5K,None
1NEAV-XEWVZ-CAWIA-7EZXB,None
14IHF-6DVUQ-G2CZF-HTAEL,None
G7ETA-EF2ZU-I8RSE-ENQZG,None
VCZMS-DKIIN-UV7DR-ODY3O,None
WIMGY-4FBS3-HKHMF-9HDMT,None
QBV49-VJH4C-3TRCC-FDTCS,None
VJECQ-KT6X3-ZNKL1-WLOIG,None
HCRQB-YDOLW-GXZLV-YDNFI,None
OPTZ2-QYZQB-TBAHJ-GJTRZ,None
NT9K9-T45K9-BC1XR-YHVCT,None
KMOLE-CSICE-1GUKG-UDWG1,None
JJC87-GDJHE-RFUQ2-RHXBG,None
JW4EC-CXUKG-5RWWT-MKGU1,None
SVXT0-ORGZ1-WM1WG-APRKS,None
RCXTO-I1DWD-BR16D-CMVLM,None
A1DPU-MABRH-BH3J3-S2T8I,None
ECTGB-P4PZL-MGAOY-IGOXR,None
PT2W3-RKG9S-LFCGN-ITN9V,None
UYIBV-SR3RH-J3SXT-FVE6Y,None
CEF6O-CFFWL-LBSMW-2DWFS,None
8OCZV-V5WHE-ACGOV-Z9WFC,None
JUJYA-VMYTW-T1CFP-EZLNB,None
ZJCLN-KH5B8-AAS43-PVQDL,None
RM7SK-KAUDF-SHZGQ-QGAYF,None
K12JF-LDWI5-YC1AG-UXANR,None
3CHAU-4KGXL-3FMRC-LDKAX,None
API88-DPCKH-WNJNT-NM4GD,None
LU2DD-07GU4-3FTDZ-D8OVR,None
NVAFX-XUFMR-LBIYJ-KZQDE,None
MPW3B-JQPII-ELZC7-XDQIC,None
IINU9-3KLPA-55IMH-8ADO5,None
N2XL1-5UJWN-5LEWA-HWIWV,None
ZAKW8-HRIGO-USUJA-O41N6,None
KYNJB-BP56M-0HKBT-QNEFX,None
A9SEX-VYLEG-0GSCY-MEUET,None
QBGI1-JV5ZA-DIWYM-SSHRX,None
EJ0KG-SR5RT-WVLKK-YQ1Y3,None
8PJAD-KKJ6N-8XJS8-KMYUZ,None
M4EZ8-6ZDZB-J9T4N-RWRH4,None
VSG1Y-KEWB1-Q4HOV-L4D7B,None
JUC9O-BYXWC-K2W0M-HMQ6I,None
JFR3V-PWQKW-8CUMP-KH3EF,None
CPUYX-XJNCO-FWT9Y-JBPS9,None
4PRAN-DHT8K-LNPUA-NEGP8,None
5GLSM-7NPMI-D5OXG-EWQHE,None
JOMAC-YNCFA-DJ97G-UWJI4,None
CAFPP-LXPIU-IAWVX-Y2ZYS,None
8L5EQ-J0W9X-TBQS3-IFYH9,None
0GQEL-JDGZC-KQTU0-PXDBC,None
DGH3K-BD9PI-OFG8H-GOL4R,None
96B9K-AJMTB-NR2OE-FMMCY,None
WAXPK-PJEKS-GQEXX-74OUW,None
BS0AD-ATE5K-B7QBA-RYBFE,None
SL7TA-Q6QFD-FY016-NQ5GO,None
SWCVA-M7UQW-EY2ON-NSVUM,None
EDBV9-AAAML-KHFB8-D08GR,None
WHC4V-YLUNA-AZULW-RXNQJ,None
TQ5ZP-MA0PB-0KMXY-1RIWC,None
DZLQL-LFLNZ-WYXGA-AENRU,None
ASSCN-O0OT2-UOLVE-6ZSBS,None
PGJIY-CX9G4-J8J85-LMFDC,None
NILXZ-BVBER-NPI2D-N925J,None
6SM3A-EQXHK-AJJ5V-X70R2,None
OODQZ-UB1DF-WBFUC-AJBLZ,None
R8LXT-RTHNM-A0HZ9-DIJTR,None
V7QIT-AISO7-ERWGU-9K7K7,None
60UPA-CHMPL-JXQFM-CZLAY,None
EHABB-D9KNG-HHMLL-KUK7W,None
NC3PH-MFVN0-E7SAY-1N8QN,None
8UIGE-1NEVO-JKEKB-AB1T3,None
TFDV5-DOMPS-WKMNP-1XPYZ,None
WY7D1-NUOHO-MY8KC-G0I2L,None
I8GAV-H6XMF-POBW4-8HQ7J,None
NQQO0-4DNNX-UZAZC-S4MTQ,None
RTG22-YTAJO-SCIHA-ZIYPK,None
QELGV-Y6YHJ-SGEAW-EDVNM,None
GC5RF-2XQC5-CCMLM-PAGFK,None
IQMJ4-6WAOZ-A2SVQ-VVDH3,None
IBFXK-STAC1-DGMIR-TZ6GO,None
BZRVL-KQXZP-DEN4Q-HYUM2,None
2ZZUR-BYMPP-EDMBE-JQDRT,None
AOVGY-RNJTL-9W5FA-NVKBL,None
GMOAO-VBSUX-WMXB6-ZKTSP,None
GHEDY-OUQJO-5EDUN-BBRON,None
COXVV-SIXMZ-ENJPV-HNQ2P,None
EZYGU-TZDSK-EUECB-OV481,None
7FYWN-LWNTM-FNFPM-3INY9,None
ORJ7B-AFJ59-YGNNU-JOCRB,None
P4OS2-016TT-GHZVD-RBBMT,None
GHQY7-XTBHS-2ALL2-QIES4,None
QLYT9-HMNUW-XNIOB-4QRPG,None
ROPKO-UW9JK-BCV5L-U8VCV,None
PJPDL-0BQBV-ZF4FW-PNGJW,None
S9NAC-AFGRG-SOPF0-AP591,None
G3LLJ-T0DWW-BYGJH-LFAAW,None
GEN3T-2JOQK-IZDTG-3MTCL,None
8CRRH-LVFLI-UUMX0-D5JW5,None
IEKWI-A6FDS-XIVE1-RF0G1,None
M9VVH-VUV5C-1TBTZ-47UBL,None
GBSXF-7V9Z7-YCR1N-GCQIX,None
SGEUQ-TQYFL-NVZT0-MTOD3,None
TTGBW-SE2YT-WGJN6-2BLTA,None
24WL4-HQHCJ-WKZJF-YRBYY,None
WP3DM-W0Y0N-R9T0U-ICT5U,None
V21HM-TFRTL-RY3HT-0HGNE,None
X7QA3-MQVB3-NJSHB-KWBVX,None
GB10T-XI9M1-SRI4N-BOQ4N,None
3VLWJ-DTUHO-VCFY0-7YLGC,None
1FDQA-MGCBT-RETOL-WPU75,None
KKUA3-EZFNX-AGRVT-QXIZM,None
0LIVO-STY0O-EKINU-GXQ4F,None
FPDD2-ZBQZQ-AZJUP-6MCBK,None
Y1OXA-NBC6Z-HQ9UH-DEWWY,None
H8IYO-4APHX-3SYFR-HWUYX,None
8WBLE-ESLUJ-QSW9T-X0KSP,None
MQXAM-I8QNY-ORB7L-L94RV,None
OWPHU-S61MG-IPIUB-DYWVN,None
BGGT7-TNQMP-WAMDX-DEBBV,None
ODOUV-ZUISJ-P3JNI-92L0F,None
HMHAL-TD6LB-QGQ3D-QZYQH,None
BKDKD-A2TXQ-DJNGY-WSJBS,None
UKCOX-OBFQT-VUR3X-FILOH,None
9BNN0-WOYNN-97UO8-UXFZV,None
VUXH6-4ZIJN-XPOGF-8A3MN,None
USMVW-MQDPO-3ZLYL-54EQY,None
Q40PS-GUW9Y-LIVFJ-B7UZZ,None
RETIS-OHGWZ-K538D-M64ZO,None
UFQWJ-Z3TEO-AASRE-SKQJV,None
91LLP-X23OG-6QQUZ-EBUT8,None
XRID3-VZSFT-7FD2O-FVQNE,None
CRUMF-XRBAH-KW56S-0ULPY,None
L4TDS-BT7UJ-IFYUX-GQRIU,None
NNC4E-PQAVA-4QPPC-NFMEU,None
KEL4J-CGDHJ-QV2JC-NQW5E,None
QA75B-6IQL7-RBEN9-NRZOB,None
IOWPF-C40IT-JS6BR-VM2QV,None
VABIE-ICT9L-P7EY3-XPBEU,None
LWDNL-VVY0Z-KEI5R-3SQ3S,None
PGCTH-GQFGG-4ZI7X-QDY62,None
JQACL-WCBCC-MIZDC-DTJRX,None
KLGDF-A6BWF-UMKLB-ZDONZ,None
X9QBX-OEW0X-YMTSB-NST17,None
F2F34-FEUQI-H1H7D-JFBZD,None
OVIDZ-EIOJD-8VWXY-GMNBM,None
VOBEM-CMSZX-H7XPN-DT2WO,None
MSK4Y-S0H08-7D611-DR1ME,None
ETSYS-9YWUL-DG7ME-EIJVP,None
LKCRV-KA66C-7ND41-6MEWK,None
BBKTV-YPUVE-ZHRIA-CL9OB,None
MPCGY-HWWVB-UQF4B-HKC0U,None
L3VON-7HSHN-JIUZR-QSJ0H,None
N6QK3-7ZKNB-RJGZY-DYMUS,None
MIN62-A0WCI-TRIF9-HSI79,None
HSPOO-IE3HZ-DGUXE-XJKEC,None
W57VI-XOUPY-L5YKP-BSJQN,None
VCUTT-SYZJZ-KQLXY-C8EAQ,None
R3MIW-WUHI8-S9VT5-9M6JN,None
2YJSI-UKDIB-Y9PJM-HFVLN,None
ABNSJ-JMZHW-POYFB-SCTOV,None
WYWGF-BNI0C-DXUZV-0J8ZA,None
UO5EQ-SNXLJ-I6DDC-0TOU9,None
ELRRF-IPHL6-BWQW4-43HCE,None
FVWR9-WB8MH-S3HUI-HTJUK,None
UTZSG-DV6Q4-FWDHY-GAVEE,None
9CRSB-QUFIY-TBS1H-XGLER,None
YOY1D-ZXF6W-JYQD4-SNPHA,None
EFGGW-2CODW-GIGZE-QZJA4,None
HRALF-FM4FZ-QGPNN-OZ5L7,None
SEADU-2PNDD-ZQO29-SHMP6,None
STUST-BDL2Z-DQFWK-ZBPMV,None
JE3IL-ZTZ2V-LSTMX-PXCUV,None
FD3XH-DOBVZ-SUMPK-SNMLC,None
KRPJB-H7MHX-93G01-VEWXW,None
ONIH6-HB4KE-QCR2K-WLLQW,None
KOZH1-6WROU-N7E0Z-3ENUC,None
OLDZY-HMSQC-05BFD-7RE8K,None
WLSOE-LR0Q7-PSSO3-ZFNC3,None
QZIDJ-OKPSL-NIQB7-CKN0T,None
7CGJT-EH9LQ-VWJ1Z-TQCPS,None
O2J8Z-K2AMT-1BCVV-G1KPP,None
2XNCK-MOGRM-QDYQV-NDFCP,None
TDY4K-4VBFT-CTDDA-K7YTL,None
HUAWW-YJKTS-NDFVG-HGOKU,None
UP2AN-7PNDL-IXSTD-OZPVJ,None
XLITL-VDBDY-BY6PO-HTBSG,None
VFJAW-JBRMR-XCKXU-71OHN,None
NELCV-POJJN-QJWBA-T75UM,None
MLDBC-G5JG0-LAT2B-QJAZJ,None
MFLEX-1CWG6-W4YLH-IFT4B,None
RLILP-CGDWQ-EUK88-V0UVR,None
HDA9R-TFJKU-10ZWU-T11YI,None
PK4XS-3UZDN-NFJWT-VGUVK,None
Y86WJ-MS6P5-VQGOC-A6E17,None
CJEI8-DKD9B-HZPIA-WSM5M,None
4ACVT-XB0VU-EFRYB-23SID,None
EVXPV-88ZKW-ZHG1H-8OUJE,None
1ACHV-UXG90-3POHT-PQAWA,None
SHEJL-KRKUM-M334F-6ZKZO,None
2HKGZ-P0U52-OTBFR-47VUC,None
EYRNV-Y1QAR-82PKF-5ZQK2,None
X6VOB-EQKRN-J4VNP-R149X,None
RTCXV-IOBSR-QDEO5-SEZTO,None
4HFG5-MSO2I-ZHDZO-KQL30,None
EDWL8-FSOL7-7XLZN-GS8YO,None
M8PGV-J4VTC-VZUKP-MZ6PF,None
KFVB5-NYZYM-SAIMX-MG57R,None
GQSO7-K8YDN-LDNGH-OCHB8,None
YXCZM-PBVH2-5SOFD-BIKQY,None
TSWPB-P36HI-M7GQC-W61BN,None
3CFQ9-RH6TL-0TCBC-5B4BE,None
D8TC7-MV7MF-WFM2F-LEHNZ,None
AOGFY-T3U3O-8808Z-DPMME,None
MWDWH-RQLZS-VPDI0-31GZD,None
UYV7C-O1SNR-0JWBZ-ZPLIF,None
5WC2X-9GHJS-85ALK-YGJGV,None
WGGXB-Z3SFU-5IHDI-YDWQ7,None
NIFSZ-WSCZ4-RGR14-K0ZYT,None
WF91N-UG1JL-P1KRI-0UXDR,None
B0ZSD-IJTFE-JTLUJ-VBMUG,None
RTUZG-P1OOD-5JKPT-WXC1C,None
V6QJ5-ZS0KD-LLNO0-YHKQY,None
H9SMH-AZZEI-ETQ1S-795GA,None
QAQPQ-GYWU4-EVPHB-8WF3E,None
UGBDA-MDGUY-URZKK-9LZBG,None
QZGLH-JXDZE-N3KRN-AAY2B,None
1DMNO-AKMTT-O1HBE-APPLS,None
OKWGP-R0FMZ-UGQCF-AYYCS,None
HQS3W-ETWAW-KESU9-GIDNO,None
5ZI5C-LJIYL-HFMSB-NFCQN,None
UZDFD-WKZWJ-DSOOO-BAWAY,None
2DE19-Y11RB-OAIEF-FZM41,None
EWSVM-IZY1F-CJUTY-FJ9CH,None
BLQBA-NUQV9-2O5ZL-R2DAL,None
RQFUR-94Z8N-18GKZ-VNMCQ,None
KFQPE-QI6HK-GDCCR-FXUNQ,None
LDGOJ-LNI07-5PIFQ-SPY04,None
UUU4L-WNIV2-3CEH0-OULH0,None
VCF1D-ANW4Y-FR3KF-BESPE,None
L3PXT-HRAHN-V5MOY-VUIWW,None
OWOYV-JGRS5-1OFCH-9DLIS,None
4WLJC-H2RIM-ASS2R-VK5EB,None
4CWZH-RIJII-XH3SN-2Q6WL,None
ULYQR-VPEXZ-QRI9B-5QIIF,None
YGRKQ-FK9R5-3NRSU-CT8KJ,None
4DYDC-EPUTF-T6YTW-ZUNXH,None
CKHOK-LFJNP-9YXL9-D0H2H,None
T7LLQ-JA0VX-HHMXW-X2E8T,None
SHN4A-XUG5R-HINDZ-UKLAL,None
C8RWT-ZLU9C-RXPFV-AZTFS,None
UEEHU-OLKZ7-SFWBP-LLTAK,None
2V4GJ-XP428-P3NCO-CCLWE,None
K3ICV-L20P6-3CA55-QPMLU,None
NVCO8-3GGFF-KOQR5-JDR1T,None
KK0QV-GDADD-9AAEN-JWHU8,None
MGHCK-SYLWA-ECAZH-U4IZL,None
ULIUG-Y6X1D-36MDC-9OKJB,None
INOKS-LUPDO-BCKDR-855Z5,None
RZIW0-PKGTK-RZRH4-L4XCP,None
TUMYL-RV1RZ-RBF1J-B2LNZ,None
J3JNI-1IXBR-RG7SR-LNHJG,None
NHPU8-1O5DT-UHLR4-O7XFE,None
LMARS-NDDZI-F7HVJ-NB4KU,None
3OWVR-BAX4H-RBA4L-WRUBQ,None
PVKNA-EHI4H-NBMLD-F2HHY,None
VKWN8-RGEDG-EWRRZ-5MFJD,None
LTBY2-DMAUO-V2Y7Z-HIYS3,None
APHEL-OT0IV-V7EWP-KF8AR,None
M9WNA-7Z3ZC-TNPNC-Q7DJM,None
CPNPU-GIQL9-WVH24-6ICHX,None
65ZDB-ULDT1-RS2KU-C4IJF,None
OF7UG-CX7YS-PWHXS-ZN51K,None
WQ87K-WQFVQ-PQPGX-CY6PQ,None
F18SD-0CVH9-DUP2Y-KTQ1Y,None
C8GFP-DKCF3-AAAVU-JF5LN,None
YAXEX-7QMRR-ZYP5R-EFIUB,None
XHYKJ-UYO78-4F6QG-LPOOU,None
ZDJRI-81FLP-XVHQZ-3DLO4,None
ECSRN-DZMY2-ME4PH-ZWGIM,None
2ZE9Q-BDPIX-O8KNY-7MOFE,None
FFUHA-TLYHB-2EL5I-S22PJ,None
H6ZER-AGYMB-ES6M6-OGAIR,None
Q6GTA-TDTBF-SSVBH-NA132,None
KMEYY-PLFC2-TTXNZ-JPY7O,None
5Y9JY-BETYB-7A41B-1PEEP,None
7H31F-ELT4Q-0UVFI-8CERO,None
QJJ5J-SBUEP-HBB3L-BBPMQ,None
M1JA7-YBBNM-RNNJR-R88JZ,None
EGFSB-W7SPF-MWLXK-VECLR,None
KSP0E-ZUPEH-LWKPA-JMBT9,None
AOFHF-3R5UV-DIRNS-BJS8N,None
MURHJ-UFT8Q-DLAUI-FYIPB,None
COB9L-KADP0-IKVBP-MXZOE,None
LPELW-PHZRO-VXBGM-EN66I,None
XBW10-WXXKF-XDIBW-SOXP2,None
ZAIAL-BGNLF-DNTCM-9YH30,None
LTAWA-2QQ6V-VXTOD-57LHJ,None
YMGXO-JHDNR-OKAXT-FWUFL,None
2OAWG-RDCNX-OQNDB-2DGBW,None
75GAL-2WCWT-9FW2M-LVM4D,None
ACYZT-GRB8G-RLYEM-K0VFG,None
AHYJT-OB21E-XUSJN-9HDDW,None
NGENT-BON2F-OBCVH-WTOSB,None
O3JCC-RNWUS-4IXCT-W2OXY,None
MRJBL-MNAJC-6SQIJ-KP4PA,None
3XUIN-SA9CO-H019N-UQWUM,None
DD4SG-MDD3D-AKWWJ-AJRRT,None
GYI1W-W2NRE-ZFLHN-CUQYS,None
DU6MG-PM6YM-OPZGM-7U8VO,None
ZLEGS-JDAXT-EWPA5-PXXEJ,None
E2FOO-WY3OE-2YPHX-JXBIW,None
DW3HF-8NOKU-EOK0D-BLCJX,None
MYZ2R-LPOBV-ZNGBW-RYCYG,None
UAHL4-FXQXT-UKYOT-64FKL,None
KTPDZ-B8ZBE-HM56I-VPWGN,None
ITFEQ-CUZ7P-WGKI0-YW90D,None
EUQVY-6QKOY-JJIMB-AQW6T,None
MIYTS-QZSMA-63KAK-JJPF6,None
2FQWU-8O5MH-AEW1X-T9LSS,None
1QWXL-CJLGP-I7NYI-OXKM4,None
QFFIJ-5QJOR-MWQ3D-CWKRM,None
IJ0PC-9J3MH-RX5HU-QV28W,None
V1U5M-AGWTM-PZA79-SJDYT,None
VAL7N-CLHWD-IYMDF-LXSKN,None
8KYFV-6ORZG-8IXDY-FN2MK,None
DPSHS-G4XCD-WTJTV-WPQOE,None
XKDHT-QKCEZ-GRNQW-N2PGX,None
W16YO-IGXTJ-D6FQZ-F8JBC,None
DZ8EW-HXVEE-RYKXO-C7LKM,None
XMJDS-MVGNA-KUPJ4-EVS54,None
VAZYS-7EXDV-IBSMA-K2M3M,None
VYID9-NPJJV-PG1MZ-ETC33,None
XNC7L-YFTP4-4LJMH-SV7S1,None
DZP3F-M4DXN-MZTEK-L5MN3,None
QFHJS-FMGVB-Y0JMZ-14GPE,None
OH8IF-QBEAD-MZXQ9-WCJUJ,None
V1UIZ-FQDI7-OB6GP-NIXPT,None
GCKLZ-U7J9P-RZ33Y-6FH6A,None
496FO-BZOBM-ZWMDI-YPTJY,None
QKK52-SOVWX-USCLP-TRIIG,None
GKTOX-CL8GI-OQQLB-MMLXD,None
ATHZO-NSWWU-KFEXW-U1YRC,None
NM3LW-RYMX7-OGZBW-DBPCJ,None
3VQSP-KOV7W-5TH3F-KFJLQ,None
B9N5Y-GDDMF-MNO3Y-Y2QWQ,None
QG2AE-EHYZZ-NU6RE-KKSPC,None
YXBHQ-AQYHX-9K4WL-BGPLW,None
HDAWW-F8OMP-L7R8L-HTP8U,None
QAAJ1-PFL4R-SLP00-J6ZCT,None
3I7Q8-RJQ9S-QUKB8-GRYE6,None
PVVA5-V0GUX-H7TJS-5Y7FN,None
NWGOH-5YNKV-MPEWF-WCSBP,None
ZJMLJ-XHKMN-IQHPP-NSVEH,None
GQWGK-PMRO7-HK434-UB83V,None
B874Y-TTEB0-S6NSR-2F59Z,None
IWP3P-D2GBH-BVEIS-7A7GA,None
FM1LS-0LID4-VMT8H-HFAHH,None
EHUWH-KMIZI-AV4US-BUBOY,None
ATZHN-S4KBU-AQ4QE-KGYLQ,None
IFWL8-YMOEQ-OLQIK-THDLY,None
NE694-VOK1K-2OBU1-WQNCE,None
GJQM9-JJ542-3CJLC-K19I7,None
WTDTE-TZZJS-PEMCK-XEI3K,None
WZMIK-Y9IKI-C0KZ8-XBBDR,None
RZYBJ-Z3POZ-JGAYN-2IIL4,None
WB1GK-HIF6T-NGUZE-WZW36,None
SSSUL-Q7WMA-OCSBV-FW4CA,None
IURM8-RYNWB-DLXBK-JLW5J,None
EJO8A-OF5RH-TQZSU-RWBRB,None
HOEZP-M2OQE-NRF9M-CGK3P,None
GXXWZ-QAD00-I70XO-BJRPX,None
JLBLB-8DYXV-QDMEM-IMVLU,None
CG7C6-N8JVC-Y1AT1-LVXBY,None
H6LVI-TMIQQ-IZBHN-G8KPR,None
WCER9-V3DHR-HSJTL-OARMP,None
CHKXB-KPN3O-CDX8V-2UIYT,None
AVM0G-MHRRF-VBRPK-WAZCF,None
EOYOY-PJ0EO-Z1MCA-ZEZAS,None
JCFBN-YYEZD-KEJFB-SKBVE,None
3CAIJ-BJUIY-OYE0U-FMV5K,None
KUD9W-H7D6J-AIPPN-EBJTW,None
PGZ18-WSMOF-PILLQ-X0G0Z,None
VL0XQ-R5KL6-V2MSG-131DN,None
QYDNQ-ATDXH-OYWLH-XX3TI,None
AUSX1-X3F09-ELRJ0-DT91N,None
UFW46-FXYYU-5X0KS-XCCQY,None
DEA82-S63EE-C3RSU-BUWZT,None
LINF7-BO2RY-UR0R5-FAZWT,None
TDEJF-2KFNY-QVISJ-ZHCGU,None
T4C3P-MG9KL-SWIIH-EFIBM,None
3RBXA-HCMOJ-HCRZA-INVSZ,None
PW0BV-KGW6L-Z55SG-IWPHY,None
STSFJ-YOIEI-HWS7J-UKNHI,None
7SVSL-SW8DS-BPZNW-EESMW,None
KPEQA-KBYOS-PXVV2-26EES,None
7NRVB-JPMGO-YSGHK-9LCR8,None
D8FOW-E0VRQ-OBJWY-AJIPO,None
CABCI-GTEMG-BLCUG-OJIV0,None
MKVIS-7TATO-WIBUC-SYEND,None
Y3MZQ-7FCQZ-ZDPE4-IT4CQ,None
JVCLF-PYVTZ-DFL5L-Q5NYS,None
NULD3-PVFER-PXU3O-KZFFK,None
RPBH8-ZZUBA-4UJPU-IGNNJ,None
0NIPA-SSF3M-F98WW-S7G5D,None
O9V5T-EDL2G-QB6AA-1ILQM,None
BFXOH-W9BEO-0IM7B-KNSPT,None
PB7BJ-X85TD-LNTFR-RB2W7,None
D33I1-POFGK-XZLWW-QAJRT,None
1XYO1-9YZEW-QMDKP-LMBUL,None
XI5II-LDTHH-KYPFD-FKI0D,None
FUSRU-LTCA0-63K06-75Q8D,None
YTY7R-G3JM2-UQSEZ-YKVWA,None
L3LKY-ED1WW-H6KVC-2ASAK,None
FZKFW-DVEOL-LUQJO-WO9IZ,None
VUUZS-PGPIA-O0DVS-YRFER,None
PGK84-8XWYO-D44HJ-PRSW4,None
LDRTT-UAZJF-7MO7Z-911D0,None
DZHO1-GL2AL-IZBUQ-ADHP7,None
F5FQL-KYTKB-UWPCH-G62GO,None
YNJSF-UGUPC-L0DFD-6DSN9,None
CJTW8-96DBF-NUU0N-WVBGY,None
USVIL-YNV6N-OGBS9-8RUS2,None
IXRPR-OBELZ-MIDAD-4CDTO,None
QPYZJ-YBM8F-PVFUN-MSGW1,None
LP5DD-0MKMG-V1NRL-OLJEI,None
BH7NC-BROPN-3IBRM-78O2B,None
XL0UP-PRXRC-UY7M6-IWIIG,None
I7IEL-JEG8X-GUTNS-QB5CY,None
UBLIZ-7QELT-RCCT6-RJ5ZB,None
KTLFE-YGAGL-ZS4MG-ACO7N,None
UMPHL-H7RGU-RROMZ-IIMYC,None
7GWHK-ABKPW-CDRHC-PAYBW,None
HLXGU-DRUKD-GQTCJ-H4FSG,None
BI8FR-NVP4X-ZWNOO-IGI9O,None
Z16VR-5Y8JU-3QYTR-5BKYL,None
NOMS1-MGCJK-XXXLD-QA0MW,None
KLAGB-QBXO4-07RXY-KE8FI,None
QPCZG-ODFCJ-RLUNT-ZQRSI,None
KKADD-CQTJ6-P72BU-DVGWP,None
EJATU-BOWGD-MK7QW-8YSUM,None
WWFV2-4TOS4-YR4PN-AR2CK,None
FQOG3-TBTOZ-CXEBA-WRAS2,None
EBXYF-IRBDN-JAC0F-ICKQJ,None
HSCRE-FXLA0-L0VDT-P4IPI,None
ZAEDS-3KK4Z-6NFDW-AAWOY,None
OXYXH-UGNT0-ECLWX-UO9GA,None
JZIMF-8ECUU-COSSW-IB2BK,None
8M8B6-BTJOV-MLJRS-WGASS,None
8HUC8-DKGHW-KQ4NZ-MTHET,None
ZY0DI-WDZLE-YCJRO-9PJA9,None
G8KGV-QQ6BZ-MTFKJ-JZFGZ,None
85R8J-DQKZZ-OAFJC-QFOHU,None
M2MCU-LT39U-ONYU5-XJBON,None
JUF3K-LPUZS-IWTZN-U0YKJ,None
BC16P-4L70J-Q0H8N-GTVRI,None
VYMVT-H2DPY-HBX4O-QVOCZ,None
RGLID-VAHWY-PUKLG-ASTKK,None
A4YLR-RO5RH-21RF4-JSCJY,None
ITAMN-VGZRN-Q2ZTO-CB4HG,None
RWIHL-H2OEI-GGMQK-URENY,None
GS1U8-U8VK0-345SJ-IYU1J,None
W7BNF-NENVH-OQSUS-ELGQT,None
MYV2H-Z2AJH-DIZVO-BFQAD,None
GAL0N-AETMJ-3YOR2-WUDR2,None
JFMEX-JO8IO-8B4KP-WL8KP,None
ZENOU-UWPRP-FMDIR-IIQZD,None
ONNP6-4IGXB-NPEB4-PATW1,None
T1XMI-ZL2CO-LCYXB-ARPJW,None
BAR8K-QJURV-UEQFT-5YJZD,None
WVVCL-Q9XEA-EQ9U9-JD4DH,None
RG5RO-KT4L0-WP8KL-O0ANO,None
GQQ4R-YEH43-T0C8P-H9OIC,None
WYYRJ-ROY3F-5BMP7-M7HTL,None
JFDBX-3PXLH-JHQFG-JVRB6,None
7AV4A-RZCXM-SWZPU-C4UR2,None
AFHMS-QNHUL-R4P3Q-V558H,None
3NJJ9-ZGUVI-JYRIZ-FK0GC,None
0C2BO-DW2LK-ACZCL-NTE2N,None
MTRS0-2M5UD-ZWKCK-NGNAC,None
RQAYR-ZXRXS-JRG5P-3BPVU,None
IKCYR-LBBHP-112LJ-2NYNS,None
B9S0C-NIULE-PB084-DQOWB,None
4CYQK-VEL4F-17FMO-ESUAF,None
IF10R-WPCRK-HT1JL-VNASA,None
BMWIH-NT5OE-1T1MX-NLW2T,None
C4ET5-EL8JN-FMQNW-CLH4P,None
NNNTR-LDBEY-79HSL-IEYYZ,None
KX2HP-AOOYQ-OMVZM-UTAQM,None
AE4ID-X2XXU-WBK2M-AIK0P,None
ZHW6F-N2DLO-SNMMF-UMAVE,None
DSPWO-NM3L8-IU0CV-AV0AC,None
RE4JI-Z6MWS-F1UJS-ERPAH,None
QUG6H-DOJAS-N78IT-XZISN,None
JRT8I-GD0LT-1KNBO-WRPMI,None
XK6HI-ZXRKV-GUIV1-JHOU5,None
AISYC-CGD3D-BYIVK-8YPLR,None
HJFZQ-RDE4O-APD2Y-IRFDM,None
OBPAD-VGRUT-TY2L8-GUCUC,None
7LAL2-KPXNE-EPGB9-MKGKU,None
SSGA8-WKWRO-BWBUX-PTOGD,None
EN38Q-STIU4-CDQ2N-8DOXI,None
OZL7J-NGXZ2-D7R82-RTW5X,None
MQTHV-2X70E-IUCGX-50TBP,None
55XVE-EPRMO-KLUBA-9EZKI,None
EPQLS-LFOIG-IN92O-KZK9U,None
XBBCJ-OXSDW-O15DA-FEMQV,None
USTG7-MMJTN-PCIWC-IAQUR,None
9QDDM-WDH4Y-A6XXS-RYQIM,None
8ROXR-W554J-TZWZ9-GLFYZ,None
RCZXO-VSECH-JIQG5-CZNDY,None
QFYRD-EFBXN-FSJKI-M5S4U,None
NAKJ5-NQI0C-XMYJW-CAOND,None
WCCPG-QWL5E-8GH4C-RQTDF,None
DZ7WL-W4SOV-TCPBI-BAHJU,None
ABTHI-ZT32X-GFLAM-QNPMS,None
CBHCT-P9XFI-3EUKZ-FAIDW,None
QGZNB-LBIZJ-WMG2V-UTPRZ,None
PBLIO-M4AS0-JEBPZ-OJLY2,None
JGL5G-TEZZQ-UCBXZ-MYJU5,None
DDTJG-WW9KF-O5UT6-ZHVDX,None
JJPHJ-JGCNE-R4JFI-F5HQU,None
BBMJC-FTQG7-KYSOZ-PB0YH,None
AXMG4-IBEYX-ZB7YN-NSSRY,None
FA5VA-DYMWN-HGALK-H66HX,None
C1VDQ-Q6M6I-9FE2R-IZDCV,None
GN6UL-SQ5BA-DUQJS-OBQW1,None
A0SD7-L8BVE-ZSG7J-UBU2J,None
IK998-ULAC9-UPJRO-HIPOJ,None
NLO7R-K6BJU-AA2EM-KVKIQ,None
MAJS1-EAOH5-4K8YR-XLD6X,None
OC4BR-DBMVE-KBYEC-QLTJV,None
CTRTH-V8ZNI-6V3ZG-NEZ8W,None
3K85O-OLIMB-YE7NI-AQX8M,None
5HF5N-IYNLG-M6H2P-FT7HM,None
CZ1PK-5JY59-QM46F-IOPFB,None
LT5BY-VQ9AT-OMZII-NXZ5Z,None
FAXJE-FJAYJ-84ZCA-RWTCB,None
DVIBI-ERTRM-QKSN4-JH3KB,None
TOZCY-PGYVD-YHGEW-UDIIM,None
YJVLH-7FLED-HKVYI-IDC3G,None
RE3VL-M6ULJ-NJIMR-5CSSP,None
KNBII-QSAPE-TWMCP-0J4Q8,None
WZHEO-XQJQ5-XDHOT-NKZ5F,None
DDCNR-CJFER-OXSNW-3TOUS,None
ALHZ9-5LA7D-4W7XT-J3NWN,None
MHYXT-RZUJN-P9ZPH-BRQH3,None
MBAHR-R2PC2-NYZLR-M1Q4J,None
LE1HI-NXX3A-YWK5U-NT5EP,None
ZSE5M-OOOVW-XQ8HJ-06CNM,None
CZQEV-PEBJA-7F3XX-00JPU,None
GGPWF-9PU6Y-HLPNA-JBRFR,None
LFMJ2-UDAV2-INW1T-2KYGX,None
ZLZPU-MYGY3-RARCL-P4HVC,None
YG0IK-4YBJI-IOL47-VNDF1,None
0R7AO-OLQMM-G67SN-WD2NB,None
ZKDRW-QXMD3-C9ZOS-LFRJ8,None
LW0JV-SOMJ9-OIL6N-8CTQL,None
1VIKT-BDXUO-NTDIX-XI1ZB,None
SCHF0-GKXMW-LLWJX-YUF9C,None
MFR7P-MSQMX-LVMJF-3VQHJ,None
FUCXY-NZROW-LAQZQ-YHKNH,None
D9TEF-HLGLS-XV7ON-OJYXZ,None
5YF9X-T4IW0-Q07U7-VQOUB,None
NWNOO-0EBVO-BTNMU-AGKND,None
11NGS-UVPSQ-2ZLAN-VRERH,None
NPNPV-W1T2D-BRGX6-MRK3D,None
BXYDD-6WXDM-PY6VY-UPRMI,None
2JRWT-TVGRR-RHOLL-KGOIH,None
YMDNE-GFFRF-8CQTR-OPYBG,None
BVGYO-OMGCE-HLUO3-QOKPI,None
4VXSF-BSZ6T-UW4EJ-68I4W,None
DK1X8-T1FO8-ZS5LG-SPA6J,None
EILNZ-2K6LF-2TLJW-UV658,None
ABQEO-A7PKT-EVRNN-KHTX9,None
IID2T-PEBPV-ZACOG-CXCER,None
TNLRV-EZJOV-FK31R-QO2O1,None
QRDOR-MLG4U-MH8XM-POWDV,None
AF9NV-YQKTR-0KFZW-8RXTD,None
IPQMQ-FIIFV-ADX8L-HSJNB,None
VLVBC-XOPGH-IHK86-Q5NER,None
P9H13-P5WSW-RLH6Y-4FVYS,None
WDJPS-QO4U3-EBCPT-3R88U,None
EE2J1-0SKXQ-FY1JO-NDTHA,None
ZMEDG-YQ6VG-NWYUZ-XUSE5,None
YSKXZ-XZG6W-6END9-RTIBG,None
VALDZ-PK7C6-NFM3Z-OTHCF,None
U5DHV-ALA0I-RG8OG-MADHK,None
ION4Q-KWLMI-2IODJ-V6EFU,None
LTZY0-GNRDN-Q6AM3-Q38TF,None
XWAL7-74YGB-EIZZC-UUXEY,None
Q48YZ-ZZTN7-A0ZQG-JQ6KM,None
EUSLB-46HPY-Q8TXO-L1SSR,None
EEMRJ-JGLKP-SRMFZ-ZM2AY,None
NG54S-CYKGI-LHNTC-J5HIE,None
CMJ2A-JU4Z5-KPRW5-QJCO0,None
IL80J-MPBWI-Z4Q8P-XO8H4,None
RM68E-J8GHB-VEJMZ-3XTIT,None
TD8OI-W5UEC-SSIBB-9HYQL,None
QAT3R-ZIKFF-NUTLY-PZUDB,None
RUCCD-V5DQ3-3RSGI-NFPQA,None
HC67I-ILSEH-PWMH5-AEA7B,None
GMZTE-ILPPS-1S7AH-W1KHS,None
ZV3RG-YHKEM-BZT8H-YQPMT,None
G6KVH-MDAZK-409D9-GV5OU,None
NWQ6P-JEGTJ-AIQBO-QSSQM,None
SA2GA-UIR4X-UGHR2-JEJQC,None
QRHXV-HOIJH-WTZDO-8E1UD,None
ZUPLH-OQ3GO-NS5TJ-AQ30D,None
WNQ4E-RLGPS-GL3AY-FERWM,None
ZPVDA-HZ1XN-NOD1G-2BSYQ,None
7YMD8-SFI0H-MBCKV-3MND6,None
YW91I-45CDU-NRP6Z-I05HD,None
RZYBI-1BZ6X-3SMU9-KBXPE,None
DOHGR-PG0O7-PKJFV-NCT79,None
NAJ3S-PA88L-G2DTS-LJDMK,None
PGJAQ-ZO0GI-MDMSH-3LNZO,None
YJKEN-EL46V-BLBJF-JKZHL,None
KURAH-ZAFDV-KAH04-4B29T,None
4AN1Q-ALECF-WGZEK-TNACH,None
F7SY7-JKVYH-NTWCK-T6EHI,None
AQG79-MECRO-A3KLO-HZSBL,None
FZGHG-RYWZJ-G7ANC-WNM4Q,None
FEGCR-CGY7Y-EHOAF-H9PRM,None
ZQT98-3LQ6P-1PEFZ-L9AS9,None
XS6ND-XCLTR-C4HHK-2FSDJ,None
QN6TH-OIJ2R-VLDA1-P43TO,None
1MDQS-HCG2U-NXKOL-HBLRT,None
YIMDS-6ECNW-QAMG1-OCFC9,None
2FLVA-40XYJ-FUACK-PPY3U,None
JIROA-XIDYM-HFVMC-XPRC7,None
RWOAU-TKZE6-VOSUN-MUDEA,None
NBZYE-S2CXU-GGFW4-URZAF,None
TZUAF-IYY1F-OLRNJ-HJ8IR,None
3MXED-TKTEM-D7YTW-RQVUM,None
NASH4-GWDG0-IIOUC-0GUBT,None
1BPTP-7MMUG-FTKKQ-58PW7,None
CBZEA-BRU08-8O1YF-WF8AV,None
ZF6ZZ-TILXL-YVKX7-QE5BT,None
X0EXF-1UWAW-AOWT9-WGJXI,None
XKACS-8F49P-LSGAI-QOVGK,None
FHOIS-RX0BT-52JY4-EUKAS,None
OXCIX-IIGOH-POTTL-TVQSM,None
Z1SIB-3EHNE-KPJKI-TWFIN,None
FXPBB-4BYRL-CQHFR-JAOAD,None
HR2H3-YSHDM-P13P6-Q6BFS,None
3AJ5F-42U3P-EYSZW-U8GKF,None
PWU9M-5QGSP-ILZ8F-R0BNY,None
4AOIX-RFGIU-LLH1D-F7UMY,None
HL2N0-FCJSP-BINCE-QKAY7,None
PR29O-TZOBU-FEOKJ-UQFIP,None
O3YEC-24PMO-V1PME-V67PU,None
MPPUU-QFUFI-A1QII-PJY7T,None
QOHMW-5XU46-7CGU3-EMPCH,None
7XNRQ-1NLLU-VKQZY-ZWXST,None
W5T9D-FOB95-HKRBR-PGM6S,None
DEHZJ-W2NQW-UN5AC-QAELV,None
MXZNT-E3KPH-IIKQ0-OUDIB,None
KHRC3-FIOZC-MFJGB-ZMVZY,None
PZFTP-LNCL2-MZ49U-USOAW,None
LZ70W-YWL4S-FXVLH-OZI2Z,None
BGYDS-HPZXZ-BOYE6-KP2OR,None
YUFPL-IF40M-TP5KA-TBEFX,None
R9BSS-UU0QT-WAXV7-HZCCO,None
WMSHN-1O0C8-PWSNT-KLJP8,None
59XGE-93KFS-LZHLW-FN1GG,None
PKIYR-TB7Q1-1VE8S-YIZ0I,None
BG2EL-MY4BS-LSHM3-SJO40,None
XNCCY-MK5YM-DJCTV-I1O02,None
GKBT6-YMCHW-RD0N3-XMT7L,None
E8WCC-P4VJJ-RY8HM-JHNQC,None
ASYG1-DGFYS-Y3WAW-NVHGN,None
I0J05-KLX4W-VMVWH-BJFJC,None
XQZMO-MWHS2-PNKPD-MPVB4,None
LSO10-AKMQP-GIN1T-3BL0K,None
MXFOE-TRGP8-JCWVZ-TJOXQ,None
JRK1C-QRGOH-MGJXD-CS3ZA,None
GXIXA-QU168-SZXZW-OAKRZ,None
DLXNN-BHMHO-KCLV1-5PRQZ,None
BIA1J-NWTOM-Q6YCT-4M1ZG,None
FIFRA-YGCWK-JARPE-HPIHC,None
EBYAE-ZATVH-GOFWL-HCXOC,None
O51G2-R9TC3-VTY7B-CE0YD,None
ZE5NW-E29GL-JWSGC-9ZG8K,None
5QL08-TGLCC-JUWYN-EBQQB,None
QPYOV-ZQ3J2-8WQS2-AK6DI,None
LTGSZ-OX5US-NNQH5-EKTBZ,None
V33K3-F4WAJ-FBW1Y-CO9EQ,None
N807B-PDQM9-QCYYK-H9M2N,None
LL079-FQOS6-P8XHV-XTSMA,None
DCMXY-RIOVA-DFYVM-E3TDV,None
OOT95-FGSQ2-EMLER-HG2RG,None
YCZD7-7EZQT-XXFCO-TLXMX,None
IWU6J-UIX9R-KRGN6-TWNVF,None
OE38N-WJIVN-F2BRP-ROJUA,None
QL089-MZMSW-MDOUH-ENAHF,None
WSMAD-DCY27-RDJSR-RTMBD,None
NXBCD-R3QTJ-QITU1-JLM1O,None
OKENN-BTUIE-PKMIV-KM6EM,None
LXRXZ-AKZDU-RVHCO-YEIB8,None
ARXSX-UI3KQ-LOKYM-CIQGO,None
VDWUO-BFX4L-CMOJY-5SELE,None
XDRSK-5Q3TW-DVES2-YMAWG,None
TTMSH-BCRT7-A5ZNE-VYHBL,None
Y9LDY-WER4S-I0UF4-RNGAW,None
EM38W-5LZ3C-YIUCN-9QRVC,None
GSHXI-T6EHB-ZFLVM-N6AMV,None
BBLAD-KX43C-C7C2D-BY2WJ,None
AV9VY-KMQFH-CQGV0-UXZCC,None
FGDKT-QJNIV-BX6MH-TI5Z8,None
TIKCV-DHERN-YG4LO-TTTSJ,None
KZUYE-SEBHS-M7C27-WQDGM,None
JHEZQ-WPC4K-GG0DR-IYBY1,None
2XPGM-JW1CO-E8DQK-PRTTB,None
KUVEA-B5PZO-BHPY4-ZSXCF,None
K2D9E-NETDN-WQFA4-MSAUT,None
FICZC-XRHBK-TVEHE-SLQU8,None
2ENPA-Q0DX4-LZJXS-WBFGL,None
21WZV-GXROT-LCOP2-D2JL6,None
HBEIP-WCJOC-J4DMP-K3KMR,None
8LVSV-YIPNM-QUPRT-6DULS,None
WFURV-BFDQ8-ACMU6-B7R6Z,None
ZT5XH-SGGOH-IFTMC-XX5X2,None
OINDK-OEIFY-DIUFR-ICCYD,None
HBHAX-XRTKY-OI6XQ-SFVXF,None
NV7YE-MJW7I-A1WPZ-EK9I4,None
IXRZI-FJ7HN-VOEWH-3JZGS,None
KG3UZ-MO2WO-H3BKP-IZ1XP,None
INLFT-FG9MR-HJ2J1-JTDTH,None
UFCZI-TVUTX-QKBI8-HKX7Z,None
1W46V-8CWGQ-LI5JY-OVIJA,None
AJW03-MIAGT-43XVX-IBZUL,None
M9U2V-ODLRA-IFZ0Z-QGPTW,None
M8OXF-WD58S-O3F2L-3QOZZ,None
2XUNH-L2XHB-WQZDK-N0TRF,None
WUQTK-DUK93-PQU9D-UMO7D,None
PFWKJ-4WH9L-WNEH0-2GWTB,None
E0BMM-Y5QPW-Y0V2O-60BFA,None
N8EDQ-1GUBF-6UVCS-UKIJY,None
O1MVX-UBLNV-6GSQJ-TIVTI,None
1L94Y-EGVMQ-0K24A-DPN5G,None
VYXRR-0VVX6-Q1OBT-9PKE8,None
SRVIQ-IOSGT-RLCT1-QEC9V,None
YYB2S-TWCZC-IJP3O-0NQHZ,None
NZXLD-UCMOW-5QMVH-ZZO1O,None
SVS1R-3KMJZ-17CD0-UI3ZA,None
QZSLF-SKODF-DHAIM-3F57W,None
GRMTI-KEB18-NWF1I-74R2R,None
2WKVM-CMRYY-7PFFP-3NCTZ,None
DZKEA-RQ46X-HMDLH-QVJUQ,None
8SLIF-04LTQ-LOXWV-NU9XX,None
YRJF0-FCJZX-ZY7BN-JYPBU,None
PQBLC-SISK8-PKP7S-FAVDF,None
MXURM-LC21R-QTP66-XO1G7,None
2YA84-3T2LK-KAPYI-AHXJ2,None
2L8TY-ZFYQD-AEHYR-KL989,None
5VZG5-PPZE6-JFHZV-MGABH,None
PGUQR-VIIXI-4YG6T-WNZ0N,None
YFORN-T0AVJ-KLYPQ-QP416,None
ZXC6X-DAXQB-FAZPT-XORPN,None
VUJQ3-Z5NOT-HRDAN-OZ58I,None
2YAJV-JJFNO-3XHNM-EQ3TW,None
XHG0Z-T99GX-V1P6E-VLPA4,None
IUPEE-AXS4C-CCSJP-FBUAC,None
QAYOW-RMZKD-GTNUV-QOTRN,None
WGXCA-MVJCI-I0PO8-QXBQT,None
SBYFP-BV2TD-WM73O-6PBMO,None
GBL9S-4A1JJ-FSTBI-KHZOV,None
NUF2U-ZRWZM-LJTPG-DFYMH,None
UKIJU-UMMYU-Z6WBI-VTPOY,None
USGCR-KOFW2-JKBOY-F22SO,None
ETWAA-XVPD9-T3GRO-IQWAY,None
WVIPD-QXNSI-FLPPC-0F8JZ,None
FQVCZ-HSXUA-ZEZJX-6S1GW,None
5SCJJ-UAMDX-3XRJH-D2SGO,None
HDAL3-DSGWA-EDPFK-V2MDL,None
0K07T-Y1AOU-5YSSO-ONXRR,None
ECVI6-FE4QC-APTXX-BILPH,None
REL63-GADCY-XWLBI-TOMJP,None
ALOAZ-CA8CE-KH8NT-VNGWC,None
JINW1-6DFU6-1LVGX-AJRJ7,None
Z9D1A-6PLEB-RXTRJ-Q6XD7,None
SUA3H-R5ZMG-ZNVQO-XMHHR,None
SLCT5-G4FDY-KFQUH-WRDAF,None
YNWYH-OLL6Y-LQLNX-KCYCH,None
4SGKC-9MGJY-DNUPD-FRCUE,None
SKDW3-VHSK5-DOZOY-PXD5N,None
WYRFS-CMTQ2-IDXJ9-KYQQH,None
QIY6V-0ZKN8-B2GJQ-DALAR,None
92UCA-TGHB1-HC0OT-BNRYZ,None
KKGJ8-DCSR8-H7IAN-PFV2Z,None
THTXO-NFUTQ-CZ9XS-VVO2E,None
WPCWR-AOL8F-4U0JZ-O2NWF,None
WO1GX-OFELQ-T8VAD-NMZSD,None
DPKEM-QEEOT-F6QJD-WO7CH,None
LUGOG-TTSP7-1YYSL-IQZNJ,None
W4ORL-QSGHQ-MDMOY-WQYMK,None
FIORJ-YL5A6-KXTQK-VB8RV,None
3Z3HT-PMAWD-0S3V1-ZU2XD,None
5PYWF-VTL48-RPXQD-XUYRQ,None
BJPX3-AATFV-IMZLY-A42ZJ,None
GGWAL-RCNQQ-ORJUO-IUDU0,None
IRRTP-SETB6-GWPFA-SJQLZ,None
SKCHD-DRW5V-URFXO-GVVR3,None
YPEMO-CD7DE-7FNXF-IFTKW,None
IUBH7-2HZP8-OM7ER-JYTAN,None
UQLVO-S9T5V-PUGJY-F7L1U,None
HQOWJ-ODQHS-AN1II-5UT4Z,None
HCSWW-BRR7T-D239E-R3MH4,None
LB7V6-6AD4Q-FJBLO-4FGXY,None
3KG3X-TSN8D-8UN7Q-AGHNT,None
SICXK-CLVSY-IAMP0-LZ07W,None
FPIC5-8AJ0O-MFQ07-7EEI8,None
DLDAD-JXKFK-YNCFQ-SNRLS,None
CL352-WDJ0K-ELAYD-DVT2R,None
45N8U-ZUQ7D-P1KJA-ZV2BJ,None
HGTXS-EHQOF-B66BA-VWMDZ,None
MUNPL-Y6YTG-AVVQG-PDFE5,None
ZIB7P-RFVXU-DSJWM-HEUZD,None
WL0OH-2NM5U-DFMZI-AYV7E,None
NXO5N-UJCI2-FVL5E-2AAP8,None
HMPXC-VWRCH-IKGNK-KTMLA,None
1V0WR-PY5PE-VYQSE-A9VXD,None
HBFFZ-D7E02-XL6RK-ZAVTI,None
ZO7EX-EBAHA-7RMLN-MLJBS,None
ZZF6S-YFD03-1AGFP-BQCWV,None
R4WQV-UJW9X-YQ1HR-MNUN1,None
QAROL-KNSUS-SW0CD-WJHC3,None
9RDBT-XU8FF-8TP8N-KETGQ,None
LAVDG-CUAHW-RHNOF-8DEF2,None
JXUKB-S4FS3-QAUHO-XMDSJ,None
GT5MT-UJ5IN-N0DXL-NSJOZ,None
K0SJP-0SAGB-BILBI-JBGER,None
JJ0KH-GRXLA-0MBJZ-MUZBU,None
YOS0S-LZK7F-NRJ2R-OZSG0,None
PQXGT-IBLZK-6WYNA-SNYLP,None
67KDF-IGAHF-JW8SH-NV0BT,None
RLHWD-D9NBQ-HRLCI-HSRFG,None
BUYIM-BWFFW-EQXPE-TUEX9,None
T87ZS-XBSBH-XAEPH-3KTO3,None
BOE6W-ROXVU-LBVYY-Z0XYN,None
SU9FH-VXW8N-NKVOK-8GLN1,None
U23EF-UFEIC-CGFZA-TQUUP,None
NUY7J-KOEPF-4ZLZB-3WN3H,None
EAUHO-4QVYP-IMUNZ-CTZHM,None
KKESN-DJCMD-GOYE5-R1FHF,None
NVMG5-MZETS-0KWSA-KMWMG,None
E9VPN-FPOJA-7PHRS-BSGDL,None
RAYDS-TZ2NY-AGFZC-JRHXH,None
C5VBS-DFKAW-TAU6M-5UDOM,None
EQXAN-XJU7M-IYFS3-TWNRI,None
B4QMO-CHB7B-OQ2WT-ITCNB,None
SEZWU-SOBRV-FYUI1-98R5G,None
93GFG-6PLPP-H9NB0-6DLFW,None
WIDR7-X49OL-EADAA-LTZHO,None
POR9I-YWBFR-1L2E1-VNIHI,None
Z9RPP-7PFBK-LPL3G-NS5NV,None
B9UI6-GUA4Y-H2QUL-R2REX,None
FXXIP-PDSER-QZWLJ-GVRI0,None
0TEHV-N9OKJ-MLZGJ-UFIJK,None
RA7SU-FXRH2-UHAPF-8K9TC,None
G74LU-JUFFL-8GT3L-8T1LF,None
BCCOW-DVPOK-DCJND-HHGGI,None
886HI-VKFSM-YFINS-08N2F,None
RLHVC-CEAAN-TCOIH-TXGG7,None
S9PWW-WHJOZ-CTEDL-TUCIJ,None
SG6NR-PT7IA-YI3E7-H48QF,None
0J6ZS-LPGFC-RT5UJ-GPYAF,None
GJB9W-TQUMT-FR4EV-RAFF7,None
EPOYR-0BVYK-YWFTA-CMPW7,None
2OUUG-YPG8X-DHK2J-L7TB2,None
Y6SWO-DOUBG-CZFEQ-N2TIM,None
IO1PW-LTNPE-U3YIO-7B2LZ,None
TOWUY-62BZY-TYWWY-KWOCQ,None
AWE6W-6LYTJ-GW3V6-DVS4G,None
PCL1D-NUEOW-OWW2H-OGR6V,None
9KIAO-BTJYV-2KC7Z-SSET1,None
7DIOD-GHPGQ-PNIRD-VQ8F3,None
8MMPB-5NYH7-O5RTG-LR0YD,None
87YAH-8A6RV-3ZKC9-6OGHC,None
G8RJR-RYFQV-HAOB9-QSBCB,None
OGOX9-I9T5O-NU8UV-GIKAH,None
F4FEK-MLR3V-G6HZC-QZ8JH,None
URO6D-TISJD-A6Z8A-RXXJQ,None
F9HHY-BJPXF-YXD9M-RW2B8,None
BYWAX-SC4C2-GWJIH-DXUJ0,None
AATBP-VOAH1-RUF1T-I9TP8,None
PGUPJ-SG18P-7EJAU-NDFRW,None
BDQRD-EYDWE-CCHQB-PGFM9,None
AJGEQ-YIZHA-9QAZO-BSGJQ,None
ANXSD-KVLRX-DW2HJ-8CI9R,None
3DHKV-VL5BV-N257R-UBY5T,None
EVKXZ-MLBCQ-ZA2QL-5KN2E,None
ORC5V-CDJJF-RFPJL-PQZCV,None
PHOF4-ZACYR-K8X82-5AI50,None
ZZUXT-JHPZQ-PUVUB-SGTTE,None
JY7KS-H9YHC-0XSGM-4M7MU,None
EZNZX-IAY7S-PXUDM-AGLIV,None
SWVLL-XTZN7-ODLR4-TX1J9,None
6QMRB-05BL5-CGUFJ-X8ZNC,None
C5GC6-FDNDL-ABCN3-UT6XG,None
WAGSW-QL1GN-TIEFZ-MTSBY,None
RPYLE-Y3D7G-LLNGF-IFPTC,None
DDYGG-V0UE1-RYGNZ-RUJLB,None
KVAPS-HLIKB-U0ATS-LL3ND,None
OTJJW-T5GRK-13SJ4-GF0OU,None
5V2IO-UHKBF-F3JZI-RAZHG,None
ELSDQ-Z0G3I-TFIPX-WH20D,None
ROMRH-CVS3U-A8ABT-XJ53V,None
RXPAY-Q6P92-B63SH-COAKC,None
LCQZN-5Q4XG-8BUGL-N4FYC,None
OPCDI-AW4K3-C47YB-8Y0CA,None
JKAKE-PFVT3-KZFD7-TNAC1,None
2ZW3V-TH4R7-BCOTV-VLY7R,None
JVG3R-CCHB0-GI2Y7-LNGV6,None
3RNJD-IXZCP-MKYBT-RWQ7I,None
6WK11-T63QC-FQJXF-CHCIF,None
HAN6Y-ZIRR4-LQTHX-ZDSQP,None
P3OA7-6P7PB-1DQGA-0MPEL,None
9EAPR-RMD4K-KVO7D-QDWPU,None
ZT4BI-INICP-OCEAV-CUPML,None
5BAGG-AXAXW-D61FK-F1LE5,None
MSMEH-85ITQ-TPWPB-TP5AT,None
K5X1T-WJRWH-Q9EDU-I3POD,None
ZA3E2-I5E6L-CHYLA-XHF7B,None
EHV1T-UIWPT-BJTUU-CS1V2,None
0GH38-KZQJ6-NNX2A-GMPR7,None
TX1DQ-ERPSH-TOXSZ-VXFUZ,None
DNNBT-D5QYE-S7VLI-WAQNE,None
Z4Z2A-FTF8P-YOAQR-GMGZM,None
S5QXL-YIRF4-ODX8Y-V0SDN,None
IEGFL-1VV5U-VBDUC-X4WST,None
CBHTZ-6TNOR-JX0PI-HZMMJ,None
SUYTS-LSDNV-AEB9Q-OYMOK,None
I3WAV-QD1W7-YEPZV-VI35F,None
6CDCI-2IXGB-QPBIC-VV1FU,None
N5PJP-IH81K-7ET5K-GDLZM,None
VAWSK-YJBJI-M0EKN-97TT3,None
GKZ0C-B1ZSY-7Y25C-NFERY,None
H1IAV-VPSXR-YVILF-XNEW2,None
BBP11-KLWMN-KEASD-NEVKO,None
D7OEC-ARPX5-SYWMY-IH2BS,None
ZTPPU-VWNYP-1BFIM-WZP8P,None
TT8ZR-1RUSF-HANA7-EZSU8,None
EBEGK-DOC80-YTMVX-GSPDZ,None
HVXTT-CTVAL-29ONO-ZDLQW,None
CGLM4-BQTEC-EPBX9-YHSTR,None
TMEXS-V1YMT-DR1LT-09DAI,None
XF4E8-XQNTU-CRQWQ-HM3PX,None
CSJJ7-BWVKY-KNN5C-PBA0Y,None
WYGHW-QBTYK-YSEXN-BDOIW,None
LBO7L-QMJGU-DLC2R-UWQHQ,None
FCMG3-VIDNF-PGGK8-WAFLE,None
4MHGE-CIV3I-JHAON-DJENM,None
JFSUN-RWRTJ-I7XQM-5AUU5,None
WQXAW-3DBNF-QRJGE-V847R,None
UFZTM-GEEI4-IGIQF-OLGYH,None
APZ8P-RSRQK-NT3RW-AMBJA,None
D4NC2-Z3LSG-RMMZG-82MUK,None
TEKXX-1YJTP-VIXZT-AR1BA,None
I2V2C-ZM652-PKGLB-H2NPM,None
BDVNA-OQ0PA-YB0RN-MY0YP,None
THKPW-SOVIH-VLAZP-J1EMX,None
S3EAO-U5UBD-QKPCK-UQVUH,None
8FCZM-RIASN-XQLL1-LRXCY,None
N7PHM-99XPF-F30DU-OVTIO,None
AIHVO-U7NUX-N6IHM-9KQBD,None
HLB0V-MEE8Q-HR28E-ZHB5U,None
9PMGV-1DNDY-NGFUW-STDZF,None
DKY4P-9O40C-LG1YJ-YBTSB,None
Z1N0F-K1YYC-CZKZQ-VFNNL,None
WWR3J-YI7UY-VKRG1-YLQA1,None
4QZOV-KRKOS-V0KWY-HTLMB,None
KEJ9X-Y98ME-KJHCD-Q07MM,None
YHGGY-H4NMC-RVRAW-B8EVF,None
AURYU-GMLSR-YOMO0-LBAQK,None
494JD-K3D8Y-MBIBA-E8BFM,None
4AUTA-5RPB5-ZR4SZ-HBYBS,None
ODGMG-2CDY4-RAU8N-XHEYN,None
4QLNC-H2R1H-J04DI-OXR3M,None
OAQOJ-SSADJ-QUJUH-7MB20,None
QPKAR-GNXU2-EVKHP-WIEI5,None
DGIMM-DVOMC-PCYZX-DTFMA,None
RGX2O-NLBW8-O6LWH-XX3UH,None
XP2FN-Q3HGJ-2PTAM-9NPH0,None
O76XS-BJ3JX-QHRYF-9UCEN,None
5TTHZ-VFBTK-WCUDH-1GFJS,None
BSVPS-CP0FO-UYGTA-H8UW3,None
MROTM-QFWIA-UD7RB-SLMAS,None
VGKTM-RHFBP-KWHC8-6ZPMK,None
1R3QS-U4XF7-W3VMI-H11DX,None
FMGPX-IQGOY-PPSSY-WP1YS,None
KRYVT-AOHZT-79JKJ-LHKWM,None
HZNOG-2SQRD-MAKEE-P7BMI,None
CF4K6-A7MXD-VVWGI-MR7UG,None
8SJCV-ZDPAM-SPB1F-FYI7S,None
DXDBP-UJLNK-19SYA-UQLEE,None
3NZQW-1DK1X-V5IRI-HEL5M,None
U1KTV-WURR9-PFYLK-XKRPM,None
NYS1U-8UMZZ-YGCMO-KJVAC,None
LC3PM-LDMI1-EFOIW-1BG5U,None
T48NH-HE7XE-QLF1C-K21VC,None
7HUZ9-GJBOH-0OP5W-XBO65,None
RQP7O-SFDBZ-4FVT2-CI79C,None
6288C-AWS76-SFVA2-UH4MM,None
H9MXB-6X5N4-4WPT5-NKIS7,None
UFPIE-MHE3D-1U7AK-B7MR8,None
ZUUOL-ZB9E9-J7UWG-TVYWY,None
BJPOO-0C8RY-HZZ0M-OHRVC,None
PVPEN-4HGJK-M8NPY-AQ48E,None
NSBQN-MDALR-WRVHO-FZHJH,None
RK2OS-HUSHU-XNFFF-EKUF1,None
UGUDZ-8DI9N-YWRUG-Y5CIV,None
KHG92-LG8NA-MQ8ZZ-EXDM0,None
LVAZW-NAUDI-9XWLS-IHD6T,None
MADSJ-I9G6D-VDVNI-VHWDH,None
X4PML-3M69F-TJNBB-2RGDM,None
M50R7-6RWEG-BCLWE-LG4X5,None
LONJM-7QFSY-RELLV-SFESH,None
QB3YJ-XACHV-NJGBH-1AIGS,None
OBFDN-UWI8I-YCXDR-Y4LAH,None
GK8NG-UJABA-M5VAF-DD7HN,None
MIC58-FNHRH-I9FFI-OZRBP,None
SN0EO-SOCD5-KSSCT-2Y258,None
AE7EV-TYD7P-JCNAX-ONQJS,None
R5WLG-EUUYZ-NAHQ5-QZLMD,None
Z4FHR-L4ZOD-SB7KD-HQSD8,None
J2PVJ-UVNKF-LWRZ9-AAYXE,None
DS9GK-GFJEG-U1ZRN-N6K29,None
8PT9Z-Y0DKF-CXDV3-GVWSB,None
PPGRS-XBN6S-PWWPG-SLJVB,None
W5TOA-58PVY-DKO8O-HP1HY,None
I5UXQ-XNXLT-F0ATI-QRUCX,None
XAYQR-3PICH-NLR1B-BSBHX,None
GUREL-VOHFD-FBMLQ-PHF28,None
3QZQ5-EYXY8-INEAA-UFMOX,None
C9IHW-ORSTG-4E2WB-QNCX8,None
AEDLK-OXNE9-4GSZZ-NKTBV,None
SJVZ7-OEM6M-KUPA3-7LHQ2,None
0WOAG-K00O5-G2IJY-RQ3OQ,None
K7PZO-HH3PI-IDKEJ-EE29N,None
TFM27-HFDA3-X5NK7-JQWYZ,None
YROG4-AFJAB-LOR49-CYK8R,None
ZTMVK-VPEP9-BIMML-ZE8FA,None
MTJEU-WXNK1-IFUKV-TK30U,None
BF59Z-VND8F-LTSFE-FDPBX,None
VS0HZ-MO2XJ-RECE8-MQYAS,None
ZP1IL-ZNCUW-2XSPM-HYVXU,None
QNXGN-IB0FC-JQOV0-ZKN9N,None
OZNZ6-0G0B5-VWCAY-OT1X8,None
UQAS8-XWYV3-AJ4O4-XDS8J,None
PQYQZ-QPSCV-8WIBG-FCY9M,None
WNIU2-SGQOY-AF0G7-QZ81B,None
DIEMB-T0SXE-DUJU8-DEGSA,None
X6LC6-P2FMD-DVVVC-1YU4D,None
HLZO3-GHI5T-86MEO-K7QAQ,None
NC8FA-KJ72H-MPQZZ-7SEDV,None
ADDYM-52H2W-YGPOL-5F1X1,None
YNMZV-TBFMP-CYOIF-CKFTU,None
Z1OEH-OKHPP-GSQKL-KME52,None
UMDDB-D4COT-WCLM6-TIDNX,None
TFZEU-WBHMD-1X5WU-YWKOJ,None
C2RPF-CY0CC-MSY6C-WVWLT,None
ORGTN-SXBKZ-NOGPD-NQ4DL,None
16H81-7JW3H-I8UQJ-J24XA,None
AHC42-TCHBR-9LBWW-SWNWT,None
UFZMI-R09OV-NFMLV-UFRUA,None
YXEDI-QKDWI-KIZXV-QKJHC,None
1Q8NL-LE8ME-KGAFD-WDWGN,None
9I7NJ-TQRNL-JRHNL-NQTPS,None
7PKM6-6O7W2-XFC8W-Z11GD,None
DMBAP-6WC7N-JAGDV-ZWUCO,None
TMZNU-2W3FC-05NGT-EMNIF,None
0U0T7-JGIFL-EVADJ-ZOXMW,None
BJ7DA-SLZRG-P0MQX-JA9BZ,None
WAX4O-FT5YG-T7CUR-CYPSY,None
2YRR7-V4BKI-7GMWK-PRA0E,None
K578L-TQBPW-GGXZX-TWRYI,None
4ZHNG-PIWBL-VP8MD-FYK08,None
JDJZO-IDYC1-O0VP1-WOLS9,None
GWZDQ-1HUGI-UODV5-5UEIR,None
MPN2R-F65DQ-1YLWL-W2BOV,None
IHZZG-RWZNG-GIKWE-RWSPE,None
KASAQ-4KV0B-1CE1V-HUSTZ,None
SSJIA-LBGT5-TH2LR-MIBMI,None
ISVSS-I1QDT-DHHXM-8DF1Y,None
MOOAN-RCHAX-6XTSV-4NU1G,None
BNYCD-ZWZIG-FVSSR-DE3AH,None
ZEFHS-YOXDO-62PLT-JZ1EP,None
MOHMF-5FRPU-TPJEX-C2RZU,None
QA95Q-UZHOE-CFG0G-5CXOK,None
DM4VU-IKVIM-6S8TI-HRHAI,None
AFCLZ-QXMR5-KKJMD-YS30V,None
ZUUH7-0NVV2-M3DTA-H2AJX,None
AGAHU-OB10M-AHHTC-C5QCC,None
OL59A-PKEHE-PSWI2-UZCE3,None
OGKWQ-UXDNN-SYIQQ-QYCMW,None
V8SGB-JMGUW-SOAFI-S3GQG,None
DNQCX-TTCZK-FWIK4-3FUQZ,None
HWO9U-OUM8G-UFPZW-W2EOM,None
4QTLM-6TNGG-EJBYF-PZYQ9,None
2TDLH-9SOSB-UNHKP-DOPZX,None
8H0EO-XIOR4-RBMRY-WD096,None
TI7OE-NEGA1-FWICQ-7F5X1,None
CS3ZG-NSJ7L-JUTVW-LIJCS,None
O3JOX-8DNY2-BTFMS-M8BZM,None
FKCFM-YU8B5-GZ0KN-OFX9W,None
QVFAN-PSJRU-617TW-EA8Z1,None
R9X7B-1GGPU-UZ52Y-WHHXN,None
FF2XX-C9EAM-UBREX-ASYHU,None
FEDFF-EQEJM-Y6YEN-VXRIH,None
GXVQA-SWANV-ZNZXA-VXBEX,None
JRVXY-1G1DM-XOLJM-MTISN,None
KY6OP-9UPPY-JLI2O-99G4H,None
X00DK-3X05V-ROVWQ-RNOTL,None
WNNQT-Y2QKV-VCBER-9EMYH,None
NGEME-1SIRH-MTUWM-SYZLF,None
JBX9E-VXIZM-XQPBT-PTJCF,None
GPP1F-BTB2X-FKN5O-PJAU5,None
EEAWX-JZHJX-KI212-N41TQ,None
T3CPL-4QCAY-S7NIN-DJ0JP,None
8UAMC-D2BJH-AIACM-AU3EZ,None
49CQB-ADJX1-MOMJJ-QT3YY,None
Y9HYE-OF3J5-TT2EA-L2HVY,None
2HFNV-A6DGP-VJBM3-DMDAP,None
J5VSG-MRJZA-RJHXM-LKBVH,None
SNL0Y-HGIRT-NZUO0-CG3IQ,None
6QFPX-AWRFG-OMA3T-IRWMD,None
XHHZZ-FDD5W-69BEW-HTSA7,None
C8QPO-GCROB-FPM5M-X5UKQ,None
6F2SR-DZKYK-MQDMZ-MNNSG,None
IP2RO-7MOIN-TOXL6-QXUK1,None
OQGSD-WEASU-TP7Y8-SYURB,None
8UZVH-WAEUR-2HIRP-ODQJU,None
SEYGG-TIMBV-O8K8P-JFE22,None
CL7B1-HW0WW-T7ONC-INY53,None
QXVK8-KQTZS-KW1WF-IHFDY,None
5EVZG-RJCYF-DS7SC-HUHXI,None
MJRJU-GDJZC-QMWOK-SO85J,None
UEQJB-CMVXM-6Y4BY-NEF1L,None
M87TU-5RA3N-86EZM-GWBGG,None
TLD8G-OINAB-1PRTI-EZ2WE,None
FOLMZ-DLV68-CFKG1-JVL4V,None
BPUT6-55GWZ-TVZWE-KBL6C,None
BPPPN-MVZS1-DYCF6-OXTSN,None
MNOKL-OCAL0-DWIUT-XZJHT,None
DWAAH-QTXK2-KMT3H-MZQWC,None
VIEPO-1VHPO-CGUVO-WNYY0,None
7AYO4-AQ2NB-YWHGO-NXWOF,None
YSWGU-H0KM6-0I8IW-2R63K,None
JNKL0-TJHDV-4ZNK5-8ZJGX,None
PKFDA-RXFHJ-1705Z-DL1KD,None
LNVHM-ELVCK-BZOHS-5CCVY,None
MQRZC-NEAKJ-WNCA2-KUYKU,None
RAP2F-QBHFF-DIVWO-AVV3P,None
OMHNR-L4SCL-093GE-WTHBE,None
MSHY6-18S09-4LCWX-TCODP,None
LHLXG-AKFJS-RRSOL-O9AOB,None
ZHPPD-0AVE8-PK5KC-AIBDG,None
81ECA-E3NWB-EIBRM-HHC8N,None
GNBK8-MAR2A-WUVYD-AQUBL,None
ANEMQ-QFKRX-EJ9BY-6QRIZ,None
OL8KS-LCNAW-VGPYB-QLNPH,None
BXCNS-VDHFW-0HKVN-HR4MX,None
KTH9D-59X7O-JAAMS-ZFMWC,None
VJI0Y-ZC7I3-S6B1O-QZK5E,None
WLKEV-MYR2M-4HYPC-FQ9I8,None
DTMCP-RKR55-CUUJG-YD8DV,None
3JFTK-DNT2L-VLZ2I-MRKY8,None
BY3CN-FEJJB-VXMTX-FBCSE,None
E5GWA-4WLRO-GDW8M-FCURQ,None
ITNTZ-LFCJN-SLZ98-EARAI,None
EIJJE-LVMTY-W6GFJ-8NHOJ,None
DULZQ-E5G14-P2VK5-ERHRG,None
ZS1UN-KFFQD-DXSYI-7EE09,None
FSZHM-22QDK-CMXBT-TUWIY,None
XW3VN-WQGKJ-YAVJC-DZIZW,None
3IRBX-GE8E2-X26OY-JIO5F,None
F3M8P-WJ7FU-HVX1I-OUYDN,None
2O99F-JSKRC-G9YBT-L9NI2,None
SNZX4-XKR6P-ORUDG-EQRAP,None
POT0S-7ZKKP-S76GQ-IHAHO,None
KV86R-U6ZDR-1XMOQ-ZDCQJ,None
XAO8L-3RSAU-GSK40-8L5XV,None
HRAII-CFVDD-SYLIQ-G0RYB,None
QRLGO-SCJQS-UANB0-WGJRH,None
ZCL1P-JF9UI-UADND-0YZAV,None
GM8EU-KPPSW-P6HW7-KUUCH,None
7LPQJ-RFRNA-3A0XI-MEDYJ,None
FJJG6-2RKU9-RFXFD-VVDNT,None
TS8SK-OFXDV-E5IWM-ZKTRT,None
TUFAX-GNSV6-1PNH5-MYLJX,None
TEWO1-KEA5T-INNJU-4MA59,None
NUVWD-KLHCS-YH965-FN0LR,None
BKYU0-4KL3C-O77PH-IHC7F,None
WSPZI-FIIYL-D5PKV-AAPKG,None
NLVRZ-BHOL0-M6EUY-K6H9E,None
FQRG5-F9DXF-IRK3B-6NZSJ,None
GUGIL-SGZJD-KKQZJ-XM4FO,None
MZHNG-RZWOU-UVCAD-OZLH4,None
CZM4M-KFOVI-QQVDJ-MS6O4,None
P6HIG-LWZYI-KEOKH-YEHCD,None
Y0OOF-ICBXO-G1LKK-YGKNC,None
BM3XW-MKQEC-N3RET-WLEWP,None
60079-KUHHC-GGOZT-DDKBC,None
GMV52-3JCKB-NTAJL-ZVWIG,None
KQJZ9-VBLUY-VQJLT-GQ1P1,None
SEIEZ-WXVVR-PCECL-N581G,None
NBXHW-CHBLF-WQ2MW-KODJA,None
07HOO-SQ2CG-MLE04-FVVGN,None
U3UXU-2LKBJ-B3NC7-GRRKV,None
NCISI-ELCUA-LTNPT-L054W,None
COJPX-CLCTT-XRKRS-QLGIV,None
UXXZL-RZY6E-NOVLI-3EG1X,None
6CQNC-OYX5B-JPN6H-B2ZCO,None
APMI2-IHBQI-UZSY3-RQK9W,None
WPYK7-NKTBI-JYVVF-UZLHN,None
VRSMK-KKN7U-10HHX-5F5LK,None
EOXR7-GWERX-VFBQK-X1EYH,None
DR79N-S6BDD-GMHGH-PMN0N,None
2Y1E5-VNCDC-W1F6T-JTXFS,None
RPZEO-284RZ-XMVZI-KWLJN,None
HPZJ6-DO7GO-U7QND-D1U8M,None
TTP0Q-CXOSG-QHOPS-6G0QQ,None
5S1WC-KKXXT-J22A2-WT9LD,None
CFQBI-LHOZV-MHV1B-YOHMJ,None
PBCAI-FNJNH-WM3FC-PTE7E,None
RLFMS-RVLXY-WA0R8-S1ONX,None
8P97N-7C7XM-XDQCD-AZYDQ,None
6TI0Z-OF2F6-ITU9V-0SKHA,None
5BNCD-H0IRO-DBOEZ-CIKY7,None
4MIQK-SUHHF-LUQEG-6XSVQ,None
WO9FU-WO3YH-RRSDN-PG6GK,None
H1LLX-DRIOR-TSTGT-N7LUS,None
AQMBX-7MDRG-1QTSM-YCUI5,None
ZUYF4-SVBFS-AHBRW-7U4TW,None
VPZXK-IWOSZ-5XYND-84JNL,None
U71HY-WLQXB-DVUWQ-V2ZE5,None
ATOAL-BKUFW-CUPIN-GEZCD,None
AJX9T-IEPSC-WAHRA-7W5IB,None
NODKZ-YLIKO-9JFOT-UMUT1,None
A5XT8-EMAHH-572KD-KVPOV,None
JQ2YG-FWAVR-RRJSG-POXSD,None
VAZQS-NBFIR-AAS6P-KIFYX,None
QWKAE-RKBPB-U2WPM-INYGR,None
FMZVT-BRO3D-FWBFT-T6NNP,None
MPKMV-STDRH-KCSL2-UMVQX,None
WFCH2-05VD0-MSSUG-FS6OX,None
GECD6-CL3ZD-SBQSJ-GOFWL,None
WG4C1-1J5Y0-0MMYX-JTCXG,None
UJKOF-AG151-YAOPC-LF9QF,None
HJMHY-PX4OV-KSQTZ-BQCH4,None
VYB9C-WJXOC-FJFQV-FJJDC,None
U9AQW-YWOWX-W6UOC-GGH5B,None
7TKFS-ZTZEM-J25LK-V8YKK,None
RDMAU-BRBAT-PX24Z-NEPNP,None
TURKC-D9SDS-UQTHQ-K3GJJ,None
KYVPU-EXZOW-THJXB-0ZEUR,None
SG8B1-Y7TS8-LV17R-9BJBH,None
FMHKG-EWGKH-NGVV7-1EXOK,None
J5HT2-8CPSX-VWX6N-KR7C5,None
REYYG-WSIS6-EFHFA-DGM7C,None
FTRYU-XARWQ-RQNF2-FFBD0,None
TXA4I-BO1UO-JUWOE-KRNOB,None
ANPUR-GAJH6-9KWMZ-XLEFE,None
VYCND-7IIAU-DC4RG-75BC6,None
UEA5B-7MRT7-6SWZF-TUWHU,None
8ZNZI-RVJDG-HTEBJ-QUEB6,None
IGENQ-DY7OI-9MVMI-2JUZY,None
8GGS0-FDAQH-VIUGR-ZBWDQ,None
7U0GN-5LD4A-NHIJS-BGE3M,None
OTV4X-Q9KGT-MKMCQ-UIC9M,None
DWVG7-0QLEP-RILD8-KRY1C,None
VBOFG-BENDA-4ZOPH-6SCYQ,None
M0XI7-NCEKS-FCAZP-XZSAJ,None
BZNKD-29FH9-HGD4M-MU0EP,None
S3CUQ-ST4KU-HJVQM-MN2XW,None
Z2ZOC-OC6O2-BY90Y-GYW4X,None
W0TCW-U2MEP-KPZAM-VIJZL,None
QETTQ-XU5FN-HB8FV-RUWWN,None
QCAWH-GUGRM-F0UTS-8FJ70,None
NSKC7-SM9N2-SENAQ-CSQCP,None
IDDB8-AFLJ2-N1LH8-YNRSC,None
YRESR-DX2HE-6RF8X-NX56K,None
IQ3GN-P9XYP-CSQDC-8Z0HG,None
PVXDC-XBTUD-SL68R-YMRMD,None
DCE2W-HJ9OO-QY12X-TMB6N,None
ILXSZ-CRUGT-YAS7W-GTZHQ,None
CDBUP-UHHEF-KGSUI-ECWSI,None
IKPCZ-DEKBG-K1IMR-FK2NA,None
6AXD2-J83OE-1M7ZZ-LFIJL,None
3SOUW-XJJEU-QO0M1-WYAER,None
RXOOK-CXYW5-EZHZU-FVZ3N,None
UYSPP-SCLYG-ZCTC6-UDWCH,None
TMGMX-BLNR0-TGVJB-N3CTW,None
6PZMV-ZTLJJ-0I8UR-7TNYD,None
NZH6I-5TXET-F2OZS-D3I7X,None
LJJ9E-YRCCB-3G5KC-KLML5,None
GXJCO-TJ6HU-EX3CA-0BTFT,None
RVNAB-OFLKU-WPBOE-CKRK7,None
NG7RG-IPJVI-I4ESE-HDU0T,None
DHHHV-VFNE1-AHPME-ZC2TB,None
HAEZU-7459S-LZHER-7T3CK,None
7JAHK-TZ1X2-UGMMB-GAEC8,None
WFKKI-USQSA-FIMOC-OQAHB,None
QFL0L-YRVZN-ZRKLK-7709W,None
7HAWQ-QFRSD-E9C7V-2IUX3,None
UEHOC-V8I8F-PY8NO-K2TGP,None
SOPTG-EVRQT-N5D5H-XUTVQ,None
P0JJX-7GWCT-MUIZP-ERY1Q,None
TP9P9-OZWY4-BAZHH-XPJ05,None
M3KGG-OTBW6-GSC9H-HB3H1,None
3YZFY-NLKBP-XSVUC-UHA7O,None
ITTHQ-VQSEO-2WYCH-CKRPQ,None
SPPAX-ZJ3WI-DAPRG-S8FOX,None
DY1EH-I2NGN-EGZZU-EDWRJ,None
PGN2C-YTFMD-6ZL35-JHLMQ,None
WSC6S-MPT5W-2PF0H-KNCAE,None
XGMCT-EEFO6-OOHLX-I3KUV,None
CKDK1-DEUIQ-4SGE7-2GJJV,None
X2EHO-FX72A-GVLSO-BSSCN,None
IZLPZ-RYQ17-IMFSK-CNDT6,None
VZRZB-XDTOB-AS7VS-S1DSJ,None
0OBTR-QCNBF-18IPJ-EPUU7,None
PSXP6-E3BGD-L4EQV-YUNZ2,None
JDAOE-IZ8IP-62YI7-7AXC3,None
W1TF9-N5PB2-KSLIV-UBZ7H,None
GJUCL-UOSRQ-BGUXY-FHVLJ,None
HJBMZ-NOUCS-RHQPC-EH7IO,None
ZX3J4-K7UQT-GG9TQ-ETCOG,None
2MDTE-LG8RV-2PBQF-IKQ5W,None
PJSFO-BJXVG-GE9WP-1D7L5,None
BDS4M-WYXFV-S7WSP-2I4QB,None
QKNQW-QP7GQ-3LNNJ-FY4J1,None
QUFBU-XS0XZ-0WHXX-H0KFQ,None
M1DBT-NNRLB-D4PVQ-DLR4K,None
C12II-I6XTE-JM4GO-4Z2AZ,None
SW9W8-TESRH-7SWR9-QZBVA,None
WGYL3-YFLL9-GYKHL-TEBUY,None
RXYAU-FQWXW-Y2VXB-JN7NJ,None
EUYQR-N2CY6-2VXWJ-3ALJI,None
V8LLM-8YLAR-QPVYP-K0QSQ,None
GXCSB-5D2OL-M5PO0-K76VI,None
VST3A-7NSTL-YYBPP-BUD2G,None
LVEIJ-W7I75-KC22B-9KKEA,None
3MRRW-Z35LL-LO3YR-IH9V6,None
8UZSR-OBJSP-M8VOF-QAY0J,None
ZYT67-XXANH-IUSEP-45PJW,None
D2BUY-C03PG-SRQW8-T2HYX,None
MSJZG-DNEHL-MYMGD-86RHH,None
KMUDE-MIPQF-HQ3GU-X7MGI,None
RBSXV-2S3AB-E1HIK-PVUUE,None
3RBWK-UY3AY-U8G0Z-UV2QB,None
CAWCL-ICO3M-YBOST-0HBND,None
Z05YX-WF3GF-KAGAK-H7UWJ,None
DIGFG-QIYHX-KOKIE-XYIMA,None
VSHQV-JYQAX-JAYP2-KVW3V,None
JOIT4-LIM5G-DVPEY-KZ90Q,None
KNQPH-GOQ2G-W4QWF-NOCFC,None
XJKKB-NMBBF-R8LM1-WGDKM,None
JWIZ8-TV1NQ-1WYOQ-WIP2X,None
WGY3A-U5AKA-LB8QP-01FKB,None
O58GP-X9UA9-5PE53-DNWOT,None
PHG3E-YL1JN-IMQTI-K9IQ9,None
ONHUR-QJW1R-UOV12-K4UI1,None
OTZVT-UYEYF-LUIMW-5AJUH,None
Q90KG-GQ7H0-CWI0I-O4E1L,None
BGF5G-9XXCO-5RPDH-CGOWY,None
RYJRQ-OUFXM-GNZG1-U1RCQ,None
ZCQHI-SU6P2-GLIFX-XB0ZB,None
RSJUU-GD6JK-HFDZZ-ADMXL,None
BR9RR-FZETU-YP0XQ-UZR4F,None
AYHL3-4YOYQ-QUTEM-ZAX8S,None
XCG1M-KGUIQ-WZ0HI-HUOUQ,None
9DG02-WVHC5-L1DGA-EG28B,None
GM8YO-G4RYL-NPXWS-HLU3M,None
9YULP-4I0UE-88FCX-OZHJP,None
AYRLL-GRUZC-I5DA9-6UZND,None
D8YWG-DG3YR-F7ZJK-306RI,None
4WMYM-B4SHW-NTCZP-EHQAE,None
ZUMW9-MRZ50-YZD42-3XMSX,None
FAW8X-PHDGW-A3ZBP-UFSEU,None
OY8OI-SYRVL-W8R28-VMSRY,None
JDPZ9-KNJXX-IMC4N-E3OU5,None
DI1NK-7RE2B-SUUDV-41OUJ,None
A3ZA1-XM7BT-DILZL-ZVQPO,None
FPE1H-R9FV2-IZLGO-AXMR1,None
QGFQO-JMNEF-AX5NP-2MG1T,None
SPGXM-7W7KC-RYSVX-GLQBB,None
JSCVY-URGHV-SNDKT-EPYVR,None
I1UZE-FON5O-HOSLV-L0WAY,None
NWCNC-KTE24-2S3UR-YNXF8,None
NC8YG-IQUS3-GWGXT-EYCFH,None
K885I-GBHEZ-PS4VH-PDWOL,None
8LLBJ-CZXC4-WW1ZM-WBNFB,None
RQDJQ-UIERL-70QXV-W6GAG,None
LZ6MT-21EQE-2GYDW-SBUWE,None
4F7X2-SGW5Y-8SYRV-G0ANV,None
UZ5UT-2IOMZ-STJRX-T4LQW,None
SDQXG-P1FID-ALFTQ-I8RUU,None
UQZTM-TGLT9-8PHAH-SEZBB,None
TTSBC-6HGAE-QASIQ-HGMH1,None
SYVLX-W0VFQ-VTIJ8-G08MW,None
BA6XZ-NXF73-GQL12-R7TAX,None
85IHY-YYHXO-QWC06-9HIPB,None
VCYHY-IUQHT-L8SJ4-76ADQ,None
2V0DU-BGBVS-CIBJN-Q5EBU,None
WEAG6-2YJVJ-ERTWZ-J3MDY,None
IRCBL-BXYQA-TAGEZ-ZFDGL,None
YVL5L-ZCBAF-RHWKH-QRPLW,None
MTMEM-ADCZB-FT1H8-XUMRF,None
KG1FX-J9J3E-6AX1W-OSZLQ,None
IHS5O-8MKWE-QBKL1-PHAQI,None
OFX96-CZAKT-KYWDV-8SKVB,None
RRKHK-RGZBZ-WKRP9-UUI6D,None
SCPFW-HQMPP-TWPQQ-MHPSM,None
X8JS3-MGUKX-KDAPR-LKGSR,None
NGPDM-IHEOI-QOMMV-2KUBO,None
U7F2E-0GFLE-JL7DB-G4VUG,None
HFYEW-NHCBL-HQRXK-ZI9TH,None
KSXLP-TFONJ-TDKMV-0GRIV,None
FUIS7-KOAJM-IJNPG-U1XQ0,None
TZYI8-IAH4A-BJARG-CPHWF,None
2FALG-O1ODC-NAKHM-MKWJX,None
XVRRZ-R0RXF-NZLF4-NE6U2,None
MVDLS-6MNMQ-XHNNT-0UO9G,None
DIIZQ-XQOO9-9LXIB-83LBR,None
T5UB4-KRMLA-NA6ES-DQK5L,None
HOUNG-NEGMY-27GNL-U55AQ,None
5IGJL-KZUJE-ONU85-ORLS7,None
0IBYM-CZNVD-VTUS5-CNWJS,None
T1TYF-XQW7T-OXQPB-QQSAY,None
3VAZR-KIEGG-I6MBJ-Z2EIJ,None
QI7IW-PETQA-JWILN-YTEF6,None
C5KGM-GPCHM-1YMTX-8WTRQ,None
0G6LR-IJP8A-GAK3E-TXAO6,None
6SO0I-ONJ5V-IRBVJ-E9TOI,None
TTMYS-KBPUK-TJTJX-CDAPI,None
VQCZF-JD3QP-40ZCG-94HD1,None
PETWC-HHLTX-KJZDF-PFMWJ,None
RVAU9-TWR3Q-XIUW4-X84AK,None
NICHJ-6UYGG-IJHCA-Q1GCD,None
6G4ZE-FQONG-FX4VQ-6ZN2W,None
YAVEW-RT3FQ-VXLVF-J4STB,None
BOTFW-CAATJ-WO1GJ-35P8Y,None
QK3PC-YDGB9-PGPXI-BODHH,None
VFOE5-A4ZLH-0H8QK-BDCWH,None
5HXCL-NHI2F-BYAZF-OMLXD,None
BVTHG-ULWKA-CF5F6-CLMU6,None
SMDNZ-WA3EB-PPMU9-HFSQ9,None
WYOOL-Q4JYM-G8N4U-D3485,None
DBHGP-DAYKL-H6UXK-VXITD,None
MC4IH-EIEEU-LHO2T-SRABD,None
FJASK-ZEVQM-A8G8O-QJUH1,None
C4PJY-TTL6J-XWXTZ-WICDQ,None
5AW81-L1VM4-FV3KO-L1VL5,None
O8HAV-IA4AH-ONMOE-ASHBQ,None
KNGKX-A4GSD-1TV60-ASVX7,None
JWQ8X-OGIUQ-ZE9AD-QSLKA,None
1WZIS-P1PZE-ICNRH-X62UB,None
9FGE7-UEZKC-WNUXV-RY2HM,None
6D24N-W1QWR-KKZFP-SUQKD,None
TLXBX-GAKKS-DWWHO-XMINX,None
ODMRU-RYIMP-SBKMA-MITEL,None
JZHDY-BADLC-RWPTE-HYICA,None
JLPQJ-EVBI0-ZWVIO-UXZM9,None
HPTI4-JJQB1-4ZEL6-PS33J,None
MGE7O-OIGTW-IZFCY-MPP3V,None
T520G-K78ZD-RYSQ4-NUHA5,None
KVSNC-UHMAD-4GKTP-AXPPK,None
VMX4L-VSWLD-OX5H0-JF4IY,None
Q2XWL-IZL3O-QMJ7U-YRAGE,None
TYBOT-JD9SX-JD3PB-BH1AP,None
LWSGJ-ZW5IW-9U4KO-KOKYH,None
C9CRO-UGQ1H-5UL91-9SFVO,None
OV0M8-F69UP-G8V4L-ASMDZ,None
LNPEM-4ZVKX-QAYTV-KP6ZZ,None
QEZAY-ACWCS-0MT9Y-GIPRG,None
Z2KSF-KI52P-ZXJLW-YKIYP,None
TSLDW-ZVDYS-UDGBU-G8BGU,None
ANS4G-WYZHV-UAGIZ-Z738C,None
XIUCD-VGKAF-JGBWQ-GWPWT,None
ETSF3-YV0IY-PXGBA-I1I8L,None
OOGDS-YMCAC-LVJFU-F5RVK,None
0KH1S-GFJT5-WXCKT-JCO1E,None
AHEGQ-T1V0G-QE37V-XQOXV,None
O8VOQ-CPTFC-DI4NJ-CXVUN,None
98YBW-OXMJL-WGAHI-RAY5P,None
OOKK7-W4UOC-VQDG2-VL6SG,None
UTK3L-EDENC-BMWAS-50QON,None
J4LC7-PFUZV-ZGUC7-MB16E,None
GIK8I-XZ23I-FNRXE-XIQ5R,None
PJLYO-DGDKT-KRUZH-PTN3Y,None
9L4EX-7O4QD-FSXFP-EW60T,None
056EE-OVCUI-FDFXH-3AUNX,None
7TIKZ-JZHM8-NAOTZ-P8WUY,None
VWEVA-IFGTY-543XK-YPBIH,None
DU8PP-VOE67-3Z3UW-WFI5Q,None
KE0XR-1LKEJ-AVFNT-WDNPX,None
OIXP9-G6WYY-OSGLY-ODDOC,None
DX2CN-TTNOK-XJDA8-Y28X2,None
008FR-GA5PL-7EMMK-GJKRO,None
KYTIL-9DPVF-63CFX-AT8K6,None
5WHIQ-WF4QZ-TPZO4-LA8I2,None
0251D-VUB4A-IHIKO-KZ1CC,None
QBWNA-XKGBF-HFDOV-RH5PJ,None
0SQ8S-CXU4C-1JSIS-ICNQE,None
LMKVD-KOEEC-RV6DT-L2YKF,None
VC6BW-BD9QU-PDHF7-SSJR0,None
G9TSH-GLGHO-PHB36-FLCB2,None
EURFD-AFDNZ-HV37I-9RZZW,None
RF87E-ADYCJ-PZXDS-REZZQ,None
JI8PO-HZRHB-UDTW2-WTP97,None
OLJNV-OYBWP-4SD4G-XZQFG,None
SGSD6-66XIW-GYQW2-FPLXP,None
BJBRS-QJSCL-08EFR-NRYUV,None
UVYXJ-I9DIG-27PEI-DYJCQ,None
RGW1A-41PYJ-HSLEY-F2EEZ,None
U0G8B-29WTV-QPHN0-PSNHZ,None
NWNE4-W8BIJ-JFSKO-K6KDI,None
BNQEO-OVFNS-UBLII-LJTYU,None
XXSSI-BS2JX-OAXTP-K40MD,None
BF6VD-QYVDZ-SSC3U-RFBVW,None
JAG3S-KEDJV-Y8ABO-9J9LM,None
JBWIS-FSTSK-H6TGK-ACZS6,None
QDUHV-D6FJE-3F1EH-FPMKR,None
VE7SJ-E9F5M-NYWKY-U5YIZ,None
4WHQE-DLW3B-ERFVQ-E13L7,None
CS22O-B2RPT-ISOTU-MEJY6,None
5HF90-7OQZP-NHY9Q-P38MN,None
TCMF9-NQTXO-X2KBA-1JPXH,None
QD7WG-CZJ4P-MZU8B-7PVEU,None
R1KLI-KOXT8-U4RIO-VIBEV,None
J57XK-INVYQ-Q36BL-YBOQC,None
QTBJP-JP9TE-UQGA7-UKRTO,None
LPZTS-GJLOO-GWQ0P-90WDA,None
P1YQN-BW5EE-KDOE1-SQGMG,None
NXNQC-XUID5-L9KH5-RGV1N,None
AANGE-QCUWB-P2D3D-HFRTU,None
INNWX-OGGSD-KONU5-PXTJM,None
OY1FD-OTB4U-FPUH0-3FVCY,None
5ZDOB-DDHTL-2V3E1-2X3QQ,None
RQ4LY-B6ZH1-FLMUT-1TTV3,None
ECZVR-L3YHV-2JBOU-PGW9B,None
WLNUD-SJZQ3-KS1NO-V93NE,None
JNJFU-VLL7Y-XOGXT-NUDTQ,None
EM7ZO-3DGDH-EGXYT-CSFJB,None
EB0LU-5BNJR-OYGOJ-JBB0P,None
TO9BK-R3JTW-PIDMS-2V0QQ,None
X7FRZ-XV1HW-JECRB-UDE6C,None
VA1RC-JY5UR-30GNO-BEN15,None
UQGN3-WRWUQ-AXQKA-QKENQ,None
VIEDS-EOLJL-OIILW-SSHXR,None
J2QLC-W6L6C-YX9WT-P3DFC,None
QEH2A-OILL5-FUBQO-SUECB,None
OMUGV-KEFSV-AN9ZI-LMZBX,None
RX7B3-TOSCT-F3H7A-B3OIM,None
3EPVA-QSCVF-9259E-PMWCI,None
NQLX3-QMLBU-ACULH-ED9BQ,None
MD9QE-JRFP4-6ZPFD-VTBN4,None
FUFUH-D4A4B-1PG9A-OXURY,None
QXA3K-SMVME-F3FCZ-BS5FW,None
3YZXI-0WGFE-0IXE9-SND22,None
ZEWKG-2CA68-MOLLJ-AE9ED,None
2DHJE-NCCQR-WYQH6-1CHOU,None
0ETGL-LMEX6-S91ME-W1ZMH,None
UFRYV-NJLDI-9GAQM-1YNMB,None
OUTAF-ALM9G-SXSWB-IJNJW,None
JJ0DA-TSYKX-XBA3H-A4XGB,None
GGRYH-SCMLK-XXICV-VR6UM,None
QCKUK-QJDV1-9XB1N-MHRYE,None
9R5MH-CQDNT-ZHPLR-3RLNZ,None
FP2PS-UZSAH-J6DRK-QUINB,None
IXZIZ-ELXSS-RHYRF-ZX2NW,None
OPKGF-TXCMH-NQFJF-REZXR,None
ZD1W4-YEYMS-V54TV-WOPTT,None
PVEHT-UYZO5-B0CTQ-57SPQ,None
O1TUG-P1GNK-DKMTS-FUHCC,None
QP1JU-AT3SN-MI0WH-QVLI4,None
NMPI2-NU6XF-BZRMU-XFRIS,None
XBBWB-ZKODD-20IB3-5GXDH,None
WJSMZ-AA1WE-8ACGX-HJ1RZ,None
W2E4E-VHHNS-KKLVV-QPXL7,None
ZRKNB-BXSIY-JV1C8-PYUM2,None
S3HMG-UEUGB-FYEVV-XLEYR,None
ZAYHR-61BGJ-8QNNY-RMYJG,None
M97YD-ZBAVD-SKW5V-WJJFL,None
XZD6V-EVMCE-DJEGB-UD4FV,None
HNSVU-7OUX1-D7XGZ-MB0CW,None
NZI3Y-EQ9XS-XIBMJ-JIJ17,None
BGI7E-UW0PA-Q3NPN-0SFIU,None
PPECK-ARH7H-JGGWB-C9JMS,None
1PNV5-1YGZ3-YVKUZ-DZTBT,None
HGIYQ-43S6K-QAW30-SBR6C,None
HTM6R-OJHLZ-OKAPL-LJZDG,None
HCI2G-QCSDV-CJBBS-RL2HY,None
0563O-LN23M-RDUVF-2ZLLG,None
FVW9M-AVUWB-GWXTQ-OW5KR,None
MH7G3-VTS45-DVJMC-9ZFLS,None
JN4LY-GIW4Y-X8SBV-Q4MFD,None
EMEDM-NJDKA-VLQIM-N9QDL,None
2A8K0-SGD2D-LHE22-GFBAY,None
2G01Z-IQ1GY-BNAJL-3Z6TW,None
BJI12-OH9ZW-SQSO2-MXONZ,None
XNGCC-GDUSK-MCZM7-CRAAF,None
CWNHP-M44DN-AZWKV-GAXLA,None
EYBCO-N2NNR-PZ3CQ-QDBT2,None
WQWUW-0YNOA-O8KIJ-QXHWL,None
KUR7D-IGBJ9-P2LIF-SJPUM,None
6NUXF-DP5A9-GN3IQ-X9U5E,None
1ZQTH-PBVJD-GNLNC-1AWSD,None
AIWID-Y6OSD-NTIWH-V6S4I,None
C4CAA-NOJX8-SL5J0-RIU5X,None
DYEEH-RMZON-0HNHM-ZLFNG,None
PJQQ1-TSDVM-QMTB4-WIV5Q,None
NUKEY-SE1LR-GOZEB-FVJW6,None
GMVBC-DBEKH-HBJ39-1NMCD,None
AFPGP-FYDV8-LSDKE-SYZ0G,None
DGYD0-J5TST-FVNCK-J9RWK,None
E9JDK-RDPL3-GQHDC-RLPSU,None
VIOLF-ISXJO-PNWVP-306JN,None
LFLRS-LAPAU-41EON-OFCBR,None
T8AZZ-HRXW7-JFADY-JXMCC,None
LFMHC-GTGGD-ZGV1T-O6PNM,None
MKNHA-CEJIP-JQFAH-RX9GX,None
XEOEU-AYLVM-3PZXB-LCJKZ,None
EW2H9-G3XSU-OMX7J-MMXNK,None
IJC9Z-7RPIY-2L32T-ORVO5,None
WY68L-Y1KUU-QF7PC-H5SIM,None
EFHNC-R7XSX-EA5M8-LXSLK,None
QPDZE-A8OVA-8RBWM-FACEV,None
1TYTD-P4BRA-PZJYZ-IXPKS,None
S1WAC-EE1RX-CENRW-E3WGL,None
ORWB0-ET2EK-4EZ80-CJOWY,None
LU9MJ-P6CJ0-G6CAX-AK8VQ,None
3PMXR-BM14R-DMNNB-TL8R4,None
LYPT9-K2Z7U-FCXWM-KIYPU,None
W5U2D-NY3PM-JTCP5-6QH1G,None
NRO0E-UNKM0-BLR3L-K9FR8,None
VETMO-3HMHX-KEJTW-KHVUF,None
98EDY-FUL0A-XW87K-JH2XO,None
HQK4T-X9DBU-USQLH-9Z8WS,None
LETII-ODRMA-RIU8R-VVQBQ,None
GF6QH-VCUT9-VOFD3-L1DRZ,None
WVSW5-NZCVB-VT2JV-HMT87,None
SQWJU-WFONS-0EEVI-YMUMZ,None
HUG60-QZXJM-MX5D3-LBZEP,None
A3RQ4-PK2II-SLQ4U-ZZ5T9,None
AUF5B-DR8TN-YNMRF-YVKO3,None
EG8JV-LOFO8-HCOMB-SSGK5,None
HJF2D-XMDOI-VLXAB-CV0DF,None
UWCOE-DOEX5-NPGHA-GADZE,None
AJQSC-BJJGR-TCG5V-MUNYL,None
XOFOR-FMRIM-E7QQK-7VE0Q,None
0CZ9S-QQCUE-WD1XA-SX4CP,None
ISMHL-3EBOZ-P7PZI-CCJZ0,None
XRQ7G-BLVTT-4IQN0-K3BVG,None
59KCZ-JIOQM-YVZEE-TXZJH,None
JPHKD-4XFNI-A5FNM-ESZI2,None
Y5WMF-OI12P-FILYF-51EZB,None
BQNSN-GKCDF-HTMLD-RQRKO,None
EAH4A-3SN1X-L8BUP-JJXOX,None
MJFBB-EIL8C-EEGU3-S3U5W,None
ZILSE-W036M-WRXZU-KKMOF,None
BXELQ-8CTJU-NGLHA-EOO38,None
0G32Z-Z7RYD-7VRIC-0JXQA,None
H3SHG-55VRR-PNZNO-KIVDK,None
VND5A-7WXVN-KJQOV-9JEWL,None
MMHG3-ZYASC-VPL1G-XBFSM,None
ZQTRB-C2NQD-WBXGT-KN5SU,None
WILMQ-OTHAP-V5MDC-Y8HLR,None
DHIDU-I7UTQ-B8B8B-ROC4P,None
47ISP-E2BMO-2UQZJ-D4M5P,None
T3Z68-3F3LA-BWLYO-JUHOB,None
ROAQP-6RGTX-OKBST-GBQUS,None
KA8WV-NJFMT-VVKVV-UBE0N,None
UBY2X-6UOZX-8B0YW-EZEVS,None
NHO00-AWXFW-9QIZ4-IMVVR,None
NL3CW-IKCKO-4IW0U-RJX9T,None
QJPOR-RWWQE-7AUQV-XIIRF,None
AMKGD-DPZBD-JK5OM-7DOCG,None
NXPBR-5OEEJ-OZPLI-D6L0X,None
KKARR-WRKOY-JC71O-VGENL,None
44AJJ-WNGVO-NM6BS-SGWIL,None
VHKHH-OEFJ2-E9VXZ-GCZMF,None
IPQR7-UZNKX-2TQBN-KHC8I,None
1JUSC-MJRCN-V2MB4-HD3WD,None
FVYR1-7IWHQ-ZUTPH-9NVTF,None
ZDL0C-KBXAV-K6FIY-F8ZN8,None
XIAJ5-BHZSB-EJNHI-FHLHY,None
WX2UK-NI3UA-ILYYH-4WWX5,None
XKCGN-EKG0A-YTL2P-Q18W1,None
4VHVJ-MYF3F-TQI4A-GNRNJ,None
FC9FI-MPU6N-XB7Q4-QJJVC,None
AOTLG-E4QFQ-Y23K0-W6HAJ,None
WT4UZ-VPX9Y-YXKBB-IKFCE,None
W9KRJ-TZQMN-EIVCA-FRILC,None
LZPQV-NW1AV-VAWVE-ML2VJ,None
2Z3ZP-XZDV0-0IKFO-XGKUV,None
DICIS-BAZSW-TSGCA-TSGJ6,None
50RGC-AWTDY-2SXAG-XNYVY,None
HDHQ8-WCCE0-XNONE-WMPKS,None
SKUMM-YBMEQ-OOGHJ-IS2ER,None
HQWXR-8XGWT-ZECKU-WY0RF,None
5ZVZF-0NWCI-6HH0X-P9EG3,None
LIIIT-BWSN1-4ZOJH-CLZVI,None
D9VU7-QADDK-BSX6R-3Y2FK,None
7HP3X-7JS3T-OST87-SLQYU,None
CLRDG-VUWA3-OYEDF-1D9YZ,None
KNSE9-KDF1K-HRQAZ-ZV4WP,None
MPP88-BMRGI-XU6XL-BOMFE,None
BLIMC-4QRVK-V96CV-GFYVG,None
HYMFB-WDICE-KHRMB-8RKMW,None
JOHRT-PGZMG-XZKZG-VHQSL,None
J5JGU-HMCVD-YCSFX-0SGNM,None
SNITM-SMYYG-TGXCF-YQFNZ,None
Y6GVK-VIFNK-ZS6QS-UY1YM,None
SYRXL-MGPKH-CCIGX-HNUXB,None
HAMPF-SBRBR-9BALD-YAJWU,None
FBPQ2-O2ZOK-P1FSP-CX2EX,None
IGIHH-9VDLV-XB2YH-BVEWE,None
LC3CR-DY2QP-YFILO-VHUER,None
XMLVY-XTLLH-B8T4K-ASSOV,None
ONCUR-JJKCB-YB31Z-5QKMR,None
TQ8EU-1SEVP-ZTYJ1-R1PZD,None
XXO2R-UW8TB-BRAL0-MOSHI,None
BRDND-NGZTQ-KCS5R-AYZUB,None
W36EU-YHVL0-F4LAF-6RBPU,None
CL3FM-OXQXF-PVDKW-VWUAE,None
YHVGZ-P2VXS-JBBDW-11LOA,None
FDUW4-I9EFR-IDVRF-SB6KH,None
BANOX-8JMIY-LFJ6H-QGYYW,None
NXGJU-WDTBX-GJNCW-ICW2D,None
DQRYG-N4ZUU-LZZOL-I3XVW,None
6JBN7-EIFHD-69BQW-ITTIX,None
WEDZ2-DNAEA-O43LR-CSXTF,None
AFCR6-D1IW7-UTRLX-RJIBR,None
86QWS-QGRHS-O8EBF-AWA3D,None
PVEOJ-I6TYP-VB9IT-NXY0F,None
PEZP6-6KVFE-3ASF7-WI4R8,None
DJWEU-TKXNZ-I4521-ZH5KD,None
YOOZY-HMWJ3-KWCM8-PVSVY,None
V1PDC-JYXOH-BJZBB-JOYRZ,None
JOI1M-NDXXD-GJALB-PY5LI,None
R1GPF-PJUCP-UKICW-RHHEW,None
GGZ02-CT2EE-JUFER-GF7DR,None
FYHWK-VKCOE-KVCYC-QVHS4,None
MFIGJ-DBRR9-36SUJ-6CFMY,None
OHUDW-I89BR-OMOPJ-M9GMN,None
OGPV4-ON3CM-MPDXW-F69ZU,None
NVNSK-YTRAI-Y5FLJ-JLDDK,None
NWVO7-8XDR0-MN6LI-ZVOWZ,None
WW2CY-3TXEU-YBXIW-CGPUG,None
VXS0X-OAPAT-Z5QZV-GNSHI,None
RWAU1-ROQSL-R10RQ-2K3WT,None
WSJDB-01C5I-TQJIH-UMDFT,None
TG8FC-OA176-78JDH-TAOWQ,None
MCIFR-XFOTB-HXAJO-5JUI3,None
FQXM9-SKR7T-KDHXZ-BMGAM,None
GWN9T-UB5IK-6A6II-M0YGR,None
R5LD1-JQ7SV-E5KJQ-BZEMF,None
HOWB5-ZW6GZ-WIQ2B-Q4LOG,None
QLRRU-LLJAB-KQIRL-XQ1HX,None
GOBGR-930FK-D8XVE-0WBTV,None
C0MCT-RZ4VM-53ARS-JQTNY,None
1CQ51-ZIJOE-MGE9B-EOL2U,None
7JMWJ-OYR6Z-FRXUP-DNH2N,None
JYLJO-AHBBL-V1SGX-ZDJGZ,None
EHN8C-K3JUP-I1V9X-DLXVU,None
KPKIG-BOG0Q-UAL7P-EZF0J,None
FQCZT-5LDEO-OXSVX-FYALR,None
FYDJC-OTP4C-HFBFS-EYUIA,None
MTYOD-WFZ6O-QONEC-S5L9K,None
WKWFZ-MSW2F-KRNAH-ILV7D,None
MFVSR-KJTRT-SSJA9-3ECU4,None
G04KW-4NJCD-I67QF-MXQAP,None
GSMY1-Z3QVD-A1QHC-DKZ1X,None
MQHPK-2CNP9-FVTLB-HNDHU,None
AU6EX-DBIWX-QM554-NE3NJ,None
PEH62-GXN6Q-W4JIN-S2FPB,None
YTZU0-O4BL6-BIJYI-XSLIF,None
SAKI8-NGGMK-CTY0H-IVAEK,None
THKZQ-3IW2B-WIQ9A-AVMU2,None
LMR1Y-MBSHB-8VXUC-JUCW1,None
8AALN-91PZM-JSHRM-YDLHT,None
DRVQB-EIINP-JPCIS-3DOZY,None
APSHV-5BLTC-MB43G-KDSTN,None
0L9LR-QRXNT-DSQQQ-G5GQF,None
TEDAW-0YFGI-GMEND-L42CV,None
GWRO5-DPAZP-W9EPB-I6WGV,None
1U4LH-SXZHX-FWW9H-VJKZE,None
YYRIP-7H2OU-IM0YA-NT6NK,None
MLD2L-U6RDU-OOWIU-DP8NS,None
OLV49-IAK14-SJAWE-DQHCO,None
CAABW-JQCON-NEDYP-T0VLG,None
FBLKV-KKXLI-GRQTE-QGZRT,None
IGVDW-HLPR3-JZYVG-ILUH2,None
LJBVA-SE665-DBZVS-ZQOE2,None
JNDFR-HYEHV-RPTZB-TKKLQ,None
QL3BD-PQADB-WC87I-E6ERQ,None
LXSOP-ZZ1GY-3YCYR-8XFPL,None
AABHY-5ZNCU-MPC7K-TZN9K,None
AVSZG-YJN73-4YNEN-C3EKG,None
EKUUF-AHZ1F-QNKFF-P4BBU,None
FK5CU-FFCXJ-MQQPP-ZJVJ5,None
EIR5Y-AQUB0-4D07F-EMS7Z,None
IMGPV-K0UO3-OOFRH-MAUUX,None
DTZAE-PPOQD-ZAMN0-6ISUS,None
0XYMJ-6V8LK-EMM0L-YLBFI,None
8SH9P-MNIX2-PRRLJ-Y7MM7,None
52AYA-GFQHN-0UE9I-13MKS,None
87MHC-XWZMX-NV4NA-Y7EV2,None
JDAYN-WX04B-NT23W-R1X5X,None
RHLLL-Q0K1L-GCPJZ-PSSD1,None
WCHSG-FTL7K-YSJO0-ZYKBS,None
UZI8R-KEDBK-8F1CA-VJ4AH,None
ZTZLQ-TVYFI-E3HBO-YNHLT,None
COKBZ-63WUJ-A8XX8-0UBB6,None
I4T8V-IHDRR-SQEL5-XSUYM,None
8NGXT-DF99Y-ILWJ7-TI7NE,None
RY5VG-TUKIL-H758A-IVQRD,None
QV5ZE-YL7TG-BSXIB-4GI1W,None
NJZ4H-5HRFJ-P0AK6-8PPRK,None
S8BY5-8IYX6-5DZZS-PNIVD,None
BVADU-GZ3F8-MT3D8-EPDBG,None
3OMQB-H6CO0-JG9FT-BW98B,None
EL29K-S9PPM-45AFV-P5ZQU,None
YJDPT-OQQZJ-HMJ7B-G9DKS,None
ATKN1-XEZY2-FM7KE-XAVBY,None
G4WVN-88OTR-5FODC-VTC6X,None
6H7YJ-YYQFU-DSDXS-JQW47,None
W7LKN-NX5QC-4BDVZ-6S2DN,None
RIPIZ-ZMCAU-FPU6V-PVLT3,None
TO6JD-A0VTE-JNCJG-GR7YC,None
4YGXI-WS2EM-XDUW7-K0CF5,None
5IYLH-85JU7-DHMDV-XWJNQ,None
F4OSY-9W7GL-G4REI-8WLMU,None
TU0AO-65ERY-GI59J-SLH5G,None
1JPKQ-NSDFO-4UUJG-7E41F,None
UWBQL-R9ZWY-DXGBT-DG9ES,None
6POZL-JYVAS-TQHI7-VH2Z4,None
KVYZK-TQM8F-G0OLF-OZJGT,None
BJHQQ-VNATP-5UX4K-FGFOM,None
L7CSG-RWDGP-FHLVE-RCORQ,None
VXHAN-R7ODD-MBGCC-ITYZ6,None
PG01N-SFMIA-R4XWY-SAPWX,None
6XEYP-6AADQ-SL0DF-3HLBP,None
6QQKH-IIO0Q-UKV8F-DPIIC,None
WBSK5-9AUNQ-5TP1Y-KZQLO,None
8QPUQ-SZ3IO-HLSDH-1U6SY,None
W9DN7-XUZMK-KK3YA-EAG3A,None
9FR9N-LWNNN-XW73Y-A6QFI,None
7XO8J-P8Y44-PCIXE-WSIPL,None
RWK9Y-5ESXS-DXV2M-D5LZG,None
NOJIO-C4RYH-LGUFV-75RFP,None
0G6KK-3LAET-MU7MO-NUONQ,None
RR4GY-LNKTJ-SCKRD-ZNG35,None
EUJLW-EHVNH-FRSOI-JQRT2,None
OSYQD-IFGZ7-GMX9P-42WVQ,None
RKNGY-U9TFV-SJB0R-Y2IYF,None
D4N5H-BB71D-ESPD1-J8OCA,None
AZUZU-NKXZH-4YGYG-SQHPP,None
MK9J7-4IR8D-VZEBH-8IHND,None
NM1JG-K6PBK-SRDJ1-NZANG,None
B3V85-J0WBB-9EGZY-FHT8X,None
6UI2D-Z0K46-VW3OA-NSWBE,None
4CMXS-RZSLA-OXEXA-BHXEY,None
HXIE5-TW9JO-BCKKV-TN5UM,None
INGNG-4361T-LO944-L7NNM,None
ODG7L-NJ6X4-0NCGC-PCMQH,None
GZQSM-QB9XZ-HMKJM-KKMUB,None
RDQZ1-DRRUW-DXYHC-EEBZB,None
SVANI-YE1DR-RAQVS-E8KHY,None
VM1RK-GYWED-IWAYZ-6B7NI,None
DESPJ-HRABB-F7QCG-LLON5,None
IVJES-QFD5G-KDOXO-CPSSU,None
RQ7KI-N5VKU-V8S7C-XE3NJ,None
EN2JW-6HJWJ-AFHSD-IRCJV,None
NT82V-HD68L-ACEN3-AJHCF,None
IKC4R-W7QYZ-LCB1A-BBBY7,None
IWDTW-A6EHS-GZWAT-QC8UC,None
3Q7OP-EWBNS-RYBJH-XFT2Q,None
C2OYQ-QAD36-DGUFT-JHJEP,None
RZFNV-RQ0AG-SYBQ7-LUIC9,None
U5JVU-8CJNJ-MFI4B-4QVJE,None
XBLXZ-RZZAB-Q4OV2-89MNH,None
K4HZB-QBPWV-J7VSQ-0MKV7,None
IWTA6-OF1RR-CRTQK-I40G1,None
EUTWW-F6X2M-DFXTV-GLWTP,None
ZSZNP-I50ES-JLKDM-FKLZT,None
4NWVA-SSKYL-4YMDB-JBXYQ,None
H52MX-XTS1Q-LRU1T-48VXR,None
PK5CO-1JH1Q-NAHW5-4QNYR,None
KIMD9-DEGFF-KS5LA-RT8YS,None
3O12C-KKCFC-SN7EE-FS3JQ,None
AP3PC-X4AOA-S6Z6M-IISKL,None
JNAT7-NZE1T-M7NSQ-2OBIV,None
2KTRO-8I9DK-E3BIL-KWZM9,None
T019W-MP8MX-RDB7G-ASCBC,None
MZOKK-Y6PHF-5TAUV-9KTAU,None
FIWUR-ABXMF-U1VF9-HNLCS,None
TD91G-NDLSB-YXCEL-KZXE3,None
9WYK9-BRUMM-LH64R-WIJEN,None
CEXDI-ZMHST-S3VFH-P0CJV,None
6UPB7-VVTQC-FCFW1-QJ5VX,None
0WBZU-AIHYR-9CEA9-6EOU0,None
QAHZ1-PHE7M-BFZMN-05DPR,None
NTBBQ-MMQC5-VZGQD-0JMH2,None
62IQM-VY9N6-MGVQP-LB5RM,None
GIDW1-EKDUW-VD1D3-ZHBMD,None
3EURR-J1V0U-GXNSW-EJBZJ,None
8DJDK-3NAX3-1YPZ2-XXY14,None
AUYJR-HFAYP-ODZR7-YNDN7,None
XN5PC-MOHUT-CGE1A-2IKER,None
LZDHG-QHWJ5-1TIYO-THEUK,None
N7DID-EQXTC-HMRY7-JLBCC,None
5Y559-XP8TC-RXLYJ-3E1LM,None
TYHD1-RFCGU-CZFF0-RUPPV,None
PXW1U-C7HOA-CVOT4-C4FGO,None
VB6WI-BWA4M-XKRSC-CPUIQ,None
PZLZM-GL81Y-HCFX9-C76YK,None
4CD8F-NXJRS-DKX9V-UREVX,None
NI8MI-B6WO4-8CZXX-JS0IG,None
XTRZA-IONDJ-OCY9C-PRZV5,None
RUMSM-LLPY0-BP6YG-IJFJS,None
GCPMK-KOAZR-DC4LF-DNOUN,None
QC3NU-SYVSH-YIU9I-RG1E7,None
URYR0-INXYM-G9N0F-ECJSF,None
5RMFH-6QH9Z-NHY51-BR6KX,None
YX4HZ-07CWF-5UNKX-NXXPJ,None
B4UML-QMCXB-SOX8L-YQ2GI,None
Z5PF3-ISEHV-0N9ZN-XPS13,None
YWLYH-4XDQM-Z43UZ-HGUZS,None
3YPLY-Y1BYM-9THTP-ESUCD,None
8KP5N-MPZNH-MR0CV-5UOAN,None
VQV02-BNYIX-FVV6S-DINCA,None
YM0ZI-3JXBI-OGLB6-KRNJZ,None
R8YND-CAIXK-G9PUR-UE3XO,None
LT8WV-NBZDB-DTB1M-SP2OY,None
NZQFC-2QW1N-S36F2-PIY9X,None
ASICU-ASQ8A-00FVH-ICYJI,None
Z9VBG-UMZVC-BU8XQ-GECGC,None
GYAC8-HCF5T-3E6SW-H57ST,None
CKDI2-TVERH-SLTCD-H1732,None
C87WG-VHOYD-JNBDS-TTRCJ,None
2LUVA-UB40T-BH7DW-4KHD1,None
XYKZI-VBV6V-GUFZE-PGYXY,None
LTSSD-OZH82-8IDDH-XNSAE,None
3EI5C-X87QY-R8MYR-9V0PA,None
KVQTZ-9OB4E-EP95D-WJQRW,None
E48TK-XPN9Q-HO3DM-V1LBA,None
JZDYP-QGTQB-HUZHW-34548,None
NEPER-CNRXY-5SU3U-VHBUT,None
WD6YN-QXB7L-HZXF7-EU81M,None
2WKTE-QR0MI-NQLLR-EPOF3,None
J6KWP-1IHJK-847RX-BFDG5,None
DQA3T-UJCUN-FDSKH-ARKHE,None
KRICK-BCL9W-JSSY2-I7C9A,None
93HV8-RJXN8-AVZ04-OHYGL,None
O4HBM-OSBM2-LKRO0-ZM5JN,None
JPBZU-G88WN-Y9GUS-I3FZJ,None
9J3CT-UW8JW-YORQH-YPU5D,None
GYAOT-4PU9Q-C5A65-RMKVP,None
XYHX6-CAXIY-CTQWH-QWL2I,None
R8BRK-OSPMQ-GKTKT-NFCUZ,None
QFKZR-OUVM3-DW7CU-HV0Y5,None
DITES-LRVLX-TWIAB-CJIOR,None
WLDSK-UB8VG-SHZDJ-P4MDE,None
GETNG-CATU3-DRR7W-PVFBZ,None
E38LD-CGTIH-IZHYB-UVVZI,None
LC66V-1IJGV-IH5AN-FHBXK,None
KX1FD-XL0TI-4R29S-NO4ZH,None
IACGM-XKQR9-9KLNY-FYPUD,None
MAPSD-FLUKX-OBUDR-JGUQ6,None
ZGQQR-FRUFZ-LMGQ3-038CV,None
NBSNO-RGVZC-Y2WUA-CJMFH,None
KAVCP-IYFAS-FZVVF-ODZXQ,None
26THY-GMXLF-BTGNZ-1QNN8,None
J9DBY-H7U5I-YM5Q5-QIPNG,None
7V3WY-TIYLV-HMLEL-9013F,None
R6XQN-MJ3LR-E9YG3-ITGWW,None
PFMVL-4CUYU-KD8G0-HSKGV,None
NXBBY-GVXKW-5YEES-DZN2X,None
AJ10P-79BMP-PNWGL-XWS6X,None
IOXLH-S3YXS-GORKB-KCPBF,None
FTRIH-ATVAJ-F2ICW-LKJ7K,None
GMKF3-XDB14-BOMCG-0OPBJ,None
9NIJT-RGAEF-RLJYI-9OIZT,None
BII43-PHAAF-SFU3Y-XJGVK,None
BTU1L-5D6SP-LFOSK-WCQPL,None
KSZHH-8KJUY-QKYWO-HHYO1,None
HBWHS-SXGPK-OKH23-T7XQJ,None
1VFLG-WRYWI-N3RDX-P4B02,None
7LMY6-LHLUR-Z3CFI-3HO4B,None
F0Z1D-GOS6O-AE4TS-56A02,None
BB1MB-JIVHM-WGZIH-Z6C7Z,None
ZBO6H-E02MR-Z4WXF-VWJ1U,None
Z7DXG-IMJXI-LZM3Y-ULXA5,None
3R87I-XXY13-JUH5E-6XVHW,None
HOYTZ-0YTHC-QXU9M-KQ7IE,None
U30FW-RZTGL-YKWAG-LVYDR,None
AAO6M-CLKU5-AMKJ7-5DEOX,None
HVUT7-TCHKL-XDJ0O-04QVJ,None
7IOMK-KMI0K-IWQO0-L3CE3,None
SW9BH-25VEA-PWOEQ-WYLOT,None
K17LK-HVN9N-PZLUE-PVCV8,None
0YMFK-RPB7O-YMX4D-RRVOR,None
IRGNN-ACTYD-KCZQF-SDOUX,None
RJXI8-HVYQM-X9DRX-PGWYF,None
M5PHE-E9OIK-YE7LM-MY6BC,None
5EN5R-LSZYW-9JYBX-X34TU,None
S5PHU-Q0PU4-AF5ND-RYPMC,None
PNVHS-PYZVV-N5YQ9-XBY4Z,None
ZYT2W-RDQHK-NJFOL-JEGHK,None
TUFBG-QABZU-QPFXM-ZWCMX,None
8RZIZ-VDILY-A1CJZ-0OEKY,None
XNIMN-Q9DFN-GS4V7-4ERWD,None
WCXNT-SD7GI-J7AYA-GCYWQ,None
JWRDG-RMI2S-1AW6U-LER4U,None
DNLZ8-DBL1Z-V7AM9-HS62X,None
HVTLV-TWTDG-TX7YH-BZ3IS,None
EJZJE-JSEIX-RFCKP-VAQX4,None
AGRVP-BNFE2-NOZ3R-Q2C3S,None
3UXST-TTFOG-IQLNM-SYR5N,None
XIE2G-PWMAD-QQDRJ-JXNFK,None
WEBEJ-5SR0F-CLUGK-YM9KX,None
BCCUZ-MMC3H-ZYY5W-XYW3J,None
0ZOSS-6HSLX-WXZC7-CBWQA,None
JSRAZ-1LEOT-XQ2AF-G65AU,None
DVXA7-KYHJK-LGHGP-RDKNG,None
OT9Y8-6TSUD-V3PRK-DS5QS,None
WB3EE-E4JTE-POID1-ONKK4,None
B2JUB-LSDET-WUGXT-UTYJG,None
FKX9H-GXBEQ-SSJCJ-5COBU,None
YKYEV-FI71H-SW0D5-Q6PCR,None
S0YOI-BW5WH-GFFIA-WSTNO,None
9RZZN-UEP4T-V794N-PZBOK,None
NEBVN-K7VRA-NPY1A-9XVK8,None
1A6VD-UG9VB-OLQGM-OEK1R,None
KRVYH-3EI1X-YNG6R-YWMQO,None
IMTAH-OF8ZQ-PQ5Z0-CLYUG,None
AYN3V-6ZDOR-EC44J-J4CFV,None
JIBY4-YYMJP-02JGJ-ZBJH4,None
CQUEZ-0XGGC-VBYXP-PAKWX,None
VEF1A-YKAY2-KHMUW-5YXS7,None
QZ73J-FDH4G-Z5DVI-8IQEJ,None
PE1H1-DBFES-HKDUK-AMPTJ,None
7AAQU-EXIBX-HZGCF-SQ5H9,None
VAMH0-UOND2-INAS2-WRUUG,None
U0K8H-X8ZMR-5DEBN-KW9QB,None
VYDAO-81JRU-4SEW3-NGANG,None
GEE2T-CU8JJ-FS7MK-TL9UQ,None
KALZ7-1J13V-KNFQU-PNS5I,None
6Y7T3-FNOOM-32ZK1-D2RMD,None
0WGVE-FHPVW-VMKTZ-7NVNL,None
KN3BP-TVAEL-IAC6G-ZZBNK,None
H3SSO-5YYZW-NX4KE-5PWNN,None
4W1QJ-DBHMV-8VSTV-97UOQ,None
IHH4I-X2X7X-L6ITW-WVALR,None
7K5WU-7QFTR-HHFTX-4NHAB,None
VPDV5-R5CKP-4LO2Z-X5YCO,None
KYK54-INVZE-GSQKN-BLUUB,None
W8QB5-XAFW0-KCOXH-RROOQ,None
HPZC7-GP37I-MIIVX-YL3EJ,None
GL1PT-6PJR9-EONPK-TZFIV,None
X7YSL-JEJH4-T6O9Z-8OAGO,None
33VQO-VSRDK-CALJX-IACTN,None
VB6W1-BQM3B-AQZZF-Y41RH,None
FNCA9-JXLVU-M0DQB-ES1LW,None
G3GWK-BQRZU-ED2MX-PFNMH,None
PP76X-NTOYK-5SPGC-4H9S0,None
KZLQN-ZIRZR-LZJVG-UEV3Q,None
VOSXS-UOMXZ-HLVOI-K02OI,None
ZOSFD-7NNFD-NY5WI-IMIZK,None
Y5HCN-WUT21-ZGNZ6-SYSPN,None
FWMLW-R2HBQ-BFQS5-MDGFY,None
3VJI4-CRWI9-9MVUV-QZCDA,None
UJ8MU-RDI8O-GTLCH-QZ5AA,None
PVBG2-UDKMZ-LKPZP-JZTGO,None
IOAWH-0MOUA-CFQXO-NDZAM,None
KCJ1G-ELTFZ-IJB3G-EEEGZ,None
UONFS-U30N7-ZXVUU-7O6IO,None
DVTW5-1EKLV-EYZNY-N42RN,None
ATUWS-SDBWQ-R6VHE-E4IFS,None
IIUSZ-EDU69-ZERM6-HE1RE,None
LACZ9-XM8X0-LNH9Z-L8LX0,None
GGBNZ-DG8SJ-TZ1XE-4DY8I,None
EUPGF-USTHN-EUOGA-D8VW2,None
DF4ZP-RBQDH-IFUE7-QBFBI,None
BN7FA-0SD8N-W4CES-KMWUS,None
YSJ4S-79CAT-0GN4V-QBID7,None
WSZ8N-KMXYR-TKNJO-FEJUQ,None
WZLCU-4JLM4-BEULY-H9HLL,None
MERNB-GBDV0-C3NLH-KVPFF,None
DCERB-EV5B1-CVTL5-K5SMG,None
W1MXT-JCIMW-TDGCJ-QCI3M,None
HLIMP-OUY7V-BB6SR-QLU7B,None
DXQX7-8UFIQ-DUOOE-CVW4P,None
SZKNX-BJUTF-VJO67-O3PIL,None
KAYFE-FNEDW-I95QU-ECBWD,None
90CBE-QNONY-NNN1D-F1ZLN,None
6NINS-KE9GG-WJC31-PY9XV,None
HXRM3-KUJ6C-SC72O-NUXIX,None
TLLHL-QLGAY-A5JOI-VCQKW,None
VHORJ-KHTNL-QSPY1-MCRHV,None
ZYAZQ-ILOX0-SODFV-W9DGX,None
4CCBX-81RI1-FJNOB-R9BI2,None
JMKAI-IILON-S2F1C-YDC0E,None
ZVBWX-MKROX-GWM4S-AOBBR,None
EIRNK-DQEQQ-CJS2S-UOZMT,None
IUEWJ-RJCHS-FJGNL-FFENI,None
KMMZJ-XDLMJ-YWLJV-0WI4D,None
6VULX-DRFQG-YKS0W-DGDR3,None
ECEHF-JLG4R-9DDAN-Z3ZTR,None
Z4SWA-GMCJM-UIDYB-3NRIR,None
G5EJS-NX0DV-ZL2YD-9CZ8W,None
OVG7I-GA6WW-WJQHS-NIDJF,None
XNTHQ-QOVU7-YRRUE-YLKTS,None
EAEWS-DLXOV-YXDWF-IUDA8,None
QQBII-BYFQ7-RK807-LXQOP,None
CLTHW-DE2LI-AADH8-Y01PQ,None
6ZPKY-JDXML-GJ8LZ-LSETG,None
0PVBM-4LI9R-4DQOJ-DMMSU,None
I3HHO-TG66C-MJ4LY-CLX6V,None
IQKNE-OJEUX-BFSBV-8GRAW,None
VMF9N-T0KYS-WNOBQ-XGQBA,None
RIUCR-HYWUN-EMRGT-KCM6C,None
XS4T5-AUMSF-WXDGL-UF9ZS,None
9D4XL-3OORP-034BR-PGEWW,None
6K23S-XGI0L-JTMEZ-K996G,None
GL9GW-0MDHW-MAHID-TB3LC,None
RFKGR-QKWBB-JTO84-ETCAM,None
CWACJ-DV8LB-0RERH-GKIJQ,None
UBFYN-0DUWE-Y9FR7-KIWY4,None
Y7F0I-V8JOG-V91QN-Z8UB3,None
EBUCS-M4ZGG-PIMZS-CI7F5,None
GMRZF-YYTLA-0MVXW-TZ8CS,None
H2NPS-2PBIQ-DXTZ5-RRLPZ,None
KAYTQ-HHGLP-DIRKS-SON0N,None
GUKFB-IIK2C-JKSUM-NMNCI,None
UTDFY-HCIOX-LSAPJ-GEG12,None
V3HN8-5D6XC-POADK-2VBIT,None
WWL0Z-HT1OB-DKOFG-JIDWE,None
ADZDW-XLERI-P2ETX-SDXR5,None
2GNQN-RYCGI-B7S5L-PHYKB,None
3B1YI-OZDKJ-77WSE-3P7KO,None
QESDY-WBUEJ-VBMWN-L4OTF,None
PT9RR-MECF8-Z0MPJ-SDMLT,None
DNACA-ZICUB-5RJCT-LXTVM,None
WLXB6-UZZFF-UYEV8-FI9JH,None
VVZA1-SRU7W-4EADW-CZT7V,None
CQ7UD-HGBMB-XBVLO-54006,None
DQNUH-CRUIM-W8KUK-QMHNN,None
VO4SH-RGHXK-LQZVZ-WBMMI,None
R1P5C-JDRU5-NDXYK-12MDY,None
BMFLI-E2IIU-S2PBB-ALNQR,None
7CXZ9-NXASO-PMQFW-RYBV7,None
8QM4E-UGHIM-W2Q4I-2CZX2,None
RQ9TR-PCJSF-LXEGF-RMWGJ,None
RAG9J-YCC6J-QUDGS-8TLDF,None
ELPPG-J5UXF-FFYD3-ND9VM,None
YDQTY-UO3FQ-KQBPK-YLUJF,None
BVUE4-I14WB-18LNZ-4W5QH,None
JXZFA-GWW8Q-BUBNQ-1MJCX,None
J1JEG-XD0ID-XMFWN-BH3M2,None
M5FP9-2D57P-GDLCK-THZUQ,None
D3PPL-GV4AF-LGLIG-E9E8I,None
61JNC-AIDIK-HFVAF-OUMZC,None
MCWNH-BVMA7-NXPAA-QPNNM,None
GRI9K-PJ9KQ-CBHET-LGYRM,None
YWBE4-1LZNZ-RLBS4-6NPGD,None
N8DWV-F9LKK-TPCFN-PK3KS,None
NCGIU-KKQLU-QKA2M-AHEVB,None
GPXDL-7DXZ6-ZIVYD-LOKCE,None
M6VRC-ZMKW7-ICW9F-YJEMV,None
RUEJ4-CWMGK-S41DN-ESWYO,None
JVSLJ-3RLBQ-FJ8SS-XYPKN,None
9XKEI-1470I-CLKGT-C9AGD,None
QVFOC-HIMPK-JHBRH-5ZJ82,None
ZHFGN-KTZB6-ZIKAZ-ECZTA,None
HUW8J-D38Z7-J2EW1-O1TMT,None
YNZFR-TFY3S-RCVFQ-BVSDG,None
NEBBG-DQDGR-LLPX2-PDQFY,None
GQWMQ-WPOPP-DYP3N-LUMBJ,None
AYKH1-DRNAC-GXKIS-SW4SN,None
S1RW4-3PCKM-MKKZM-43EWX,None
8O9YG-G7OYH-JKWNK-FAC2P,None
XSIFP-NHB8T-TPKRW-LFQVM,None
FHLTN-NIXDB-GYIXF-WQECO,None
D5D9X-QZDBU-CQRMJ-IVIJD,None
EYDNE-ACPEE-OS3DV-IRZSH,None
TPCWX-VGNWW-J7IFL-NHVSW,None
IIICN-H6UY6-YS4LU-4K3IR,None
YHVXT-VSOKL-EYDUQ-WDTY1,None
N1KXB-SJZXT-V51Z3-HKNKJ,None
HSGUJ-BCUPX-SJJFL-1GPYF,None
IBA2Z-TQ3EL-YQHJW-JCAOZ,None
YNITQ-QCLEV-BHF7V-VXYZR,None
D0O3Q-TCBQH-ATCCP-8M9IN,None
DFRXU-PMO12-F49SF-8DTPA,None
RIDY3-XKFGK-XY7QS-TNTMR,None
MXY4W-PDEBS-2AGI1-VBQBR,None
MKZMS-4JFKQ-PWVVI-MY4GX,None
IIYN6-FYZWQ-J2I1Y-7EDOI,None
RLEZ3-X6DZM-Q5FMD-FHYGK,None
7BJDN-9778H-ZDVBN-HPSFH,None
IGK2P-HHVL6-5QT7I-K7ADL,None
KIME2-5AYMB-EDHFY-YZM0X,None
ZVGPR-7MH06-2DJU2-FKFCG,None
IYFZZ-ITSCX-RJKQN-UBFFS,None
0PRTU-AYNOX-ZCJDZ-VZKGV,None
5AQJI-JX6AK-IWYRN-NUECQ,None
8ZXMB-4POFF-BNQPH-9NRUP,None
CUZLE-TU3GP-F8IVC-UVCW7,None
QDUTS-TQPV7-JQIJ7-TQUDV,None
BSKTY-H9IB6-DRI8N-F0NQX,None
UNXD9-IHUMO-BE8RJ-IJEH3,None
OWJMY-PHMQI-ZK1OV-VPLMK,None
TMT9Q-AV5VD-ETUQM-4IKTL,None
IZP8T-GOBWQ-FGTB9-VAPQV,None
H1VU4-B1QOA-WF9XI-6IBO4,None
BVHJJ-TGNV7-8IYCJ-RQTOV,None
VKACI-4RIH6-G4WF7-ORLNY,None
YBODS-CBISN-FOMWZ-DO3CC,None
CKT76-2JPFA-35SHC-38SMK,None
0IOYU-NVTRI-1QZRN-Y1OKA,None
8PGST-REXCZ-OOQL7-6SL65,None
MRVQT-QO0M2-VTRWW-VQSGN,None
JOERF-NPNEF-ZGBYO-NPFO6,None
A4QX0-UGS2I-SFPGI-QYUUF,None
HHLSX-FQLDE-SDPGH-0P6DD,None
HYA7U-B8G9F-WYUFU-B2VZV,None
L9TJ6-DSHP6-8XVSC-FQE9E,None
KBOVY-RZJA4-UKUN7-BT50G,None
YHRAW-QS5PA-ZFECI-OZA3V,None
WOSIE-T2QV6-HIBNG-HG31N,None
NRSAL-MN6EL-DC78D-P0CXU,None
WO3ZX-ISTDF-FTBLB-L5CHP,None
Z5HHD-VDV7R-Q2WDF-3Z8D8,None
2IJ9P-HOT4Y-P4TBZ-KIL1U,None
0WJS3-J1VLS-X9PIV-RZ6CQ,None
TTL6U-49USH-KZ2LQ-MNV33,None
G7SS3-AST4U-DIPSY-KJB5G,None
K1DZZ-ZJ5EO-LEYKQ-WJE1P,None
NONIQ-HCBNV-KZB9A-GNV8T,None
BXSTH-VLVVD-5RRVT-KB7IX,None
L2LYK-M4FWN-F94EF-YAHTD,None
E6LAJ-Y7TOP-BWWXE-RRQXI,None
K5P4U-HEDVQ-I23GC-CGLMY,None
TUGJH-HNGXI-KOGRQ-KVOFP,None
PLMVP-D5W5D-83NX9-S6Z7I,None
XFZ8X-PSULQ-TOU9Q-J1AI1,None
0YPZB-9LAMD-40CLR-6MW3U,None
72N3Q-UFOCU-QZILN-HUWZZ,None
3KP8X-A7JSB-NNPCX-T1YN5,None
F3QJE-S9JKN-KAS1D-7NJ1M,None
ELJOZ-FLB3Q-JRAG8-TP1JM,None
XY8YA-4H8NJ-RGDOP-3YMLE,None
Z0XT1-DSUNZ-JGFCB-HPSTP,None
MKUD3-ETS3C-EHJUF-N5JVK,None
HJ0NE-X7KNM-GHCN7-B40HT,None
VLBYT-R7NAU-LDDLX-IHQ7Z,None
ITHK2-QQXZM-5JMAI-4XBE6,None
R3NNZ-SP5JP-N2WJN-R4G0C,None
ULFFI-KKYVF-C0PEC-QZ1UK,None
JRFAT-L9YJ1-5OELF-VLBRX,None
MLIOH-GCMYA-NA2DQ-O877O,None
MUSKS-NPRNE-6B0NH-FCBHO,None
GTK1Z-QOGKN-DIKOJ-GYB9E,None
P6IKO-PZNKW-MQBLC-UAN2H,None
CK6P1-YPYIV-K68VX-AIPZH,None
2QOKS-GAUUA-RSUKB-QUXT1,None
SRSLK-2H6QX-XVNQJ-Y7SUJ,None
TX1VJ-5VUE0-P2GHJ-HVARK,None
XSKWJ-5C6VN-PBABK-KRFLA,None
FMLFQ-HEJRZ-2O0VX-QFNXH,None
VB0Q1-GUZYF-24YEJ-LL4P3,None
4MKZW-UXCGZ-VJON2-T4MBU,None
OKPKF-L0YRB-YCHD7-QIIGK,None
9DQFB-P5HRA-7CTHI-RZQYV,None
1HKIT-XN7JS-OSC10-HEEYL,None
B26ON-PYAQ3-HSEK1-M1YUM,None
CBXGU-2R2IY-K1CM4-RJ5IB,None
ZMSKL-EMMIP-KU0QG-MTVG4,None
7MUD0-IEGVP-DCVKH-UFLPJ,None
P4Y4R-CIMZE-I8CNX-B0SAF,None
WABCK-SJEOS-DLEBQ-EJBY8,None
WNG27-2Q3WL-QVZCK-4UQVA,None
PA3LN-XL7P3-K3ETC-ATUWI,None
HQAUW-XXEXO-FREQ4-CU5Y3,None
B31QZ-0SZPA-5SXCX-KWDGP,None
XH4L1-FLQKZ-F17W7-H0SXD,None
7BQ3L-C56VY-2NTWY-9DE5X,None
QKLBG-BEEPN-IDHOK-VNHED,None
ZXP14-E9MMW-GECTI-W8ACL,None
SRLL2-O2GT2-KUOA1-Q3MAP,None
HATIJ-OW7BQ-WMMWS-M0ILD,None
B29EN-AVW60-YIKQT-69TTU,None
ZXN4L-B9XSV-1OBJG-EPRVR,None
CYK6S-DOWVI-OJBWK-W7HW8,None
10ZVS-UD0LX-W0RNT-ZKHB6,None
VOPY4-R3TKC-X3SHK-EOPDA,None
EMTPC-ZESJH-GDZ2D-TAIRL,None
TDSOX-H5AMF-KT8GF-BHJXI,None
LTI5G-GCMFL-AJYYR-WQKA3,None
IH7A1-Y7DJM-N9XOK-AUVUE,None
WWV75-9WB2Z-FEUOB-QIFH5,None
0PBEC-YOAUH-LDTKE-RL8X1,None
Q8Z1G-G3QNS-XYE1U-EXGIL,None
IIVHS-WCOLL-JR2UJ-DIQA6,None
XWADL-7T9FJ-CCAJS-4JWDQ,None
DRISM-RM131-KOJPM-HOWFM,None
P9BLT-7AFLK-QI9YA-OTJWY,None
SX3VR-JZ2HC-VJEJC-VTGPW,None
BEKLA-SANRF-TUBVS-EO2RI,None
BS2R3-DCTIQ-KXNYZ-XC9RO,None
8IMGE-E4ZUE-H02ZQ-HM00B,None
AEKB7-5BJJ6-LHROH-EBDT2,None
OWDE6-1QOJQ-9MBEE-J9O51,None
0S3TY-F6B0Q-QRKGV-VWRAZ,None
F0FYI-GLJSW-YJL47-92SNN,None
JO6ZN-RAFSM-CAH8Z-MZ7HG,None
F81OO-PU66S-1I2QO-88KSC,None
CPSSE-OHBNN-LZLNJ-XEZ9B,None
QIAW0-R9VD6-M3AYJ-9EFLJ,None
ECNQ9-IS4TS-MI4WQ-TNHG2,None
KLZXR-L0RVH-RZMFP-K0YJU,None
WGPZM-KTOCB-6QLJB-L2TLL,None
8JQ5E-6XMTD-HLDC5-I2ZRC,None
JQT5O-SKUL2-LMPYD-AMBQ7,None
HMEG0-KX4P9-W98UD-31IHE,None
F3LMP-9K3WZ-AWQ6J-RQASL,None
TCIZH-EWULE-TVFZP-5FBVC,None
QAX1K-0KRA8-XPR42-SSVRB,None
ZACNY-QIHHE-EGY1R-XJYN0,None
YDZYJ-WYESQ-AOCTH-6CZ6E,None
WQUUQ-6BZZC-PJ1HK-FZ39V,None
ZUVSV-ONLED-U1AMZ-3NVSH,None
P3OCG-ECZRY-EJ5JE-5ZXQN,None
X6W2K-VXTWA-KOZGH-CLGBF,None
QACXE-QUOXS-Q1B9F-ZLEQZ,None
XJTRK-VCL9K-XAXIO-MGSTS,None
2XOGP-7KWHL-PLV46-LOXN2,None
UPFLM-H2JEH-FVNOF-ZBN6G,None
DVKNM-L8RQM-PFEPE-WIMF9,None
65ZPX-OSLP3-AFA2H-VWAVT,None
YZB5M-DSVZN-VI3PA-PK4CK,None
LXDVG-YV6FJ-SWKIQ-TBATS,None
R0JH8-LYISF-UNNRR-VNYMV,None
HMQ9P-TNL2K-UWAPP-USI2V,None
TDHHK-UUTN9-KN2YZ-4FI6Z,None
MWDYZ-IF8LW-SYYFP-FYR7A,None
JCCAE-KPP3L-YARSW-YRX4R,None
TXUHH-P3EQL-WWIRG-8IEVP,None
QOUPK-AWQ6O-PATKV-XDPQD,None
PAMQC-IBVNA-UOAL4-5NHOJ,None
EZMVW-UPAHY-NHQ9R-JDRID,None
WFMIN-3MHCV-ONWEW-0DKPU,None
VDTHL-GNMLR-XT6PL-EX4F6,None
LFP2W-E5CWV-JDUJQ-GPRV5,None
GLNVE-BT0EK-D0XDV-OABPJ,None
BVB13-B2HNM-C69HS-UI80U,None
B7WNL-0UGH8-YP8PU-0FHUJ,None
MTJY7-SQBZY-2BJXV-02NCT,None
CIIIQ-K5W8T-CTIPQ-NXNVX,None
QHA1Q-BIH2C-QFDJM-DMR7C,None
JJE6Y-OGKBQ-SGWXG-PIKEJ,None
7PKJK-BP8EV-1FS9W-5VJA6,None
9HMAN-112EC-ECYWA-MMVHG,None
2JQ7T-U9MMU-0FIQR-LTLRL,None
Z5SI0-PPYNQ-3JZOS-ZJ23J,None
BXV39-9XPKQ-SVRQX-VCAKP,None
7K8SU-VMZMF-EJG1M-5YF6P,None
Y1CDN-X83TZ-BPVXZ-IWIFC,None
E9XQY-7VRB1-SWO85-VKICM,None
XI94A-LEDWI-SOY2I-D0WIH,None
JSIVY-8OD96-3IQYT-CDMTW,None
XOZ6Z-WOCYV-88OEO-CAHQV,None
EGECR-CJVO5-CURMD-U1TZK,None
CZZVM-2HAC3-MX8VU-TBLKN,None
KZED1-PXZOT-HID5C-ZVECD,None
C10VI-KRTTL-6K33O-WOOF4,None
0XH1K-EHLB4-TOBCT-8I4PN,None
FYCHO-QPHPB-1Z6KQ-ESEIB,None
ZCHYU-BN0GT-9HAM2-SZUOW,None
68PN1-D9FMI-SGXRV-LORAT,None
FPBPJ-SPPML-HZDDP-9HTRQ,None
ZSJX2-UUCNY-5WH4F-Y29LA,None
55Z5U-FGWTW-REAAG-WZAKW,None
FLYBY-3NXXA-BHNMK-JVDCA,None
T03NE-EPTY1-PAHLM-TACK4,None
OAFRS-XHRRT-RSB2S-6SCLR,None
P7TTG-JFZX3-1OJXI-0BMYQ,None
CRW9M-JW1ZR-6ILYK-L22HO,None
MPBTV-CTMY7-VLT5F-JGIHI,None
EHUCY-VV6WH-RLYPS-E6LLG,None
D3AKS-CVS5Q-RUYMD-QG52S,None
8HYGT-4TFJI-XCBPB-L1KGS,None
ZEBOI-SRXPY-R4HCE-84BMR,None
7V0I1-3MWPM-Z8VMT-XBPDG,None
8J7RI-OKTGD-NXCKU-P3CS4,None
M7QVZ-8TTQO-NOSEP-1IE1P,None
YYCM9-VRHTQ-H4CSP-P1LIQ,None
MC6E9-IRGC4-NL6XG-GNGN0,None
J1Z0T-IOHUV-B19CI-3PHR3,None
ICO7G-YXZDE-OYVDQ-EALFK,None
U3WJF-FTBDK-MPW4Z-T24JC,None
FGAAF-AMFLR-FNM0C-NMRHZ,None
XW2SV-Z61OD-YWOWJ-OPLBF,None
ABIRH-NUOON-05UZ6-GIIIB,None
CDDU2-JXPMX-LTUGX-3VUPB,None
EYU47-BYCVN-IQDLK-BBP2R,None
DIZKF-SZT7I-S4N9N-AGQ0R,None
HKF2X-EH73N-KHSMQ-HBTF0,None
ZNZYM-6MLGI-DOIXC-IL7YR,None
DXLQE-Q6WMA-LX5TT-7UT9N,None
IZLJJ-RZIPB-UBC11-VWELQ,None
IB4FX-IPXYM-ECIHW-9BGT6,None
LXZ2M-3BGTU-ANDWF-SEXMN,None
ZIXRU-TTBGR-AKDR2-HULBN,None
TX9W5-BBLJ0-LIBVR-ES7VN,None
1WHAP-SO6CA-1Z6MX-WLKI1,None
OE7KC-HGLIM-T4WS3-YUCA8,None
TUTKS-JOF6R-PYRBN-FS44Z,None
MUPFX-TSMQ3-FZ9GN-GPAFH,None
SRWZJ-5VFAE-2BSZF-EIL1J,None
NIOF6-OIDYX-SZECA-RJPFZ,None
K642X-J3CET-JT0RZ-D1ZG0,None
9W8KL-5HQIZ-W9AOH-3Z3PS,None
8P5FR-YWWXL-DDRMS-SVGY8,None
9EURZ-DDPIQ-VE6OJ-8ZC8Q,None
6UJJE-DZUKG-25YVN-WIBHF,None
CNZ6F-BXPKL-NOA1X-WZGGS,None
KCLAU-VZVDZ-Y6W9W-G6EWT,None
3ZCSM-ERSUV-WWJW1-ZVJGO,None
YQA45-27W2B-BK1YJ-I9X0M,None
HUV8I-H255C-KOT7Y-ZUGX1,None
UI6RC-P5GMW-S7Q9F-TMAGO,None
C4LLR-QBNAN-3WMAU-YZV43,None
66VZA-SHRH4-PXNT9-DUF4Y,None
UQP0M-08KR9-YR9LI-FPWG6,None
7NG8C-AOVYC-SZEAD-6K66J,None
SV8EH-ZKTGC-15QQ2-YFUHP,None
WIX36-ZZFFS-QE2FF-2UULQ,None
RSLRS-R4K7M-5LCES-CZ25W,None
DGT2O-GPOFJ-OLZ73-12FHK,None
UGUXH-38TWC-SAI62-7ATPL,None
0VUUS-M8RSB-PF2RY-KV0J4,None
NGE4D-MBRPD-BXGQY-ATQIW,None
7CKTJ-4DCSM-JS9AM-MX1UC,None
EWZHX-V6BJ3-MVJRH-EIMRJ,None
WGRWP-QJYGD-5FH0E-CFRNR,None
P6AOP-30LVH-BNXUD-KZQ9G,None
MRPC5-PNNTV-VHGEW-DIXPR,None
9WKQX-B8LIU-XADE5-4ZJHE,None
TTG3Q-WM7RZ-6WUN1-GZYYZ,None
KVCEZ-FBRNY-CUOIV-S1YSS,None
AXXQ0-6H20D-LQFSW-RGFTD,None
KB1DP-RSCHO-IHTVD-YXNQS,None
JO1KC-JS008-RPLR5-VFRXC,None
LQO5E-ZAO2U-FFARB-R71OS,None
ZUUP3-0VHKR-W9BZJ-ZBASS,None
TVOMW-6TWJS-XVVRJ-E18VB,None
5WVFZ-E7DT9-P5JYU-ICH1X,None
GSWQS-QOUQ2-9TWTU-754IP,None
KTRVN-EGNAO-HDRYX-JSQOE,None
XYPUE-RJL04-TXLMD-ZS3S6,None
MBNOD-QYVMK-N1ILP-SVGWN,None
ZFRRM-GEWVO-9QQMN-8HL2W,None
ERFO8-TTNKR-YI5UC-LUCO9,None
1KFTB-T2XPK-EPGL7-ODJDO,None
ZRBMA-S7NTO-YIQFL-JUS62,None
9AIH4-IUYZI-1NIIO-9JSUG,None
IKBXS-XSLCM-FTZCX-6BGXM,None
XEDG8-Y7WP8-HXU9B-07GQJ,None
XDWBO-AYUA5-Y1YXK-VLO3W,None
AKR8C-NUNZC-Q33IO-AQFNI,None
4Z7OW-G28FY-XTSUZ-Z1QGG,None
QRDWC-K8ONH-QXNKA-YUI1Z,None
S1KMM-ROUUA-A7QIR-XTMCL,None
MMD1T-R1ZVL-F7GBZ-KV1UF,None
WOUQL-NB5YJ-6DSKU-CR2KN,None
0GYK0-EHG7R-UVRHN-6ZFMM,None
STTZJ-TVVEF-UDLG9-MWKNE,None
19GD2-GDXVL-ZXKVD-VJB6N,None
9GNL5-EGJKU-NS52N-FYCHA,None
K9NBA-6HWMY-4QNA3-OFRHW,None
NJQID-NRL1Y-HH6FI-K9FY6,None
5P3T7-GXNME-U8JXQ-RF5QH,None
S0R4G-VGUAL-1MSCM-9RBZH,None
YYHJI-RMKNE-JILRO-RXW8T,None
IOUKL-CRXB9-PL2ZD-H4XVI,None
MFFPP-HZGY7-LWNFU-LIZ0B,None
YFNRI-OVR1I-BWUVQ-ZXM5Y,None
OQJW2-HRXML-EBVOS-ZMX2P,None
OYP2W-JF4OQ-GX3SZ-Z6FXN,None
NBZ8U-9WF3R-JSTCZ-BE3FE,None
QMHX0-3QN3X-GKXMO-3POAV,None
VR4S2-TSCMP-BEEWK-X4ZJA,None
T6F0A-VAONI-1IXBV-CTSJP,None
OBHY5-BRFVK-WBYFH-DZXML,None
Y4JWP-PDC7L-YDH1C-XILWC,None
HMFZI-5GWNZ-P0ENB-CQ94K,None
UQPPJ-MUOVT-AINER-18DW7,None
PR8PR-UILX1-W1XKH-IK6KO,None
XFH6O-MWDFQ-SWNND-O9KWN,None
DRARF-AXKR4-JIJAN-F3IRH,None
HGVCI-FICKD-PE4M7-FISFE,None
XNKRX-H9XY8-PAZKR-XIQV7,None
BRN1Z-ZDBOX-JBVQN-BDUA9,None
GWYWQ-ZCHEG-TUAA9-O05NQ,None
QZ8HY-NUJOE-RQOBC-V4WV4,None
UVG0Y-NSMLA-GCFNF-POBZB,None
LOMFI-UOWFA-JBZVR-WNWS3,None
VRA3H-YIY4E-HBG6G-XSXQN,None
MVHJ1-7JNI7-DQV6N-CVRNY,None
DIYRF-08G7Z-UU275-BU88Z,None
JTWAW-FKSYK-WOLMX-XYRVQ,None
Q6QDI-X4CZA-30TQN-FNNVX,None
JCUTD-REBPR-XR597-NMJVD,None
QES0Z-QYW6M-OSZQN-HSV0C,None
ZGBGB-14LJQ-8TBMX-ONNXV,None
6QVIR-CFX5M-SLBGU-GKOLT,None
RNG2K-4VH7X-TC0DB-HGZMR,None
PXGDB-SZ5KM-GKHXD-XJGCH,None
WJ460-7CU08-WPDHM-LOHAG,None
IFJ4L-SK8JJ-11IJL-VZVUQ,None
1CFQB-YIWRV-Y2FRR-F1FK8,None
QOY4U-JKG30-R5WTX-QH1PC,None
MQO9D-UITD5-EIX9E-YM4CC,None
PVJRD-WVSEO-O7DJU-P3CQV,None
8GPQW-2DT3T-GKAWH-1PLJ1,None
WF4OM-WSJ8I-UALKB-1EAJ2,None
ZDKQQ-SQTGB-VPIO5-0UKMC,None
DD6VE-IAVEH-OHQFW-FPWUG,None
WBLE7-Q8OFB-NYAD6-OLUHR,None
JVEEM-K9O3R-GS6KE-BJTAQ,None
SJV48-V4GUC-NRUZX-JNQQF,None
IHTDW-YCPL2-N5B5F-HVUSC,None
VXOS2-K9KWD-AHFCZ-JVIWR,None
YMBX4-I2LLX-IJ4JO-JDM5V,None
UUF8S-HJBEQ-88M4V-UFJWW,None
FIHCR-729IF-LE7UM-SUFHB,None
SYLYR-ORNQA-W1ZI4-DLGYR,None
B5FZZ-ZDUEX-3G071-JJU9N,None
KHBCJ-OJ6GV-EBNQL-6WV6K,None
0PFHR-P44NY-L0XNV-79DWH,None
TSFUZ-7JGK2-OEAXS-XSMMY,None
W56XJ-P7PGB-V8NLL-JFCJH,None
MBTU8-OT9ML-EJG8Y-RFKLZ,None
YCLZ5-OIMK5-SHZD6-USWK5,None
PEITR-0MHD8-TZPQG-BRQRO,None
5VFBA-IOFG2-NRXFG-WTCAE,None
DUCXR-UPLFK-UIGXX-5IZVS,None
RCCOT-JJRLF-AUGMD-FDM1G,None
K4QZ7-TNS5T-X2K2K-U0HTT,None
DKWHP-PI9OC-MBILT-S5JPL,None
QJG3D-E8CAF-XIL9F-HZREB,None
ELKBH-4ACGQ-NVYFW-SX0CD,None
JWMWB-VOLR3-2VSTK-ISQHE,None
UUIQC-IHB6W-1GBJA-IWFQC,None
VLIWC-9Z3WB-LLLLD-NUDJT,None
04M9G-7NC7F-XT6ZI-WFU2T,None
KCCNR-B1ULS-QGAAC-KTCXT,None
E9KDZ-UFCPL-S0WZI-FUF2X,None
XLMEJ-85K1O-RYNY9-BVWOO,None
6SHML-MMUFV-0HGTB-UWZHV,None
Y2PUT-TTW3S-U6A2L-UE724,None
LSMOF-AS99F-F2NIF-UZPUF,None
OXKLD-NVGHO-CE00Z-CLALO,None
Z8PP6-JPJXO-6KUTH-DSP8O,None
EHIFG-ZHGYH-BML0Y-Z5RPJ,None
17VFO-VIQPW-O0JIR-BJD4M,None
AHRQP-PDTED-H6J7H-FUNHX,None
L7T3K-KD9TV-3GEVJ-AQERB,None
YNZEB-QCMXM-VJGHD-BYLDI,None
PHZFM-PQPYJ-VANYB-R30QR,None
4PTST-HWRCV-VKS6D-40HVB,None
0RAJC-GVU9O-IFLWK-CGTAJ,None
G6RV0-SFBHO-RERB1-SOAUD,None
8J7C8-KXPTO-7WQCM-ZKFIF,None
EUBLU-5DV4I-7QEUN-EQZPV,None
RFWSU-W5AQT-B8CNS-PZH2U,None
EQGZP-PATCL-0ZNEB-F6RWC,None
NOILB-7EKG5-8BCG3-QMCMY,None
BLMEA-EILNA-GTSBP-WJNVU,None
XQVKZ-69RJP-XKUML-CSLON,None
YOG7G-O9YLQ-ZKEGY-26LFD,None
6VV71-MD4MU-AGXMY-SWQOV,None
V0RZM-MJXYO-CCKJM-J6YYF,None
MR0SO-XR9F6-6FILY-Y8BH2,None
NSKJ6-MH8U0-VGSOD-FQ9D4,None
B9JTY-WV5TD-0FJZH-YZ9IP,None
YCUVJ-P9NNV-ZKBHR-35MN2,None
T9PVS-ACLIJ-TRMLK-JFILE,None
8RETP-MIY8Q-1EJQE-SWCCD,None
QWBSA-2HPOT-S7QZG-Z2TRV,None
KQWKH-OPAKP-93PGO-WF2JH,None
IIINU-DIUXA-5NYAJ-SAN6V,None
UGLOZ-5IH3N-VEFTN-IBRJ2,None
NQKAJ-CAZ6E-DJ3UP-7LCQL,None
Q8E3L-PUXV6-J63LZ-JE2HH,None
YPBTC-U0WOX-XYOTS-VPVGC,None
MJKZ8-KIHPR-3VJPL-0ZTKZ,None
HZQP7-YUVSQ-KIIZK-1VIAT,None
GLGTI-CDSAL-KYNXB-QBCV9,None
JLKPB-PUB9F-CO8O9-AZI1M,None
6SKK5-KG4KS-QDCRS-MNVP8,None
VUNCV-W5DTF-CJKUF-XIU9O,None
LKCAB-XSWFU-G2I6Z-VEWAV,None
EZUFD-571EX-MPCRH-D9AJL,None
8BOSF-FA0WE-LEM3P-D4MLD,None
7AFFZ-RGRF4-ACWUA-ULQYL,None
4MUKF-RAXYC-NUJO4-OKTKQ,None
1B9UT-WPH6F-9LPXV-GIW6F,None
ACSSV-K63NI-R0IBH-WE88P,None
GZELJ-7WBQX-1KWZP-UXNUC,None
C5BS4-MJMMJ-MOLN8-SYOWN,None
70HCR-POVLZ-TZLDJ-FP8QN,None
GGO5Z-ER22B-CDNKK-RHW6M,None
4NLUF-RESSB-XGPFR-VYFDE,None
D1LNU-JBZAO-3LDBB-BPDVQ,None
R43LY-F1FZK-JGFBQ-XYBCO,None
1LDRJ-7RVA5-TFHYA-EQYHV,None
9SSVD-A3VNO-LQDS8-JFZI3,None
DERGD-MLEYG-SBUCL-DX3VL,None
ISCXZ-NWJET-ESZQK-CGRPP,None
MBE2U-TY4LK-Q8Z0C-0EQBG,None
9Q34E-LT1ZC-9FDO4-17PQ2,None
JEHGW-UC1ZU-DWNUD-QFMZO,None
WPVKL-F5JYQ-D1PJQ-KVXCN,None
POOSI-E5IZY-LEMKI-9OKBL,None
P18AA-BWKMJ-2N2KH-ED11E,None
IRLMI-CFCZJ-1PSLV-MBQPM,None
NJKDI-PC7U5-GZQEZ-SHT6G,None
WUHFW-7Y5CB-BOLM1-NIY80,None
SNVZZ-NKGED-VBL1D-2EJZR,None
IEAH5-8D3IY-PVNGQ-HCTI8,None
EFRVP-NLTVJ-MV8FA-5ZOTU,None
MSUPU-Y0EGE-MCLDY-U7QPH,None
THZR8-KLXCJ-M19LL-5M4VM,None
RHNB4-NJVKI-9QQDH-ITG8U,None
KFERK-Q60QJ-LVSUV-XPK1K,None
MTITU-WULPW-LEI45-KNFD0,None
B4WPN-EVBAC-RJXIH-XWTBW,None
L4VPJ-ZTAAE-BQ9NE-MGLOZ,None
PN1QP-SPPO6-HPKGJ-XSZNH,None
BLIWC-JG0D0-BRP6O-NFNTV,None
Z0OML-3LKKM-4R05E-HR9R7,None
0IZEG-2CAZO-QI0AR-GOPTO,None
DVAOF-FHIO8-OV71G-YSDY5,None
N2P4Z-YNIHJ-A938R-JL0AK,None
BYPLK-TFQAW-NSDQY-XRYMQ,None
HK7MA-UU38B-CL2DB-TYAQG,None
CPLSV-UGAEI-2XLK9-K4OFU,None
ZQQEU-RRVDN-NB1FH-7DCRS,None
UMQZ8-WRYXF-TZJU2-JNKZH,None
JVRKH-HH30U-SORLJ-EWUSR,None
GDZRS-DCURX-PYKS4-QUEBX,None
LZOJO-WRPPF-TYL5B-TOYHP,None
CRQVY-DNVBV-W1DTU-F9ZIQ,None
G2WDD-PUZZO-FWRRV-NL2AN,None
OJA2M-I1SBV-STKWS-2CUMJ,None
7C88M-6UFAE-8GLXO-LUERM,None
6SRL2-LUMTD-P8C2R-IUHTV,None
E7R9B-CXQ79-W2JT2-O6ZTI,None
NLMEU-HUXCV-ILRZY-3INI8,None
CR9QP-KHXGF-A9IVB-9P5U5,None
64FZN-6LDIB-J2GP5-EO3EO,None
VZVBY-S43U8-7ZITB-R5SCN,None
35BKX-AQLGN-AO4GT-PBMQA,None
U37CZ-YRMJA-WASCG-KCF4U,None
C8UCZ-IVXVX-BGYQY-RDDEO,None
KAYHY-JIQ5X-X7TYX-YX6UM,None
4RZSJ-RKW78-RGTCM-HZ8WN,None
JRUYF-1DY1O-T1JIK-KHSZC,None
UCRL5-6UOPF-WFTNY-SGRRI,None
7G1ES-AQJFV-DBYJI-N9TUG,None
LEAUN-ORM9Q-M6WHN-B3ZXL,None
WUKIX-3LKKD-4PRHM-AV9XR,None
DIJBR-CMCDD-IYGXQ-PPJCS,None
VBRGO-0ZZQU-V1IMY-OKF4S,None
5H61L-PZSZM-0VAG0-DIQZC,None
Y5FI9-LX07W-DO4MK-R2VOY,None
EB0OT-N0BGE-DMMJ5-RR1WA,None
JC4IY-RRGJO-CWAQX-UZKGN,None
JRAIT-3K1HT-BB7FY-URQUZ,None
KTYAQ-VLUA6-VZDDX-BZQFD,None
UVKW2-DAGQQ-EYIRC-VEZJR,None
EYGYE-Y3Q98-CYY4U-UW4BY,None
EVM09-0QEYQ-TUKDD-TLCDL,None
GIPFX-5BXXU-XANMJ-4SZZX,None
41BHZ-Y6O18-QRPHR-D1WNE,None
JMYMK-QAFBE-QHXR7-ALBOB,None
ASTGL-GXUGZ-W4MWB-FUPZV,None
NRO2H-LWSF4-F6NWY-WXA6Q,None
4L0JQ-JRKEQ-SNVND-AYCMM,None
DIUHL-A8MA5-8DEQF-HSGQ8,None
TJPIX-HRTCR-2LFCN-FDS3N,None
XIJZA-IIQQH-XLINT-WYQAZ,None
BL6HP-MWEF7-GDDL2-2BWSF,None
ENQWX-NHGVK-MTU3P-KKZOY,None
OOKD0-X42ZE-HDTGK-EMCLH,None
XFZN8-CXAAW-MYCKU-M6CUO,None
NF9RP-KLHNI-DZPFF-AEN2H,None
LKJA3-ZZKPX-AHWNJ-VNULE,None
QKFYF-JP1UL-QRO4T-JR5TY,None
WKJIC-4S1ZW-GJSWW-XO6MA,None
UJY9L-KYUU5-O1LCM-RUYSY,None
TSED4-MVJHA-XY0VF-2XJCI,None
JG5JF-2SDRZ-HIZIF-LANQI,None
EUIE7-EU61B-AE1IX-PKLUW,None
BF5UU-BPZMA-PBCOQ-IV75K,None
KVBTQ-O6XI0-ZS6V7-Q8HUO,None
70X7G-KTXC4-LQPDZ-A4TIZ,None
SR9SF-G5Z68-RXI8C-YGOEM,None
CXH65-THEGX-ADDXN-KB2MQ,None
2CLL3-EJ6HX-FTXAG-2BVAU,None
LED5Y-VOZQ0-TI1J4-U4F2Z,None
42NHK-YMJRT-XLF50-GHASW,None
K6ATR-1N2NR-IE9DJ-A6VCE,None
RNGNF-HAQXV-FMQ5C-EBLH2,None
EB7BC-ULIJM-EB2PA-X1UAS,None
HU2AB-L3YZ9-PGWV3-TRGMU,None
DMBZG-T7NDM-VMVIV-F64V9,None
P6TAA-RDSER-IRQ5G-BAGBQ,None
RHWPR-ULJAD-OR4DL-9LSNS,None
6AZWG-0SLJG-JUKXC-LDGIR,None
GOK5B-IEQ8V-ZGA0M-5CAZR,None
UTWSD-RDIZW-VNR38-UAEQT,None
JPLRL-OVAID-AEVIN-SJOF2,None
QOSAR-M29R9-F7IC8-YYBZQ,None
TROUP-J8VVI-F3SZO-01LDZ,None
BKXKP-O6OOP-3ICNV-P2HPT,None
SRDOJ-QDHLL-BNSZD-7B25P,None
KNPKU-TSLRG-UF5T7-WHL4F,None
QELPH-G7HFE-KBJFI-KHTDZ,None
KUFGZ-EIOLB-8PLYO-ZU9FI,None
PW926-HZTOO-BVE4O-UZ1VX,None
ELNEE-ODCIY-ET9DS-IR4SF,None
WKITQ-IXCGR-WRMKU-1ZFMD,None
0KM7T-D3DPL-VZK49-0ILDP,None
VHIMA-45DTE-ZHPFH-ECY7K,None
DKYFG-QNL7F-5NK04-P8WRQ,None
RYY3I-ZDAKF-BU5MW-MDROU,None
64OLO-IJHFS-BCN9K-B9KWS,None
FQ183-FMFH2-UFW4N-IFDEG,None
YRNUD-OOD4V-AQB7M-ALR3N,None
GP9GJ-A2PDA-K7K25-1XUAO,None
ON1EC-K582H-MLT60-AVZMW,None
NRH8C-VHWOS-ZRQQO-LMHWC,None
IBBMO-2FEGD-HHPF0-0VFIH,None
MKSJK-D8V0J-NRSOT-UIODF,None
KEXLE-VI2BU-VYNNT-19QNW,None
JIIWH-FTYZV-B0ZUU-O2454,None
MKJSH-IMMHT-9X6BD-CNIUE,None
NPFM3-0VNUS-ZXGTT-XI2Y5,None
GTYYX-JELVP-HE5Q8-LDZAN,None
2Y59I-AQI4K-XMKUO-J6OGS,None
428PM-JKXN0-QYTDG-GARBC,None
6BST0-QLZSI-YP3LP-Y88Q9,None
GOSCK-RBJXN-E2LIO-OKVCM,None
X6MR6-JOODZ-NOBVA-XMEZD,None
U38QU-5GGB3-GG37S-A5LW0,None
T1WDH-QXDY6-JJ4GR-IP8WB,None
AOSRW-HTVJW-WTFNE-79ZNN,None
IH76P-GEZN7-DUYVY-EMNPF,None
W03W3-NUD0H-HKREU-SGJ2S,None
WBWLT-MBQ3F-FDNGF-ZTRMK,None
SBYVJ-SWMCG-QGDZN-HSAZF,None
KGDGZ-PZBPR-I9XAC-Z3DVZ,None
Z5FY5-4NVGP-TLY1D-ETXXK,None
KI89V-4PQUP-CE2BG-CGA7V,None
DL52R-PBLQN-TQAHY-MC0UE,None
GXLTE-ALJVA-OEKUX-UWWBO,None
SCWRS-PZL9F-S7S3T-EAZKZ,None
JJSLK-1JT5P-XEOJS-YHRZX,None
3KBKW-6LBUN-N7L0C-HI5GN,None
W4V7M-8EZEM-S3S74-8WO2Q,None
ZFJQM-WRIE2-YQUMX-MBDU7,None
US0V4-7SL2S-LPB5B-EBLQO,None
UQBZC-WLOF4-SBIC4-KCKLI,None
IWSL5-3HKCT-F0ZOF-OB1EB,None
FGS7H-DXRXB-D0MBM-OG0XP,None
PZUJD-5THVM-YMXJZ-PATEX,None
1URDP-VQSU4-EOGZO-SSPXU,None
8ZPDY-PSTYC-GCZMB-PGOOY,None
XWZ1X-T1ZQA-1QFOZ-XTEOG,None
JRNQG-HEMEV-OILKE-XM6IP,None
AHMHJ-NRTLI-AGFY6-Z5WKF,None
CA2UB-SGHNG-H4EHN-HM31J,None
MWCH4-Y5PAM-UFMX5-7X9EG,None
EPI5C-VWHQ8-DJ8PE-H8F5N,None
MNOVD-HTML8-1NMDD-QBAVG,None
QD7RL-WJVOA-P4ECP-ACMQP,None
7UDS2-69DD5-KK4F7-PSXAM,None
NQQWN-5GQNS-YPNZ3-O6U91,None
XI9JC-FEQEH-HGOBM-BA15U,None
LSNTR-HCMQL-MBWSR-ILHNR,None
KONTY-HOROV-YMDUS-INLDE,None
VUKSJ-MHWUP-LW4CM-D3NKZ,None
XBL4N-N3BAJ-GJYMZ-JNA2A,None
ICXMR-T1MV1-RS5VR-ZR9UQ,None
YGY6X-CBTZB-VDMV3-NJYNO,None
5MRGS-LHYC4-ISRHY-93Q3V,None
BYAAM-6Q0RR-QFHZ2-W1BK3,None
2RPZO-UI2MW-1DUFW-GDQKL,None
SDHTY-B6CCB-CWSZ6-JT6PR,None
DZ74T-PT9LL-KKPSQ-HWHT1,None
3OPQI-ASJA1-8VTRO-FSFLE,None
CYFPH-HJQYV-BSDRJ-LBNII,None
QCRRZ-9WZCK-WLBY7-PHIOK,None
XSTT0-QOS1G-BDZOM-TSICG,None
XZSCI-FUS92-CDNCH-Z0SPG,None
02G32-0OLWR-TCFYH-I3O0R,None
5M9WA-UNQ7X-YRWK3-Q6Y7A,None
0ORL9-EH0NN-HUOE9-KRGIT,None
P5XH0-NWLO4-I1O7I-SQMRD,None
2UNKL-IFYLA-AAH7B-8OBGX,None
WA0FU-MQFJX-SPAKY-LSSRZ,None
HONQR-KGQHF-GMW0T-HBKCF,None
GTXZT-TOPUN-YLFIQ-IY4PI,None
UF5LU-QOYY9-WZAEG-K2MJQ,None
6BVA8-7XDSQ-A8ZZ2-5IFRR,None
RSRMY-USIKM-WBCDP-MWWRK,None
MBXSU-HWUJS-PEX9A-DI3RM,None
AFRVB-2DAZM-YWFUA-WEWDP,None
EIHGL-NQKFI-KKOAA-FRWKB,None
7SFH3-9RMHV-3GZGS-FIZRL,None
R7Q1A-DFCVS-HS72W-EZNNP,None
2NUFU-XKHR5-UNXNA-PESXB,None
R66BB-NCPHH-FN74B-OMOZS,None
YQFOR-DJXJV-2AE4A-OWFEW,None
FFAU7-PGQYR-1EQNH-ZLTO7,None
FYVIC-TQUCZ-FTOFS-53TEI,None
YWAPG-5X5BQ-S9L4C-BXL6N,None
HKILC-WGFZZ-GHM5M-PWWSF,None
MSJ02-7GABA-JBRUT-RUUBB,None
HJBFA-O1V1K-RGMFK-3OLS0,None
9JTUU-QNSJ2-MDRDH-12HMU,None
WVRGH-ARNXP-NSF1L-AWAY0,None
BTYLG-C1MQ5-HW7EQ-FJNKK,None
WXMUX-8BJO7-BSTDA-ECULV,None
ZU54K-WPCYW-GI6GL-GGS7C,None
DCQ9O-DC880-ICH9B-TP4ML,None
VVNOE-LC7JY-W8T1C-KC2NP,None
3MODW-O19MA-T7G8L-VWJGM,None
NRTTZ-68RY2-DACUW-0CGXK,None
P0BPY-N0T10-FYLGB-WHQKQ,None
FYUIU-D04G6-6QXIE-MVMNJ,None
M2RKW-PEXJH-QLC0M-I1COW,None
QNIBX-TEADG-AAL9R-NHKJZ,None
DSXLH-AVZY0-URNNG-SVLSP,None
8KM0E-URW9L-ABYJY-VRXAH,None
2J6TE-7Q3QT-IZDXI-ASL6G,None
3YFHO-WGYGL-IDTRP-J0HTY,None
UOT6T-ZVIRO-PAT5B-MNOSP,None
HJKYO-WN85E-EQAH3-KBJ5H,None
O1LHH-BGHDK-PUENK-ERIFC,None
KJJAP-TAEZW-PFQC5-FVHF2,None
DBITT-QUU5P-RIKL6-LFTX0,None
OG6NR-N2PC8-EQTAA-ZT8N8,None
V3H2N-STKK1-RR0DD-NPLSD,None
SO1ES-TDFJ3-MODTP-RU9DC,None
KXRLX-NLT1S-CNLXQ-93YRS,None
F7GFT-KQRGX-AAIIE-NSSY7,None
BRVU7-YL3UK-HVV97-PCPWW,None
7767I-DYMP9-1L33R-MR43I,None
CAK33-0J0MP-EOI3O-1H0F6,None
CESYZ-1GFTK-CBZTB-EDWNU,None
WHKQV-PAD1S-6HILO-SUSEK,None
FIJON-2S2N4-SCSHT-ZRHLK,None
RRH95-OVLHI-XMOYL-INYPB,None
XR6OQ-7QXRF-NX56S-SZ2MO,None
2EL4H-K2IJ0-U65HR-B88F4,None
MSOAZ-QHSYI-QFDPG-P3WEI,None
TBTOG-WLR09-5XWAH-XWCGD,None
JYVXL-F3UEM-S0LG0-VT0X9,None
IO7NC-ZZOGN-TP0G6-II7HE,None
9BXT4-BGUFT-TABWO-MAYPZ,None
HGKRG-GPMQS-IIWJM-A0PHU,None
4HARI-7A9P6-LG1C1-XP9VL,None
KW4A4-4BHQK-N2UT1-K4PXZ,None
TUT6D-2ZJSG-FM7HX-OVOYR,None
G3VQG-JUZO8-GIY5O-HIEQY,None
HTCJT-CZOGE-PSPSG-WNZEV,None
VOV1O-HNHFR-302YI-LPAEX,None
98ESW-LVAOA-LAS73-FX3V3,None
GL0OV-WCIIT-QRZP6-9MXTP,None
5OENQ-HYHB0-J4FDY-6LNHV,None
RU4YO-TOCBN-Z2YNA-KWI54,None
CXHWQ-TLUTL-NIYF4-HG9CS,None
O58R3-TSNTU-GJCLG-OKY5I,None
0FSJR-HWSIB-LQL2P-KSGNN,None
ZQHKX-8PCA8-9VFYW-NOPGU,None
BCNIR-BINWS-QPWK7-JK3Z3,None
BQEID-OKTHK-QWD4O-WYGJE,None
ZRZB6-JHUKO-LIGI2-E5O9R,None
EZLNC-5U6N7-A1IX8-FUGRG,None
EL7M6-QMAZ2-14GWA-1PSMV,None
IINER-ALYUB-JRLVR-SANEI,None
2QF2W-S1TMI-SYKL3-HHIX6,None
GUFDK-SIW0U-KZNHZ-3DH6F,None
KQRQK-FMZLB-U9TNB-FAMAG,None
GUVDC-ATUQF-54JEN-CYAWI,None
8FKCA-8XQQB-YO66A-QTVUC,None
FMSFU-B2XCQ-HGWLG-ISVCC,None
61JQS-R6HWY-YAJJT-Y4SPD,None
HSC23-OKAOG-SU1H5-UODJV,None
NAGQ1-NBB7P-ZEZGB-FVXGZ,None
BLG8A-WDDVU-AOUAV-WYYT9,None
GGTCK-7XPKZ-BRQXR-STS7O,None
FANMH-BWWGU-VH0PM-BMZCZ,None
5VUFS-AQZKG-5XUD5-QSMH9,None
SX2DJ-KQ7X3-TCMS0-3VLCS,None