serial_key,activation_key
KPS19-4GGH1-XCJ6G-ZOMCH,None
D1TKE-XJJ2W-90DUT-APMQQ,None
LLPYT-OGK9X-SILLB-BQK3E,None
QWATA-DSEQF-Z5WRQ-ZWPX2,None
JYRB9-LLXFK-DAWXG-EUVPW,None
VDLES-TVKQY-FVZ4S-FWMHO,None
CM7M4-CQ57S-DN3JF-OPL90,None
2USPT-IUNQ1-RJZXT-E08DM,None
YXTDY-CXXH1-44Y6P-EPZZE,None
EQSXB-JUI0J-6M6I2-G3J58,None
BDNYK-T9IC8-04VDU-REYWC,None
KBHN5-JUKUP-KPPWP-8F1CC,None
YWL2A-VO8YW-4RVXV-A1ALM,None
CMWNE-8WIEY-BNFRA-RWCQ5,None
XZOHH-FNOVX-BCMWG-DJWPH,None
0MWRK-OWMRC-DFBEX-BKMH9,None
YM4JS-F3ARO-K4MTX-CBBII,None
ZOHOU-YMHPH-SBSXN-RAFBU,None
P2NL2-JO7RK-YNFKP-9FYRR,None
9E57Q-KB9P5-CZDB5-KS0LG,None
VCIHS-IMKOQ-D36JX-9TEN5,None
O4EF7-M7UXX-H0PSI-V4MP0,None
AKCUC-AYN4R-LU13A-RLQTZ,None
L33FP-JAM22-CTULG-E7KRP,None
EWHR5-CPMUT-KC9I7-FWSBR,None
UNOJ0-8INOJ-Z5XPE-VXMAA,None
UMLXP-4LDMF-AYNPL-1P5JT,None
KA8GX-ENPVW-Y1LND-XPMF6,None
8VCGH-KJI4A-FUODB-BQJGT,None
KW0GO-CT2M2-YLYEQ-PQ0ZM,None
AT3I5-XXFIO-WQBTY-TYOEC,None
190RJ-MCBL5-E5T1E-7VNIR,None
9T6CJ-EB3L2-U1VDK-VM5XS,None
NTNYJ-DVULM-6YW2I-LRJBR,None
JBOWS-A8QAO-Z5PID-CNCCL,None
UAU4N-TQGT2-RI0EE-QRJTE,None
X5YPN-KAO8P-FYCAP-NFLQG,None
BS3KR-Z3PAA-VUA1N-N77M1,None
XRUWA-TMD3V-WGGBE-KEF2K,None
XVUZZ-L63F0-QGO5W-GB8UA,None
KLIXW-6I0PS-JWXI4-ETEYN,None
8BPAQ-JZQU4-ITY0W-YQHJR,None
AJKAU-WDFL1-AUVWK-GAG1P,None
YMI1Q-BZOWC-VJ8BR-6EWWC,None
TRGBZ-QDCDT-NYGKN-FI6TG,None
49UPQ-FHXIB-FCHOL-VYHLK,None
TKJNV-RUKM4-UIE1F-L8LCK,None
NY9G9-1OJV7-DZQSA-UWWPK,None
IXU82-F1CSQ-QHR9N-ZEG8E,None
HJ859-SJS4G-RT234-BYNW3,None
IOYPG-L19JW-9ESDM-FDSSQ,None
VOWKL-XIJJ3-COE2R-AKFZX,None
JC43J-8NTB2-D965T-DV89S,None
KVUCE-X7KNO-CSLVT-NIVXL,None
P84EI-ZOAGL-WU7MJ-ZYGSR,None
Z13KH-7HTOB-HS85L-KPVKY,None
B0GAB-WZORK-BANNY-SEGUQ,None
3Y8KF-8PFCE-TAN0P-NA8VB,None
Z9ZKG-5O3SF-Q0URK-GLIFO,None
R6O6Q-74VQ2-R0KB5-KAGC9,None
JUDQ1-QBITZ-1MWWQ-C3AI7,None
BN2XX-HBDBN-WNVTQ-2MPRR,None
VPGDM-94OBF-STAXI-BRRKZ,None
GNIW5-SSFLT-78UR9-INQQI,None
M3PPM-NWO4H-EH7HS-8SE08,None
F27TX-PEH8G-SWXS9-SFTFK,None
VVDQ4-6AYND-PMOGQ-KDZNR,None
ZQTA1-8FHLV-DDMMD-XOPLI,None
XX3HF-UR9JL-AP682-IRFVY,None
QOL8C-G3NF3-50Q9M-C8DHG,None
PWJ1I-YO0QH-V7ZY5-68QLV,None
2C41I-HLTUA-EOP7Y-BO9UD,None
RGPZM-PIQEJ-EWHFH-H7VZL,None
U9T7J-SY9DV-ATJHX-D9MQW,None
JWUZ4-9TCUJ-RC4GN-G9VWN,None
O2GNU-GBJTJ-CV5B4-P7JPX,None
9ACK6-5JKHU-8U6IQ-G21UF,None
SCCZP-ZV1E3-FF9NW-AYHE2,None
RAMAI-4FH3V-79HBV-KWDHM,None
0UDE4-XW8G1-GW79D-V3NNB,None
6E6GW-N7QSR-1CODC-9KVX5,None
2YUFH-QPYHG-YMTBG-TRXRE,None
X9EX7-6HRTY-DCUSU-JDLBI,None
SEJNL-KCMAM-YEYAW-DAKBN,None
WVGA4-JNGNZ-AXMGY-Z0TNS,None
X8MHR-UGXKC-B2JOO-SA3AU,None
SQONM-GRZHN-F7JP7-JMLRK,None
N431G-H7EXA-GBFBN-PFIOX,None
3ZMA6-0JV5M-PCQQ1-PHAZB,None
NJTUF-7ZIAT-IZWHE-X1XFY,None
0S6ZE-0BLHN-UTI8H-ISVEU,None
GCYF8-E80TN-YRDD6-YAZHN,None
TTPKV-OWRPL-QWCHD-WYZ0A,None
PTSOO-WWZSS-MJQKF-M86SE,None
XYIKK-EMRBO-7NKWP-T1REQ,None
NRD48-EVAYV-CM8ZA-KAOCI,None
MRGYH-I1PVU-IF6O0-AVN27,None
K4QD7-05GHL-CYE3L-WSIKO,None
K3D4C-OSVDN-YDZKV-D2JQU,None
YYWZT-QYHSU-DE0U2-MLXNM,None