serial_key,activation_key
XJGNX-HWQB8-6GMSH-QT2ZH,None
G9AIX-NCCDU-YS7UO-VHSKH,None
CGCI8-2IMCI-FRECD-ECTLX,None
1PJGQ-6L7KJ-GSFKD-HFFGE,None
QXWDQ-UOG9T-7LLRJ-EVHEP,None
2KCF3-GHXPX-XZ2HT-D1DBY,None
3BVO7-WPMPF-I5T47-X5DPJ,None
PQVHV-F6BWB-3OHLF-3A32Y,None
OWCXQ-VBWWL-VBSB7-VCE2V,None
UCAJD-C7MOQ-R2LOO-1KCI9,None
FJ3WJ-KFSJJ-SNGZX-A5QYE,None
KX2OJ-WAJGG-N6ZD3-XDCGH,None
RTEDT-N1MQQ-CGGG4-QGMAT,None
8MKHQ-QUD43-THQER-AVDIB,None
IUFBI-XE6JL-QU0FO-W2OAM,None
PV97J-QS2G2-0DAXJ-WOFGD,None
D1DXO-GORTC-LE14N-Y2THO,None
IBG0H-YDHX5-UEK64-6ZPSN,None
PB4JK-Y3W64-QRDMH-PFRPI,None
0HE9T-G3XI2-GHWBE-R7DZD,None
BI73D-TSXY1-92HEX-UPSQZ,None
TCCNU-24E7U-12KYU-GUNO7,None
RW3LG-DGPCW-HVVDF-HI1OQ,None
ZRHHT-TUQWK-LLECK-LALWK,None
LPK8A-2CGJR-SVXVX-MIG03,None
KJRT4-HAFXB-TVEFG-OSN7Q,None
9JWBW-QOTN3-PMTV0-8RYZD,None
PXNID-AXVYA-VH7QE-HZAYK,None
8ITYT-GU817-EHMT5-IOGZS,None
EH0ED-KUZMM-UGOGX-VN7CX,None
AVCVH-PCRH1-DS68Z-FS2DG,None
XDOWC-UM0XX-EUCI6-KUBUV,None
NAC7Y-WHHOZ-955Q9-EZBH2,None
3K4VA-8VE4I-6ICEI-3K9OM,None
SQDCG-BHOO3-5YDJ6-JMRTM,None
CHBWO-2SPBG-BPAIA-EPWGB,None
YKTIU-IC9J2-SY2CI-1A1ML,None
AFEXF-ZMYBO-UKVIS-DKGD5,None
P0K58-NXNW4-JROAV-O18ON,None
P0IZE-NOTB2-PWIV3-RRUJX,None
ELXNB-EDJIZ-ANKEV-PL5JR,None
FHHN1-PNK1F-RDKX7-VUTZN,None
G1CTA-LLEAN-J7G0I-MJU4G,None
HNVMB-ILMAT-KATVI-AA1XV,None
ZLIYA-UMX4F-86KTO-O0KAX,None
OLPCU-FMA8M-F4GHN-A133W,None
JT7KH-7ADIK-QEWTM-BB0UE,None
G7ZSY-U7RP5-EDC01-2P0SP,None
YSXZR-3YSKJ-8NARS-QIZB0,None
SA8PM-EBUFG-I8BY0-4UERS,None
US6KH-F4HVD-BOANM-6CJLE,None
6SMC8-NLBYW-PEKKI-YQLTW,None
PIUTE-PF7CK-V5XZR-CJKXI,None
8C7G7-CQXA1-KJYIR-W6INP,None
DFPCH-CRRQW-DUZJZ-WFDKR,None
YK6AZ-QXYUB-OH3GW-JRAKK,None
3O4WY-XHFHK-1GVZI-8Z1KS,None
ZBCMT-PX9C8-ABP5D-VXIIJ,None
TDZZ9-2BSDJ-C3VPQ-JMOML,None
VAB1U-SGKTV-MMOS3-SW5HK,None
CHVQM-P8ONL-TEKC8-ZEHCJ,None
FMHM5-CMBJG-U18B0-HDMZZ,None
IRJVL-QZUHY-NVX34-B6SLP,None
I06TZ-EBCVW-VEYSJ-EJSD0,None
0YA8B-W7WPF-JXSMB-WDN1Z,None
SGIDZ-O6YGA-SGSAI-OKT51,None
UAUTO-UXAGJ-HYXBF-BWTF9,None
HKHXF-UXUXA-H8O5T-GHPJU,None
5KTKE-5ILYK-UJNTM-N7IXO,None
6AHSV-TPQOS-Q14BA-Z4YVM,None
W4FIV-ORH9T-EU9ST-HAVRO,None
Y9PVX-43J8W-JSHTW-KEFFW,None
YOMPU-HDW3A-XUSCZ-HS5LN,None
OEUFP-COZAR-RJYOU-QRRMB,None
MRWSN-QNOAK-0GORN-9ZPX9,None
ER9P8-Z8G0G-JWPPN-HDKPI,None
KSBGY-RQTMY-SDAEW-UZNFX,None
LSOBU-SBEKU-TXYIC-SM8ED,None
43OTD-ZCOSD-WQU4E-NIQF4,None
SAI75-MJV1I-AQVDC-RFTHT,None
BGM0H-SZORC-QH8BX-DYWME,None
EVIKN-0KGXS-QKLEY-8IHWK,None
IUAMD-XZTUR-3SKJE-ARSSF,None
S2QBX-HARNA-FM2FQ-EZJ0F,None
XREFW-MW9HR-9V0VB-YNLXO,None
L4BAC-JLIBP-BVXTD-VKI09,None
W2RAJ-56NSA-I8EOS-TWD63,None
NICC0-FCAOK-DQ9S4-CHQFO,None
R36UX-MJNSM-8AXMX-BAZAR,None
B19QY-IPTMI-7PBKF-DEP7P,None
OENYN-C2R5Y-XXONH-KGYJY,None
UN4A3-VA57J-FDCJL-DZSVV,None
A63OE-WTL3U-G64OB-W6AJV,None
VNGZA-B07C8-E2LRG-M2BGD,None
G8Q31-V8RLZ-KD7MN-4EVFQ,None
2JCRZ-QLUMJ-LULKO-XPQHV,None
3ZGJL-175BW-T399Q-LRMSZ,None
VBA4P-KON45-HROGD-DNVRZ,None
OHZ9Z-CPZTS-TWLL9-YPRWF,None
ZFJBL-N9HSU-12FZL-MFS49,None