serial_key,activation_key
WXZ08-BQG4V-93OK9-OFJC4,None
CCCTO-TMVKB-5GTCQ-SAABP,None
QIS3Y-XTMVD-AQFPS-OD6IK,None
DSVMX-QPEPO-W0WOW-GDYHI,None
HN1AG-RYNWS-GSTGI-I80GP,None
J2BGH-PDXGN-RMSTB-SSM6Z,None
2AGXT-CRQD8-3TIRB-X4JDR,None
SHCCM-DKM8L-KYL66-5LXL2,None
QLQFK-XSBCV-VXQP3-7PPWF,None
RB15T-NEPQ5-BQZLP-GTCQZ,None
GXD4X-JTPKZ-FJX7A-RVDRV,None
2MSVM-QACKM-0UYNS-OQZNU,None
WNQV7-88TPL-YEW4L-WIPGS,None
VLGDB-G6NBC-SYX5N-4JW57,None
ENVIQ-CKAMK-CZNT9-VRHQL,None
OUQ2M-GCTMJ-Y3Z76-Z3QHT,None
JSZ7H-5JRM4-UHTRE-D4N0R,None
CG7LV-YRA5B-NSBV8-HEVFG,None
7Q4CP-XKKS5-EHVXS-IFUZE,None
S51K0-EPH0Y-A2PEX-WLRBU,None
OIIVG-ROXWQ-FWBDI-JFPI8,None
SGOMK-K7UDT-FAFY2-B3VEP,None
NIBZA-YIVBZ-I3EVB-NFXOD,None
QQM6W-XN8YU-WK2D5-AMFCH,None
ZASOC-0FBRX-WSCQI-KXJWZ,None
GGCLH-3MHTU-7B5N0-MG13J,None
QCDIP-2NEAD-MBOVM-KVR2R,None
IXBUN-NAB7F-LQHIA-RQE9R,None
5JMDB-FEPRA-ZFUWX-0BK9G,None
GNP2X-NXEOQ-NOBJC-EVT3O,None
R3ZWU-JYGPZ-URYIK-EUOBJ,None
CRZQG-YKUMQ-5U8PD-AXD5J,None
BRFNV-A0GBO-3MUTT-PHAJS,None
2EDKH-M61MN-Z7GKS-CMYKQ,None
BWFXA-HBUKT-JJSFV-ZWHQZ,None
HP6OM-DAHFT-1CTGV-XLVIR,None
UMQPP-ZWRJQ-62POS-JTKIL,None
61FFF-G9RTC-BFXAR-UWKQY,None
9P3Y2-CLE2E-LGL6E-2UIIF,None
IYCOQ-YUVVK-YOSLZ-GGY4D,None
JJQD5-SZDFN-EPELS-ML4K8,None
N3UDM-4B89N-2LBAI-NYUXG,None
JYLVX-AIBMN-ZG5KX-I1TPP,None
HZBS9-P7ME4-O0GW1-CWF7N,None
UDL46-BHXF0-ATJ3S-JCQ5O,None
PEUPK-VQZLB-TSBMD-R0LT3,None
CDS4X-2DPM6-WEXTD-7JZB7,None
6IEF4-VWPG7-NK3XI-7ZJWP,None
SHEPS-9P5DB-LW80C-KGJDE,None
HLFWR-VT2HW-F7VPO-9X0IS,None
HTYDB-SWI50-SAHAU-HJMME,None
O8U1O-YCUZX-KLLTA-FWSWP,None
IU0DY-MZOEP-XWND2-MB9NT,None
1A5QE-RBEOB-VU3AP-NKXTR,None
LJYXL-BCUG4-80INY-CNQ7J,None
0HWDE-I7GBV-WMMUI-J0VAD,None
81H3Z-JWCZC-RTAGR-XFCJ4,None
H8V6C-JROQP-6HCZF-EKJKJ,None
US5XO-VMNQX-YTIGV-AOENP,None
DUM9P-A2DLG-0NF5Q-FGUOC,None
EFGSO-EHJHP-FYFL0-U0HXK,None
NEXFK-LF4YF-8XLMS-5ORUY,None
ZZWQL-I6SBO-XL1UM-JJ30Q,None
ZA0V5-VUWLQ-RGEDJ-E65L9,None
GERZY-7ONCA-SV9PY-KANWL,None
RSLCI-FILOV-YIWEO-UGFER,None
EIUND-ZJBB2-99NWN-M0QW3,None
VWUUB-QDA6S-KAI1S-EO5Y1,None
P3MN2-HTPH4-DR21E-WWN27,None
RPKFA-FNMOS-TNIMS-MLQ22,None
ZETYB-JKBHK-9EPRM-HEUX1,None
QDFYY-YYHKE-VBGMK-VEXHP,None
8BEB6-LKBMW-PMYOM-4KISI,None
OWBQ9-SSHGH-YW7OI-5A03R,None
SNNTI-L3OPE-N5T72-IWUDI,None
FQHUR-7CXZU-TRGLF-XQOYU,None
3IYV7-FKHJ0-2RVXB-MTGQ9,None
GOTWW-JLJUC-HCMRS-PJN33,None
MABBD-CSVJM-CAH0R-5FQQ7,None
FNSC0-NDPLZ-MPM8A-2P6EA,None
7SBCB-FMRMR-G9GSC-KBO6L,None
2EBXA-LVQMR-FU4SU-VAMGR,None
4YPHV-ZTXEO-G140O-ZQAWM,None
VT9IR-VV1XZ-NP6P6-GKTTW,None
ZXRWX-GMV5N-LFQLA-SY4PB,None
EKAUK-ISZXP-EU95T-3XNE4,None
Z8VFG-FGE8B-PZIIA-ED3GZ,None
4PW8N-IDBJE-BZU4P-AHRVI,None
IN2BW-D0Z3V-3H2HG-F1GJK,None
KJ8PZ-N80DV-FA8ZM-TTXRL,None
PTFT9-8TJNX-6CMFD-YGJPH,None
GRKUM-GMU1I-2RWDB-WKQK4,None
2O8FJ-GVRSA-N2ICL-1T9GM,None
II5HZ-KC2JR-C9YLR-XQVK2,None
CIYRY-CS6ZZ-5OFPG-9OL7D,None
HITQW-QHZJ7-R7K7J-Y5PNM,None
Z96OY-62LSJ-5CLNF-YPWDQ,None
32LYK-KIWQK-YFHMD-7MEMG,None
BQMK2-WYOWS-I5KXP-KC9QU,None
3K5SU-IJ5DY-XBHWJ-ZSBFT,None