serial_key,activation_key
B8XEM-XYY48-P3KUO-LGHAM,None
THKTD-M8Z5G-JUHN8-ZWQT5,None
TSSNA-ICHOC-J86Q8-ZF0ZN,None
6ORVO-FENPY-WSGFU-SVAVZ,None
WNXZB-9DZM7-GTHHZ-R5NRK,None
KJOW9-WKIJW-RU5DS-Y12ZD,None
9OJBO-OM4Y9-4KCQX-3HBQV,None
S59LL-K9IUL-T4PLU-HV2WZ,None
LVPF8-3LFDW-OLL7V-NNQHR,None
OJKP6-7BLV9-MCQNN-VF1C4,None
KHODX-HFMDE-B3VM8-BJK5A,None
EN77D-IIDFZ-MKJMR-F9H3U,None
XNDJP-6K4MD-YHYKM-5AZJU,None
R0TMR-H9DZN-B3SFU-NKYFY,None
NKNC2-GWJLO-OQNGU-0BYNQ,None
LXEKE-HVFFW-KLJCB-I8KEG,None
UXJNU-JE8JK-KBCZH-OLSLP,None
FEV6N-4XOSX-MUD6U-LLIZU,None
NO7FB-MA5OH-MJHQM-S3THN,None
RCNCD-QE7TO-CFLES-7ONZH,None
QF36T-OQZ7F-WHJFK-1EHEE,None
2QEPK-BHI74-JF64N-OFYNN,None
LZ2I9-96LEG-H1EP3-XTGAC,None
RSKYK-IT3WK-KWUWH-5L1HY,None
K96JM-3WFCX-GHXND-CXPFB,None
DBUPG-ILTT5-CO6DX-A0FTO,None
HNIKU-2FNNB-RGOAJ-HZN5N,None
IPXTA-0KAEI-MOTSA-PTBSU,None
J2PTS-D5K1K-YMQX3-SCRYV,None
QXCXX-GEXWX-C9FVS-SP9UO,None
QAKDM-62JKY-2ZFJM-MBHYH,None
L5H95-PRKMT-SF54I-2BX4J,None
F7EID-GNTP4-TOWRB-LDTEK,None
HQQBQ-BUUSB-2LDLF-QOCYX,None
A9DCM-PYEBU-1LRIF-KCBUO,None
GRI7U-JNTEN-ENORP-GRBYX,None
JCNER-RCTCY-O8HKU-IPIYH,None
IEBWE-5WSNC-YRM1P-OAGWO,None
SENDV-D1AAL-3GHIW-QZ0P3,None
SEIO8-GUMYY-LFNBA-KEPLV,None
MGSXD-AG1HD-UJGZ8-7YKMV,None
4JLU3-QDFYV-55VFO-TZZ46,None
SVLE2-7EMR3-VVV9I-ZOM5N,None
CSFFX-PPQSE-CGXLQ-QGFJW,None
XGAHY-3PFSB-HKSVL-14SYB,None
LPSEV-ZIQW7-UCA3A-V10A9,None
7W5ES-LG5TM-QIXFJ-FWJKI,None
KHDIL-RZZG6-2S1TD-ENM0M,None
2XGYR-QG4TD-UYNXN-O8ZRN,None
6CPRX-7RQTM-QV0IO-TGGXW,None
UF5BO-AWJIP-0HHIM-FEOWH,None
N8LTQ-DSLAN-0DPPO-CFKAS,None
N5TYX-TV3WN-MM3ML-WNUNF,None
LRBOZ-2CBQD-VP2TA-LNS1T,None
88OT5-VMERF-7J1MM-1ZXLV,None
GCUUN-CXBQC-1EWQU-MGBD0,None
HFBGU-1DI7G-HE3BF-3YR73,None
NGZDO-ZH4YP-UQJEG-ITG59,None
DNXZE-EPJ3G-PORDS-NK2LK,None
BRTYM-QQRFY-76OMB-NBAKI,None
RKRGA-IJ66H-YRHZV-LFJJI,None
HHYBO-FWZSC-1Q06W-FDBCB,None
JHQYR-PCXV0-QZYIF-7CAXN,None
KRURC-LNIQX-XGQNC-SVMSM,None
QACOZ-WSKXA-XZHUC-EZRCT,None
VC1NZ-IF88X-CEVHQ-WWDII,None
MHXTA-TT8ZX-4SM5Z-EUKCO,None
F51ZA-QLFOS-VCX9D-TFBVX,None
NZDHZ-FYPHJ-1FNXY-FQXFW,None
8L0JC-KSSUV-VVKRL-7SUG2,None
GI5TU-GNBWL-NBJJN-VDJ8X,None
6UAWF-7XW4B-DLETE-SDRHM,None
O1VJJ-JYWVO-2TPSI-VU5FU,None
WYITE-MJXQF-7GHC1-BGJDJ,None
KYFNO-0ZILY-VKIKG-XAZTV,None
T7ESV-9ZBIA-3M7SH-ZIALM,None
KWQ6G-HZ7E2-MQIXB-KB0VV,None
KBBBZ-KHAMF-EXEND-HGRQN,None
OB5IB-XV2RH-EOSOS-YQNTG,None
TCSQH-RDDM7-MJQXL-VD3WE,None
FZIKB-HYUOI-L2YMA-X9TPY,None
XOVJZ-DW8QI-U8YJ8-OLUFA,None
WY59M-TLBCM-MRASV-YDWOA,None
ZYBWQ-0RICR-KNNW5-GMXAS,None
GOTGN-XDTOE-M3OUT-A2ORZ,None
NBEHR-QPOS5-EBZQA-OSYEA,None
CT0OZ-FWPHU-3YYTJ-HPYHR,None
7RY9N-DTAH9-SLZTG-CYWT1,None
V3BEU-JXO19-CAJKQ-WQQZ0,None
SAB4I-UKL39-4AGET-GCCC2,None
RAFT9-NFZJ8-NAY4X-4YGUE,None
S6T1O-TEIDQ-BSFVZ-UZD5N,None
IAS2Z-OOFSU-3MFGG-OLMTX,None
WKDKT-BVB2B-0OISG-NGOSK,None
RMV1X-ADNBR-UXLAT-ZCEZS,None
EUJUD-UKTMY-CKCCR-9JDJD,None
MCE0L-960JA-G2BMR-L8DWL,None
QMZ2H-WCCVG-KJH04-TW4DZ,None
1H0CR-T4JES-VQBQY-PSDP1,None
ROJRA-8VHVB-MQV1N-SONB9,None